#
# A fatal error has been detected by the Java Runtime Environment:
#
#  EXCEPTION_ACCESS_VIOLATION (0xc0000005) at pc=0x00007ffdfb6128d1, pid=42476, tid=67512
#
# JRE version: OpenJDK Runtime Environment JBR-25.0.2+1-329.117-jcef (25.0.2+1) (build 25.0.2+1-b329.117)
# Java VM: OpenJDK 64-Bit Server VM JBR-25.0.2+1-329.117-jcef (25.0.2+1-b329.117, mixed mode, sharing, tiered, compressed oops, compressed class ptrs, g1 gc, windows-amd64)
# Problematic frame:
# C  [NativeVideoPlayer.dll+0x28d1]
#
# No core dump will be written. Minidumps are not enabled by default on client versions of Windows
#
# If you would like to submit a bug report, please visit:
#   https://youtrack.jetbrains.com/issues/JBR
# The crash happened outside the Java Virtual Machine in native code.
# See problematic frame for where to report the bug.
#

---------------  S U M M A R Y ------------

Command Line: -Dcompose.reload.argfile=D:\yuzha\Proyecto_final\Proyecto\Frontend\Maian\enterprise\build\run\desktopMain\desktopMain.argfile -Dcompose.reload.build.continuous=false -Dcompose.reload.build.warmup=true -Dcompose.reload.buildSystem=Gradle -Dcompose.reload.devToolsAnimationsEnabled=true -Dcompose.reload.devToolsClasspath=D:\Gradle\caches\modules-2\files-2.1\org.jetbrains.compose.hot-reload\hot-reload-devtools\1.0.0\8cf7f8a3e0c5ca40edcd31621bb2c54637dad97f\hot-reload-devtools-1.0.0.jar;D:\Gradle\caches\modules-2\files-2.1\org.jetbrains.compose.hot-reload\hot-reload-devtools-api\1.0.0\6f078e0689bb84d71ff62bdb898addec7b9e0c7d\hot-reload-devtools-api-1.0.0.jar;D:\Gradle\caches\modules-2\files-2.1\org.jetbrains.compose.hot-reload\hot-reload-orchestration\1.0.0\c84a13f251d2ba726bffe77f47f2a37fba14d3a\hot-reload-orchestration-1.0.0.jar;D:\Gradle\caches\modules-2\files-2.1\org.jetbrains.compose.hot-reload\hot-reload-core\1.0.0\b9e821084415adea5d981fb5a22a57ad94614fe1\hot-reload-core-1.0.0.jar;D:\Gradle\caches\modules-2\files-2.1\org.jetbrains.compose.hot-reload\hot-reload-runtime-api-jvm\1.0.0\b4c35542b0fe4f3743939f0e7a19739df369fa2e\hot-reload-runtime-api-jvm-1.0.0.jar;D:\Gradle\caches\modules-2\files-2.1\org.jetbrains.compose.desktop\desktop-jvm\1.9.0\760a7f1c3278719f2ab9fa443228956e64a7a18e\desktop-jvm-1.9.0.jar;D:\Gradle\caches\modules-2\files-2.1\org.jetbrains.compose.components\components-resources-desktop\1.9.0\263d44e856cb89a759959eec68dafae6d1931110\library-desktop-1.9.0.jar;D:\Gradle\caches\modules-2\files-2.1\io.sellmair\evas-compose-jvm\1.3.0\1214dcce9040d1b9f856b02b443cf8c2ebe1573a\evas-compose-jvm-1.3.0.jar;D:\Gradle\caches\modules-2\files-2.1\io.sellmair\evas-jvm\1.3.0\74c1f6c46502ffda615a698c02b3166fc7e9b2b2\evas-jvm-1.3.0.jar;D:\Gradle\caches\modules-2\files-2.1\org.jetbrains.skiko\skiko-awt-runtime-windows-x64\0.9.22.2\fe554a74845abbd5710ef36d27421c470bbd996f\skiko-awt-runtime-windows-x64-0.9.22.2.jar;D:\Gradle\caches\modules-2\files-2.1\org.jetbrains.compose.material3\material3-desktop\1.8.2\1f1f838506ceb2c25499517559f120517770b014\material3-desktop-1.8.2.jar;D:\Gradle\caches\modules-2\files-2.1\org.jetbrains.compose.material\material-desktop\1.9.0\67e948eefe3e565d3be2ddf0918a12f676537b0d\material-desktop-1.9.0.jar;D:\Gradle\caches\modu-Dcompose.reload.devToolsDetached=false -Dcompose.reload.devToolsEnabled=true -Dcompose.reload.devToolsHeadless=false -Dcompose.reload.devToolsTransparencyEnabled=true -Dcompose.reload.dirtyResolveDepthLimit=5 -Dcompose.reload.effectsEnabled=true -Dcompose.reload.isActive=true -Dcompose.reload.launchMode=GradleBlocking -Dcompose.reload.logLevel=Info -Dcompose.reload.logStdout=false -Dcompose.reload.mainClass=org.dsqrwym.enterprise.MainKt -Dcompose.reload.pidFile=D:\yuzha\Proyecto_final\Proyecto\Frontend\Maian\enterprise\build\run\desktopMain\desktopMain.pid -Dcompose.reload.virtualMethodResolveEnabled=true -Dgradle.build.project=:enterprise -Dgradle.build.root=D:\yuzha\Proyecto_final\Proyecto\Frontend\Maian -Dgradle.build.task=hotReloadDesktopMain -Dorg.gradle.java.home=D:\Program Files\Android\Android Studio1\jbr -XX:+IgnoreUnrecognizedVMOptions -XX:+AllowEnhancedClassRedefinition -javaagent:D:\Gradle\caches\modules-2\files-2.1\org.jetbrains.compose.hot-reload\hot-reload-agent\1.0.0\b51a332b8899c060187ace065fef8c8eb62acfcc\hot-reload-agent-1.0.0.jar -Dfile.encoding=UTF-8 -Duser.country=CN -Duser.language=zh -Duser.variant org.dsqrwym.enterprise.MainKt

Host: AMD Ryzen 5 7530U with Radeon Graphics         , 12 cores, 15G,  Windows 11 , 64 bit Build 26100 (10.0.26100.8246)
Time: Thu May  7 23:16:08 2026 elapsed time: 7983.327852 seconds (0d 2h 13m 3s)

---------------  T H R E A D  ---------------

Current thread (0x0000022d9a8c2630):  JavaThread "DefaultDispatcher-worker-14" daemon [_thread_in_native, id=67512, stack(0x000000c946c00000,0x000000c946d00000) (1024K)]

Stack: [0x000000c946c00000,0x000000c946d00000],  sp=0x000000c946cff000,  free space=1020k
Native frames: (J=compiled Java code, j=interpreted, Vv=VM code, C=native code)
C  [NativeVideoPlayer.dll+0x28d1]  (no source info available)
C  [NativeVideoPlayer.dll+0x7f63]  (no source info available)
C  0x0000022dbee0cfa3  (no source info available)

The last pc belongs to native method entry point (kind = native) (printed below).
Java frames: (J=compiled Java code, j=interpreted, Vv=VM code)
j  io.github.kdroidfilter.composemediaplayer.windows.WindowsNativeBridge.nOpenMedia(JLjava/lang/String;Z)I+0
j  io.github.kdroidfilter.composemediaplayer.windows.WindowsNativeBridge.OpenMedia(JLjava/lang/String;Z)I+10
j  io.github.kdroidfilter.composemediaplayer.windows.WindowsVideoPlayerState$openUriInternal$1.invokeSuspend(Ljava/lang/Object;)Ljava/lang/Object;+716
J 50571 c2 kotlin.coroutines.jvm.internal.BaseContinuationImpl.resumeWith(Ljava/lang/Object;)V (124 bytes) @ 0x0000022dbf986454 [0x0000022dbf986400+0x0000000000000054]
J 53782 c2 kotlinx.coroutines.DispatchedTask.run()V (387 bytes) @ 0x0000022dbfde8ca0 [0x0000022dbfde8a80+0x0000000000000220]
J 60982 c1 kotlinx.coroutines.scheduling.CoroutineScheduler.runSafely(Lkotlinx/coroutines/scheduling/Task;)V (73 bytes) @ 0x0000022db8d0428c [0x0000022db8d04180+0x000000000000010c]
J 64512 c2 kotlinx.coroutines.scheduling.CoroutineScheduler$Worker.executeTask(Lkotlinx/coroutines/scheduling/Task;)V (168 bytes) @ 0x0000022dbfcfddb4 [0x0000022dbfcfd780+0x0000000000000634]
J 63046 c1 kotlinx.coroutines.scheduling.CoroutineScheduler$Worker.runWorker()V (118 bytes) @ 0x0000022db8bfcc14 [0x0000022db8bfc280+0x0000000000000994]
j  kotlinx.coroutines.scheduling.CoroutineScheduler$Worker.run()V+1
v  ~StubRoutines::call_stub 0x0000022dbee012ed

siginfo: EXCEPTION_ACCESS_VIOLATION (0xc0000005), reading address 0x0000000000000000


Registers:
RAX=0x0000022d8e455d40, RBX=0x0000000000000000, RCX=0x0000000000000000, RDX=0x0000000000000000
RSP=0x000000c946cff000, RBP=0x000000c946cff050, RSI=0x0000000000000001, RDI=0x0000022dd53639f0
R8 =0x0000022db1166c00, R9 =0x0000000000000000, R10=0x0000022db1160000, R11=0x0000000000000246
R12=0x0000000000000000, R13=0x0000022d9e80cd20, R14=0x000000c946cff101, R15=0x0000000000000000
RIP=0x00007ffdfb6128d1, EFLAGS=0x0000000000010206

XMM[0]=0x0000000000000000 0x0000000000000000
XMM[1]=0x0000000000000000 0x0000000000000000
XMM[2]=0x0000000000000000 0x0000000000000000
XMM[3]=0x0000000000000000 0x0000000000000000
XMM[4]=0x0000000000000000 0x0000000000000000
XMM[5]=0x0000000000000000 0x0000000000000000
XMM[6]=0x0000000000000000 0x0000000000000000
XMM[7]=0x0000000000000000 0x0000000000000000
XMM[8]=0x0000000000000000 0x0000000000000000
XMM[9]=0x0000000000000000 0x0000000000000000
XMM[10]=0x0000000000000000 0x0000000000000000
XMM[11]=0x0000000000000000 0x0000000000000000
XMM[12]=0x0000000000000000 0x0000000000000000
XMM[13]=0x0000000000000000 0x0000000000000000
XMM[14]=0x0000000000000000 0x0000000000000000
XMM[15]=0x0000000000000000 0x0000000000000000
  MXCSR=0x00001fa0


Register to memory mapping:

RAX=0x0000022d8e455d40 points into unknown readable memory: 0x0000000000000000 | 00 00 00 00 00 00 00 00
RBX=0x0 is null
RCX=0x0 is null
RDX=0x0 is null
RSP=0x000000c946cff000 is pointing into the stack for thread: 0x0000022d9a8c2630
RBP=0x000000c946cff050 is pointing into the stack for thread: 0x0000022d9a8c2630
RSI=0x0000000000000001 is an unknown value
RDI=0x0000022dd53639f0 points into unknown readable memory: 0x0070007400740068 | 68 00 74 00 74 00 70 00
R8 =0x0000022db1166c00 points into unknown readable memory: 0x0000022db1160e70 | 70 0e 16 b1 2d 02 00 00
R9 =0x0 is null
R10=0x0000022db1160000 points into unknown readable memory: 0x0000000000000000 | 00 00 00 00 00 00 00 00
R11=0x0000000000000246 is an unknown value
R12=0x0 is null
R13=0x0000022d9e80cd20 is pointing into metadata
R14=0x000000c946cff101 is pointing into the stack for thread: 0x0000022d9a8c2630
R15=0x0 is null

Top of Stack: (sp=0x000000c946cff000)
0x000000c946cff000:   0000000000000000 0000000000000000   ................
0x000000c946cff010:   0000000000000000 0000022dd53639f0   .........96.-...
0x000000c946cff020:   0000000000000004 0000022d9a8c2630   ........0&..-...
0x000000c946cff030:   00000007168531e0 0000022dff21b5d0   .1........!.-...
0x000000c946cff040:   0000022d9a8c2630 0000000000000000   0&..-...........
0x000000c946cff050:   0000022d9a8c2630 000000c946cff170   0&..-...p..F....
0x000000c946cff060:   0000000000000000 000000c946cff160   ........`..F....
0x000000c946cff070:   0000022dd53639f0 00007ffdfb617f63   .96.-...c.a.....
0x000000c946cff080:   0000022d8e455d40 0000022d8e455d40   @]E.-...@]E.-...
0x000000c946cff090:   0000022d9a8c2a78 0000000000000000   x*..-...........
0x000000c946cff0a0:   0000000000000000 0000022dbee0cfa3   ............-...
0x000000c946cff0b0:   000000c946cff138 0000022d9e80cd28   8..F....(...-...
0x000000c946cff0c0:   0000000000000004 0000000000000004   ................
0x000000c946cff0d0:   0000000000000000 000000c946cff1c0   ...........F....
0x000000c946cff0e0:   000000c946cff170 0000022dbee0cc8b   p..F........-...
0x000000c946cff0f0:   fffffffffffffff7 0000022d9e80cd20   ........ ...-...
0x000000c946cff100:   0000000000000007 0000022d9e80f228   ........(...-...
0x000000c946cff110:   0000000000000000 00000007174c0470   ........p.L.....
0x000000c946cff120:   0000022d9e80cd28 0000000000000000   (...-...........
0x000000c946cff130:   000000c946cff158 000000c946cff1c0   X..F.......F....
0x000000c946cff140:   0000022dbee08c60 00000007174c0470   `...-...p.L.....
0x000000c946cff150:   0000022dbee0a6d5 0000000000000000   ....-...........
0x000000c946cff160:   00000007168531c8 0000022d8e455d40   .1......@]E.-...
0x000000c946cff170:   0000000000000000 fffffffffffffff7   ................
0x000000c946cff180:   0000022d9e80de1a 0000000000000006   ....-...........
0x000000c946cff190:   0000022d9e80f228 0000000000000000   (...-...........
0x000000c946cff1a0:   00000007174c0470 0000022d9e80de58   p.L.....X...-...
0x000000c946cff1b0:   fffffffffffffff3 000000c946cff1d0   ...........F....
0x000000c946cff1c0:   000000c946cff240 0000022dbee08c60   @..F....`...-...
0x000000c946cff1d0:   0000000000000000 00000007168531c8   .........1......
0x000000c946cff1e0:   0000022d8e455d40 0000000000000000   @]E.-...........
0x000000c946cff1f0:   00000007174c0618 fffffffffffffff7   ..L.............

Instructions: (pc=0x00007ffdfb6128d1)
  0x00007ffdfb6127d1:   01 00 00 48 8b 45 30 c6 80 59 01 00 00 00 48 8b
  0x00007ffdfb6127e1:   cf e8 e9 ee ff ff 84 c0 0f 84 e3 fe ff ff 45 8b
  0x00007ffdfb6127f1:   c7 48 8b d7 48 8b 4d 30 e8 12 f2 ff ff e9 27 07
  0x00007ffdfb612801:   00 00 48 8b 45 30 48 8b 08 48 8b 01 45 33 c0 ba
  0x00007ffdfb612811:   fe ff ff ff ff 50 20 8b d8 85 c0 0f 88 eb 06 00
  0x00007ffdfb612821:   00 48 8b 45 30 48 8b 08 48 8b 01 44 8b c6 ba fc
  0x00007ffdfb612831:   ff ff ff ff 50 20 8b d8 85 c0 0f 88 cc 06 00 00
  0x00007ffdfb612841:   4c 89 65 48 48 8d 4d 48 ff 15 f1 88 00 00 8b d8
  0x00007ffdfb612851:   85 c0 0f 88 a0 06 00 00 48 8b 4d 48 48 8b 01 4c
  0x00007ffdfb612861:   8d 05 09 8d 00 00 48 8d 15 42 8c 00 00 ff 90 c0
  0x00007ffdfb612871:   00 00 00 48 8b 4d 48 48 8b 01 4c 8d 05 5e 8b 00
  0x00007ffdfb612881:   00 48 8d 15 37 8c 00 00 ff 90 c0 00 00 00 48 8b
  0x00007ffdfb612891:   45 30 48 8b 08 48 8b 01 4c 8b 4d 48 45 33 c0 ba
  0x00007ffdfb6128a1:   fc ff ff ff ff 50 38 8b d8 85 c0 0f 88 47 06 00
  0x00007ffdfb6128b1:   00 48 8b 4d 48 48 85 c9 74 0b 4c 89 65 48 48 8b
  0x00007ffdfb6128c1:   01 ff 50 10 90 4c 89 65 48 48 8b 45 30 48 8b 08
=>0x00007ffdfb6128d1:   48 8b 01 4c 8d 45 48 ba fc ff ff ff ff 50 30 85
  0x00007ffdfb6128e1:   c0 78 29 4c 8b 45 30 4d 8d 48 24 49 83 c0 20 48
  0x00007ffdfb6128f1:   8b 4d 48 e8 87 e7 ff ff 48 8b 4d 30 8b 41 20 89
  0x00007ffdfb612901:   41 28 48 8b 4d 30 8b 41 24 89 41 2c 48 8b 4d 48
  0x00007ffdfb612911:   48 85 c9 74 0b 4c 89 65 48 48 8b 01 ff 50 10 90
  0x00007ffdfb612921:   48 8b 45 30 48 8b 08 48 8b 01 44 8b c6 ba fd ff
  0x00007ffdfb612931:   ff ff ff 50 20 85 c0 0f 88 f3 01 00 00 44 89 65
  0x00007ffdfb612941:   e0 45 8b c4 44 89 65 48 48 8b 45 30 48 8b 08 48
  0x00007ffdfb612951:   85 c9 74 61 4c 89 65 f0 48 8b 01 4c 8d 4d f0 ba
  0x00007ffdfb612961:   fd ff ff ff ff 50 28 85 c0 78 2b 48 8b 4d f0 48
  0x00007ffdfb612971:   8b 01 4c 8d 45 e0 48 8d 15 52 8b 00 00 ff 50 38
  0x00007ffdfb612981:   48 8b 4d f0 48 8b 01 4c 8d 45 48 48 8d 15 4d 8b
  0x00007ffdfb612991:   00 00 ff 50 38 90 48 8b 4d f0 48 85 c9 74 0b 4c
  0x00007ffdfb6129a1:   89 65 f0 48 8b 01 ff 50 10 90 8b 55 e0 44 8b 45
  0x00007ffdfb6129b1:   48 85 d2 75 08 ba 02 00 00 00 89 55 e0 45 85 c0
  0x00007ffdfb6129c1:   75 0a 41 b8 80 bb 00 00 44 89 45 48 48 8d 45 30


Stack slot to memory mapping:

stack at sp + 0 slots: 0x0 is null
stack at sp + 1 slots: 0x0 is null
stack at sp + 2 slots: 0x0 is null
stack at sp + 3 slots: 0x0000022dd53639f0 points into unknown readable memory: 0x0070007400740068 | 68 00 74 00 74 00 70 00
stack at sp + 4 slots: 0x0000000000000004 is an unknown value
stack at sp + 5 slots: 0x0000022d9a8c2630 is a thread
stack at sp + 6 slots: 0x00000007168531e0 is an oop: [B 
{0x00000007168531e0} - klass: {type array byte} - flags: is_cloneable_fast 

 - length: 341
 -   0: 68 h
 -   1: 74 t
 -   2: 74 t
 -   3: 70 p
 -   4: 73 s
 -   5: 3a :
 -   6: 2f /
 -   7: 2f /
 -   8: 61 a
 -   9: 70 p
 -  10: 69 i
 -  11: 2e .
 -  12: 64 d
 -  13: 73 s
 -  14: 71 q
 -  15: 72 r
 -  16: 77 w
 -  17: 79 y
 -  18: 6d m
 -  19: 2e .
 -  20: 65 e
 -  21: 73 s
 -  22: 2f /
 -  23: 6d m
 -  24: 61 a
 -  25: 69 i
 -  26: 61 a
 -  27: 6e n
 -  28: 2f /
 -  29: 66 f
 -  30: 69 i
 -  31: 6c l
 -  32: 65 e
 -  33: 73 s
 -  34: 2f /
 -  35: 76 v
 -  36: 69 i
 -  37: 64 d
 -  38: 65 e
 -  39: 6f o
 -  40: 2f /
 -  41: 73 s
 -  42: 74 t
 -  43: 72 r
 -  44: 65 e
 -  45: 61 a
 -  46: 6d m
 -  47: 3f ?
 -  48: 70 p
 -  49: 72 r
 -  50: 6f o
 -  51: 64 d
 -  52: 75 u
 -  53: 63 c
 -  54: 74 t
 -  55: 5f _
 -  56: 69 i
 -  57: 64 d
 -  58: 3d =
 -  59: 32 2
 -  60: 31 1
 -  61: 26 &
 -  62: 66 f
 -  63: 69 i
 -  64: 6c l
 -  65: 65 e
 -  66: 5f _
 -  67: 69 i
 -  68: 64 d
 -  69: 3d =
 -  70: 33 3
 -  71: 31 1
 -  72: 31 1
 -  73: 26 &
 -  74: 70 p
 -  75: 6c l
 -  76: 61 a
 -  77: 79 y
 -  78: 54 T
 -  79: 6f o
 -  80: 6b k
 -  81: 65 e
 -  82: 6e n
 -  83: 3d =
 -  84: 65 e
 -  85: 79 y
 -  86: 4a J
 -  87: 68 h
 -  88: 62 b
 -  89: 47 G
 -  90: 63 c
 -  91: 69 i
 -  92: 4f O
 -  93: 69 i
 -  94: 4a J
 -  95: 49 I
 -  96: 55 U
 -  97: 7a z
 -  98: 49 I
 -  99: 31 1
 - 100: 4e N
 - 101: 69 i
 - 102: 49 I
 - 103: 73 s
 - 104: 49 I
 - 105: 6e n
 - 106: 52 R
 - 107: 35 5
 - 108: 63 c
 - 109: 43 C
 - 110: 49 I
 - 111: 36 6
 - 112: 49 I
 - 113: 6b k
 - 114: 70 p
 - 115: 58 X
 - 116: 56 V
 - 117: 43 C
 - 118: 4a J
 - 119: 39 9
 - 120: 2e .
 - 121: 65 e
 - 122: 79 y
 - 123: 4a J
 - 124: 77 w
 - 125: 63 c
 - 126: 6d m
 - 127: 39 9
 - 128: 6b k
 - 129: 64 d
 - 130: 57 W
 - 131: 4e N
 - 132: 30 0
 - 133: 53 S
 - 134: 57 W
 - 135: 51 Q
 - 136: 69 i
 - 137: 4f O
 - 138: 69 i
 - 139: 49 I
 - 140: 79 y
 - 141: 4d M
 - 142: 53 S
 - 143: 49 I
 - 144: 73 s
 - 145: 49 I
 - 146: 6d m
 - 147: 5a Z
 - 148: 70 p
 - 149: 62 b
 - 150: 47 G
 - 151: 56 V
 - 152: 4a J
 - 153: 5a Z
 - 154: 43 C
 - 155: 49 I
 - 156: 36 6
 - 157: 49 I
 - 158: 6a j
 - 159: 4d M
 - 160: 78 x
 - 161: 4d M
 - 162: 53 S
 - 163: 49 I
 - 164: 73 s
 - 165: 49 I
 - 166: 6d m
 - 167: 70 p
 - 168: 30 0
 - 169: 61 a
 - 170: 53 S
 - 171: 49 I
 - 172: 36 6
 - 173: 49 I
 - 174: 6a j
 - 175: 45 E
 - 176: 78 x
 - 177: 59 Y
 - 178: 7a z
 - 179: 41 A
 - 180: 33 3
 - 181: 4e N
 - 182: 32 2
 - 183: 45 E
 - 184: 32 2
 - 185: 4c L
 - 186: 57 W
 - 187: 4d M
 - 188: 77 w
 - 189: 4f O
 - 190: 54 T
 - 191: 4d M
 - 192: 74 t
 - 193: 4e N
 - 194: 44 D
 - 195: 4d M
 - 196: 7a z
 - 197: 4d M
 - 198: 79 y
 - 199: 30 0
 - 200: 35 5
 - 201: 4e N
 - 202: 44 D
 - 203: 59 Y
 - 204: 77 w
 - 205: 4c L
 - 206: 54 T
 - 207: 63 c
 - 208: 30 0
 - 209: 59 Y
 - 210: 7a z
 - 211: 6b k
 - 212: 7a z
 - 213: 4f O
 - 214: 54 T
 - 215: 67 g
 - 216: 79 y
 - 217: 4e N
 - 218: 44 D
 - 219: 4d M
 - 220: 77 w
 - 221: 59 Y
 - 222: 53 S
 - 223: 49 I
 - 224: 73 s
 - 225: 49 I
 - 226: 6e n
 - 227: 52 R
 - 228: 35 5
 - 229: 63 c
 - 230: 47 G
 - 231: 55 U
 - 232: 69 i
 - 233: 4f O
 - 234: 69 i
 - 235: 4a J
 - 236: 32 2
 - 237: 61 a
 - 238: 57 W
 - 239: 52 R
 - 240: 6c l
 - 241: 62 b
 - 242: 31 1
 - 243: 39 9
 - 244: 77 w
 - 245: 62 b
 - 246: 47 G
 - 247: 46 F
 - 248: 35 5
 - 249: 49 I
 - 250: 69 i
 - 251: 77 w
 - 252: 69 i
 - 253: 61 a
 - 254: 57 W
 - 255: 46 F
 - <85 more elements, increase MaxElementPrintSize to print>
stack at sp + 7 slots: 0x0000022dff21b5d0 points into unknown readable memory: 0x00007ffdfcb5b810 | 10 b8 b5 fc fd 7f 00 00

Lock stack of current Java thread (top to bottom):

native method entry point (kind = native)  [0x0000022dbee0cbe0, 0x0000022dbee0d6b0]  2768 bytes
[MachCode]
  0x0000022dbee0cbe0: 488b 4b08 | 0fb7 492e | 584c 8d74 | ccf8 6800 | 0000 0068 | 0000 0000 | 5055 488b | ec41 5548 
  0x0000022dbee0cc00: 8b43 084c | 8d68 3848 | 8b40 0868 | 0000 0000 | 5348 8b50 | 1848 8b52 | 7048 8b12 | 5248 8b53 
  0x0000022dbee0cc20: 1048 85d2 | 7407 4881 | c2d0 0000 | 0052 488b | 5010 5249 | 8bc6 482b | c548 c1e8 | 0350 6800 
  0x0000022dbee0cc40: 0000 0068 | f7ff ffff | 41c6 87f1 | 0400 0001 | 488b 4310 | 4885 c074 | 208b 8890 | 0000 0083 
  0x0000022dbee0cc60: c102 8988 | 9000 0000 | 2388 a400 | 0000 0f84 | 8e09 0000 | e9cf 0000 | 0048 8b43 | 1848 85c0 
  0x0000022dbee0cc80: 0f85 b000 | 0000 e805 | 0000 00e9 | 9900 0000 | 488b d348 | 8d44 2408 | 4c89 6dc0 | 498b cfc5 
  0x0000022dbee0cca0: f877 4989 | af38 0400 | 0049 8987 | 2804 0000 | 4883 ec20 | 40f6 c40f | 0f84 1900 | 0000 4883 
  0x0000022dbee0ccc0: ec08 48b8 | f00a 2619 | fd7f 0000 | ffd0 4883 | c408 e90c | 0000 0048 | b8f0 0a26 | 19fd 7f00 
  0x0000022dbee0cce0: 00ff d048 | 83c4 2049 | c787 2804 | 0000 0000 | 0000 49c7 | 8738 0400 | 0000 0000 | 0049 c787 
  0x0000022dbee0cd00: 3004 0000 | 0000 0000 | c5f8 7749 | 837f 0800 | 0f84 0500 | 0000 e9c5 | 44ff ff4c | 8b6d c04c 
  0x0000022dbee0cd20: 8b75 c84e | 8d74 f500 | c348 8b43 | 1848 85c0 | 0f84 1200 | 0000 8b48 | 0883 c102 | 8948 0823 
  0x0000022dbee0cd40: 482c 0f84 | ba08 0000 | 493b a770 | 0500 000f | 8748 0000 | 0089 8424 | 00f0 ffff | 8984 2400 
  0x0000022dbee0cd60: e0ff ff89 | 8424 00d0 | ffff 8984 | 2400 c0ff | ff89 8424 | 00b0 ffff | 8984 2400 | a0ff ff89 
  0x0000022dbee0cd80: 8424 0090 | ffff 8984 | 2400 80ff | ff49 3ba7 | 6805 0000 | 7607 4989 | a770 0500 | 0041 c687 
  0x0000022dbee0cda0: f104 0000 | 0048 8b5d | e84c 8b5b | 0845 0fb7 | 5b2e 41c1 | e303 492b | e348 83ec | 2048 83e4 
  0x0000022dbee0cdc0: f04c 8b5b | 784d 85db | 0f85 ab00 | 0000 e805 | 0000 00e9 | 9900 0000 | 488b d348 | 8d44 2408 
  0x0000022dbee0cde0: 4c89 6dc0 | 498b cfc5 | f877 4989 | af38 0400 | 0049 8987 | 2804 0000 | 4883 ec20 | 40f6 c40f 
  0x0000022dbee0ce00: 0f84 1900 | 0000 4883 | ec08 48b8 | 9035 2619 | fd7f 0000 | ffd0 4883 | c408 e90c | 0000 0048 
  0x0000022dbee0ce20: b890 3526 | 19fd 7f00 | 00ff d048 | 83c4 2049 | c787 2804 | 0000 0000 | 0000 49c7 | 8738 0400 
  0x0000022dbee0ce40: 0000 0000 | 0049 c787 | 3004 0000 | 0000 0000 | c5f8 7749 | 837f 0800 | 0f84 0500 | 0000 e97d 
  0x0000022dbee0ce60: 43ff ff4c | 8b6d c04c | 8b75 c84e | 8d74 f500 | c348 8b5d | e84c 8b5b | 7841 ffd3 | 488b 5de8 
  0x0000022dbee0ce80: 4889 4518 | 440f b75b | 2c41 f6c3 | 080f 841b | 0000 004c | 8b5b 084d | 8b5b 084d | 8b5b 184d 
  0x0000022dbee0cea0: 8b5b 704d | 8b1b 4c89 | 5d10 488d | 5510 488b | 4370 49ba | 20c2 6119 | fd7f 0000 | 493b c20f 
  0x0000022dbee0cec0: 85ab 0000 | 00e8 0500 | 0000 e999 | 0000 0048 | 8bd3 488d | 4424 084c | 896d c049 | 8bcf c5f8 
  0x0000022dbee0cee0: 7749 89af | 3804 0000 | 4989 8728 | 0400 0048 | 83ec 2040 | f6c4 0f0f | 8419 0000 | 0048 83ec 
  0x0000022dbee0cf00: 0848 b890 | 3526 19fd | 7f00 00ff | d048 83c4 | 08e9 0c00 | 0000 48b8 | 9035 2619 | fd7f 0000 
  0x0000022dbee0cf20: ffd0 4883 | c420 49c7 | 8728 0400 | 0000 0000 | 0049 c787 | 3804 0000 | 0000 0000 | 49c7 8730 
  0x0000022dbee0cf40: 0400 0000 | 0000 00c5 | f877 4983 | 7f08 000f | 8405 0000 | 00e9 8642 | ffff 4c8b | 6dc0 4c8b 
  0x0000022dbee0cf60: 75c8 4e8d | 74f5 00c3 | 488b 5de8 | 488b 4370 | 498d 8f48 | 0400 004c | 8d15 b100 | 0000 4d89 
  0x0000022dbee0cf80: 9730 0400 | 00c5 f877 | 4989 af38 | 0400 0049 | 89a7 2804 | 0000 41c7 | 87d4 0400 | 0004 0000 
  0x0000022dbee0cfa0: 00ff d0c5 | f877 4883 | ec10 c5fb | 1104 2448 | 83ec 1048 | 8904 2448 | c744 2408 | 0000 0000 
  0x0000022dbee0cfc0: 41c7 87d4 | 0400 0005 | 0000 00f0 | 8344 24c0 | 0049 3b6f | 280f 870e | 0000 0041 | 83bf d004 
  0x0000022dbee0cfe0: 0000 000f | 8420 0000 | 0049 8bcf | 4c8b e448 | 83ec 2048 | 83e4 f048 | b8e0 a027 | 19fd 7f00 
  0x0000022dbee0d000: 00ff d049 | 8be4 4d33 | e441 c787 | d404 0000 | 0800 0000 | 4d8b 97f0 | 0500 0049 | 83fa 0074 
  0x0000022dbee0d020: 3549 c787 | f005 0000 | 0000 0000 | 41ff e249 | ba00 0000 | 0000 0000 | 0041 ffd2 | 4883 ec10 
  0x0000022dbee0d040: c5fb 1104 | 2448 83ec | 1048 8904 | 2448 c744 | 2408 0000 | 0000 49c7 | 8728 0400 | 0000 0000 
  0x0000022dbee0d060: 0049 c787 | 3804 0000 | 0000 0000 | 49c7 8730 | 0400 0000 | 0000 00c5 | f877 4d8b | 9fb8 0400 
  0x0000022dbee0d080: 0041 c783 | 0001 0000 | 0000 0000 | 49bb daa6 | e0be 2d02 | 0000 4c3b | 5d18 0f85 | 5501 0000 
  0x0000022dbee0d0a0: 488b 0424 | 4883 c410 | 4885 c00f | 842f 0100 | 00a8 030f | 8508 0000 | 0048 8b00 | e91f 0100 
  0x0000022dbee0d0c0: 00a8 010f | 8509 0000 | 0048 8b40 | fee9 0e01 | 0000 488b | 40ff 4180 | 7f48 000f | 84ff 0000 
  0x0000022dbee0d0e0: 0048 83f8 | 000f 84f5 | 0000 004d | 8b5f 384d | 85db 0f84 | 1400 0000 | 4983 eb08 | 4d89 5f38 
  0x0000022dbee0d100: 4d03 5f40 | 4989 03e9 | d400 0000 | 4883 ec70 | 4889 0424 | 4889 4c24 | 0848 8954 | 2410 4c89 
  0x0000022dbee0d120: 4424 184c | 894c 2420 | 4c89 5424 | 284c 895c | 2430 c5fb | 1144 2440 | c5fb 114c | 2448 c5fb 
  0x0000022dbee0d140: 1154 2450 | c5fb 115c | 2458 c5fb | 1164 2460 | c5fb 116c | 2468 498b | d748 8bc8 | 4883 ec20 
  0x0000022dbee0d160: 40f6 c40f | 0f84 1900 | 0000 4883 | ec08 48b8 | d033 1a19 | fd7f 0000 | ffd0 4883 | c408 e90c 
  0x0000022dbee0d180: 0000 0048 | b8d0 331a | 19fd 7f00 | 00ff d048 | 83c4 20c5 | fb10 6c24 | 68c5 fb10 | 6424 60c5 
  0x0000022dbee0d1a0: fb10 5c24 | 58c5 fb10 | 5424 50c5 | fb10 4c24 | 48c5 fb10 | 4424 404c | 8b5c 2430 | 4c8b 5424 
  0x0000022dbee0d1c0: 284c 8b4c | 2420 4c8b | 4424 1848 | 8b54 2410 | 488b 4c24 | 0848 8b04 | 2448 83c4 | 70c5 f877 
  0x0000022dbee0d1e0: 4889 4510 | 4883 ec10 | 4889 0424 | 48c7 4424 | 0800 0000 | 0041 83bf | 5005 0000 | 020f 85bf 
  0x0000022dbee0d200: 0000 0048 | 81ec 8000 | 0000 4889 | 4424 7848 | 894c 2470 | 4889 5424 | 6848 895c | 2460 4889 
  0x0000022dbee0d220: 6c24 5048 | 8974 2448 | 4889 7c24 | 404c 8944 | 2438 4c89 | 4c24 304c | 8954 2428 | 4c89 5c24 
  0x0000022dbee0d240: 204c 8964 | 2418 4c89 | 6c24 104c | 8974 2408 | 4c89 3c24 | 4c8b e448 | 83ec 2048 | 83e4 f048 
  0x0000022dbee0d260: b830 a961 | 19fd 7f00 | 00ff d049 | 8be4 4c8b | 3c24 4c8b | 7424 084c | 8b6c 2410 | 4c8b 6424 
  0x0000022dbee0d280: 184c 8b5c | 2420 4c8b | 5424 284c | 8b4c 2430 | 4c8b 4424 | 3848 8b7c | 2440 488b | 7424 4848 
  0x0000022dbee0d2a0: 8b6c 2450 | 488b 5c24 | 6048 8b54 | 2468 488b | 4c24 7048 | 8b44 2478 | 4881 c480 | 0000 004d 
  0x0000022dbee0d2c0: 33e4 488b | 5de8 4c8b | 6b08 4d8d | 6d38 4983 | 7f08 000f | 84bb 0000 | 00e8 0500 | 0000 e996 
  0x0000022dbee0d2e0: 0000 0048 | 8d44 2408 | 4c89 6dc0 | 498b cfc5 | f877 4989 | af38 0400 | 0049 8987 | 2804 0000 
  0x0000022dbee0d300: 4883 ec20 | 40f6 c40f | 0f84 1900 | 0000 4883 | ec08 48b8 | e054 2619 | fd7f 0000 | ffd0 4883 
  0x0000022dbee0d320: c408 e90c | 0000 0048 | b8e0 5426 | 19fd 7f00 | 00ff d048 | 83c4 2049 | c787 2804 | 0000 0000 
  0x0000022dbee0d340: 0000 49c7 | 8738 0400 | 0000 0000 | 0049 c787 | 3004 0000 | 0000 0000 | c5f8 7749 | 837f 0800 
  0x0000022dbee0d360: 0f84 0500 | 0000 e975 | 3eff ff4c | 8b6d c04c | 8b75 c84e | 8d74 f500 | c348 b930 | 9493 19fd 
  0x0000022dbee0d380: 7f00 0048 | 83e4 f048 | b880 014e | 19fd 7f00 | 00ff d0f4 | 440f b75b | 2c41 f6c3 | 200f 8472 
  0x0000022dbee0d3a0: 0100 0048 | 8d55 a84c | 8b5a 084d | 85db 0f85 | bb00 0000 | e805 0000 | 00e9 9600 | 0000 488d 
  0x0000022dbee0d3c0: 4424 084c | 896d c049 | 8bcf c5f8 | 7749 89af | 3804 0000 | 4989 8728 | 0400 0048 | 83ec 2040 
  0x0000022dbee0d3e0: f6c4 0f0f | 8419 0000 | 0048 83ec | 0848 b810 | 5426 19fd | 7f00 00ff | d048 83c4 | 08e9 0c00 
  0x0000022dbee0d400: 0000 48b8 | 1054 2619 | fd7f 0000 | ffd0 4883 | c420 49c7 | 8728 0400 | 0000 0000 | 0049 c787 
  0x0000022dbee0d420: 3804 0000 | 0000 0000 | 49c7 8730 | 0400 0000 | 0000 00c5 | f877 4983 | 7f08 000f | 8405 0000 
  0x0000022dbee0d440: 00e9 9a3d | ffff 4c8b | 6dc0 4c8b | 75c8 4e8d | 74f5 00c3 | 48b9 3094 | 9319 fd7f | 0000 4883 
  0x0000022dbee0d460: e4f0 48b8 | 8001 4e19 | fd7f 0000 | ffd0 f44c | 896d c04c | 8b4a 0848 | c742 0800 | 0000 0045 
  0x0000022dbee0d480: 8b87 e006 | 0000 4f3b | 4c07 f80f | 8542 0000 | 0041 83af | e006 0000 | 084f 3b4c | 07f0 0f84 
  0x0000022dbee0d4a0: 2a00 0000 | 498b 01a8 | 020f 8512 | 0000 004c | 8bc0 4983 | c801 f04d | 0fb1 010f | 840d 0000 
  0x0000022dbee0d4c0: 0041 8387 | e006 0000 | 08e9 0500 | 0000 e93e | 0000 004c | 894a 0848 | 8bca 4883 | ec20 40f6 
  0x0000022dbee0d4e0: c40f 0f84 | 1900 0000 | 4883 ec08 | 48b8 9024 | 2619 fd7f | 0000 ffd0 | 4883 c408 | e90c 0000 
  0x0000022dbee0d500: 0048 b890 | 2426 19fd | 7f00 00ff | d048 83c4 | 204c 8b6d | c041 c687 | 9603 0000 | 0149 3b6f 
  0x0000022dbee0d520: 280f 8705 | 0000 00e9 | ab00 0000 | 4883 ec10 | c5fb 1104 | 2448 83ec | 1048 8904 | 2448 c744 
  0x0000022dbee0d540: 2408 0000 | 0000 c5f8 | 7749 89af | 3804 0000 | 49ba 46d5 | e0be 2d02 | 0000 4d89 | 9730 0400 
  0x0000022dbee0d560: 0049 89a7 | 2804 0000 | 498b cf48 | 83ec 2040 | f6c4 0f0f | 8419 0000 | 0048 83ec | 0848 b880 
  0x0000022dbee0d580: 0a26 19fd | 7f00 00ff | d048 83c4 | 08e9 0c00 | 0000 48b8 | 800a 2619 | fd7f 0000 | ffd0 4883 
  0x0000022dbee0d5a0: c420 49c7 | 8728 0400 | 0000 0000 | 0049 c787 | 3804 0000 | 0000 0000 | 49c7 8730 | 0400 0000 
  0x0000022dbee0d5c0: 0000 00c5 | f877 488b | 0424 4883 | c410 c5fb | 1004 2448 | 83c4 1048 | 8b04 2448 | 83c4 10c5 
  0x0000022dbee0d5e0: fb10 0424 | 4883 c410 | 4c8b 5d18 | 41ff d34c | 8b5d f8c9 | 41c6 8796 | 0300 0000 | 5f49 8be3 
  0x0000022dbee0d600: ffe7 ba00 | 0000 00e8 | 0500 0000 | e996 0000 | 0048 8d44 | 2408 4c89 | 6dc0 498b | cfc5 f877 
  0x0000022dbee0d620: 4989 af38 | 0400 0049 | 8987 2804 | 0000 4883 | ec20 40f6 | c40f 0f84 | 1900 0000 | 4883 ec08 
  0x0000022dbee0d640: 48b8 301a | 2619 fd7f | 0000 ffd0 | 4883 c408 | e90c 0000 | 0048 b830 | 1a26 19fd | 7f00 00ff 
  0x0000022dbee0d660: d048 83c4 | 2049 c787 | 2804 0000 | 0000 0000 | 49c7 8738 | 0400 0000 | 0000 0049 | c787 3004 
  0x0000022dbee0d680: 0000 0000 | 0000 c5f8 | 7749 837f | 0800 0f84 | 0500 0000 | e947 3bff | ff4c 8b6d | c04c 8b75 
  0x0000022dbee0d6a0: c84e 8d74 | f500 c348 | 8b5d e8e9 | 98f6 ffff 
[/MachCode]

Compiled method (c2) 7983577 50571   !   4       kotlin.coroutines.jvm.internal.BaseContinuationImpl::resumeWith (124 bytes)
 total in heap  [0x0000022dbf986308,0x0000022dbf986610] = 776
 main code      [0x0000022dbf986400,0x0000022dbf9865e0] = 480
 stub code      [0x0000022dbf9865e0,0x0000022dbf986608] = 40
 oops           [0x0000022dbf986608,0x0000022dbf986610] = 8
 mutable data [0x0000022d8e9864a0,0x0000022d8e986510] = 112
 relocation     [0x0000022d8e9864a0,0x0000022d8e9864e0] = 64
 metadata       [0x0000022d8e9864e0,0x0000022d8e986510] = 48
 immutable data [0x0000022dff03a240,0x0000022dff03a410] = 464
 dependencies   [0x0000022dff03a240,0x0000022dff03a250] = 16
 handler table  [0x0000022dff03a250,0x0000022dff03a2b0] = 96
 scopes pcs     [0x0000022dff03a2b0,0x0000022dff03a350] = 160
 scopes data    [0x0000022dff03a350,0x0000022dff03a410] = 192

[Constant Pool (empty)]

[MachCode]
[Instructions begin]
  0x0000022dbf986400: 6690 448b | 5208 443b 

  0x0000022dbf986408: ;   {runtime_call Shared Runtime ic_miss_blob}
  0x0000022dbf986408: 5008 0f85 | d086 4cff 
[Verified Entry Point]
  0x0000022dbf986410: 8984 2400 | 80ff ff55 | 4883 ec20 | 4181 7f20 | 2100 0000 | 0f85 a901 | 0000 8b6a | 0c85 ed0f 
  0x0000022dbf986430: 8433 0100 | 004d 8d14 | ec4c 8914 | 2448 8bea | 488b d566 | 9048 b8a0 | 6d98 8e2d 

  0x0000022dbf98644c: ;   {virtual_call}
  0x0000022dbf98644c: 0200 00e8 

  0x0000022dbf986450: ; ImmutableOopMap {rbp=Oop [0]=Oop }
                      ;*invokevirtual invokeSuspend {reexecute=0 rethrow=0 return_oop=1}
                      ; - kotlin.coroutines.jvm.internal.BaseContinuationImpl::resumeWith@40 (line 34)
  0x0000022dbf986450: 9ce2 59ff 

  0x0000022dbf986454: ;   {oop(a 'kotlin/coroutines/intrinsics/CoroutineSingletons'{0x00000007ffa002f8})}
  0x0000022dbf986454: 49ba f802 | a0ff 0700 | 0000 493b | c20f 8495 | 0000 0048 | 8944 2408 | 488b d566 | 9048 b8c8 
  0x0000022dbf986474: 6d98 8e2d 

  0x0000022dbf986478: ;   {virtual_call}
  0x0000022dbf986478: 0200 00e8 

  0x0000022dbf98647c: ; ImmutableOopMap {[0]=Oop [8]=Oop }
                      ;*invokevirtual releaseIntercepted {reexecute=0 rethrow=0 return_oop=0}
                      ; - kotlin.coroutines.jvm.internal.BaseContinuationImpl::resumeWith@90 (line 40)
  0x0000022dbf98647c: d8e5 59ff | 4c8b 0424 | 458b 5808 | be00 0000 | 8a49 03f3 | 4c8b 5638 

  0x0000022dbf986494: ;   {metadata('kotlin/coroutines/jvm/internal/BaseContinuationImpl')}
  0x0000022dbf986494: 49bb 7050 | 068c 0000 | 0000 4d3b | d375 3f4c 

  0x0000022dbf9864a4: ;   {metadata('kotlin/coroutines/Continuation')}
  0x0000022dbf9864a4: 8b5e 2048 | b888 ac05 | 8c00 0000 | 004d 8b4f 

  0x0000022dbf9864b4: ; ImmutableOopMap {r8=Oop [0]=Oop [8]=Oop }
                      ;*goto {reexecute=1 rethrow=0 return_oop=0}
                      ; - (reexecute) kotlin.coroutines.jvm.internal.BaseContinuationImpl::resumeWith@121 (line 30)
                      ;   {poll}
  0x0000022dbf9864b4: 3041 8501 | 4c3b d875 | 4f4c 8b14 | 2441 8b6a | 0c85 ed0f | 84af 0000 | 004d 8d1c | ec4c 8b44 
  0x0000022dbf9864d4: 2408 4c89 | 1c24 498b | eae9 5eff | ffff 488b | 1424 4c8b | 4424 0866 | 9048 b8f0 | 6d98 8e2d 
  0x0000022dbf9864f4: ;   {virtual_call}
  0x0000022dbf9864f4: 0200 00e8 

  0x0000022dbf9864f8: ; ImmutableOopMap {}
                      ;*invokeinterface resumeWith {reexecute=0 rethrow=0 return_oop=0}
                      ; - kotlin.coroutines.jvm.internal.BaseContinuationImpl::resumeWith@114 (line 47)
  0x0000022dbf9864f8: 74e3 59ff | 4883 c420 

  0x0000022dbf986500: ;   {poll_return}
  0x0000022dbf986500: 5d49 3b67 | 280f 87b2 | 0000 00c3 | 4833 ff4c | 8b9e a800 | 0000 498b | d348 c1e2 | 320f 8921 
  0x0000022dbf986520: 0000 00f3 | 480f b8d2 | 488b 5e28 | 483b 04d3 | 7415 490f | bae3 0e73 | 0b49 c1cb 

  0x0000022dbf98653c: ;   {runtime_call Stub::lookup_secondary_supers_table_slow_path}
  0x0000022dbf98653c: 0de8 c1df | 4aff eb03 | 48ff c748 | 85ff 0f84 | 6dff ffff | bade ffff | ff4c 8b54 | 2408 4c89 
  0x0000022dbf98655c: 1424 4c89 

  0x0000022dbf986560: ;   {runtime_call UncommonTrapBlob}
  0x0000022dbf986560: 4424 08e8 

  0x0000022dbf986564: ; ImmutableOopMap {[0]=Oop [8]=Oop }
                      ;*checkcast {reexecute=0 rethrow=0 return_oop=0}
                      ; - kotlin.coroutines.jvm.internal.BaseContinuationImpl::resumeWith@10 (line 29)
  0x0000022dbf986564: f8a6 59ff | 4c89 0424 | 4889 5424 | 08ba 45ff 

  0x0000022dbf986574: ;   {runtime_call UncommonTrapBlob}
  0x0000022dbf986574: ffff 90e8 

  0x0000022dbf986578: ; ImmutableOopMap {rbp=NarrowOop [0]=Oop [8]=Oop }
                      ;*ifnonnull {reexecute=1 rethrow=0 return_oop=0}
                      ; - (reexecute) kotlin.jvm.internal.Intrinsics::checkNotNull@1 (line 24)
                      ; - kotlin.coroutines.jvm.internal.BaseContinuationImpl::resumeWith@31 (line 31)
  0x0000022dbf986578: e4a6 59ff | ba45 ffff | ff4c 8b5c | 2408 4c89 | 1c24 4c89 

  0x0000022dbf98658c: ;   {runtime_call UncommonTrapBlob}
  0x0000022dbf98658c: 5424 08e8 

  0x0000022dbf986590: ; ImmutableOopMap {rbp=NarrowOop [0]=Oop [8]=Oop }
                      ;*ifnonnull {reexecute=1 rethrow=0 return_oop=0}
                      ; - (reexecute) kotlin.jvm.internal.Intrinsics::checkNotNull@1 (line 24)
                      ; - kotlin.coroutines.jvm.internal.BaseContinuationImpl::resumeWith@31 (line 31)
  0x0000022dbf986590: cca6 59ff 

  0x0000022dbf986594: ;   {static_call}
  0x0000022dbf986594: 488b d0e8 

  0x0000022dbf986598: ; ImmutableOopMap {rbp=Oop [0]=Oop }
                      ;*invokestatic createFailure {reexecute=0 rethrow=0 return_oop=1}
                      ; - kotlin.coroutines.jvm.internal.BaseContinuationImpl::resumeWith@76 (line 38)
  0x0000022dbf986598: e4ae afff | 4889 4424 | 08e9 c6fe | ffff 488b | d0eb 0848 | 8bd0 eb03 | 488b d048 | 83c4 205d 
  0x0000022dbf9865b8: ;   {runtime_call C2 Runtime rethrow}
  0x0000022dbf9865b8: e923 da59 

  0x0000022dbf9865bc: ;   {internal_word}
  0x0000022dbf9865bc: ff49 ba01 | 6598 bf2d | 0200 004d | 8997 e004 

  0x0000022dbf9865cc: ;   {runtime_call SafepointBlob}
  0x0000022dbf9865cc: 0000 e98d 

  0x0000022dbf9865d0: ;   {runtime_call Stub::method_entry_barrier}
  0x0000022dbf9865d0: a94c ffe8 | 68dd 4aff | e94d feff | fff4 f4f4 
[Stub Code]
  0x0000022dbf9865e0: ;   {static_stub}
  0x0000022dbf9865e0: 48bb 68cb | 60cf 2d02 

  0x0000022dbf9865e8: ;   {runtime_call I2C/C2I adapters}
  0x0000022dbf9865e8: 0000 e933 

  0x0000022dbf9865ec: ;   {runtime_call ExceptionBlob}
  0x0000022dbf9865ec: 9e4c ffe9 | 6ca9 59ff 
[Deopt Handler Code]
  0x0000022dbf9865f4: e800 0000 | 0048 832c 

  0x0000022dbf9865fc: ;   {runtime_call DeoptimizationBlob}
  0x0000022dbf9865fc: 2405 e95d | ac4c fff4 | f4f4 f4f4 
[/MachCode]


Compiled method (c2) 7983582 53782   !   4       kotlinx.coroutines.DispatchedTask::run (387 bytes)
 total in heap  [0x0000022dbfde8988,0x0000022dbfde94e8] = 2912
 main code      [0x0000022dbfde8a80,0x0000022dbfde9428] = 2472
 stub code      [0x0000022dbfde9428,0x0000022dbfde94c8] = 160
 oops           [0x0000022dbfde94c8,0x0000022dbfde94e8] = 32
 mutable data [0x0000022dd4e1ff20,0x0000022dd4e201c8] = 680
 relocation     [0x0000022dd4e1ff20,0x0000022dd4e20080] = 352
 metadata       [0x0000022dd4e20080,0x0000022dd4e201c8] = 328
 immutable data [0x0000022d86cd37e0,0x0000022d86cd43b0] = 3024
 dependencies   [0x0000022d86cd37e0,0x0000022d86cd3820] = 64
 nul chk table  [0x0000022d86cd3820,0x0000022d86cd3860] = 64
 handler table  [0x0000022d86cd3860,0x0000022d86cd3ad0] = 624
 scopes pcs     [0x0000022d86cd3ad0,0x0000022d86cd3dc0] = 752
 scopes data    [0x0000022d86cd3dc0,0x0000022d86cd43b0] = 1520

[Constant Pool (empty)]

[MachCode]
[Instructions begin]
  0x0000022dbfde8a80: 6690 448b | 5208 443b 

  0x0000022dbfde8a88: ;   {runtime_call Shared Runtime ic_miss_blob}
  0x0000022dbfde8a88: 5008 0f85 | 5060 06ff 
[Verified Entry Point]
  0x0000022dbfde8a90: 8984 2400 | 80ff ff55 | 4883 ec50 | 4181 7f20 | 2100 0000 | 0f85 7409 | 0000 4889 | 5424 0866 
  0x0000022dbfde8ab0: 9048 b8b0 | ec88 972d 

  0x0000022dbfde8ab8: ;   {virtual_call}
  0x0000022dbfde8ab8: 0200 00e8 

  0x0000022dbfde8abc: ; ImmutableOopMap {[8]=Oop }
                      ;*invokevirtual getDelegate$kotlinx_coroutines_core {reexecute=0 rethrow=0 return_oop=1}
                      ; - kotlinx.coroutines.DispatchedTask::run@34 (line 80)
  0x0000022dbfde8abc: 50bb 13ff 

  0x0000022dbfde8ac0: ; implicit exception: dispatches to 0x0000022dbfde9278
  0x0000022dbfde8ac0: 448b 5008 

  0x0000022dbfde8ac4: ;   {metadata('kotlinx/coroutines/internal/DispatchedContinuation')}
  0x0000022dbfde8ac4: 4181 fa40 | 1907 020f | 85ef 0600 | 0044 8b58 | 2044 891c | 248b 6828 | 498b d348 | c1e2 0366 
  0x0000022dbfde8ae4: 9048 b8d8 | ec88 972d 

  0x0000022dbfde8aec: ;   {virtual_call}
  0x0000022dbfde8aec: 0200 00e8 

  0x0000022dbfde8af0: ; ImmutableOopMap {rbp=NarrowOop [0]=NarrowOop [8]=Oop }
                      ;*invokeinterface getContext {reexecute=0 rethrow=0 return_oop=1}
                      ; - kotlinx.coroutines.DispatchedTask::run@61 (line 222)
  0x0000022dbfde8af0: 74b8 13ff | 4889 4424 | 1085 ed0f | 8428 0300 | 0049 8d04 | ec44 8b14 | 244f 8d04 

  0x0000022dbfde8b0c: ;   {oop(a 'java/lang/Integer'{0x000000070f9e9a48} = 0)}
  0x0000022dbfde8b0c: d449 ba48 | 9a9e 0f07 | 0000 0049 | 3bc2 0f85 | 2404 0000 

  0x0000022dbfde8b20: ;   {oop(a 'kotlinx/coroutines/internal/Symbol'{0x000000070ec0ebb0})}
  0x0000022dbfde8b20: 49bb b0eb | c00e 0700 | 0000 4533 | d24c 8954 | 2428 4c89 | 5c24 204c | 8944 2418 | 498b d066 
  0x0000022dbfde8b40: 9048 b800 | ed88 972d 

  0x0000022dbfde8b48: ;   {virtual_call}
  0x0000022dbfde8b48: 0200 00e8 

  0x0000022dbfde8b4c: ; ImmutableOopMap {[0]=NarrowOop [8]=Oop [16]=Oop [24]=Oop [32]=Oop [40]=Oop }
                      ;*invokeinterface getContext {reexecute=0 rethrow=0 return_oop=1}
                      ; - kotlinx.coroutines.DispatchedTask::run@103 (line 83)
  0x0000022dbfde8b4c: 18b8 13ff | 488b e848 | 8b54 2408 | 9048 b828 | ed88 972d 

  0x0000022dbfde8b60: ;   {virtual_call}
  0x0000022dbfde8b60: 0200 00e8 

  0x0000022dbfde8b64: ; ImmutableOopMap {rbp=Oop [0]=NarrowOop [8]=Oop [16]=Oop [24]=Oop [32]=Oop [40]=Oop }
                      ;*invokevirtual takeState$kotlinx_coroutines_core {reexecute=0 rethrow=0 return_oop=1}
                      ; - kotlinx.coroutines.DispatchedTask::run@111 (line 84)
  0x0000022dbfde8b64: 88bb 13ff | 4889 4424 | 3048 8b54 | 2408 4c8b | c048 b850 | ed88 972d 

  0x0000022dbfde8b7c: ;   {virtual_call}
  0x0000022dbfde8b7c: 0200 00e8 

  0x0000022dbfde8b80: ; ImmutableOopMap {rbp=Oop [0]=NarrowOop [8]=Oop [16]=Oop [24]=Oop [32]=Oop [40]=Oop [48]=Oop }
                      ;*invokevirtual getExceptionalResult$kotlinx_coroutines_core {reexecute=0 rethrow=0 return_oop=1}
                      ; - kotlinx.coroutines.DispatchedTask::run@119 (line 85)
  0x0000022dbfde8b80: 94bb 13ff | 4885 c00f | 8534 0200 | 004c 8b4c | 2408 458b | 5918 4183 | fb01 740a | 4183 fb02 
  0x0000022dbfde8ba0: 0f85 c600 | 0000 4c8b | d545 8b42 

  0x0000022dbfde8bac: ;   {metadata('kotlin/coroutines/CombinedContext')}
  0x0000022dbfde8bac: 0841 81f8 | e83b 0602 | 0f85 4e03 | 0000 448b | 5510 498b | d248 c1e2 

  0x0000022dbfde8bc4: ;   {oop(a 'kotlinx/coroutines/Job$Key'{0x000000070ec8c2c8})}
  0x0000022dbfde8bc4: 0349 b8c8 | c2c8 0e07 | 0000 0066 | 9048 b878 | ed88 972d 

  0x0000022dbfde8bd8: ;   {virtual_call}
  0x0000022dbfde8bd8: 0200 00e8 

  0x0000022dbfde8bdc: ; ImmutableOopMap {rbp=Oop [0]=NarrowOop [8]=Oop [16]=Oop [24]=Oop [32]=Oop [40]=Oop [48]=Oop }
                      ;*invokeinterface get {reexecute=0 rethrow=0 return_oop=1}
                      ; - kotlin.coroutines.CombinedContext::get@14 (line 122)
                      ; - kotlinx.coroutines.DispatchedTask::run@147 (line 91)
  0x0000022dbfde8bdc: 88b7 13ff | 4c8b c048 | 85c0 7554 | 0f1f 8400 | 0000 0000 | 448b 5d0c 

  0x0000022dbfde8bf4: ; implicit exception: dispatches to 0x0000022dbfde9254
  0x0000022dbfde8bf4: 478b 54dc | 084b 8d14 

  0x0000022dbfde8bfc: ;   {metadata('kotlin/coroutines/CombinedContext')}
  0x0000022dbfde8bfc: dc41 81fa | e83b 0602 | 0f85 6a01 | 0000 488b | ea44 8b5d | 1049 8bd3 | 48c1 e203 

  0x0000022dbfde8c18: ;   {oop(a 'kotlinx/coroutines/Job$Key'{0x000000070ec8c2c8})}
  0x0000022dbfde8c18: 49b8 c8c2 | c80e 0700 | 0000 6666 | 9048 b8a0 | ed88 972d 

  0x0000022dbfde8c2c: ;   {virtual_call}
  0x0000022dbfde8c2c: 0200 00e8 

  0x0000022dbfde8c30: ; ImmutableOopMap {rbp=Oop [0]=NarrowOop [8]=Oop [16]=Oop [24]=Oop [32]=Oop [40]=Oop [48]=Oop }
                      ;*invokeinterface get {reexecute=0 rethrow=0 return_oop=1}
                      ; - kotlin.coroutines.CombinedContext::get@14 (line 122)
                      ; - kotlinx.coroutines.DispatchedTask::run@147 (line 91)
  0x0000022dbfde8c30: 34b7 13ff | 4c8b c048 | 85c0 74b4 

  0x0000022dbfde8c3c: ; implicit exception: dispatches to 0x0000022dbfde9230
  0x0000022dbfde8c3c: 458b 5808 

  0x0000022dbfde8c40: ;   {metadata('kotlinx/coroutines/StandaloneCoroutine')}
  0x0000022dbfde8c40: 4181 fb60 | 780d 020f | 8589 0000 | 0049 8be8 | 488b d566 | 9048 b8c8 | ed88 972d 

  0x0000022dbfde8c5c: ;   {virtual_call}
  0x0000022dbfde8c5c: 0200 00e8 

  0x0000022dbfde8c60: ; ImmutableOopMap {rbp=Oop [0]=NarrowOop [8]=Oop [16]=Oop [24]=Oop [32]=Oop [40]=Oop [48]=Oop }
                      ;*invokeinterface isActive {reexecute=0 rethrow=0 return_oop=0}
                      ; - kotlinx.coroutines.DispatchedTask::run@168 (line 92)
  0x0000022dbfde8c60: 9417 19ff | 85c0 0f84 | d101 0000 | 488b 5424 | 084c 8b44 | 2430 6666 | 9048 b8f0 | ed88 972d 
  0x0000022dbfde8c80: ;   {virtual_call}
  0x0000022dbfde8c80: 0200 00e8 

  0x0000022dbfde8c84: ; ImmutableOopMap {[0]=NarrowOop [8]=Oop [16]=Oop [24]=Oop [32]=Oop [40]=Oop }
                      ;*invokevirtual getSuccessfulResult$kotlinx_coroutines_core {reexecute=0 rethrow=0 return_oop=1}
                      ; - kotlinx.coroutines.DispatchedTask::run@295 (line 100)
  0x0000022dbfde8c84: d0bd 13ff | 488b 5424 | 184c 8bc0 | 9048 b818 | ee88 972d 

  0x0000022dbfde8c98: ;   {virtual_call}
  0x0000022dbfde8c98: 0200 00e8 

  0x0000022dbfde8c9c: ; ImmutableOopMap {[8]=Oop [16]=Oop [32]=Oop [40]=Oop }
                      ;*invokeinterface resumeWith {reexecute=0 rethrow=0 return_oop=0}
                      ; - kotlinx.coroutines.DispatchedTask::run@301 (line 100)
  0x0000022dbfde8c9c: d0bb 13ff | 4c8b 5424 | 284d 85d2 | 0f85 af03 | 0000 488b 

  0x0000022dbfde8cb0: ;   {oop(a 'kotlinx/coroutines/internal/Symbol'{0x000000070ec0ebb0})}
  0x0000022dbfde8cb0: 6c24 2049 | bab0 ebc0 | 0e07 0000 | 0049 3bea | 0f85 e202 | 0000 4883 

  0x0000022dbfde8cc8: ;   {poll_return}
  0x0000022dbfde8cc8: c450 5d49 | 3b67 280f | 8733 0700 

  0x0000022dbfde8cd4: ;   {metadata('kotlinx/coroutines/DispatchedCoroutine')}
  0x0000022dbfde8cd4: 00c3 4181 | fb38 220d | 020f 846a | ffff ffbe | 0000 008a | 4903 f34c 

  0x0000022dbfde8cec: ;   {metadata('kotlinx/coroutines/Job')}
  0x0000022dbfde8cec: 8b56 2049 | bb98 d806 | 8c00 0000 | 004d 3bd3 | 0f84 4bff 

  0x0000022dbfde8d00: ;   {metadata('kotlinx/coroutines/Job')}
  0x0000022dbfde8d00: ffff 48b8 | 98d8 068c | 0000 0000 | 4833 ff4c | 8b9e a800 | 0000 498b | d348 c1e2 | 230f 8921 
  0x0000022dbfde8d20: 0000 00f3 | 480f b8d2 | 488b 5e28 | 483b 04d3 | 7415 490f | bae3 1d73 | 0b49 c1cb 

  0x0000022dbfde8d3c: ;   {runtime_call Stub::lookup_secondary_supers_table_slow_path}
  0x0000022dbfde8d3c: 1ce8 c1b7 | 04ff eb03 | 48ff c748 | 85ff 0f84 | fdfe ffff 

  0x0000022dbfde8d50: ;   {oop(a 'java/lang/ClassCastException'{0x000000070ea6cd68})}
  0x0000022dbfde8d50: 4d33 d248 | bd68 cda6 | 0e07 0000 | 004c 8d45 | 1441 807f | 4800 0f85 | 3406 0000 | 4589 10e9 
  0x0000022dbfde8d70: 6d03 0000 

  0x0000022dbfde8d74: ;   {metadata('org/jetbrains/compose/reload/core/AsyncTraces')}
  0x0000022dbfde8d74: 4181 fa70 | 6606 020f | 8560 0100 | 0048 8bea | 448b 5d10 | 4585 db0f | 8494 0000 | 004b 8d14 
  0x0000022dbfde8d94: ;   {oop(a 'kotlinx/coroutines/Job$Key'{0x000000070ec8c2c8})}
  0x0000022dbfde8d94: dc49 b8c8 | c2c8 0e07 | 0000 0066 | 9048 b840 | ee88 972d 

  0x0000022dbfde8da8: ;   {virtual_call}
  0x0000022dbfde8da8: 0200 00e8 

  0x0000022dbfde8dac: ; ImmutableOopMap {rbp=Oop [0]=NarrowOop [8]=Oop [16]=Oop [24]=Oop [32]=Oop [40]=Oop [48]=Oop }
                      ;*invokevirtual equals {reexecute=0 rethrow=0 return_oop=0}
                      ; - kotlin.jvm.internal.Intrinsics::areEqual@18 (line 169)
                      ; - kotlin.coroutines.CoroutineContext$Element$DefaultImpls::get@13 (line 67)
                      ; - org.jetbrains.compose.reload.core.AsyncTraces::get@2 (line 21)
                      ; - kotlin.coroutines.CombinedContext::get@55 (line 127)
                      ; - kotlinx.coroutines.DispatchedTask::run@147 (line 91)
  0x0000022dbfde8dac: 3063 06ff | 4533 d285 | c049 0f44 | ea4c 8bc5 | e97b feff | ff4d 8b87 | c801 0000 | 4d8b d049 
  0x0000022dbfde8dcc: 83c2 104d | 3b97 d801 | 0000 0f83 | 5d02 0000 | 4d89 97c8 | 0100 0041 | 0f18 8200 | 0100 0049 
  0x0000022dbfde8dec: c700 0100 

  0x0000022dbfde8df0: ;   {metadata('kotlin/Result$Failure')}
  0x0000022dbfde8df0: 0000 41c7 | 4008 389e | 0602 4c8b | d849 c1eb | 0345 8958 | 0c48 8b54 | 2418 488b | 6c24 0866 
  0x0000022dbfde8e10: 9048 b868 | ee88 972d 

  0x0000022dbfde8e18: ;   {virtual_call}
  0x0000022dbfde8e18: 0200 00e8 

  0x0000022dbfde8e1c: ; ImmutableOopMap {rbp=Oop [8]=Oop [16]=Oop [32]=Oop [40]=Oop }
                      ;*invokeinterface resumeWith {reexecute=0 rethrow=0 return_oop=0}
                      ; - kotlinx.coroutines.DispatchedTask::run@279 (line 98)
  0x0000022dbfde8e1c: 50ba 13ff | e97b feff | ff33 edeb | 9048 8bd0 | 488b 6c24 

  0x0000022dbfde8e30: ;   {static_call}
  0x0000022dbfde8e30: 0866 90e8 

  0x0000022dbfde8e34: ; ImmutableOopMap {rbp=Oop [0]=NarrowOop [8]=Oop [16]=Oop }
                      ;*invokestatic threadContextElements {reexecute=0 rethrow=0 return_oop=1}
                      ; - kotlinx.coroutines.internal.ThreadContextKt::updateThreadContext@7 (line 61)
                      ; - kotlinx.coroutines.DispatchedTask::run@71 (line 223)
  0x0000022dbfde8e34: a865 06ff | e9c8 fcff | ff4c 8bcd | 448b 5d08 

  0x0000022dbfde8e44: ;   {metadata('kotlinx/coroutines/JobSupport')}
  0x0000022dbfde8e44: 49ba 28f0 | 0c8c 0000 | 0000 41b8 | 0000 008a | 4d03 c34d | 8b58 384d | 3bda 0f85 | 9c02 0000 
  0x0000022dbfde8e64: 488b d548 | 8b6c 2408 

  0x0000022dbfde8e6c: ;   {optimized virtual_call}
  0x0000022dbfde8e6c: 6666 90e8 

  0x0000022dbfde8e70: ; ImmutableOopMap {rbp=Oop [0]=NarrowOop [8]=Oop [16]=Oop [24]=Oop [32]=Oop [40]=Oop [48]=Oop }
                      ;*invokeinterface getCancellationException {reexecute=0 rethrow=0 return_oop=1}
                      ; - kotlinx.coroutines.DispatchedTask::run@178 (line 93)
  0x0000022dbfde8e70: 9c59 ceff | 4889 4424 | 384c 8bdd | 458b 5308 

  0x0000022dbfde8e80: ;   {metadata('kotlinx/coroutines/internal/DispatchedContinuation')}
  0x0000022dbfde8e80: 4181 fa40 | 1907 0274 

  0x0000022dbfde8e88: ;   {metadata('kotlinx/coroutines/CancellableContinuationImpl')}
  0x0000022dbfde8e88: 2841 81fa | 90eb 0602 | 0f85 9e02 | 0000 4d8b | d349 8bd2 | 4c8b 4424 | 304c 8bc8 

  0x0000022dbfde8ea4: ;   {optimized virtual_call}
  0x0000022dbfde8ea4: 498b eae8 

  0x0000022dbfde8ea8: ; ImmutableOopMap {rbp=Oop [0]=NarrowOop [8]=Oop [16]=Oop [24]=Oop [32]=Oop [40]=Oop [56]=Oop }
                      ;*invokevirtual cancelCompletedResult$kotlinx_coroutines_core {reexecute=0 rethrow=0 return_oop=0}
                      ; - kotlinx.coroutines.DispatchedTask::run@193 (line 94)
  0x0000022dbfde8ea8: 743a f2f7 | 4c8b 5c24 | 0849 8beb | 4c89 5c24 | 0848 8b54 

  0x0000022dbfde8ebc: ;   {static_call}
  0x0000022dbfde8ebc: 2438 90e8 

  0x0000022dbfde8ec0: ; ImmutableOopMap {rbp=Oop [0]=NarrowOop [8]=Oop [16]=Oop [24]=Oop [32]=Oop [40]=Oop }
                      ;*invokestatic createFailure {reexecute=0 rethrow=0 return_oop=1}
                      ; - kotlinx.coroutines.DispatchedTask::run@246 (line 232)
  0x0000022dbfde8ec0: bc85 69ff | 488b 5424 | 184c 8bc0 | 9048 b890 | ee88 972d 

  0x0000022dbfde8ed4: ;   {virtual_call}
  0x0000022dbfde8ed4: 0200 00e8 

  0x0000022dbfde8ed8: ; ImmutableOopMap {rbp=Oop [8]=Oop [16]=Oop [32]=Oop [40]=Oop }
                      ;*invokeinterface resumeWith {reexecute=0 rethrow=0 return_oop=0}
                      ; - kotlinx.coroutines.DispatchedTask::run@252 (line 232)
  0x0000022dbfde8ed8: 94b9 13ff | e9bf fdff 

  0x0000022dbfde8ee0: ;   {oop(a 'kotlinx/coroutines/Job$Key'{0x000000070ec8c2c8})}
  0x0000022dbfde8ee0: ff49 b8c8 | c2c8 0e07 | 0000 0048 | 8b6c 2408 | 9048 b8b8 | ee88 972d 

  0x0000022dbfde8ef8: ;   {virtual_call}
  0x0000022dbfde8ef8: 0200 00e8 

  0x0000022dbfde8efc: ; ImmutableOopMap {rbp=Oop [0]=NarrowOop [8]=Oop [16]=Oop [24]=Oop [32]=Oop [40]=Oop [48]=Oop }
                      ;*invokeinterface get {reexecute=0 rethrow=0 return_oop=1}
                      ; - kotlin.coroutines.CombinedContext::get@55 (line 127)
                      ; - kotlinx.coroutines.DispatchedTask::run@147 (line 91)
  0x0000022dbfde8efc: 68b4 13ff | 488b e8e9 | b1fe ffff 

  0x0000022dbfde8f08: ;   {metadata('coil3/compose/internal/DeferredDispatchCoroutineContext')}
  0x0000022dbfde8f08: 4181 f8e8 | 566f 020f | 8553 0200 | 0045 8b5a | 0c49 8bd3 | 48c1 e203 

  0x0000022dbfde8f20: ;   {oop(a 'kotlinx/coroutines/Job$Key'{0x000000070ec8c2c8})}
  0x0000022dbfde8f20: 49b8 c8c2 | c80e 0700 | 0000 498b | e948 b8e0 | ee88 972d 

  0x0000022dbfde8f34: ;   {virtual_call}
  0x0000022dbfde8f34: 0200 00e8 

  0x0000022dbfde8f38: ; ImmutableOopMap {rbp=Oop [0]=NarrowOop [8]=Oop [16]=Oop [24]=Oop [32]=Oop [40]=Oop [48]=Oop }
                      ;*invokeinterface get {reexecute=0 rethrow=0 return_oop=1}
                      ; - coil3.compose.internal.ForwardingCoroutineContext::get@5
                      ; - kotlinx.coroutines.DispatchedTask::run@147 (line 91)
  0x0000022dbfde8f38: c604 7cff | 4c8b c0e9 | f8fc ffff 

  0x0000022dbfde8f44: ; implicit exception: dispatches to 0x0000022dbfde929e
  0x0000022dbfde8f44: 448b 5808 

  0x0000022dbfde8f48: ;   {metadata('kotlinx/coroutines/slf4j/MDCContext')}
  0x0000022dbfde8f48: 4181 fb30 | 0f64 020f | 857f 0200 | 004c 8944 | 2418 8b2c | 244c 8bd0 | 4c89 1424 

  0x0000022dbfde8f64: ;   {oop("null cannot be cast to non-null type kotlinx.coroutines.ThreadContextElement<kotlin.Any?>"{0x000000070df4b048})}
  0x0000022dbfde8f64: 498b d249 | b848 b0f4 | 0d07 0000 

  0x0000022dbfde8f70: ;   {static_call}
  0x0000022dbfde8f70: 0066 90e8 

  0x0000022dbfde8f74: ; ImmutableOopMap {rbp=NarrowOop [0]=Oop [8]=Oop [16]=Oop [24]=Oop }
                      ;*invokestatic checkNotNull {reexecute=0 rethrow=0 return_oop=0}
                      ; - kotlinx.coroutines.internal.ThreadContextKt::updateThreadContext@63 (line 73)
                      ; - kotlinx.coroutines.DispatchedTask::run@71 (line 223)
  0x0000022dbfde8f74: 0881 90ff | 488b 1424 | 4c8b 4424 

  0x0000022dbfde8f80: ;   {optimized virtual_call}
  0x0000022dbfde8f80: 1066 90e8 

  0x0000022dbfde8f84: ; ImmutableOopMap {rbp=NarrowOop [8]=Oop [16]=Oop [24]=Oop }
                      ;*invokevirtual updateThreadContext {reexecute=0 rethrow=0 return_oop=1}
                      ; - kotlinx.coroutines.slf4j.MDCContext::updateThreadContext@2 (line 77)
                      ; - kotlinx.coroutines.internal.ThreadContextKt::updateThreadContext@73 (line 74)
                      ; - kotlinx.coroutines.DispatchedTask::run@71 (line 223)
  0x0000022dbfde8f84: be04 0000 

  0x0000022dbfde8f88: ;   {oop(a 'kotlinx/coroutines/internal/Symbol'{0x000000070ec0ebb0})}
  0x0000022dbfde8f88: 49bb b0eb | c00e 0700 | 0000 493b | c30f 85e1 | 0000 0089 | 2c24 4c8b | 4424 18e9 | 78fb ffff 
  0x0000022dbfde8fa8: 4885 ed74 | 1144 8b55 

  0x0000022dbfde8fb0: ;   {metadata('kotlinx/coroutines/internal/ThreadState')}
  0x0000022dbfde8fb0: 0841 81fa | 6002 0d02 | 0f84 da01 | 0000 4c8b | 5c24 1045 

  0x0000022dbfde8fc4: ;   {metadata('kotlin/coroutines/CombinedContext')}
  0x0000022dbfde8fc4: 8b53 0841 | 81fa e83b | 0602 0f85 | d801 0000 | 4d8b d34c | 8954 2410 

  0x0000022dbfde8fdc: ;   {oop(a 'kotlinx/coroutines/internal/ThreadContextKt$$Lambda+0x000000008c0d0000'{0x000000070eceeac0})}
  0x0000022dbfde8fdc: 49b9 c0ea | ce0e 0700 | 0000 498b | d245 33c0 

  0x0000022dbfde8fec: ;   {optimized virtual_call}
  0x0000022dbfde8fec: 6666 90e8 

  0x0000022dbfde8ff0: ; ImmutableOopMap {rbp=Oop [8]=Oop [16]=Oop }
                      ;*invokeinterface fold {reexecute=0 rethrow=0 return_oop=1}
                      ; - kotlinx.coroutines.internal.ThreadContextKt::restoreThreadContext@32 (line 89)
                      ; - kotlinx.coroutines.DispatchedTask::run@329 (line 237)
  0x0000022dbfde8ff0: 9c40 a6ff | 4889 0424 

  0x0000022dbfde8ff8: ;   {oop("null cannot be cast to non-null type kotlinx.coroutines.ThreadContextElement<kotlin.Any?>"{0x000000070df4b048})}
  0x0000022dbfde8ff8: 488b d049 | b848 b0f4 | 0d07 0000 

  0x0000022dbfde9004: ;   {static_call}
  0x0000022dbfde9004: 0066 90e8 

  0x0000022dbfde9008: ; ImmutableOopMap {rbp=Oop [0]=Oop [8]=Oop [16]=Oop }
                      ;*invokestatic checkNotNull {reexecute=0 rethrow=0 return_oop=0}
                      ; - kotlinx.coroutines.internal.ThreadContextKt::restoreThreadContext@40 (line 89)
                      ; - kotlinx.coroutines.DispatchedTask::run@329 (line 237)
  0x0000022dbfde9008: 7480 90ff | 4c8b 1c24 

  0x0000022dbfde9010: ; implicit exception: dispatches to 0x0000022dbfde92bc
  0x0000022dbfde9010: 458b 5308 

  0x0000022dbfde9014: ;   {metadata('kotlinx/coroutines/slf4j/MDCContext')}
  0x0000022dbfde9014: 4181 fa30 | 0f64 020f | 85c7 0100 | 0049 8bd3 | 4c8b 4424 | 104c 8bcd 

  0x0000022dbfde902c: ;   {optimized virtual_call}
  0x0000022dbfde902c: 6666 90e8 

  0x0000022dbfde9030: ; ImmutableOopMap {[8]=Oop }
                      ;*invokeinterface restoreThreadContext {reexecute=0 rethrow=0 return_oop=0}
                      ; - kotlinx.coroutines.internal.ThreadContextKt::restoreThreadContext@50 (line 90)
                      ; - kotlinx.coroutines.DispatchedTask::run@329 (line 237)
  0x0000022dbfde9030: 6c04 0000 | e98d fcff | ff48 8944 

  0x0000022dbfde903c: ;   {metadata('kotlin/Result$Failure')}
  0x0000022dbfde903c: 2430 48ba | 389e 068c | 0000 0000 

  0x0000022dbfde9048: ;   {runtime_call C2 Runtime new_instance}
  0x0000022dbfde9048: 8b2c 24e8 

  0x0000022dbfde904c: ; ImmutableOopMap {rbp=NarrowOop [8]=Oop [16]=Oop [24]=Oop [32]=Oop [40]=Oop [48]=Oop }
                      ;*new {reexecute=0 rethrow=0 return_oop=1}
                      ; - kotlin.ResultKt::createFailure@6 (line 122)
                      ; - kotlinx.coroutines.DispatchedTask::run@273 (line 98)
  0x0000022dbfde904c: 10d2 13ff | 4c8b c048 | 8b44 2430 | e99d fdff | ffba 45ff | ffff 488b | 6c24 084c | 8b5c 2410 
  0x0000022dbfde906c: 4c89 1c24 | 4c89 5424 

  0x0000022dbfde9074: ;   {runtime_call UncommonTrapBlob}
  0x0000022dbfde9074: 1866 90e8 

  0x0000022dbfde9078: ; ImmutableOopMap {rbp=Oop [0]=Oop [24]=Oop [32]=Oop [40]=Oop }
                      ;*ifnull {reexecute=1 rethrow=0 return_oop=0}
                      ; - (reexecute) kotlinx.coroutines.DispatchedTask::run@314 (line 236)
  0x0000022dbfde9078: e47b 13ff | 4889 0424 | 488b 5424 | 184c 8b44 | 2410 4c8b 

  0x0000022dbfde908c: ;   {static_call}
  0x0000022dbfde908c: c866 90e8 

  0x0000022dbfde9090: ; ImmutableOopMap {rbp=NarrowOop [0]=Oop [8]=Oop [16]=Oop [24]=Oop }
                      ;*invokestatic updateUndispatchedCompletion {reexecute=0 rethrow=0 return_oop=1}
                      ; - kotlinx.coroutines.DispatchedTask::run@89 (line 226)
  0x0000022dbfde9090: d003 0000 | 4c8b 1c24 | 892c 244c | 8b44 2418 | 4c8b d0e9 | 85fa ffff | 488b e8eb | 3448 8be8 
  0x0000022dbfde90b0: eb2f 488b | e8eb 2a48 | 8be8 eb25 | eb20 488b | e8eb 1e48 | 8be8 eb19 | 488b e8eb | 1448 8be8 
  0x0000022dbfde90d0: eb0f 488b | e8eb 0a48 | 8be8 eb05 | eb00 488b | e8ba 95ff | ffff 4c8b | 5424 084c | 8914 244c 
  0x0000022dbfde90f0: 8b54 2410 | 4c89 5424 

  0x0000022dbfde90f8: ;   {runtime_call UncommonTrapBlob}
  0x0000022dbfde90f8: 0866 90e8 

  0x0000022dbfde90fc: ; ImmutableOopMap {rbp=Oop [0]=Oop [8]=Oop [32]=Oop [40]=Oop }
                      ;*astore {reexecute=0 rethrow=0 return_oop=0}
                      ; - kotlinx.coroutines.DispatchedTask::run@335 (line 236)
  0x0000022dbfde90fc: 607b 13ff | badf ffff | ff48 8b6c | 2408 4c8b | 5424 104c | 8954 2408 | 4c8b 5424 | 204c 8954 
  0x0000022dbfde911c: 2410 4c8b | 5424 284c | 8954 2418 | 4c89 4c24 

  0x0000022dbfde912c: ;   {runtime_call UncommonTrapBlob}
  0x0000022dbfde912c: 2866 90e8 

  0x0000022dbfde9130: ; ImmutableOopMap {rbp=Oop [0]=NarrowOop [8]=Oop [16]=Oop [24]=Oop [40]=Oop [48]=Oop }
                      ;*invokeinterface getCancellationException {reexecute=0 rethrow=0 return_oop=0}
                      ; - kotlinx.coroutines.DispatchedTask::run@178 (line 93)
  0x0000022dbfde9130: 2c7b 13ff | bac6 ffff | ff4c 8b54 | 2410 4c89 | 5424 084c | 8b54 2420 | 4c89 5424 | 104c 8b54 
  0x0000022dbfde9150: 2428 4c89 | 5424 184c | 8b54 2430 | 4c89 5424 

  0x0000022dbfde9160: ;   {runtime_call UncommonTrapBlob}
  0x0000022dbfde9160: 2866 90e8 

  0x0000022dbfde9164: ; ImmutableOopMap {rbp=Oop [0]=NarrowOop [8]=Oop [16]=Oop [24]=Oop [40]=Oop [56]=Oop }
                      ;*invokevirtual cancelCompletedResult$kotlinx_coroutines_core {reexecute=0 rethrow=0 return_oop=0}
                      ; - kotlinx.coroutines.DispatchedTask::run@193 (line 94)
  0x0000022dbfde9164: f87a 13ff | bac6 ffff | ff49 8be9 | 4c8b 5c24 | 104c 895c | 2408 4c8b | 5c24 204c | 895c 2410 
  0x0000022dbfde9184: 4c8b 5c24 | 284c 895c | 2418 4c89 

  0x0000022dbfde9190: ;   {runtime_call UncommonTrapBlob}
  0x0000022dbfde9190: 5424 28e8 

  0x0000022dbfde9194: ; ImmutableOopMap {rbp=Oop [0]=NarrowOop [8]=Oop [16]=Oop [24]=Oop [40]=Oop [48]=Oop }
                      ;*invokeinterface get {reexecute=0 rethrow=0 return_oop=0}
                      ; - kotlinx.coroutines.DispatchedTask::run@147 (line 91)
  0x0000022dbfde9194: c87a 13ff | baa5 ffff | ff4c 8b54 | 2408 4c89 

  0x0000022dbfde91a4: ;   {runtime_call UncommonTrapBlob}
  0x0000022dbfde91a4: 1424 90e8 

  0x0000022dbfde91a8: ; ImmutableOopMap {rbp=Oop [0]=Oop [16]=Oop }
                      ;*invokevirtual restore {reexecute=0 rethrow=0 return_oop=0}
                      ; - kotlinx.coroutines.internal.ThreadContextKt::restoreThreadContext@21 (line 84)
                      ; - kotlinx.coroutines.DispatchedTask::run@329 (line 237)
  0x0000022dbfde91a8: b47a 13ff | bade ffff | ff4c 8b54 | 2408 4c89 

  0x0000022dbfde91b8: ;   {runtime_call UncommonTrapBlob}
  0x0000022dbfde91b8: 1424 90e8 

  0x0000022dbfde91bc: ; ImmutableOopMap {rbp=Oop [0]=Oop [16]=Oop }
                      ;*invokeinterface fold {reexecute=0 rethrow=0 return_oop=0}
                      ; - kotlinx.coroutines.internal.ThreadContextKt::restoreThreadContext@32 (line 89)
                      ; - kotlinx.coroutines.DispatchedTask::run@329 (line 237)
  0x0000022dbfde91bc: a07a 13ff | bade ffff | ff48 8b6c | 2408 4889 

  0x0000022dbfde91cc: ;   {runtime_call UncommonTrapBlob}
  0x0000022dbfde91cc: 0424 90e8 

  0x0000022dbfde91d0: ; ImmutableOopMap {rbp=Oop [0]=Oop }
                      ;*checkcast {reexecute=0 rethrow=0 return_oop=0}
                      ; - kotlinx.coroutines.DispatchedTask::run@43 (line 80)
  0x0000022dbfde91d0: 8c7a 13ff | bade ffff | ff48 8b6c | 2408 4889 

  0x0000022dbfde91e0: ;   {runtime_call UncommonTrapBlob}
  0x0000022dbfde91e0: 4424 20e8 

  0x0000022dbfde91e4: ; ImmutableOopMap {rbp=Oop [0]=NarrowOop [16]=Oop [32]=Oop }
                      ;*instanceof {reexecute=0 rethrow=0 return_oop=0}
                      ; - kotlinx.coroutines.internal.ThreadContextKt::updateThreadContext@27 (line 66)
                      ; - kotlinx.coroutines.DispatchedTask::run@71 (line 223)
  0x0000022dbfde91e4: 787a 13ff | bade ffff | ff4c 8b54 | 2408 4c89 | 1424 4c8b | 5424 104c | 8954 2408 | 4c89 5c24 
  0x0000022dbfde9204: ;   {runtime_call UncommonTrapBlob}
  0x0000022dbfde9204: 1066 90e8 

  0x0000022dbfde9208: ; ImmutableOopMap {rbp=Oop [0]=Oop [8]=Oop [16]=Oop }
                      ;*checkcast {reexecute=0 rethrow=0 return_oop=0}
                      ; - kotlinx.coroutines.internal.ThreadContextKt::restoreThreadContext@43 (line 89)
                      ; - kotlinx.coroutines.DispatchedTask::run@329 (line 237)
  0x0000022dbfde9208: 547a 13ff | baf6 ffff | ff49 8be9 | 4c8b 5424 | 104c 8954 | 2408 4c8b | 5424 204c | 8954 2410 
  0x0000022dbfde9228: ;   {runtime_call UncommonTrapBlob}
  0x0000022dbfde9228: 6666 90e8 

  0x0000022dbfde922c: ; ImmutableOopMap {rbp=Oop [0]=NarrowOop [8]=Oop [16]=Oop [40]=Oop [48]=Oop }
                      ;*invokeinterface get {reexecute=0 rethrow=0 return_oop=0}
                      ; - kotlinx.coroutines.DispatchedTask::run@147 (line 91)
  0x0000022dbfde922c: 307a 13ff | baf4 ffff | ff48 8b6c | 2408 4c8b | 5424 104c | 8954 2408 | 4c8b 5424 | 204c 8954 
  0x0000022dbfde924c: ;   {runtime_call UncommonTrapBlob}
  0x0000022dbfde924c: 2410 90e8 

  0x0000022dbfde9250: ; ImmutableOopMap {rbp=Oop [0]=NarrowOop [8]=Oop [16]=Oop [40]=Oop [48]=Oop }
                      ;*checkcast {reexecute=0 rethrow=0 return_oop=0}
                      ; - kotlinx.coroutines.DispatchedTask::run@152 (line 91)
  0x0000022dbfde9250: 0c7a 13ff | baf4 ffff | ff48 8b6c | 2408 4c8b | 5424 104c | 8954 2408 | 4c8b 5424 | 204c 8954 
  0x0000022dbfde9270: ;   {runtime_call UncommonTrapBlob}
  0x0000022dbfde9270: 2410 90e8 

  0x0000022dbfde9274: ; ImmutableOopMap {rbp=Oop [0]=NarrowOop [8]=Oop [16]=Oop [40]=Oop [48]=Oop }
                      ;*instanceof {reexecute=0 rethrow=0 return_oop=0}
                      ; - kotlin.coroutines.CombinedContext::get@39 (line 124)
                      ; - kotlinx.coroutines.DispatchedTask::run@147 (line 91)
  0x0000022dbfde9274: e879 13ff | ba45 ffff | ff48 8b6c | 2408 4889 

  0x0000022dbfde9284: ;   {runtime_call UncommonTrapBlob}
  0x0000022dbfde9284: 4424 08e8 

  0x0000022dbfde9288: ; ImmutableOopMap {rbp=Oop [8]=Oop }
                      ;*ifnonnull {reexecute=1 rethrow=0 return_oop=0}
                      ; - (reexecute) kotlin.jvm.internal.Intrinsics::checkNotNull@1 (line 30)
                      ; - kotlinx.coroutines.DispatchedTask::run@40 (line 80)
  0x0000022dbfde9288: d479 13ff | e94d feff | ff48 8be8 | e948 feff | ffe9 40fe | ffff baf4 | ffff ff48 | 8b6c 2408 
  0x0000022dbfde92a8: ;   {runtime_call UncommonTrapBlob}
  0x0000022dbfde92a8: 6666 90e8 

  0x0000022dbfde92ac: ; ImmutableOopMap {rbp=Oop [0]=NarrowOop [16]=Oop }
                      ;*instanceof {reexecute=0 rethrow=0 return_oop=0}
                      ; - kotlinx.coroutines.internal.ThreadContextKt::updateThreadContext@27 (line 66)
                      ; - kotlinx.coroutines.DispatchedTask::run@71 (line 223)
  0x0000022dbfde92ac: b079 13ff | baf6 ffff 

  0x0000022dbfde92b4: ;   {runtime_call UncommonTrapBlob}
  0x0000022dbfde92b4: ff66 90e8 

  0x0000022dbfde92b8: ; ImmutableOopMap {[8]=Oop }
                      ;*invokeinterface fold {reexecute=0 rethrow=0 return_oop=0}
                      ; - kotlinx.coroutines.internal.ThreadContextKt::restoreThreadContext@32 (line 89)
                      ; - kotlinx.coroutines.DispatchedTask::run@329 (line 237)
  0x0000022dbfde92b8: a479 13ff | baf4 ffff | ff4c 8b54 | 2408 4c89 

  0x0000022dbfde92c8: ;   {runtime_call UncommonTrapBlob}
  0x0000022dbfde92c8: 1424 90e8 

  0x0000022dbfde92cc: ; ImmutableOopMap {rbp=Oop [0]=Oop [16]=Oop }
                      ;*checkcast {reexecute=0 rethrow=0 return_oop=0}
                      ; - kotlinx.coroutines.internal.ThreadContextKt::restoreThreadContext@43 (line 89)
                      ; - kotlinx.coroutines.DispatchedTask::run@329 (line 237)
  0x0000022dbfde92cc: 9079 13ff | 488b e8e9 | 09fe ffff | 488b e8e9 | b400 0000 | 488b e8e9 | ac00 0000 | 488b e8e9 
  0x0000022dbfde92ec: a400 0000 | 448b 5008 

  0x0000022dbfde92f4: ;   {metadata('kotlinx/coroutines/DispatchException')}
  0x0000022dbfde92f4: 4181 faa8 | ef06 0275 | db48 8be8 | eb7f 448b | 5008 eb49 | 448b 5008 | eb43 448b | 5008 41bb 
  0x0000022dbfde9314: 0000 008a | 4d03 daeb | 1c44 8b50 | 0841 bb00 | 0000 8a4d | 03da eb0d | 448b 5008 | 41bb 0000 
  0x0000022dbfde9334: 008a 4d03 

  0x0000022dbfde9338: ;   {metadata('kotlinx/coroutines/DispatchException')}
  0x0000022dbfde9338: da49 baa8 | ef06 8c00 | 0000 004d | 3bda 7598 | 488b e8eb | 3444 8b50 

  0x0000022dbfde9350: ;   {metadata('kotlinx/coroutines/DispatchException')}
  0x0000022dbfde9350: 0841 81fa | a8ef 0602 | 758e 488b | e8eb 2244 

  0x0000022dbfde9360: ;   {metadata('kotlinx/coroutines/DispatchException')}
  0x0000022dbfde9360: 8b50 0841 | 81fa a8ef | 0602 7520 | 488b e8eb | 1044 8b50 

  0x0000022dbfde9374: ;   {metadata('kotlinx/coroutines/DispatchException')}
  0x0000022dbfde9374: 0841 81fa | a8ef 0602 | 7513 488b | e8ba 95ff 

  0x0000022dbfde9384: ;   {runtime_call UncommonTrapBlob}
  0x0000022dbfde9384: ffff 90e8 

  0x0000022dbfde9388: ; ImmutableOopMap {rbp=Oop [8]=Oop }
                      ;*astore_1 {reexecute=0 rethrow=0 return_oop=0}
                      ; - kotlinx.coroutines.DispatchedTask::run@360 (line 104)
  0x0000022dbfde9388: d478 13ff | 488b e8eb | 0348 8be8 | ba95 ffff 

  0x0000022dbfde9398: ;   {runtime_call UncommonTrapBlob}
  0x0000022dbfde9398: ff66 90e8 

  0x0000022dbfde939c: ; ImmutableOopMap {rbp=Oop [8]=Oop }
                      ;*astore_1 {reexecute=0 rethrow=0 return_oop=0}
                      ; - kotlinx.coroutines.DispatchedTask::run@380 (line 106)
  0x0000022dbfde939c: c078 13ff | 458b 1849 | c1e3 0349 | 83fb 000f | 84bb f9ff | ff4d 8b4f | 384d 85c9 | 0f84 1400 
  0x0000022dbfde93bc: 0000 4983 | e908 4d89 | 4f38 4d03 | 4f40 4d89 | 19e9 9af9 | ffff 4883 | ec30 4c89 | 5424 284c 
  0x0000022dbfde93dc: 8944 2420 | 498b cb49 

  0x0000022dbfde93e4: ;   {runtime_call}
  0x0000022dbfde93e4: 8bd7 48b8 | d033 1a19 | fd7f 0000 | ffd0 4c8b | 4424 204c | 8b54 2428 | c5f8 7748 | 83c4 30e9 
  0x0000022dbfde9404: 64f9 ffff 

  0x0000022dbfde9408: ;   {internal_word}
  0x0000022dbfde9408: 49ba cb8c | debf 2d02 | 0000 4d89 | 97e0 0400 

  0x0000022dbfde9418: ;   {runtime_call SafepointBlob}
  0x0000022dbfde9418: 00e9 427b 

  0x0000022dbfde941c: ;   {runtime_call Stub::method_entry_barrier}
  0x0000022dbfde941c: 06ff e81d | af04 ffe9 | 82f6 ffff 
[Stub Code]
  0x0000022dbfde9428: ;   {static_stub}
  0x0000022dbfde9428: 48bb d895 | 62cf 2d02 

  0x0000022dbfde9430: ;   {runtime_call I2C/C2I adapters}
  0x0000022dbfde9430: 0000 e9f3 

  0x0000022dbfde9434: ;   {static_stub}
  0x0000022dbfde9434: 3e06 ff48 | bb00 0000 | 0000 0000 

  0x0000022dbfde9440: ;   {runtime_call nmethod}
  0x0000022dbfde9440: 00e9 fbff 

  0x0000022dbfde9444: ;   {static_stub}
  0x0000022dbfde9444: ffff 48bb | 20fe ded1 | 2d02 0000 

  0x0000022dbfde9450: ;   {runtime_call I2C/C2I adapters}
  0x0000022dbfde9450: e9d1 c706 

  0x0000022dbfde9454: ;   {static_stub}
  0x0000022dbfde9454: ff48 bb00 | 0000 0000 

  0x0000022dbfde945c: ;   {runtime_call nmethod}
  0x0000022dbfde945c: 0000 00e9 | fbff ffff 

  0x0000022dbfde9464: ;   {static_stub}
  0x0000022dbfde9464: 48bb c8a3 | 84cf 2d02 

  0x0000022dbfde946c: ;   {runtime_call I2C/C2I adapters}
  0x0000022dbfde946c: 0000 e9b7 

  0x0000022dbfde9470: ;   {static_stub}
  0x0000022dbfde9470: 3e06 ff48 | bb00 0000 | 0000 0000 

  0x0000022dbfde947c: ;   {runtime_call nmethod}
  0x0000022dbfde947c: 00e9 fbff 

  0x0000022dbfde9480: ;   {static_stub}
  0x0000022dbfde9480: ffff 48bb | 0000 0000 | 0000 0000 

  0x0000022dbfde948c: ;   {runtime_call nmethod}
  0x0000022dbfde948c: e9fb ffff 

  0x0000022dbfde9490: ;   {static_stub}
  0x0000022dbfde9490: ff48 bb00 | 0000 0000 

  0x0000022dbfde9498: ;   {runtime_call nmethod}
  0x0000022dbfde9498: 0000 00e9 | fbff ffff 

  0x0000022dbfde94a0: ;   {static_stub}
  0x0000022dbfde94a0: 48bb 7002 | dfd1 2d02 

  0x0000022dbfde94a8: ;   {runtime_call I2C/C2I adapters}
  0x0000022dbfde94a8: 0000 e97b 

  0x0000022dbfde94ac: ;   {runtime_call ExceptionBlob}
  0x0000022dbfde94ac: 3e06 ffe9 | ac7a 13ff 
[Deopt Handler Code]
  0x0000022dbfde94b4: e800 0000 | 0048 832c 

  0x0000022dbfde94bc: ;   {runtime_call DeoptimizationBlob}
  0x0000022dbfde94bc: 2405 e99d | 7d06 fff4 | f4f4 f4f4 
[/MachCode]


---------------  P R O C E S S  ---------------

Threads class SMR info:
_java_thread_list=0x0000022da87a3cc0, length=41, elements={
0x0000022db34e3550, 0x0000022dce1c8180, 0x0000022dce1cdea0, 0x0000022dce1cebb0,
0x0000022dce1d3490, 0x0000022dce1d42b0, 0x0000022dce1d4e70, 0x0000022dce1d9a40,
0x0000022dce1e4e30, 0x0000022dce1eb790, 0x0000022dd3d45330, 0x0000022dd3e099c0,
0x0000022dd3eb4730, 0x0000022dd3ec4470, 0x0000022dce1e2fa0, 0x0000022dce1e2000,
0x0000022dce1e3f40, 0x0000022dd40e93a0, 0x0000022dd40eab10, 0x0000022dd40e9b70,
0x0000022dd40eca50, 0x0000022dd41aa770, 0x0000022dd41ac6b0, 0x0000022dd41a9000,
0x0000022dd41aedc0, 0x0000022dd40ef160, 0x0000022dff52b0b0, 0x0000022dff52a110,
0x0000022dff52e760, 0x0000022dd77fce60, 0x0000022dd7951180, 0x0000022d87538580,
0x0000022d87534ed0, 0x0000022d8753b460, 0x0000022d87533f30, 0x0000022dd4510ad0,
0x0000022dd4519770, 0x0000022d9a8bb100, 0x0000022d9a8c2630, 0x0000022d8753ac90,
0x0000022da31b8060
}

Java Threads: ( => current thread )
  0x0000022db34e3550 JavaThread "main"                              [_thread_blocked, id=66844, stack(0x000000c944600000,0x000000c944700000) (1024K)]
  0x0000022dce1c8180 JavaThread "Common-Cleaner"             daemon [_thread_blocked, id=67560, stack(0x000000c944e00000,0x000000c944f00000) (1024K)]
  0x0000022dce1cdea0 JavaThread "Reference Handler"          daemon [_thread_blocked, id=65116, stack(0x000000c944f00000,0x000000c945000000) (1024K)]
  0x0000022dce1cebb0 JavaThread "Finalizer"                  daemon [_thread_blocked, id=67628, stack(0x000000c945000000,0x000000c945100000) (1024K)]
  0x0000022dce1d3490 JavaThread "Signal Dispatcher"          daemon [_thread_blocked, id=61188, stack(0x000000c945100000,0x000000c945200000) (1024K)]
  0x0000022dce1d42b0 JavaThread "Attach Listener"            daemon [_thread_blocked, id=64864, stack(0x000000c945200000,0x000000c945300000) (1024K)]
  0x0000022dce1d4e70 JavaThread "Service Thread"             daemon [_thread_blocked, id=4760, stack(0x000000c945300000,0x000000c945400000) (1024K)]
  0x0000022dce1d9a40 JavaThread "Monitor Deflation Thread"   daemon [_thread_blocked, id=59280, stack(0x000000c945400000,0x000000c945500000) (1024K)]
  0x0000022dce1e4e30 JavaThread "C2 CompilerThread0"         daemon [_thread_blocked, id=66128, stack(0x000000c945500000,0x000000c945600000) (1024K)]
  0x0000022dce1eb790 JavaThread "C1 CompilerThread0"         daemon [_thread_blocked, id=63916, stack(0x000000c945600000,0x000000c945700000) (1024K)]
  0x0000022dd3d45330 JavaThread "DevTools: Stderr"           daemon [_thread_in_native, id=36420, stack(0x000000c945800000,0x000000c945900000) (1024K)]
  0x0000022dd3e099c0 JavaThread "Hot Reload Main"            daemon [_thread_blocked, id=68164, stack(0x000000c945900000,0x000000c945a00000) (1024K)]
  0x0000022dd3eb4730 JavaThread "Orchestration IO: Writer"   daemon [_thread_blocked, id=64064, stack(0x000000c945a00000,0x000000c945b00000) (1024K)]
  0x0000022dd3ec4470 JavaThread "Orchestration IO: Reader"   daemon [_thread_in_native, id=63528, stack(0x000000c945b00000,0x000000c945c00000) (1024K)]
  0x0000022dce1e2fa0 JavaThread "Logger"                     daemon [_thread_blocked, id=46380, stack(0x000000c945c00000,0x000000c945d00000) (1024K)]
  0x0000022dce1e2000 JavaThread "Notification Thread"        daemon [_thread_blocked, id=45776, stack(0x000000c945d00000,0x000000c945e00000) (1024K)]
  0x0000022dce1e3f40 JavaThread "Compose Runtime Analyzer"   daemon [_thread_blocked, id=57888, stack(0x000000c945e00000,0x000000c945f00000) (1024K)]
  0x0000022dd40e93a0 JavaThread "Java2D Disposer"            daemon [_thread_blocked, id=68304, stack(0x000000c945f00000,0x000000c946000000) (1024K)]
  0x0000022dd40eab10 JavaThread "AWT-Shutdown"                      [_thread_blocked, id=65868, stack(0x000000c946000000,0x000000c946100000) (1024K)]
  0x0000022dd40e9b70 JavaThread "AWT-Windows"                daemon [_thread_in_native, id=30268, stack(0x000000c946100000,0x000000c946200000) (1024K)]
  0x0000022dd40eca50 JavaThread "AWT-EventQueue-0"                  [_thread_blocked, id=55452, stack(0x000000c946200000,0x000000c946300000) (1024K)]
  0x0000022dd41aa770 JavaThread "TimerQueue"                 daemon [_thread_blocked, id=53504, stack(0x000000c946900000,0x000000c946a00000) (1024K)]
  0x0000022dd41ac6b0 JavaThread "DefaultDispatcher-worker-1" daemon [_thread_blocked, id=49552, stack(0x000000c946a00000,0x000000c946b00000) (1024K)]
  0x0000022dd41a9000 JavaThread "DefaultDispatcher-worker-2" daemon [_thread_blocked, id=66752, stack(0x000000c946b00000,0x000000c946c00000) (1024K)]
  0x0000022dd41aedc0 JavaThread "kotlinx.coroutines.DefaultExecutor" daemon [_thread_blocked, id=37256, stack(0x000000c946d00000,0x000000c946e00000) (1024K)]
  0x0000022dd40ef160 JavaThread "Reference Cleaner"          daemon [_thread_blocked, id=60948, stack(0x000000c946e00000,0x000000c946f00000) (1024K)]
  0x0000022dff52b0b0 JavaThread "DefaultDispatcher-worker-5" daemon [_thread_blocked, id=63632, stack(0x000000c948500000,0x000000c948600000) (1024K)]
  0x0000022dff52a110 JavaThread "DefaultDispatcher-worker-7" daemon [_thread_blocked, id=38356, stack(0x000000c948700000,0x000000c948800000) (1024K)]
  0x0000022dff52e760 JavaThread "DefaultDispatcher-worker-11" daemon [_thread_blocked, id=58288, stack(0x000000c948b00000,0x000000c948c00000) (1024K)]
  0x0000022dd77fce60 JavaThread "DefaultDispatcher-worker-8" daemon [_thread_blocked, id=68580, stack(0x000000c948d00000,0x000000c948e00000) (1024K)]
  0x0000022dd7951180 JavaThread "DefaultDispatcher-worker-10" daemon [_thread_blocked, id=56388, stack(0x000000c948200000,0x000000c948300000) (1024K)]
  0x0000022d87538580 JavaThread "DefaultDispatcher-worker-4" daemon [_thread_blocked, id=7736, stack(0x000000c947d00000,0x000000c947e00000) (1024K)]
  0x0000022d87534ed0 JavaThread "DefaultDispatcher-worker-9" daemon [_thread_blocked, id=49896, stack(0x000000c947e00000,0x000000c947f00000) (1024K)]
  0x0000022d8753b460 JavaThread "DefaultDispatcher-worker-12" daemon [_thread_blocked, id=64892, stack(0x000000c948600000,0x000000c948700000) (1024K)]
  0x0000022d87533f30 JavaThread "DefaultDispatcher-worker-3" daemon [_thread_blocked, id=65160, stack(0x000000c945700000,0x000000c945800000) (1024K)]
  0x0000022dd4510ad0 JavaThread "DefaultDispatcher-worker-6" daemon [_thread_in_native, id=63872, stack(0x000000c948300000,0x000000c948400000) (1024K)]
  0x0000022dd4519770 JavaThread "skiko-dispatcher-to-block-on" daemon [_thread_in_native, id=52584, stack(0x000000c946800000,0x000000c946900000) (1024K)]
  0x0000022d9a8bb100 JavaThread "DefaultDispatcher-worker-13" daemon [_thread_blocked, id=39264, stack(0x000000c944400000,0x000000c944500000) (1024K)]
=>0x0000022d9a8c2630 JavaThread "DefaultDispatcher-worker-14" daemon [_thread_in_native, id=67512, stack(0x000000c946c00000,0x000000c946d00000) (1024K)]
  0x0000022d8753ac90 JavaThread "DefaultDispatcher-worker-15" daemon [_thread_blocked, id=68556, stack(0x000000c948f00000,0x000000c949000000) (1024K)]
  0x0000022da31b8060 JavaThread "C2 CompilerThread1"         daemon [_thread_blocked, id=46672, stack(0x000000c949800000,0x000000c949900000) (1024K)]
Total: 41

Other Threads:
  0x0000022dce1b8df0 VMThread "VM Thread"                           [id=65392, stack(0x000000c944d00000,0x000000c944e00000) (1024K)]
  0x0000022dce1a83d0 WatcherThread "VM Periodic Task Thread"        [id=67776, stack(0x000000c944c00000,0x000000c944d00000) (1024K)]
  0x0000022db35490e0 WorkerThread "GC Thread#0"                     [id=66876, stack(0x000000c944700000,0x000000c944800000) (1024K)]
  0x0000022dd3ffdfb0 WorkerThread "GC Thread#1"                     [id=65196, stack(0x000000c946300000,0x000000c946400000) (1024K)]
  0x0000022dd428d3a0 WorkerThread "GC Thread#2"                     [id=56384, stack(0x000000c946400000,0x000000c946500000) (1024K)]
  0x0000022dd428e3f0 WorkerThread "GC Thread#3"                     [id=67072, stack(0x000000c946500000,0x000000c946600000) (1024K)]
  0x0000022dd42917e0 WorkerThread "GC Thread#4"                     [id=68220, stack(0x000000c946600000,0x000000c946700000) (1024K)]
  0x0000022dd428ecc0 WorkerThread "GC Thread#5"                     [id=66524, stack(0x000000c946700000,0x000000c946800000) (1024K)]
  0x0000022dd4290af0 WorkerThread "GC Thread#6"                     [id=65640, stack(0x000000c946f00000,0x000000c947000000) (1024K)]
  0x0000022dd458a7c0 WorkerThread "GC Thread#7"                     [id=63280, stack(0x000000c947000000,0x000000c947100000) (1024K)]
  0x0000022dd458c5f0 WorkerThread "GC Thread#8"                     [id=52164, stack(0x000000c947100000,0x000000c947200000) (1024K)]
  0x0000022dd4589f20 WorkerThread "GC Thread#9"                     [id=57972, stack(0x000000c947200000,0x000000c947300000) (1024K)]
  0x0000022db3563db0 ConcurrentGCThread "G1 Main Marker"            [id=67524, stack(0x000000c944800000,0x000000c944900000) (1024K)]
  0x0000022db3564750 WorkerThread "G1 Conc#0"                       [id=42532, stack(0x000000c944900000,0x000000c944a00000) (1024K)]
  0x0000022dd4589ad0 WorkerThread "G1 Conc#1"                       [id=68252, stack(0x000000c947300000,0x000000c947400000) (1024K)]
  0x0000022dd458bd50 WorkerThread "G1 Conc#2"                       [id=55320, stack(0x000000c947400000,0x000000c947500000) (1024K)]
  0x0000022dce072e40 ConcurrentGCThread "G1 Refine#0"               [id=47308, stack(0x000000c944a00000,0x000000c944b00000) (1024K)]
  0x0000022dce074460 ConcurrentGCThread "G1 Service"                [id=68552, stack(0x000000c944b00000,0x000000c944c00000) (1024K)]
Total: 18

Threads with active compile tasks:
Total: 0

VM state: not at safepoint (normal execution)

VM Mutex/Monitor currently owned by a thread: None

Heap address: 0x000000070ae00000, size: 3922 MB, Compressed Oops mode: Zero based, Oop shift amount: 3

CDS archive(s) mapped at: [0x000000008a000000-0x000000008bcd0000-0x000000008bcd0000), size 30212096, SharedBaseAddress: 0x000000008a000000, ArchiveRelocationMode: 1.
Compressed class space mapped at: 0x000000008c000000-0x00000000cc000000, reserved size: 1073741824
UseCompressedClassPointers 1, UseCompactObjectHeaders 0
Narrow klass pointer bits 32, Max shift 3
Narrow klass base: 0x000000008a000000, Narrow klass shift: 0
Encoding Range: [0x000000008a000000 - 0x000000018a000000), (4294967296 bytes)
Klass Range:    [0x000000008a010000 - 0x00000000cc000000), (1107230720 bytes)
Klass ID Range:  [65536 - 1107296249) (1107230713)
Protection zone: [0x000000008a000000 - 0x000000008a010000), (65536 bytes)

GC Precious Log:
 CardTable entry size: 512
 Card Set container configuration: InlinePtr #cards 4 size 8 Array Of Cards #cards 16 size 48 Howl #buckets 8 coarsen threshold 3686 Howl Bitmap #cards 512 size 80 coarsen threshold 460 Card regions per heap region 1 cards per card region 4096
 CPUs: 12 total, 12 available
 Memory: 15681M
 Large Page Support: Disabled
 NUMA Support: Disabled
 Compressed Oops: Enabled (Zero based)
 Heap Region Size: 2M
 Heap Min Capacity: 8M
 Heap Initial Capacity: 246M
 Heap Max Capacity: 3922M
 Pre-touch: Disabled
 Parallel Workers: 10
 Concurrent Workers: 3
 Concurrent Refinement Workers: 10
 Periodic GC: Disabled

Heap:
 garbage-first heap   total reserved 4016128K, committed 243712K, used 164361K [0x000000070ae00000, 0x0000000800000000)
  region size 2048K, 27 young (55296K), 0 survivors (0K)

Heap Regions: E=young(eden), S=young(survivor), O=old, HS=humongous(starts), HC=humongous(continues), CS=collection set, F=free, TAMS=top-at-mark-start, PB=parsable bottom
|   0|0x000000070ae00000, 0x000000070b000000, 0x000000070b000000|100%|HS|  |TAMS 0x000000070ae00000| PB 0x000000070ae00000| Untracked |  0
|   1|0x000000070b000000, 0x000000070b200000, 0x000000070b200000|100%| O|  |TAMS 0x000000070b000000| PB 0x000000070b000000| Untracked |  0
|   2|0x000000070b200000, 0x000000070b400000, 0x000000070b400000|100%| O|  |TAMS 0x000000070b200000| PB 0x000000070b200000| Untracked |  0
|   3|0x000000070b400000, 0x000000070b5ffff8, 0x000000070b600000| 99%| O|  |TAMS 0x000000070b400000| PB 0x000000070b400000| Untracked |  0
|   4|0x000000070b600000, 0x000000070b7ffff8, 0x000000070b800000| 99%| O|  |TAMS 0x000000070b600000| PB 0x000000070b600000| Untracked |  0
|   5|0x000000070b800000, 0x000000070ba00000, 0x000000070ba00000|100%| O|  |TAMS 0x000000070b800000| PB 0x000000070b800000| Untracked |  0
|   6|0x000000070ba00000, 0x000000070bbfffe8, 0x000000070bc00000| 99%| O|  |TAMS 0x000000070ba00000| PB 0x000000070ba00000| Untracked |  0
|   7|0x000000070bc00000, 0x000000070be00000, 0x000000070be00000|100%|HS|  |TAMS 0x000000070bc00000| PB 0x000000070bc00000| Untracked |  0
|   8|0x000000070be00000, 0x000000070c000000, 0x000000070c000000|100%|HC|  |TAMS 0x000000070be00000| PB 0x000000070be00000| Untracked |  0
|   9|0x000000070c000000, 0x000000070c200000, 0x000000070c200000|100%|HC|  |TAMS 0x000000070c000000| PB 0x000000070c000000| Untracked |  0
|  10|0x000000070c200000, 0x000000070c400000, 0x000000070c400000|100%|HC|  |TAMS 0x000000070c200000| PB 0x000000070c200000| Untracked |  0
|  11|0x000000070c400000, 0x000000070c600000, 0x000000070c600000|100%|HC|  |TAMS 0x000000070c400000| PB 0x000000070c400000| Untracked |  0
|  12|0x000000070c600000, 0x000000070c800000, 0x000000070c800000|100%|HC|  |TAMS 0x000000070c600000| PB 0x000000070c600000| Untracked |  0
|  13|0x000000070c800000, 0x000000070ca00000, 0x000000070ca00000|100%|HC|  |TAMS 0x000000070c800000| PB 0x000000070c800000| Untracked |  0
|  14|0x000000070ca00000, 0x000000070cc00000, 0x000000070cc00000|100%|HC|  |TAMS 0x000000070ca00000| PB 0x000000070ca00000| Untracked |  0
|  15|0x000000070cc00000, 0x000000070ce00000, 0x000000070ce00000|100%|HC|  |TAMS 0x000000070cc00000| PB 0x000000070cc00000| Untracked |  0
|  16|0x000000070ce00000, 0x000000070d000000, 0x000000070d000000|100%|HC|  |TAMS 0x000000070ce00000| PB 0x000000070ce00000| Untracked |  0
|  17|0x000000070d000000, 0x000000070d1fffc0, 0x000000070d200000| 99%| O|  |TAMS 0x000000070d000000| PB 0x000000070d000000| Untracked |  0
|  18|0x000000070d200000, 0x000000070d3ffff0, 0x000000070d400000| 99%| O|  |TAMS 0x000000070d200000| PB 0x000000070d200000| Untracked |  0
|  19|0x000000070d400000, 0x000000070d5fffe8, 0x000000070d600000| 99%| O|  |TAMS 0x000000070d400000| PB 0x000000070d400000| Untracked |  0
|  20|0x000000070d600000, 0x000000070d7ffff0, 0x000000070d800000| 99%| O|  |TAMS 0x000000070d600000| PB 0x000000070d600000| Untracked |  0
|  21|0x000000070d800000, 0x000000070d9ffff8, 0x000000070da00000| 99%| O|  |TAMS 0x000000070d800000| PB 0x000000070d800000| Untracked |  0
|  22|0x000000070da00000, 0x000000070dbfffe0, 0x000000070dc00000| 99%| O|  |TAMS 0x000000070da00000| PB 0x000000070da00000| Untracked |  0
|  23|0x000000070dc00000, 0x000000070ddffff0, 0x000000070de00000| 99%| O|  |TAMS 0x000000070dc00000| PB 0x000000070dc00000| Untracked |  0
|  24|0x000000070de00000, 0x000000070dffffa0, 0x000000070e000000| 99%| O|  |TAMS 0x000000070de00000| PB 0x000000070de00000| Untracked |  0
|  25|0x000000070e000000, 0x000000070e200000, 0x000000070e200000|100%| O|  |TAMS 0x000000070e000000| PB 0x000000070e000000| Untracked |  0
|  26|0x000000070e200000, 0x000000070e3f87b0, 0x000000070e400000| 98%| O|  |TAMS 0x000000070e200000| PB 0x000000070e200000| Untracked |  0
|  27|0x000000070e400000, 0x000000070e5fffe0, 0x000000070e600000| 99%| O|  |TAMS 0x000000070e400000| PB 0x000000070e400000| Untracked |  0
|  28|0x000000070e600000, 0x000000070e800000, 0x000000070e800000|100%| O|  |TAMS 0x000000070e600000| PB 0x000000070e600000| Untracked |  0
|  29|0x000000070e800000, 0x000000070e9fefb8, 0x000000070ea00000| 99%| O|  |TAMS 0x000000070e800000| PB 0x000000070e800000| Untracked |  0
|  30|0x000000070ea00000, 0x000000070ebfffa8, 0x000000070ec00000| 99%| O|  |TAMS 0x000000070ea00000| PB 0x000000070ea00000| Untracked |  0
|  31|0x000000070ec00000, 0x000000070edffff8, 0x000000070ee00000| 99%| O|  |TAMS 0x000000070ec00000| PB 0x000000070ec00000| Untracked |  0
|  32|0x000000070ee00000, 0x000000070efffff0, 0x000000070f000000| 99%| O|  |TAMS 0x000000070ee00000| PB 0x000000070ee00000| Untracked |  0
|  33|0x000000070f000000, 0x000000070f1a3170, 0x000000070f200000| 81%| O|  |TAMS 0x000000070f000000| PB 0x000000070f000000| Untracked |  0
|  34|0x000000070f200000, 0x000000070f400000, 0x000000070f400000|100%| O|  |TAMS 0x000000070f200000| PB 0x000000070f200000| Untracked |  0
|  35|0x000000070f400000, 0x000000070f5ffff8, 0x000000070f600000| 99%| O|  |TAMS 0x000000070f400000| PB 0x000000070f400000| Untracked |  0
|  36|0x000000070f600000, 0x000000070f7bbfc0, 0x000000070f800000| 86%| O|  |TAMS 0x000000070f600000| PB 0x000000070f600000| Untracked |  0
|  37|0x000000070f800000, 0x000000070f9fffc8, 0x000000070fa00000| 99%| O|  |TAMS 0x000000070f800000| PB 0x000000070f800000| Untracked |  0
|  38|0x000000070fa00000, 0x000000070fb8da00, 0x000000070fc00000| 77%| O|  |TAMS 0x000000070fa00000| PB 0x000000070fa00000| Untracked |  0
|  39|0x000000070fc00000, 0x000000070fdbd9b8, 0x000000070fe00000| 87%| O|  |TAMS 0x000000070fc00000| PB 0x000000070fc00000| Untracked |  0
|  40|0x000000070fe00000, 0x000000070fe00000, 0x0000000710000000|  0%| F|  |TAMS 0x000000070fe00000| PB 0x000000070fe00000| Untracked |  0
|  41|0x0000000710000000, 0x00000007101e09d0, 0x0000000710200000| 93%| O|  |TAMS 0x0000000710000000| PB 0x0000000710000000| Untracked |  0
|  42|0x0000000710200000, 0x0000000710400000, 0x0000000710400000|100%| O|  |TAMS 0x0000000710200000| PB 0x0000000710200000| Untracked |  0
|  43|0x0000000710400000, 0x0000000710400000, 0x0000000710600000|  0%| F|  |TAMS 0x0000000710400000| PB 0x0000000710400000| Untracked |  0
|  44|0x0000000710600000, 0x0000000710600000, 0x0000000710800000|  0%| F|  |TAMS 0x0000000710600000| PB 0x0000000710600000| Untracked |  0
|  45|0x0000000710800000, 0x0000000710800000, 0x0000000710a00000|  0%| F|  |TAMS 0x0000000710800000| PB 0x0000000710800000| Untracked |  0
|  46|0x0000000710a00000, 0x0000000710a00000, 0x0000000710c00000|  0%| F|  |TAMS 0x0000000710a00000| PB 0x0000000710a00000| Untracked |  0
|  47|0x0000000710c00000, 0x0000000710c00000, 0x0000000710e00000|  0%| F|  |TAMS 0x0000000710c00000| PB 0x0000000710c00000| Untracked |  0
|  48|0x0000000710e00000, 0x0000000710e00000, 0x0000000711000000|  0%| F|  |TAMS 0x0000000710e00000| PB 0x0000000710e00000| Untracked |  0
|  49|0x0000000711000000, 0x0000000711000000, 0x0000000711200000|  0%| F|  |TAMS 0x0000000711000000| PB 0x0000000711000000| Untracked |  0
|  50|0x0000000711200000, 0x0000000711400000, 0x0000000711400000|100%|HS|  |TAMS 0x0000000711200000| PB 0x0000000711200000| Untracked |  0
|  51|0x0000000711400000, 0x0000000711600000, 0x0000000711600000|100%|HC|  |TAMS 0x0000000711400000| PB 0x0000000711400000| Untracked |  0
|  52|0x0000000711600000, 0x0000000711600000, 0x0000000711800000|  0%| F|  |TAMS 0x0000000711600000| PB 0x0000000711600000| Untracked |  0
|  53|0x0000000711800000, 0x0000000711800000, 0x0000000711a00000|  0%| F|  |TAMS 0x0000000711800000| PB 0x0000000711800000| Untracked |  0
|  54|0x0000000711a00000, 0x0000000711a00000, 0x0000000711c00000|  0%| F|  |TAMS 0x0000000711a00000| PB 0x0000000711a00000| Untracked |  0
|  55|0x0000000711c00000, 0x0000000711c00000, 0x0000000711e00000|  0%| F|  |TAMS 0x0000000711c00000| PB 0x0000000711c00000| Untracked |  0
|  56|0x0000000711e00000, 0x0000000711e00000, 0x0000000712000000|  0%| F|  |TAMS 0x0000000711e00000| PB 0x0000000711e00000| Untracked |  0
|  57|0x0000000712000000, 0x0000000712000000, 0x0000000712200000|  0%| F|  |TAMS 0x0000000712000000| PB 0x0000000712000000| Untracked |  0
|  58|0x0000000712200000, 0x0000000712200000, 0x0000000712400000|  0%| F|  |TAMS 0x0000000712200000| PB 0x0000000712200000| Untracked |  0
|  59|0x0000000712400000, 0x0000000712400000, 0x0000000712600000|  0%| F|  |TAMS 0x0000000712400000| PB 0x0000000712400000| Untracked |  0
|  60|0x0000000712600000, 0x0000000712600000, 0x0000000712800000|  0%| F|  |TAMS 0x0000000712600000| PB 0x0000000712600000| Untracked |  0
|  61|0x0000000712800000, 0x0000000712800000, 0x0000000712a00000|  0%| F|  |TAMS 0x0000000712800000| PB 0x0000000712800000| Untracked |  0
|  62|0x0000000712a00000, 0x0000000712a00000, 0x0000000712c00000|  0%| F|  |TAMS 0x0000000712a00000| PB 0x0000000712a00000| Untracked |  0
|  63|0x0000000712c00000, 0x0000000712c00000, 0x0000000712e00000|  0%| F|  |TAMS 0x0000000712c00000| PB 0x0000000712c00000| Untracked |  0
|  64|0x0000000712e00000, 0x0000000713000000, 0x0000000713000000|100%|HS|  |TAMS 0x0000000712e00000| PB 0x0000000712e00000| Untracked |  0
|  65|0x0000000713000000, 0x0000000713200000, 0x0000000713200000|100%|HC|  |TAMS 0x0000000713000000| PB 0x0000000713000000| Untracked |  0
|  66|0x0000000713200000, 0x0000000713400000, 0x0000000713400000|100%|HC|  |TAMS 0x0000000713200000| PB 0x0000000713200000| Untracked |  0
|  67|0x0000000713400000, 0x0000000713600000, 0x0000000713600000|100%|HC|  |TAMS 0x0000000713400000| PB 0x0000000713400000| Untracked |  0
|  68|0x0000000713600000, 0x0000000713800000, 0x0000000713800000|100%|HC|  |TAMS 0x0000000713600000| PB 0x0000000713600000| Untracked |  0
|  69|0x0000000713800000, 0x0000000713a00000, 0x0000000713a00000|100%|HC|  |TAMS 0x0000000713800000| PB 0x0000000713800000| Untracked |  0
|  70|0x0000000713a00000, 0x0000000713c00000, 0x0000000713c00000|100%|HC|  |TAMS 0x0000000713a00000| PB 0x0000000713a00000| Untracked |  0
|  71|0x0000000713c00000, 0x0000000713e00000, 0x0000000713e00000|100%|HC|  |TAMS 0x0000000713c00000| PB 0x0000000713c00000| Untracked |  0
|  72|0x0000000713e00000, 0x0000000714000000, 0x0000000714000000|100%|HC|  |TAMS 0x0000000713e00000| PB 0x0000000713e00000| Untracked |  0
|  73|0x0000000714000000, 0x0000000714200000, 0x0000000714200000|100%|HC|  |TAMS 0x0000000714000000| PB 0x0000000714000000| Untracked |  0
|  74|0x0000000714200000, 0x0000000714200000, 0x0000000714400000|  0%| F|  |TAMS 0x0000000714200000| PB 0x0000000714200000| Untracked |  0
|  75|0x0000000714400000, 0x0000000714400000, 0x0000000714600000|  0%| F|  |TAMS 0x0000000714400000| PB 0x0000000714400000| Untracked |  0
|  76|0x0000000714600000, 0x0000000714600000, 0x0000000714800000|  0%| F|  |TAMS 0x0000000714600000| PB 0x0000000714600000| Untracked |  0
|  77|0x0000000714800000, 0x0000000714800000, 0x0000000714a00000|  0%| F|  |TAMS 0x0000000714800000| PB 0x0000000714800000| Untracked |  0
|  78|0x0000000714a00000, 0x0000000714a00000, 0x0000000714c00000|  0%| F|  |TAMS 0x0000000714a00000| PB 0x0000000714a00000| Untracked |  0
|  79|0x0000000714c00000, 0x0000000714c00000, 0x0000000714e00000|  0%| F|  |TAMS 0x0000000714c00000| PB 0x0000000714c00000| Untracked |  0
|  80|0x0000000714e00000, 0x0000000714e00000, 0x0000000715000000|  0%| F|  |TAMS 0x0000000714e00000| PB 0x0000000714e00000| Untracked |  0
|  81|0x0000000715000000, 0x0000000715000000, 0x0000000715200000|  0%| F|  |TAMS 0x0000000715000000| PB 0x0000000715000000| Untracked |  0
|  82|0x0000000715200000, 0x0000000715200000, 0x0000000715400000|  0%| F|  |TAMS 0x0000000715200000| PB 0x0000000715200000| Untracked |  0
|  83|0x0000000715400000, 0x0000000715400000, 0x0000000715600000|  0%| F|  |TAMS 0x0000000715400000| PB 0x0000000715400000| Untracked |  0
|  84|0x0000000715600000, 0x0000000715600000, 0x0000000715800000|  0%| F|  |TAMS 0x0000000715600000| PB 0x0000000715600000| Untracked |  0
|  85|0x0000000715800000, 0x0000000715800000, 0x0000000715a00000|  0%| F|  |TAMS 0x0000000715800000| PB 0x0000000715800000| Untracked |  0
|  86|0x0000000715a00000, 0x0000000715a00000, 0x0000000715c00000|  0%| F|  |TAMS 0x0000000715a00000| PB 0x0000000715a00000| Untracked |  0
|  87|0x0000000715c00000, 0x0000000715c00000, 0x0000000715e00000|  0%| F|  |TAMS 0x0000000715c00000| PB 0x0000000715c00000| Untracked |  0
|  88|0x0000000715e00000, 0x0000000715e00000, 0x0000000716000000|  0%| F|  |TAMS 0x0000000715e00000| PB 0x0000000715e00000| Untracked |  0
|  89|0x0000000716000000, 0x0000000716000000, 0x0000000716200000|  0%| F|  |TAMS 0x0000000716000000| PB 0x0000000716000000| Untracked |  0
|  90|0x0000000716200000, 0x0000000716200000, 0x0000000716400000|  0%| F|  |TAMS 0x0000000716200000| PB 0x0000000716200000| Untracked |  0
|  91|0x0000000716400000, 0x00000007165092e0, 0x0000000716600000| 51%| E|  |TAMS 0x0000000716400000| PB 0x0000000716400000| Complete |  0
|  92|0x0000000716600000, 0x0000000716800000, 0x0000000716800000|100%| E|CS|TAMS 0x0000000716600000| PB 0x0000000716600000| Complete |  0
|  93|0x0000000716800000, 0x0000000716a00000, 0x0000000716a00000|100%| E|CS|TAMS 0x0000000716800000| PB 0x0000000716800000| Complete |  0
|  94|0x0000000716a00000, 0x0000000716c00000, 0x0000000716c00000|100%| E|CS|TAMS 0x0000000716a00000| PB 0x0000000716a00000| Complete |  0
|  95|0x0000000716c00000, 0x0000000716e00000, 0x0000000716e00000|100%| E|CS|TAMS 0x0000000716c00000| PB 0x0000000716c00000| Complete |  0
|  96|0x0000000716e00000, 0x0000000717000000, 0x0000000717000000|100%| E|CS|TAMS 0x0000000716e00000| PB 0x0000000716e00000| Complete |  0
|  97|0x0000000717000000, 0x0000000717200000, 0x0000000717200000|100%| E|CS|TAMS 0x0000000717000000| PB 0x0000000717000000| Complete |  0
|  98|0x0000000717200000, 0x0000000717400000, 0x0000000717400000|100%| E|CS|TAMS 0x0000000717200000| PB 0x0000000717200000| Complete |  0
|  99|0x0000000717400000, 0x0000000717600000, 0x0000000717600000|100%| E|CS|TAMS 0x0000000717400000| PB 0x0000000717400000| Complete |  0
| 100|0x0000000717600000, 0x0000000717800000, 0x0000000717800000|100%| E|CS|TAMS 0x0000000717600000| PB 0x0000000717600000| Complete |  0
| 101|0x0000000717800000, 0x0000000717a00000, 0x0000000717a00000|100%| E|CS|TAMS 0x0000000717800000| PB 0x0000000717800000| Complete |  0
| 102|0x0000000717a00000, 0x0000000717c00000, 0x0000000717c00000|100%| E|CS|TAMS 0x0000000717a00000| PB 0x0000000717a00000| Complete |  0
| 103|0x0000000717c00000, 0x0000000717e00000, 0x0000000717e00000|100%| E|CS|TAMS 0x0000000717c00000| PB 0x0000000717c00000| Complete |  0
| 104|0x0000000717e00000, 0x0000000718000000, 0x0000000718000000|100%| E|CS|TAMS 0x0000000717e00000| PB 0x0000000717e00000| Complete |  0
| 105|0x0000000718000000, 0x0000000718200000, 0x0000000718200000|100%| E|CS|TAMS 0x0000000718000000| PB 0x0000000718000000| Complete |  0
| 106|0x0000000718200000, 0x0000000718400000, 0x0000000718400000|100%| E|CS|TAMS 0x0000000718200000| PB 0x0000000718200000| Complete |  0
| 122|0x000000071a200000, 0x000000071a400000, 0x000000071a400000|100%| E|CS|TAMS 0x000000071a200000| PB 0x000000071a200000| Complete |  0
|1950|0x00000007fea00000, 0x00000007fec00000, 0x00000007fec00000|100%| E|CS|TAMS 0x00000007fea00000| PB 0x00000007fea00000| Complete |  0
|1951|0x00000007fec00000, 0x00000007fee00000, 0x00000007fee00000|100%| E|CS|TAMS 0x00000007fec00000| PB 0x00000007fec00000| Complete |  0
|1952|0x00000007fee00000, 0x00000007ff000000, 0x00000007ff000000|100%| E|CS|TAMS 0x00000007fee00000| PB 0x00000007fee00000| Complete |  0
|1953|0x00000007ff000000, 0x00000007ff200000, 0x00000007ff200000|100%| E|CS|TAMS 0x00000007ff000000| PB 0x00000007ff000000| Complete |  0
|1954|0x00000007ff200000, 0x00000007ff400000, 0x00000007ff400000|100%| E|CS|TAMS 0x00000007ff200000| PB 0x00000007ff200000| Complete |  0
|1955|0x00000007ff400000, 0x00000007ff600000, 0x00000007ff600000|100%| E|CS|TAMS 0x00000007ff400000| PB 0x00000007ff400000| Complete |  0
|1956|0x00000007ff600000, 0x00000007ff800000, 0x00000007ff800000|100%| E|CS|TAMS 0x00000007ff600000| PB 0x00000007ff600000| Complete |  0
|1957|0x00000007ff800000, 0x00000007ffa00000, 0x00000007ffa00000|100%| E|CS|TAMS 0x00000007ff800000| PB 0x00000007ff800000| Complete |  0
|1958|0x00000007ffa00000, 0x00000007ffc00000, 0x00000007ffc00000|100%| O|  |TAMS 0x00000007ffa00000| PB 0x00000007ffa00000| Untracked |  0
|1959|0x00000007ffc00000, 0x00000007ffe00000, 0x00000007ffe00000|100%| E|CS|TAMS 0x00000007ffc00000| PB 0x00000007ffc00000| Complete |  0
|1960|0x00000007ffe00000, 0x0000000800000000, 0x0000000800000000|100%| E|CS|TAMS 0x00000007ffe00000| PB 0x00000007ffe00000| Complete |  0

Card table byte_map: [0x0000022dc75d0000,0x0000022dc7d80000] _byte_map_base: 0x0000022dc3d79000

Marking Bits: (CMBitMap*) 0x0000022db354b780
 Bits: [0x0000022dc7d80000, 0x0000022dcbac8000)

Polling page: 0x0000022db13e0000

Metaspace:
Metaspace        used 82364K, committed 83776K, reserved 1179648K
 class space     used 9153K, committed 9728K, reserved 1048576K

Usage:
  Non-class:     71.49 MB used.
      Class:      8.94 MB used.
       Both:     80.43 MB used.

Virtual space:
  Non-class space:      128.00 MB reserved,      72.31 MB ( 56%) committed,  2 nodes.
      Class space:        1.00 GB reserved,       9.50 MB ( <1%) committed,  1 nodes.
             Both:        1.12 GB reserved,      81.81 MB (  7%) committed. 

Chunk freelists:
   Non-Class:  7.69 MB
       Class:  6.45 MB
        Both:  14.14 MB

MaxMetaspaceSize: unlimited
CompressedClassSpaceSize: 1.00 GB
Initial GC threshold: 21.00 MB
Current GC threshold: 135.31 MB
CDS: on
 - commit_granule_bytes: 65536.
 - commit_granule_words: 8192.
 - virtual_space_node_default_size: 8388608.
 - enlarge_chunks_in_place: 1.
UseCompressedClassPointers 1, UseCompactObjectHeaders 0
Narrow klass pointer bits 32, Max shift 3
Narrow klass base: 0x000000008a000000, Narrow klass shift: 0
Encoding Range: [0x000000008a000000 - 0x000000018a000000), (4294967296 bytes)
Klass Range:    [0x000000008a010000 - 0x00000000cc000000), (1107230720 bytes)
Klass ID Range:  [65536 - 1107296249) (1107230713)
Protection zone: [0x000000008a000000 - 0x000000008a010000), (65536 bytes)


Internal statistics:

num_allocs_failed_limit: 6.
num_arena_births: 2434.
num_arena_deaths: 58.
num_vsnodes_births: 3.
num_vsnodes_deaths: 0.
num_space_committed: 1309.
num_space_uncommitted: 0.
num_chunks_returned_to_freelist: 68.
num_chunks_taken_from_freelist: 5599.
num_chunk_merges: 19.
num_chunk_splits: 3832.
num_chunks_enlarged: 2916.
num_inconsistent_stats: 0.

CodeHeap 'non-profiled nmethods': size=120064Kb used=9242Kb max_used=11927Kb free=110821Kb
 bounds [0x0000022dbf390000, 0x0000022dbff40000, 0x0000022dc68d0000]
CodeHeap 'profiled nmethods': size=120000Kb used=20046Kb max_used=24906Kb free=99953Kb
 bounds [0x0000022db78d0000, 0x0000022db9170000, 0x0000022dbee00000]
CodeHeap 'non-nmethods': size=5696Kb used=4673Kb max_used=4791Kb free=1022Kb
 bounds [0x0000022dbee00000, 0x0000022dbf2c0000, 0x0000022dbf390000]
CodeCache: size=245760Kb, used=33961Kb, max_used=41624Kb, free=211796Kb
 total_blobs=15872, nmethods=12266, adapters=3509, full_count=0
Compilation: enabled, stopped_count=0, restarted_count=0

Compilation events (20 events):
Event: 7983.183 Thread 0x0000022dce1eb790 nmethod 66497 0x0000022db8589508 code [0x0000022db8589600, 0x0000022db8589c80]
Event: 7983.183 Thread 0x0000022dce1eb790 66489       1       com.ionspin.kotlin.bignum.decimal.DecimalMode::getRoundingMode (5 bytes)
Event: 7983.183 Thread 0x0000022dce1eb790 nmethod 66489 0x0000022dbf8eb108 code [0x0000022dbf8eb200, 0x0000022dbf8eb2c8]
Event: 7983.183 Thread 0x0000022dce1eb790 66496       1       com.ionspin.kotlin.bignum.decimal.DecimalMode::getUsingScale (5 bytes)
Event: 7983.183 Thread 0x0000022dce1eb790 nmethod 66496 0x0000022dbf8ecb88 code [0x0000022dbf8ecc80, 0x0000022dbf8ecd48]
Event: 7983.183 Thread 0x0000022dce1eb790 66504       3       androidx.compose.foundation.text.TextDelegate::layoutText-K40F9xA (167 bytes)
Event: 7983.183 Thread 0x0000022dce1eb790 nmethod 66504 0x0000022db8199308 code [0x0000022db8199400, 0x0000022db819a628]
Event: 7983.188 Thread 0x0000022da31b8060 nmethod 66502 0x0000022dbf503808 code [0x0000022dbf503900, 0x0000022dbf503e10]
Event: 7983.190 Thread 0x0000022dce1eb790 66505       3       kotlinx.coroutines.flow.internal.ChannelFlowOperator::<init> (14 bytes)
Event: 7983.190 Thread 0x0000022dce1eb790 nmethod 66505 0x0000022db8628908 code [0x0000022db8628a00, 0x0000022db8628ba8]
Event: 7983.190 Thread 0x0000022dce1eb790 66506       3       androidx.compose.runtime.SnapshotStateKt__SnapshotFlowKt$snapshotFlow$1::invoke (13 bytes)
Event: 7983.190 Thread 0x0000022dce1eb790 nmethod 66506 0x0000022db88e3808 code [0x0000022db88e3900, 0x0000022db88e3ed8]
Event: 7983.190 Thread 0x0000022dce1eb790 66507       3       androidx.compose.runtime.SnapshotStateKt__SnapshotFlowKt$snapshotFlow$1::invoke (16 bytes)
Event: 7983.190 Thread 0x0000022dce1eb790 nmethod 66507 0x0000022db8856888 code [0x0000022db8856980, 0x0000022db8856cb0]
Event: 7983.190 Thread 0x0000022dce1eb790 66508       3       androidx.compose.runtime.SnapshotStateKt__SnapshotFlowKt$snapshotFlow$1::create (23 bytes)
Event: 7983.191 Thread 0x0000022dce1eb790 nmethod 66508 0x0000022db85e3808 code [0x0000022db85e3900, 0x0000022db85e3f90]
Event: 7983.191 Thread 0x0000022dce1eb790 66509       3       kotlinx.coroutines.flow.SharedFlowImpl::getReplaySize (17 bytes)
Event: 7983.191 Thread 0x0000022dce1eb790 nmethod 66509 0x0000022db89c9c08 code [0x0000022db89c9d00, 0x0000022db89c9f28]
Event: 7983.197 Thread 0x0000022dce1eb790 66510       3       kotlinx.coroutines.channels.BufferedChannel::access$findSegmentReceive (7 bytes)
Event: 7983.197 Thread 0x0000022dce1eb790 nmethod 66510 0x0000022db865a588 code [0x0000022db865a680, 0x0000022db865a798]

GC Heap Usage History (20 events):
Event: 7802.503 {heap Before GC invocations=40 (full 5):
 garbage-first heap   total reserved 4016128K, committed 208896K, used 153269K [0x000000070ae00000, 0x0000000800000000)
  region size 2048K, 24 young (49152K), 0 survivors (0K)
}
Event: 7802.604 {heap After GC invocations=41 (full 6):
 garbage-first heap   total reserved 4016128K, committed 208896K, used 110461K [0x000000070ae00000, 0x0000000800000000)
  region size 2048K, 0 young (0K), 0 survivors (0K)
}
Event: 7806.972 {heap Before GC invocations=41 (full 6):
 garbage-first heap   total reserved 4016128K, committed 208896K, used 184189K [0x000000070ae00000, 0x0000000800000000)
  region size 2048K, 36 young (73728K), 0 survivors (0K)
}
Event: 7806.979 {heap After GC invocations=42 (full 6):
 garbage-first heap   total reserved 4016128K, committed 208896K, used 117633K [0x000000070ae00000, 0x0000000800000000)
  region size 2048K, 4 young (8192K), 4 survivors (8192K)
}
Event: 7816.721 {heap Before GC invocations=43 (full 6):
 garbage-first heap   total reserved 4016128K, committed 208896K, used 203649K [0x000000070ae00000, 0x0000000800000000)
  region size 2048K, 34 young (69632K), 4 survivors (8192K)
}
Event: 7816.728 {heap After GC invocations=44 (full 6):
 garbage-first heap   total reserved 4016128K, committed 219136K, used 142647K [0x000000070ae00000, 0x0000000800000000)
  region size 2048K, 4 young (8192K), 4 survivors (8192K)
}
Event: 7831.013 {heap Before GC invocations=44 (full 6):
 garbage-first heap   total reserved 4016128K, committed 219136K, used 195895K [0x000000070ae00000, 0x0000000800000000)
  region size 2048K, 30 young (61440K), 4 survivors (8192K)
}
Event: 7831.019 {heap After GC invocations=45 (full 6):
 garbage-first heap   total reserved 4016128K, committed 219136K, used 126665K [0x000000070ae00000, 0x0000000800000000)
  region size 2048K, 2 young (4096K), 2 survivors (4096K)
}
Event: 7833.246 {heap Before GC invocations=45 (full 6):
 garbage-first heap   total reserved 4016128K, committed 219136K, used 194249K [0x000000070ae00000, 0x0000000800000000)
  region size 2048K, 36 young (73728K), 2 survivors (4096K)
}
Event: 7833.259 {heap After GC invocations=46 (full 6):
 garbage-first heap   total reserved 4016128K, committed 223232K, used 147118K [0x000000070ae00000, 0x0000000800000000)
  region size 2048K, 5 young (10240K), 5 survivors (10240K)
}
Event: 7862.600 {heap Before GC invocations=47 (full 6):
 garbage-first heap   total reserved 4016128K, committed 243712K, used 190126K [0x000000070ae00000, 0x0000000800000000)
  region size 2048K, 28 young (57344K), 5 survivors (10240K)
}
Event: 7862.608 {heap After GC invocations=48 (full 6):
 garbage-first heap   total reserved 4016128K, committed 243712K, used 147435K [0x000000070ae00000, 0x0000000800000000)
  region size 2048K, 3 young (6144K), 3 survivors (6144K)
}
Event: 7862.609 {heap Before GC invocations=48 (full 6):
 garbage-first heap   total reserved 4016128K, committed 243712K, used 147435K [0x000000070ae00000, 0x0000000800000000)
  region size 2048K, 4 young (8192K), 3 survivors (6144K)
}
Event: 7862.703 {heap After GC invocations=49 (full 7):
 garbage-first heap   total reserved 4016128K, committed 243712K, used 123459K [0x000000070ae00000, 0x0000000800000000)
  region size 2048K, 0 young (0K), 0 survivors (0K)
}
Event: 7891.435 {heap Before GC invocations=49 (full 7):
 garbage-first heap   total reserved 4016128K, committed 243712K, used 162371K [0x000000070ae00000, 0x0000000800000000)
  region size 2048K, 20 young (40960K), 0 survivors (0K)
}
Event: 7891.442 {heap After GC invocations=50 (full 7):
 garbage-first heap   total reserved 4016128K, committed 243712K, used 131971K [0x000000070ae00000, 0x0000000800000000)
  region size 2048K, 5 young (10240K), 5 survivors (10240K)
}
Event: 7939.557 {heap Before GC invocations=51 (full 7):
 garbage-first heap   total reserved 4016128K, committed 243712K, used 207747K [0x000000070ae00000, 0x0000000800000000)
  region size 2048K, 40 young (81920K), 5 survivors (10240K)
}
Event: 7939.564 {heap After GC invocations=52 (full 7):
 garbage-first heap   total reserved 4016128K, committed 243712K, used 143325K [0x000000070ae00000, 0x0000000800000000)
  region size 2048K, 5 young (10240K), 5 survivors (10240K)
}
Event: 7952.705 {heap Before GC invocations=52 (full 7):
 garbage-first heap   total reserved 4016128K, committed 243712K, used 202717K [0x000000070ae00000, 0x0000000800000000)
  region size 2048K, 33 young (67584K), 5 survivors (10240K)
}
Event: 7952.793 {heap After GC invocations=53 (full 8):
 garbage-first heap   total reserved 4016128K, committed 243712K, used 111113K [0x000000070ae00000, 0x0000000800000000)
  region size 2048K, 0 young (0K), 0 survivors (0K)
}

Metaspace Usage History (20 events):
Event: 7802.503 {metaspace Before GC invocations=40 (full 5):
 Metaspace       used 78371K, committed 79680K, reserved 1179648K
  class space    used 8770K, committed 9280K, reserved 1048576K
}
Event: 7802.604 {metaspace After GC invocations=41 (full 6):
 Metaspace       used 78371K, committed 79680K, reserved 1179648K
  class space    used 8770K, committed 9280K, reserved 1048576K
}
Event: 7806.972 {metaspace Before GC invocations=41 (full 6):
 Metaspace       used 78548K, committed 79872K, reserved 1179648K
  class space    used 8773K, committed 9280K, reserved 1048576K
}
Event: 7806.979 {metaspace After GC invocations=42 (full 6):
 Metaspace       used 78548K, committed 79872K, reserved 1179648K
  class space    used 8773K, committed 9280K, reserved 1048576K
}
Event: 7816.721 {metaspace Before GC invocations=43 (full 6):
 Metaspace       used 78754K, committed 80064K, reserved 1179648K
  class space    used 8773K, committed 9280K, reserved 1048576K
}
Event: 7816.728 {metaspace After GC invocations=44 (full 6):
 Metaspace       used 78754K, committed 80064K, reserved 1179648K
  class space    used 8773K, committed 9280K, reserved 1048576K
}
Event: 7831.013 {metaspace Before GC invocations=44 (full 6):
 Metaspace       used 80349K, committed 81728K, reserved 1179648K
  class space    used 8982K, committed 9536K, reserved 1048576K
}
Event: 7831.019 {metaspace After GC invocations=45 (full 6):
 Metaspace       used 80349K, committed 81728K, reserved 1179648K
  class space    used 8982K, committed 9536K, reserved 1048576K
}
Event: 7833.246 {metaspace Before GC invocations=45 (full 6):
 Metaspace       used 80974K, committed 82432K, reserved 1179648K
  class space    used 9073K, committed 9664K, reserved 1048576K
}
Event: 7833.259 {metaspace After GC invocations=46 (full 6):
 Metaspace       used 80974K, committed 82432K, reserved 1179648K
  class space    used 9073K, committed 9664K, reserved 1048576K
}
Event: 7862.600 {metaspace Before GC invocations=47 (full 6):
 Metaspace       used 81123K, committed 82560K, reserved 1179648K
  class space    used 9090K, committed 9664K, reserved 1048576K
}
Event: 7862.608 {metaspace After GC invocations=48 (full 6):
 Metaspace       used 81123K, committed 82560K, reserved 1179648K
  class space    used 9090K, committed 9664K, reserved 1048576K
}
Event: 7862.609 {metaspace Before GC invocations=48 (full 6):
 Metaspace       used 81123K, committed 82560K, reserved 1179648K
  class space    used 9090K, committed 9664K, reserved 1048576K
}
Event: 7862.703 {metaspace After GC invocations=49 (full 7):
 Metaspace       used 81123K, committed 82560K, reserved 1179648K
  class space    used 9090K, committed 9664K, reserved 1048576K
}
Event: 7891.435 {metaspace Before GC invocations=49 (full 7):
 Metaspace       used 81293K, committed 82688K, reserved 1179648K
  class space    used 9090K, committed 9664K, reserved 1048576K
}
Event: 7891.442 {metaspace After GC invocations=50 (full 7):
 Metaspace       used 81293K, committed 82688K, reserved 1179648K
  class space    used 9090K, committed 9664K, reserved 1048576K
}
Event: 7939.557 {metaspace Before GC invocations=51 (full 7):
 Metaspace       used 81576K, committed 82944K, reserved 1179648K
  class space    used 9095K, committed 9664K, reserved 1048576K
}
Event: 7939.564 {metaspace After GC invocations=52 (full 7):
 Metaspace       used 81576K, committed 82944K, reserved 1179648K
  class space    used 9095K, committed 9664K, reserved 1048576K
}
Event: 7952.705 {metaspace Before GC invocations=52 (full 7):
 Metaspace       used 81757K, committed 83136K, reserved 1179648K
  class space    used 9095K, committed 9664K, reserved 1048576K
}
Event: 7952.794 {metaspace After GC invocations=53 (full 8):
 Metaspace       used 81757K, committed 83136K, reserved 1179648K
  class space    used 9095K, committed 9664K, reserved 1048576K
}

Dll operation events (3 events):
Event: 0.011 Loaded shared library D:\Program Files\JetBrains\IntelliJ IDEA 2025.3.2\jbr\bin\java.dll
Event: 0.040 Loaded shared library D:\Program Files\JetBrains\IntelliJ IDEA 2025.3.2\jbr\bin\zip.dll
Event: 1.005 Loaded shared library D:\Program Files\JetBrains\IntelliJ IDEA 2025.3.2\jbr\bin\verify.dll

Deoptimization events (20 events):
Event: 7982.426 Thread 0x0000022d9a8c2630 Uncommon trap: trap_request=0xffffff45 fr.pc=0x0000022dbfcb0754 relative=0x00000000000010d4
Event: 7982.426 Thread 0x0000022d9a8c2630 Uncommon trap: reason=unstable_if action=reinterpret pc=0x0000022dbfcb0754 method=androidx.compose.runtime.internal.ThreadMap.find(J)I @ 42 c2
Event: 7982.426 Thread 0x0000022d9a8c2630 DEOPT PACKING pc=0x0000022dbfcb0754 sp=0x000000c946cff040
Event: 7982.426 Thread 0x0000022d9a8c2630 DEOPT UNPACKING pc=0x0000022dbef20d02 sp=0x000000c946cfece8 mode 2
Event: 7982.426 Thread 0x0000022d9a8c2630 Uncommon trap: trap_request=0xffffff45 fr.pc=0x0000022dbf53568c relative=0x000000000000010c
Event: 7982.426 Thread 0x0000022d9a8c2630 Uncommon trap: reason=unstable_if action=reinterpret pc=0x0000022dbf53568c method=androidx.compose.runtime.internal.ThreadMap.find(J)I @ 42 c2
Event: 7982.426 Thread 0x0000022d9a8c2630 DEOPT PACKING pc=0x0000022dbf53568c sp=0x000000c946cfef70
Event: 7982.426 Thread 0x0000022d9a8c2630 DEOPT UNPACKING pc=0x0000022dbef20d02 sp=0x000000c946cfede8 mode 2
Event: 7982.426 Thread 0x0000022d9a8c2630 Uncommon trap: trap_request=0xffffff45 fr.pc=0x0000022dbfcb3600 relative=0x0000000000000300
Event: 7982.426 Thread 0x0000022d9a8c2630 Uncommon trap: reason=unstable_if action=reinterpret pc=0x0000022dbfcb3600 method=androidx.compose.runtime.internal.ThreadMap.find(J)I @ 42 c2
Event: 7982.426 Thread 0x0000022d9a8c2630 DEOPT PACKING pc=0x0000022dbfcb3600 sp=0x000000c946cfef30
Event: 7982.426 Thread 0x0000022d9a8c2630 DEOPT UNPACKING pc=0x0000022dbef20d02 sp=0x000000c946cfec50 mode 2
Event: 7982.426 Thread 0x0000022d9a8c2630 Uncommon trap: trap_request=0xffffff45 fr.pc=0x0000022dbfb31ac0 relative=0x00000000000001c0
Event: 7982.426 Thread 0x0000022d9a8c2630 Uncommon trap: reason=unstable_if action=reinterpret pc=0x0000022dbfb31ac0 method=kotlin.text.StringsKt__StringsJVMKt.startsWith(Ljava/lang/String;Ljava/lang/String;Z)Z @ 14 c2
Event: 7982.426 Thread 0x0000022d9a8c2630 DEOPT PACKING pc=0x0000022dbfb31ac0 sp=0x000000c946cff180
Event: 7982.426 Thread 0x0000022d9a8c2630 DEOPT UNPACKING pc=0x0000022dbef20d02 sp=0x000000c946cff150 mode 2
Event: 7982.428 Thread 0x0000022dd40eca50 Uncommon trap: trap_request=0xffffffde fr.pc=0x0000022dbf6beda4 relative=0x0000000000000384
Event: 7982.428 Thread 0x0000022dd40eca50 Uncommon trap: reason=class_check action=maybe_recompile pc=0x0000022dbf6beda4 method=androidx.compose.foundation.layout.BoxMeasurePolicy.measure_3p2s80s$lambda$1(Landroidx/compose/ui/layout/Placeable;Landroidx/compose/ui/layout/Measurable;Landroidx/compo
Event: 7982.428 Thread 0x0000022dd40eca50 DEOPT PACKING pc=0x0000022dbf6beda4 sp=0x000000c9462fe6c0
Event: 7982.428 Thread 0x0000022dd40eca50 DEOPT UNPACKING pc=0x0000022dbef20d02 sp=0x000000c9462fe5c8 mode 2

Classes loaded (20 events):
Event: 7039.516 Loading class javax/swing/JComponent$IntVector
Event: 7039.516 Loading class javax/swing/JComponent$IntVector done
Event: 7041.909 Loading class javax/swing/JInternalFrame
Event: 7041.910 Loading class javax/swing/JInternalFrame done
Event: 7041.910 Loading class javax/swing/KeyboardManager
Event: 7041.910 Loading class javax/swing/KeyboardManager done
Event: 7041.910 Loading class javax/swing/Popup$HeavyWeightWindow
Event: 7041.910 Loading class sun/awt/ModalExclude
Event: 7041.910 Loading class sun/awt/ModalExclude done
Event: 7041.910 Loading class javax/swing/JWindow
Event: 7041.911 Loading class javax/swing/JWindow done
Event: 7041.911 Loading class javax/swing/Popup$HeavyWeightWindow done
Event: 7056.575 Loading class sun/text/resources/cldr/FormatData_en_US
Event: 7056.575 Loading class sun/text/resources/cldr/FormatData_en_US done
Event: 7478.670 Loading class java/awt/Window$1DisposeAction
Event: 7478.670 Loading class java/awt/Window$1DisposeAction done
Event: 7606.830 Loading class sun/awt/windows/WComponentPeer$1
Event: 7606.832 Loading class sun/awt/windows/WComponentPeer$1 done
Event: 7607.014 Loading class sun/java2d/opengl/OGLSurfaceData
Event: 7607.015 Loading class sun/java2d/opengl/OGLSurfaceData done

Classes unloaded (20 events):
Event: 6991.789 Thread 0x0000022dce1b8df0 Unloading class 0x000000008c61cc00 'java/lang/invoke/LambdaForm$MH+0x000000008c61cc00'
Event: 6991.789 Thread 0x0000022dce1b8df0 Unloading class 0x000000008c61c800 'java/lang/invoke/LambdaForm$MH+0x000000008c61c800'
Event: 6991.789 Thread 0x0000022dce1b8df0 Unloading class 0x000000008c484c00 'java/lang/invoke/LambdaForm$BMH+0x000000008c484c00'
Event: 6991.789 Thread 0x0000022dce1b8df0 Unloading class 0x000000008c378800 'java/lang/invoke/LambdaForm$DMH+0x000000008c378800'
Event: 6991.789 Thread 0x0000022dce1b8df0 Unloading class 0x000000008c259400 'java/lang/invoke/LambdaForm$DMH+0x000000008c259400'
Event: 6991.789 Thread 0x0000022dce1b8df0 Unloading class 0x000000008c258400 'java/lang/invoke/LambdaForm$DMH+0x000000008c258400'
Event: 6991.789 Thread 0x0000022dce1b8df0 Unloading class 0x000000008c21c000 'java/lang/invoke/LambdaForm$DMH+0x000000008c21c000'
Event: 6991.789 Thread 0x0000022dce1b8df0 Unloading class 0x000000008c198000 'java/lang/invoke/LambdaForm$MH+0x000000008c198000'
Event: 6991.789 Thread 0x0000022dce1b8df0 Unloading class 0x000000008c0c9c00 'java/lang/invoke/LambdaForm$MH+0x000000008c0c9c00'
Event: 6991.789 Thread 0x0000022dce1b8df0 Unloading class 0x000000008c0c9800 'java/lang/invoke/LambdaForm$MH+0x000000008c0c9800'
Event: 6991.789 Thread 0x0000022dce1b8df0 Unloading class 0x000000008c0c9400 'java/lang/invoke/LambdaForm$MH+0x000000008c0c9400'
Event: 6991.789 Thread 0x0000022dce1b8df0 Unloading class 0x000000008c0c9000 'java/lang/invoke/LambdaForm$BMH+0x000000008c0c9000'
Event: 6991.789 Thread 0x0000022dce1b8df0 Unloading class 0x000000008c0c8400 'java/lang/invoke/LambdaForm$DMH+0x000000008c0c8400'
Event: 6991.789 Thread 0x0000022dce1b8df0 Unloading class 0x000000008c0a4400 'java/lang/invoke/LambdaForm$MH+0x000000008c0a4400'
Event: 6991.789 Thread 0x0000022dce1b8df0 Unloading class 0x000000008c060400 'java/lang/invoke/LambdaForm$DMH+0x000000008c060400'
Event: 6991.789 Thread 0x0000022dce1b8df0 Unloading class 0x000000008c041c00 'java/lang/invoke/LambdaForm$MH+0x000000008c041c00'
Event: 6991.789 Thread 0x0000022dce1b8df0 Unloading class 0x000000008c041800 'java/lang/invoke/LambdaForm$MH+0x000000008c041800'
Event: 6991.789 Thread 0x0000022dce1b8df0 Unloading class 0x000000008c041400 'java/lang/invoke/LambdaForm$MH+0x000000008c041400'
Event: 6991.789 Thread 0x0000022dce1b8df0 Unloading class 0x000000008c040400 'java/lang/invoke/LambdaForm$MH+0x000000008c040400'
Event: 6991.789 Thread 0x0000022dce1b8df0 Unloading class 0x000000008c040000 'java/lang/invoke/LambdaForm$MH+0x000000008c040000'

Classes redefined (13 events):
Event: 6986.458 Thread 0x0000022dce1b8df0 redefined class name=org.dsqrwym.shared.AppRootKt, count=1
Event: 6986.458 Thread 0x0000022dce1b8df0 redefined class name=org.dsqrwym.shared.AppRootKt$AppRoot$2$1$1$1$1$1, count=1
Event: 6986.459 Thread 0x0000022dce1b8df0 redefined class name=org.dsqrwym.shared.AppRootKt$AppRoot$2$1$1$1$1, count=1
Event: 6986.459 Thread 0x0000022dce1b8df0 redefined class name=org.dsqrwym.shared.theme.MyMaterialThemeKt, count=1
Event: 6986.459 Thread 0x0000022dce1b8df0 redefined class name=org.dsqrwym.shared.AppRootKt$AppRoot$1$1, count=1
Event: 7424.969 Thread 0x0000022dce1b8df0 redefined class name=maian.shared.generated.resources.String1_commonMainKt, count=1
Event: 7424.969 Thread 0x0000022dce1b8df0 redefined class name=maian.shared.generated.resources.String2_commonMainKt, count=1
Event: 7478.023 Thread 0x0000022dce1b8df0 redefined class name=org.dsqrwym.shared.AppRootKt, count=2
Event: 7478.023 Thread 0x0000022dce1b8df0 redefined class name=org.dsqrwym.shared.AppRootKt$AppRoot$1$1, count=2
Event: 7478.023 Thread 0x0000022dce1b8df0 redefined class name=org.dsqrwym.shared.AppRootKt$AppRoot$2$1$1$1$1, count=2
Event: 7478.023 Thread 0x0000022dce1b8df0 redefined class name=org.dsqrwym.shared.AppRootKt$AppRoot$2$1$1$1$1$1, count=2
Event: 7794.496 Thread 0x0000022dce1b8df0 redefined class name=org.dsqrwym.enterprise.ui.screens.categories.CategoriesListScreenKt, count=1
Event: 7794.496 Thread 0x0000022dce1b8df0 redefined class name=org.dsqrwym.enterprise.ui.screens.categories.ComposableSingletons$CategoriesListScreenKt, count=1

Internal exceptions (20 events):
Event: 7865.619 Thread 0x0000022dd40eca50 Exception <a 'sun/nio/fs/WindowsException'{0x00000007ffdb3158}> (0x00000007ffdb3158) 
thrown [s\src\hotspot\share\prims\jni.cpp, line 535]
Event: 7865.620 Thread 0x0000022dd40eca50 Exception <a 'sun/nio/fs/WindowsException'{0x00000007ffdba8f0}> (0x00000007ffdba8f0) 
thrown [s\src\hotspot\share\prims\jni.cpp, line 535]
Event: 7865.621 Thread 0x0000022dd40eca50 Exception <a 'sun/nio/fs/WindowsException'{0x00000007ffdcf6c0}> (0x00000007ffdcf6c0) 
thrown [s\src\hotspot\share\prims\jni.cpp, line 535]
Event: 7865.624 Thread 0x0000022dd40eca50 Exception <a 'sun/nio/fs/WindowsException'{0x00000007ff810188}> (0x00000007ff810188) 
thrown [s\src\hotspot\share\prims\jni.cpp, line 535]
Event: 7865.625 Thread 0x0000022dd40eca50 Exception <a 'sun/nio/fs/WindowsException'{0x00000007ff8120f8}> (0x00000007ff8120f8) 
thrown [s\src\hotspot\share\prims\jni.cpp, line 535]
Event: 7865.626 Thread 0x0000022dd40eca50 Exception <a 'sun/nio/fs/WindowsException'{0x00000007ff81a8e0}> (0x00000007ff81a8e0) 
thrown [s\src\hotspot\share\prims\jni.cpp, line 535]
Event: 7865.636 Thread 0x0000022dd40eca50 Exception <a 'sun/nio/fs/WindowsException'{0x00000007ff8df6d0}> (0x00000007ff8df6d0) 
thrown [s\src\hotspot\share\prims\jni.cpp, line 535]
Event: 7865.637 Thread 0x0000022dd40eca50 Exception <a 'sun/nio/fs/WindowsException'{0x00000007ff8e6e58}> (0x00000007ff8e6e58) 
thrown [s\src\hotspot\share\prims\jni.cpp, line 535]
Event: 7865.643 Thread 0x0000022dd40eca50 Exception <a 'sun/nio/fs/WindowsException'{0x00000007ff914080}> (0x00000007ff914080) 
thrown [s\src\hotspot\share\prims\jni.cpp, line 535]
Event: 7865.644 Thread 0x0000022dd40eca50 Exception <a 'sun/nio/fs/WindowsException'{0x00000007ff9256d8}> (0x00000007ff9256d8) 
thrown [s\src\hotspot\share\prims\jni.cpp, line 535]
Event: 7865.678 Thread 0x0000022dff52b0b0 Exception <a 'sun/nio/fs/WindowsException'{0x00000007ff60bcb0}> (0x00000007ff60bcb0) 
thrown [s\src\hotspot\share\prims\jni.cpp, line 535]
Event: 7865.971 Thread 0x0000022dd40eca50 Exception <a 'sun/nio/fs/WindowsException'{0x00000007ff002410}> (0x00000007ff002410) 
thrown [s\src\hotspot\share\prims\jni.cpp, line 535]
Event: 7866.276 Thread 0x0000022dd3e66510 Exception <a 'sun/nio/fs/WindowsException'{0x00000007ff315c30}> (0x00000007ff315c30) 
thrown [s\src\hotspot\share\prims\jni.cpp, line 535]
Event: 7891.135 Thread 0x0000022dd40eca50 Implicit null exception at 0x0000022dbf5ba431 to 0x0000022dbf5ba630
Event: 7891.167 Thread 0x0000022dd40e9b70 Implicit null exception at 0x0000022dbf598387 to 0x0000022dbf59a890
Event: 7972.088 Thread 0x0000022dd40eca50 Implicit null exception at 0x0000022dbf3eed58 to 0x0000022dbf3ef5f0
Event: 7981.660 Thread 0x0000022dff52e760 Exception <a 'sun/nio/fs/WindowsException'{0x0000000717c01318}> (0x0000000717c01318) 
thrown [s\src\hotspot\share\prims\jni.cpp, line 535]
Event: 7982.101 Thread 0x0000022dd40eca50 Exception <a 'sun/nio/fs/WindowsException'{0x00000007174d4d88}> (0x00000007174d4d88) 
thrown [s\src\hotspot\share\prims\jni.cpp, line 535]
Event: 7982.101 Thread 0x0000022dd40eca50 Exception <a 'sun/nio/fs/WindowsException'{0x00000007174d68d0}> (0x00000007174d68d0) 
thrown [s\src\hotspot\share\prims\jni.cpp, line 535]
Event: 7982.240 Thread 0x0000022dff52b0b0 Exception <a 'sun/nio/fs/WindowsException'{0x0000000716b826b8}> (0x0000000716b826b8) 
thrown [s\src\hotspot\share\prims\jni.cpp, line 535]

VM Operations (20 events):
Event: 7862.608 Executing safepoint VM operation: G1CollectFull (System.gc())
Event: 7862.703 Executing safepoint VM operation: G1CollectFull (System.gc()) done
Event: 7871.762 Executing non-safepoint VM operation: HandshakeAllThreads (HandshakeForDeflation)
Event: 7871.762 Executing non-safepoint VM operation: HandshakeAllThreads (HandshakeForDeflation) done
Event: 7871.762 Executing non-safepoint VM operation: RendezvousGCThreads
Event: 7871.762 Executing non-safepoint VM operation: RendezvousGCThreads done
Event: 7891.435 Executing safepoint VM operation: G1TryInitiateConcMark (G1 Humongous Allocation)
Event: 7891.442 Executing safepoint VM operation: G1TryInitiateConcMark (G1 Humongous Allocation) done
Event: 7891.496 Executing safepoint VM operation: G1PauseRemark
Event: 7891.503 Executing safepoint VM operation: G1PauseRemark done
Event: 7891.515 Executing safepoint VM operation: G1PauseCleanup
Event: 7891.515 Executing safepoint VM operation: G1PauseCleanup done
Event: 7931.866 Executing non-safepoint VM operation: HandshakeAllThreads (HandshakeForDeflation)
Event: 7931.866 Executing non-safepoint VM operation: HandshakeAllThreads (HandshakeForDeflation) done
Event: 7931.866 Executing non-safepoint VM operation: RendezvousGCThreads
Event: 7931.866 Executing non-safepoint VM operation: RendezvousGCThreads done
Event: 7939.557 Executing safepoint VM operation: G1CollectForAllocation (G1 Evacuation Pause)
Event: 7939.564 Executing safepoint VM operation: G1CollectForAllocation (G1 Evacuation Pause) done
Event: 7952.705 Executing safepoint VM operation: G1CollectFull (System.gc())
Event: 7952.794 Executing safepoint VM operation: G1CollectFull (System.gc()) done

Memory protections (0 events):
No events

Nmethod flushes (20 events):
Event: 7952.762 Thread 0x0000022dce1b8df0 flushing  nmethod 0x0000022db90b2008
Event: 7952.762 Thread 0x0000022dce1b8df0 flushing  nmethod 0x0000022db90b2308
Event: 7952.762 Thread 0x0000022dce1b8df0 flushing  nmethod 0x0000022db90b2988
Event: 7952.762 Thread 0x0000022dce1b8df0 flushing  nmethod 0x0000022db90c0b88
Event: 7952.762 Thread 0x0000022dce1b8df0 flushing  nmethod 0x0000022db90c1608
Event: 7952.762 Thread 0x0000022dce1b8df0 flushing  nmethod 0x0000022db90c1988
Event: 7952.762 Thread 0x0000022dce1b8df0 flushing  nmethod 0x0000022db90c1d88
Event: 7952.762 Thread 0x0000022dce1b8df0 flushing  nmethod 0x0000022db90c2088
Event: 7952.762 Thread 0x0000022dce1b8df0 flushing  nmethod 0x0000022db90c5c08
Event: 7952.762 Thread 0x0000022dce1b8df0 flushing  nmethod 0x0000022db90da188
Event: 7952.762 Thread 0x0000022dce1b8df0 flushing  nmethod 0x0000022db90dc508
Event: 7952.762 Thread 0x0000022dce1b8df0 flushing  nmethod 0x0000022db90ddc08
Event: 7952.762 Thread 0x0000022dce1b8df0 flushing  nmethod 0x0000022db90dff08
Event: 7952.762 Thread 0x0000022dce1b8df0 flushing  nmethod 0x0000022db90e0708
Event: 7952.762 Thread 0x0000022dce1b8df0 flushing  nmethod 0x0000022db90ff908
Event: 7952.762 Thread 0x0000022dce1b8df0 flushing  nmethod 0x0000022db90ffc08
Event: 7952.762 Thread 0x0000022dce1b8df0 flushing  nmethod 0x0000022db90fff08
Event: 7952.762 Thread 0x0000022dce1b8df0 flushing  nmethod 0x0000022db9100808
Event: 7952.762 Thread 0x0000022dce1b8df0 flushing  nmethod 0x0000022db9100c08
Event: 7952.762 Thread 0x0000022dce1b8df0 flushing  nmethod 0x0000022db9103688

Events (20 events):
Event: 7927.243 Thread 0x0000022d97a5a630 Thread exited: 0x0000022d97a5a630
Event: 7927.981 Thread 0x0000022dce1e4e30 Thread added: 0x0000022d97a5d690
Event: 7927.981 Thread 0x0000022dce1e4e30 Thread added: 0x0000022d97a5ae40
Event: 7928.220 Thread 0x0000022d97a5ae40 Thread exited: 0x0000022d97a5ae40
Event: 7928.220 Thread 0x0000022d97a5d690 Thread exited: 0x0000022d97a5d690
Event: 7939.465 Thread 0x0000022dce1e4e30 Thread added: 0x0000022d97a6e8b0
Event: 7940.581 Thread 0x0000022d97a6e8b0 Thread exited: 0x0000022d97a6e8b0
Event: 7951.663 Thread 0x0000022d9a8be7b0 Thread exited: 0x0000022d9a8be7b0
Event: 7981.682 Thread 0x0000022dce1eb790 Thread added: 0x0000022da317a8c0
Event: 7981.698 Thread 0x0000022dff52a110 Thread added: 0x0000022d9a8bb100
Event: 7981.698 Thread 0x0000022dff52a110 Thread added: 0x0000022d9a8c2630
Event: 7982.049 Thread 0x0000022da317a8c0 Thread exited: 0x0000022da317a8c0
Event: 7982.074 Thread 0x0000022dce1eb790 Thread added: 0x0000022da3186230
Event: 7982.081 Thread 0x0000022da3186230 Thread added: 0x0000022da31829c0
Event: 7982.124 Loaded shared library C:\Users\yuzha\AppData\Local\composemediaplayer\native\win32-x86-64\NativeVideoPlayer.dll
Event: 7982.262 Thread 0x0000022d8753b460 Thread added: 0x0000022d8753ac90
Event: 7982.415 Thread 0x0000022da31829c0 Thread exited: 0x0000022da31829c0
Event: 7982.700 Thread 0x0000022da3186230 Thread exited: 0x0000022da3186230
Event: 7983.177 Thread 0x0000022dce1eb790 Thread added: 0x0000022da31b8060
Event: 7983.177 Thread 0x0000022dce1eb790 Thread added: 0x0000022da3186230


Dynamic libraries:
0x00007ff7b0c10000 - 0x00007ff7b0c1a000 	D:\Program Files\JetBrains\IntelliJ IDEA 2025.3.2\jbr\bin\java.exe
0x00007ffe06240000 - 0x00007ffe064a7000 	C:\WINDOWS\SYSTEM32\ntdll.dll
0x00007ffe047f0000 - 0x00007ffe048b9000 	C:\WINDOWS\System32\KERNEL32.DLL
0x00007ffe03280000 - 0x00007ffe03674000 	C:\WINDOWS\System32\KERNELBASE.dll
0x00007ffe02f50000 - 0x00007ffe0309b000 	C:\WINDOWS\System32\ucrtbase.dll
0x00007ffdf7e50000 - 0x00007ffdf7e67000 	D:\Program Files\JetBrains\IntelliJ IDEA 2025.3.2\jbr\bin\jli.dll
0x00007ffdf9bd0000 - 0x00007ffdf9bee000 	D:\Program Files\JetBrains\IntelliJ IDEA 2025.3.2\jbr\bin\VCRUNTIME140.dll
0x00007ffe04d60000 - 0x00007ffe04f25000 	C:\WINDOWS\System32\USER32.dll
0x00007ffe03680000 - 0x00007ffe036a7000 	C:\WINDOWS\System32\win32u.dll
0x00007ffdeeee0000 - 0x00007ffdef173000 	C:\WINDOWS\WinSxS\amd64_microsoft.windows.common-controls_6595b64144ccf1df_6.0.26100.8115_none_3e075c82e3354f9c\COMCTL32.dll
0x00007ffe04480000 - 0x00007ffe044ab000 	C:\WINDOWS\System32\GDI32.dll
0x00007ffe03150000 - 0x00007ffe0327b000 	C:\WINDOWS\System32\gdi32full.dll
0x00007ffe04740000 - 0x00007ffe047e9000 	C:\WINDOWS\System32\msvcrt.dll
0x00007ffe036b0000 - 0x00007ffe03753000 	C:\WINDOWS\System32\msvcp_win.dll
0x00007ffe044b0000 - 0x00007ffe044e2000 	C:\WINDOWS\System32\IMM32.DLL
0x00007ffdfb940000 - 0x00007ffdfb94c000 	D:\Program Files\JetBrains\IntelliJ IDEA 2025.3.2\jbr\bin\vcruntime140_1.dll
0x00007ffde2490000 - 0x00007ffde2519000 	D:\Program Files\JetBrains\IntelliJ IDEA 2025.3.2\jbr\bin\msvcp140.dll
0x00007ffd18de0000 - 0x00007ffd19d32000 	D:\Program Files\JetBrains\IntelliJ IDEA 2025.3.2\jbr\bin\server\jvm.dll
0x00007ffe04240000 - 0x00007ffe042f6000 	C:\WINDOWS\System32\ADVAPI32.dll
0x00007ffe03fd0000 - 0x00007ffe04077000 	C:\WINDOWS\System32\sechost.dll
0x00007ffe054b0000 - 0x00007ffe055c8000 	C:\WINDOWS\System32\RPCRT4.dll
0x00007ffe04690000 - 0x00007ffe04710000 	C:\WINDOWS\System32\WS2_32.dll
0x00007ffe02970000 - 0x00007ffe029ce000 	C:\WINDOWS\SYSTEM32\POWRPROF.dll
0x00007ffdf0060000 - 0x00007ffdf0096000 	C:\WINDOWS\SYSTEM32\WINMM.dll
0x00007ffdf9540000 - 0x00007ffdf954b000 	C:\WINDOWS\SYSTEM32\VERSION.dll
0x00007ffe02950000 - 0x00007ffe02964000 	C:\WINDOWS\SYSTEM32\UMPDC.dll
0x00007ffe018a0000 - 0x00007ffe018bb000 	C:\WINDOWS\SYSTEM32\kernel.appcore.dll
0x00007ffdfb910000 - 0x00007ffdfb91a000 	D:\Program Files\JetBrains\IntelliJ IDEA 2025.3.2\jbr\bin\jimage.dll
0x00007ffe00b10000 - 0x00007ffe00d52000 	C:\WINDOWS\SYSTEM32\DBGHELP.DLL
0x00007ffe05d70000 - 0x00007ffe060f2000 	C:\WINDOWS\System32\combase.dll
0x00007ffe04f30000 - 0x00007ffe05008000 	C:\WINDOWS\System32\OLEAUT32.dll
0x00007ffde8870000 - 0x00007ffde88ab000 	C:\WINDOWS\SYSTEM32\dbgcore.DLL
0x00007ffe030a0000 - 0x00007ffe03145000 	C:\WINDOWS\System32\bcryptPrimitives.dll
0x00007ffdfe3d0000 - 0x00007ffdfe3e0000 	D:\Program Files\JetBrains\IntelliJ IDEA 2025.3.2\jbr\bin\instrument.dll
0x00007ffded850000 - 0x00007ffded86f000 	D:\Program Files\JetBrains\IntelliJ IDEA 2025.3.2\jbr\bin\java.dll
0x00007ffe044f0000 - 0x00007ffe04687000 	C:\WINDOWS\System32\ole32.dll
0x00007ffe05600000 - 0x00007ffe05d67000 	C:\WINDOWS\System32\SHELL32.dll
0x00007ffe02de0000 - 0x00007ffe02f4a000 	C:\WINDOWS\System32\wintypes.dll
0x00007ffe03760000 - 0x00007ffe03fc8000 	C:\WINDOWS\System32\windows.storage.dll
0x00007ffe06100000 - 0x00007ffe061f8000 	C:\WINDOWS\System32\SHCORE.dll
0x00007ffe043c0000 - 0x00007ffe04426000 	C:\WINDOWS\System32\shlwapi.dll
0x00007ffe02a30000 - 0x00007ffe02a59000 	C:\WINDOWS\SYSTEM32\profapi.dll
0x00007ffde8150000 - 0x00007ffde8167000 	D:\Program Files\JetBrains\IntelliJ IDEA 2025.3.2\jbr\bin\zip.dll
0x00007ffde5af0000 - 0x00007ffde5b02000 	D:\Program Files\JetBrains\IntelliJ IDEA 2025.3.2\jbr\bin\net.dll
0x00007ffe01e10000 - 0x00007ffe01e7c000 	C:\WINDOWS\system32\mswsock.dll
0x00007ffde5980000 - 0x00007ffde5996000 	D:\Program Files\JetBrains\IntelliJ IDEA 2025.3.2\jbr\bin\nio.dll
0x00007ffe020f0000 - 0x00007ffe0210b000 	C:\WINDOWS\SYSTEM32\CRYPTSP.dll
0x00007ffe01800000 - 0x00007ffe01839000 	C:\WINDOWS\system32\rsaenh.dll
0x00007ffe01ec0000 - 0x00007ffe01ef3000 	C:\WINDOWS\SYSTEM32\USERENV.dll
0x00007ffe02a00000 - 0x00007ffe02a2a000 	C:\WINDOWS\SYSTEM32\bcrypt.dll
0x00007ffe02110000 - 0x00007ffe0211c000 	C:\WINDOWS\SYSTEM32\CRYPTBASE.dll
0x00007ffe012d0000 - 0x00007ffe01302000 	C:\WINDOWS\SYSTEM32\IPHLPAPI.DLL
0x00007ffe052c0000 - 0x00007ffe052ca000 	C:\WINDOWS\System32\NSI.dll
0x00007ffdfb720000 - 0x00007ffdfb729000 	D:\Program Files\JetBrains\IntelliJ IDEA 2025.3.2\jbr\bin\extnet.dll
0x00007ffdfb830000 - 0x00007ffdfb840000 	D:\Program Files\JetBrains\IntelliJ IDEA 2025.3.2\jbr\bin\verify.dll
0x00007ffdbe3f0000 - 0x00007ffdbe57e000 	D:\Program Files\JetBrains\IntelliJ IDEA 2025.3.2\jbr\bin\awt.dll
0x00007ffddc9d0000 - 0x00007ffddca14000 	D:\Program Files\JetBrains\IntelliJ IDEA 2025.3.2\jbr\bin\nvdaControllerClient64.dll
0x00007ffe00530000 - 0x00007ffe0055f000 	C:\WINDOWS\SYSTEM32\dwmapi.dll
0x00007ffdd1af0000 - 0x00007ffdd1b66000 	C:\WINDOWS\SYSTEM32\OLEACC.dll
0x00007ffe00000000 - 0x00007ffe0009f000 	C:\WINDOWS\SYSTEM32\apphelp.dll
0x00007ffe00270000 - 0x00007ffe00319000 	C:\WINDOWS\system32\uxtheme.dll
0x00007ffe040e0000 - 0x00007ffe0423c000 	C:\WINDOWS\System32\MSCTF.dll
0x00007ffe000c0000 - 0x00007ffe000e9000 	C:\WINDOWS\system32\Wtsapi32.dll
0x00007ffe02c60000 - 0x00007ffe02dd7000 	C:\WINDOWS\System32\CRYPT32.dll
0x00007ffe01b40000 - 0x00007ffe01b89000 	C:\WINDOWS\SYSTEM32\SspiCli.dll
0x00007ffe02710000 - 0x00007ffe02772000 	C:\WINDOWS\SYSTEM32\WINSTA.dll
0x00007ffd54e00000 - 0x00007ffd54f0f000 	C:\WINDOWS\system32\opengl32.dll
0x00007ffd54950000 - 0x00007ffd5497d000 	C:\WINDOWS\SYSTEM32\GLU32.dll
0x00007ffe004c0000 - 0x00007ffe00503000 	C:\WINDOWS\SYSTEM32\dxcore.dll
0x00007ffd1c210000 - 0x00007ffd1cf63000 	C:\Users\yuzha\.skiko\f6915133061fc00b6d51b8a8277c696dc6313532609dfa23c4c3bec1fc2ee178\skiko-windows-x64.dll
0x00007ffdfbbe0000 - 0x00007ffdfbce3000 	C:\WINDOWS\SYSTEM32\PROPSYS.dll
0x00007ffdfeba0000 - 0x00007ffdfee07000 	C:\WINDOWS\SYSTEM32\dwrite.dll
0x00007ffdf23b0000 - 0x00007ffdf2588000 	C:\WINDOWS\WinSxS\amd64_microsoft.windows.gdiplus_6595b64144ccf1df_1.1.26100.8246_none_6ef5395a3dc52f61\gdiplus.dll
0x00007ffdd72b0000 - 0x00007ffdd7337000 	D:\Program Files\JetBrains\IntelliJ IDEA 2025.3.2\jbr\bin\freetype.dll
0x00007ffdcf580000 - 0x00007ffdcf672000 	D:\Program Files\JetBrains\IntelliJ IDEA 2025.3.2\jbr\bin\fontmanager.dll
0x00007ffe04300000 - 0x00007ffe043ae000 	C:\WINDOWS\System32\clbcatq.dll
0x00007ffdfe960000 - 0x00007ffdfeb8e000 	C:\WINDOWS\SYSTEM32\WindowsCodecs.dll
0x00007ffdc9190000 - 0x00007ffdc91ea000 	C:\WINDOWS\system32\dataexchange.dll
0x00007ffdf9870000 - 0x00007ffdf9abd000 	C:\WINDOWS\system32\twinapi.appcore.dll
0x00007ffdfe330000 - 0x00007ffdfe337000 	D:\Program Files\JetBrains\IntelliJ IDEA 2025.3.2\jbr\bin\jawt.dll
0x00007ffe00370000 - 0x00007ffe004b1000 	C:\WINDOWS\SYSTEM32\Dxgi.dll
0x00007ffde6f10000 - 0x00007ffde6f71000 	C:\WINDOWS\SYSTEM32\directxdatabasehelper.dll
0x00007ffe02680000 - 0x00007ffe026d1000 	C:\WINDOWS\SYSTEM32\cfgmgr32.dll
0x00007ffdefe30000 - 0x00007ffdefe53000 	C:\WINDOWS\SYSTEM32\D3D12.dll
0x00007ffdb9200000 - 0x00007ffdb9558000 	C:\WINDOWS\SYSTEM32\D3D12Core.dll
0x00007ffd03530000 - 0x00007ffd07b09000 	C:\WINDOWS\System32\DriverStore\FileRepository\u0416624.inf_amd64_1eae707b82df6d48\B416495\amdxc64.dll
0x00007ffde2390000 - 0x00007ffde23c5000 	C:\WINDOWS\SYSTEM32\amdihk64.dll
0x00007ffde1d20000 - 0x00007ffde1e05000 	C:\WINDOWS\SYSTEM32\D3DSCache.dll
0x00007ffdfb7c0000 - 0x00007ffdfb7ce000 	D:\Program Files\JetBrains\IntelliJ IDEA 2025.3.2\jbr\bin\sunmscapi.dll
0x00007ffe02310000 - 0x00007ffe02340000 	C:\WINDOWS\SYSTEM32\ncrypt.dll
0x00007ffe022c0000 - 0x00007ffe022ff000 	C:\WINDOWS\SYSTEM32\NTASN1.dll
0x00007ffddf450000 - 0x00007ffddf458000 	C:\WINDOWS\system32\wshunix.dll
0x00007ffdfb5d0000 - 0x00007ffdfb5d9000 	D:\Program Files\JetBrains\IntelliJ IDEA 2025.3.2\jbr\bin\prefs.dll
0x00007ffd5f690000 - 0x00007ffd5fbd7000 	D:\Program Files\JetBrains\IntelliJ IDEA 2025.3.2\jbr\bin\vk_swiftshader.dll
0x00007ffd07b10000 - 0x00007ffd15ff4000 	D:\Program Files\JetBrains\IntelliJ IDEA 2025.3.2\jbr\bin\libcef.dll
0x00007ffe02bd0000 - 0x00007ffe02c52000 	C:\WINDOWS\System32\WINTRUST.dll
0x00007ffe000b0000 - 0x00007ffe000bd000 	C:\WINDOWS\SYSTEM32\Secur32.dll
0x00007ffdfd960000 - 0x00007ffdfda8d000 	C:\WINDOWS\SYSTEM32\WINHTTP.dll
0x00007ffdc1040000 - 0x00007ffdc120a000 	D:\Program Files\JetBrains\IntelliJ IDEA 2025.3.2\jbr\bin\chrome_elf.dll
0x00007ffdfdbb0000 - 0x00007ffdfdbd5000 	C:\WINDOWS\SYSTEM32\dhcpcsvc.DLL
0x00007ffdd28f0000 - 0x00007ffdd29a1000 	C:\WINDOWS\SYSTEM32\WINSPOOL.DRV
0x00007ffe02700000 - 0x00007ffe0270a000 	C:\WINDOWS\SYSTEM32\DPAPI.DLL
0x00007ffe02220000 - 0x00007ffe02233000 	C:\WINDOWS\SYSTEM32\MSASN1.dll
0x00007ffdcf6a0000 - 0x00007ffdcf7bf000 	D:\Program Files\JetBrains\IntelliJ IDEA 2025.3.2\jbr\bin\jcef.dll
0x00007ffdff6c0000 - 0x00007ffdff8e2000 	C:\WINDOWS\SYSTEM32\dcomp.dll
0x00007ffdfe4b0000 - 0x00007ffdfe4c9000 	C:\WINDOWS\SYSTEM32\Microsoft.Internal.WarpPal.dll
0x00007ffd95020000 - 0x00007ffd954a2000 	D:\Program Files\JetBrains\IntelliJ IDEA 2025.3.2\jbr\bin\d3dcompiler_47.dll
0x00007ffde7140000 - 0x00007ffde7288000 	C:\WINDOWS\SYSTEM32\textinputframework.dll
0x00007ffe01370000 - 0x00007ffe014a2000 	C:\WINDOWS\SYSTEM32\DNSAPI.dll
0x00007ffdfc670000 - 0x00007ffdfc67b000 	C:\Windows\System32\rasadhlp.dll
0x00007ffdfde20000 - 0x00007ffdfdea6000 	C:\WINDOWS\System32\fwpuclnt.dll
0x00007ffdcac30000 - 0x00007ffdcacab000 	C:\WINDOWS\system32\Ninput.dll
0x00007ffdff900000 - 0x00007ffdffa27000 	C:\WINDOWS\SYSTEM32\CoreMessaging.dll
0x00007ffde5030000 - 0x00007ffde5312000 	C:\WINDOWS\SYSTEM32\CoreUIComponents.dll
0x00007ffdbe830000 - 0x00007ffdbe994000 	C:\WINDOWS\SYSTEM32\dxilconv.dll
0x00007ffdfb610000 - 0x00007ffdfb625000 	C:\Users\yuzha\AppData\Local\composemediaplayer\native\win32-x86-64\NativeVideoPlayer.dll
0x00007ffdfc9a0000 - 0x00007ffdfcbba000 	C:\WINDOWS\SYSTEM32\MFPlat.DLL
0x00007ffdfd330000 - 0x00007ffdfd3c9000 	C:\WINDOWS\SYSTEM32\MF.dll
0x00007ffde0d70000 - 0x00007ffde0e46000 	C:\WINDOWS\SYSTEM32\MFReadWrite.dll
0x00007ffdfc950000 - 0x00007ffdfc95b000 	C:\WINDOWS\SYSTEM32\AVRT.dll
0x00007ffdff450000 - 0x00007ffdff6b3000 	C:\WINDOWS\SYSTEM32\d3d11.dll
0x00007ffdfced0000 - 0x00007ffdfd2e9000 	C:\WINDOWS\SYSTEM32\MFCORE.DLL
0x00007ffdfc960000 - 0x00007ffdfc99c000 	C:\WINDOWS\SYSTEM32\RTWorkQ.DLL
0x00007ffde4b40000 - 0x00007ffde4cfb000 	C:\WINDOWS\System32\DriverStore\FileRepository\u0416624.inf_amd64_1eae707b82df6d48\B416495\aticfx64.dll
0x00007ffde4b00000 - 0x00007ffde4b39000 	C:\WINDOWS\System32\DriverStore\FileRepository\u0416624.inf_amd64_1eae707b82df6d48\B416495\atiuxp64.dll
0x00007ffde2b80000 - 0x00007ffde4af2000 	C:\WINDOWS\System32\DriverStore\FileRepository\u0416624.inf_amd64_1eae707b82df6d48\B416495\atidxx64.dll
0x00007ffe048d0000 - 0x00007ffe04d57000 	C:\WINDOWS\System32\SETUPAPI.dll
0x00007ffdf8320000 - 0x00007ffdf83b7000 	C:\WINDOWS\System32\MMDevApi.dll

JVMTI agents:
D:\Gradle\caches\modules-2\files-2.1\org.jetbrains.compose.hot-reload\hot-reload-agent\1.0.0\b51a332b8899c060187ace065fef8c8eb62acfcc\hot-reload-agent-1.0.0.jar path:D:\Program Files\JetBrains\IntelliJ IDEA 2025.3.2\jbr\bin\instrument.dll, loaded, initialized, instrumentlib options:none

dbghelp: loaded successfully - version: 4.0.5 - missing functions: none
symbol engine: initialized successfully - sym options: 0x614 - pdb path: .;D:\Program Files\JetBrains\IntelliJ IDEA 2025.3.2\jbr\bin;C:\WINDOWS\SYSTEM32;C:\WINDOWS\WinSxS\amd64_microsoft.windows.common-controls_6595b64144ccf1df_6.0.26100.8115_none_3e075c82e3354f9c;D:\Program Files\JetBrains\IntelliJ IDEA 2025.3.2\jbr\bin\server;C:\Users\yuzha\.skiko\f6915133061fc00b6d51b8a8277c696dc6313532609dfa23c4c3bec1fc2ee178;C:\WINDOWS\WinSxS\amd64_microsoft.windows.gdiplus_6595b64144ccf1df_1.1.26100.8246_none_6ef5395a3dc52f61;C:\WINDOWS\System32\DriverStore\FileRepository\u0416624.inf_amd64_1eae707b82df6d48\B416495;C:\Users\yuzha\AppData\Local\composemediaplayer\native\win32-x86-64

VM Arguments:
jvm_args: -Dcompose.reload.argfile=D:\yuzha\Proyecto_final\Proyecto\Frontend\Maian\enterprise\build\run\desktopMain\desktopMain.argfile -Dcompose.reload.build.continuous=false -Dcompose.reload.build.warmup=true -Dcompose.reload.buildSystem=Gradle -Dcompose.reload.devToolsAnimationsEnabled=true -Dcompose.reload.devToolsClasspath=D:\Gradle\caches\modules-2\files-2.1\org.jetbrains.compose.hot-reload\hot-reload-devtools\1.0.0\8cf7f8a3e0c5ca40edcd31621bb2c54637dad97f\hot-reload-devtools-1.0.0.jar;D:\Gradle\caches\modules-2\files-2.1\org.jetbrains.compose.hot-reload\hot-reload-devtools-api\1.0.0\6f078e0689bb84d71ff62bdb898addec7b9e0c7d\hot-reload-devtools-api-1.0.0.jar;D:\Gradle\caches\modules-2\files-2.1\org.jetbrains.compose.hot-reload\hot-reload-orchestration\1.0.0\c84a13f251d2ba726bffe77f47f2a37fba14d3a\hot-reload-orchestration-1.0.0.jar;D:\Gradle\caches\modules-2\files-2.1\org.jetbrains.compose.hot-reload\hot-reload-core\1.0.0\b9e821084415adea5d981fb5a22a57ad94614fe1\hot-reload-core-1.0.0.jar;D:\Gradle\caches\modules-2\files-2.1\org.jetbrains.compose.hot-reload\hot-reload-runtime-api-jvm\1.0.0\b4c35542b0fe4f3743939f0e7a19739df369fa2e\hot-reload-runtime-api-jvm-1.0.0.jar;D:\Gradle\caches\modules-2\files-2.1\org.jetbrains.compose.desktop\desktop-jvm\1.9.0\760a7f1c3278719f2ab9fa443228956e64a7a18e\desktop-jvm-1.9.0.jar;D:\Gradle\caches\modules-2\files-2.1\org.jetbrains.compose.components\components-resources-desktop\1.9.0\263d44e856cb89a759959eec68dafae6d1931110\library-desktop-1.9.0.jar;D:\Gradle\caches\modules-2\files-2.1\io.sellmair\evas-compose-jvm\1.3.0\1214dcce9040d1b9f856b02b443cf8c2ebe1573a\evas-compose-jvm-1.3.0.jar;D:\Gradle\caches\modules-2\files-2.1\io.sellmair\evas-jvm\1.3.0\74c1f6c46502ffda615a698c02b3166fc7e9b2b2\evas-jvm-1.3.0.jar;D:\Gradle\caches\modules-2\files-2.1\org.jetbrains.skiko\skiko-awt-runtime-windows-x64\0.9.22.2\fe554a74845abbd5710ef36d27421c470bbd996f\skiko-awt-runtime-windows-x64-0.9.22.2.jar;D:\Gradle\caches\modules-2\files-2.1\org.jetbrains.compose.material3\material3-desktop\1.8.2\1f1f838506ceb2c25499517559f120517770b014\material3-desktop-1.8.2.jar;D:\Gradle\caches\modules-2\files-2.1\org.jetbrains.compose.material\material-desktop\1.9.0\67e948eefe3e565d3be2ddf0918a12f676537b0d\material-desktop-1.9.0.jar;D:\Gradle\caches\modu-Dcompose.reload.devToolsDetached=false -Dcompose.reload.devToolsEnabled=true -Dcompose.reload.devToolsHeadless=false -Dcompose.reload.devToolsTransparencyEnabled=true -Dcompose.reload.dirtyResolveDepthLimit=5 -Dcompose.reload.effectsEnabled=true -Dcompose.reload.isActive=true -Dcompose.reload.launchMode=GradleBlocking -Dcompose.reload.logLevel=Info -Dcompose.reload.logStdout=false -Dcompose.reload.mainClass=org.dsqrwym.enterprise.MainKt -Dcompose.reload.pidFile=D:\yuzha\Proyecto_final\Proyecto\Frontend\Maian\enterprise\build\run\desktopMain\desktopMain.pid -Dcompose.reload.virtualMethodResolveEnabled=true -Dgradle.build.project=:enterprise -Dgradle.build.root=D:\yuzha\Proyecto_final\Proyecto\Frontend\Maian -Dgradle.build.task=hotReloadDesktopMain -Dorg.gradle.java.home=D:\Program Files\Android\Android Studio1\jbr -XX:+IgnoreUnrecognizedVMOptions -XX:+AllowEnhancedClassRedefinition -javaagent:D:\Gradle\caches\modules-2\files-2.1\org.jetbrains.compose.hot-reload\hot-reload-agent\1.0.0\b51a332b8899c060187ace065fef8c8eb62acfcc\hot-reload-agent-1.0.0.jar -Dfile.encoding=UTF-8 -Duser.country=CN -Duser.language=zh -Duser.variant 
java_command: org.dsqrwym.enterprise.MainKt
java_class_path (initial): D:\Gradle\.tmp\gradle-javaexec-classpath5280818088183541876.jar
Launcher Type: SUN_STANDARD

[Global flags]
     bool AllowEnhancedClassRedefinition           = true                                      {product} {command line}
     intx CICompilerCount                          = 4                                         {product} {ergonomic}
     uint ConcGCThreads                            = 3                                         {product} {ergonomic}
     uint G1ConcRefinementThreads                  = 10                                        {product} {ergonomic}
   size_t G1HeapRegionSize                         = 2097152                                   {product} {ergonomic}
     bool IgnoreUnrecognizedVMOptions              = true                                      {product} {command line}
   size_t InitialHeapSize                          = 257949696                                 {product} {ergonomic}
   size_t MarkStackSize                            = 4194304                                   {product} {ergonomic}
   size_t MarkStackSizeMax                         = 536870912                                 {product} {ergonomic}
   size_t MaxHeapSize                              = 4112515072                                {product} {ergonomic}
   size_t MaxNewSize                               = 2466250752                                {product} {ergonomic}
   size_t MinHeapDeltaBytes                        = 2097152                                   {product} {ergonomic}
   size_t MinHeapSize                              = 8388608                                   {product} {ergonomic}
    uintx NonNMethodCodeHeapSize                   = 5832704                                {pd product} {ergonomic}
    uintx NonProfiledCodeHeapSize                  = 122945536                              {pd product} {ergonomic}
    uintx ProfiledCodeHeapSize                     = 122880000                              {pd product} {ergonomic}
    uintx ReservedCodeCacheSize                    = 251658240                              {pd product} {ergonomic}
     bool SegmentedCodeCache                       = true                                      {product} {ergonomic}
   size_t SoftMaxHeapSize                          = 4112515072                             {manageable} {ergonomic}
     bool UseCompressedOops                        = true                           {product lp64_product} {ergonomic}
     bool UseG1GC                                  = true                                      {product} {ergonomic}
     bool UseLargePagesIndividualAllocation        = false                                  {pd product} {ergonomic}

Logging:
Log output configuration:
 #0: stdout all=warning uptime,level,tags foldmultilines=false
 #1: stderr all=off uptime,level,tags foldmultilines=false

Release file:
JAVA_VERSION="25.0.2" 
MODULES="java.base java.datatransfer java.xml java.prefs java.desktop gluegen.rt java.compiler java.instrument java.logging java.management java.security.sasl java.naming java.rmi java.management.rmi java.net.http java.scripting java.security.jgss java.transaction.xa java.sql java.sql.rowset java.xml.crypto java.se java.smartcardio jogl.all jcef jdk.accessibility jdk.internal.jvmstat jdk.attach jdk.charsets jdk.internal.opt jdk.zipfs jdk.compiler jdk.crypto.cryptoki jdk.crypto.ec jdk.crypto.mscapi jdk.dynalink jdk.hotspot.agent jdk.httpserver jdk.internal.ed jdk.internal.le jdk.internal.md jdk.internal.vm.ci jdk.javadoc jdk.jcmd jdk.jdwp.agent jdk.jdi jdk.jfr jdk.localedata jdk.management jdk.management.agent jdk.management.jfr jdk.naming.dns jdk.naming.rmi jdk.net jdk.sctp jdk.security.auth jdk.security.jgss jdk.unsupported jdk.unsupported.desktop jdk.xml.dom" 
IMPLEMENTOR="JetBrains s.r.o." 
IMPLEMENTOR_VERSION="JBR-25.0.2+1-329.117-jcef" 
JAVA_RUNTIME_VERSION="25.0.2+1-b329.117" 
LIBC="default" 
OS_ARCH="x86_64" 
OS_NAME="Windows" 
SOURCE=".:git:b692a8ec6ff7+ jcef_git:git:4a605f44671a" 
JCEF_VERSION="137.0.17.1142+g68de80b" 
JCEF_COMMIT_HASH="68de80bc86de497c8d0632ad0f8fe33625b33bff" 
JCEF_VERSION_DETAILED=137.0.17-gf354b0e-chromium-137.0.7151.104-api-1.21-261-b81

Environment Variables:
JAVA_HOME=C:\Program Files\Eclipse Adoptium\jdk-21.0.6.7-hotspot\
PATH=C:\Python314\Scripts\;C:\Python314\;C:\Program Files\Eclipse Adoptium\jdk-21.0.6.7-hotspot\bin;C:\Program Files\Eclipse Adoptium\jdk-17.0.14.7-hotspot\bin;C:\Python312\Scripts\;C:\Python312\;C:\Program Files\Eclipse Adoptium\jdk-21.0.6.7-hotspot\\bin;C:\Program Files\Eclipse Adoptium\jdk-21.0.6.7-hotspot\jre\bin;C:\WINDOWS\system32;C:\WINDOWS;C:\WINDOWS\System32\Wbem;C:\WINDOWS\System32\WindowsPowerShell\v1.0\;C:\WINDOWS\System32\OpenSSH\;C:\Program Files\Microsoft SQL Server\150\Tools\Binn\;D:\yuzha\Documents\XIAOMI\platform-tools;C:\ProgramData\chocolatey\bin;C:\Program Files\Git\cmd;D:\Users\sqlite3;D:\Program Files\AutoFirma\AutoFirma;C:\Program Files\dotnet\;C:\Program Files (x86)\cloudflared\;c:\Users\yuzha\AppData\Local\Programs\cursor\resources\app\bin;C:\Program Files\HP\HP One Agent;C:\Program Files (x86)\Windows Kits\10\Windows Performance Toolkit\;D:\Program Files (x86)\WinSCP\;C:\Program Files\Docker\Docker\resources\bin;D:\Program Files\nodejs\;C:\Users\yuzha\AppData\Local\pnpm;C:\Users\yuzha\AppData\Local\Microsoft\WindowsApps;C:\Users\yuzha\AppData\Local\Programs\Microsoft VS Code\bin;C:\Users\yuzha\.dotnet\tools;D:\Program Files\JetBrains\IntelliJ IDEA Community Edition 2024.2.1\bin;D:\Program Files\nodejs\;D:\Program Files\JetBrains\IntelliJ IDEA 2024.2.3\bin;C:\Users\yuzha\AppData\Local\Microsoft\WindowsApps;C:\Users\yuzha\.dotnet\tools;D:\Program Files\JetBrains\PyCharm Community Edition 2024.3.1.1\bin;C:\Users\yuzha\AppData\Local\Programs\Ollama;D:\Program Files\JetBrains\JetBrains Rider 2024.3.5\bin;D:\npm-global;C:\Users\yuzha\.bun\bin;D:\Users\yuzha\AppData\Local\Programs\cursor\resources\app\bin;D:\Program Files\JetBrains\IntelliJ IDEA 2025.3.2\bin;C:\Users\yuzha\AppData\Roaming\npm
USERNAME=yuzha
OS=Windows_NT
PROCESSOR_IDENTIFIER=AMD64 Family 25 Model 80 Stepping 0, AuthenticAMD
TMP=C:\Users\yuzha\AppData\Local\Temp
TEMP=C:\Users\yuzha\AppData\Local\Temp




Compilation memory statistics disabled.

Periodic native trim disabled

JNI global refs:
JNI global refs: 158, weak refs: 12

JNI global refs memory usage: 2099, weak refs: 1529

Process memory usage:
Resident Set Size: 999176K (6% of 16057404K total physical memory with 2297152K free physical memory)

OOME stack traces (most recent first):
Classloader memory used:
Loader jdk.internal.loader.ClassLoaders$AppClassLoader                                 : 67630 K
Loader bootstrap                                                                       : 14569 K
Loader jdk.internal.loader.ClassLoaders$PlatformClassLoader                            : 164 K

Classes loaded by more than one classloader:
Class org.dsqrwym.shared.AppRootKt                                                    : loaded 3 times (x 73B)
Class org.dsqrwym.shared.AppRootKt$AppRoot$1$1                                        : loaded 3 times (x 97B)
Class org.dsqrwym.shared.AppRootKt$AppRoot$2$1$1$1$1                                  : loaded 3 times (x 97B)
Class org.dsqrwym.shared.AppRootKt$AppRoot$2$1$1$1$1$1                                : loaded 3 times (x 77B)
Class maian.shared.generated.resources.String2_commonMainKt                           : loaded 2 times (x 73B)
Class maian.shared.generated.resources.String1_commonMainKt                           : loaded 2 times (x 73B)
Class org.dsqrwym.enterprise.ui.screens.categories.ComposableSingletons$CategoriesListScreenKt: loaded 2 times (x 73B)
Class org.dsqrwym.enterprise.ui.screens.categories.CategoriesListScreenKt             : loaded 2 times (x 73B)
Class org.dsqrwym.shared.theme.MyMaterialThemeKt                                      : loaded 2 times (x 73B)

---------------  S Y S T E M  ---------------

OS:
 Windows 11 , 64 bit Build 26100 (10.0.26100.8246)
OS uptime: 11 days 7:30 hours
Hyper-V role detected

CPU: total 12 (initial active 12) (12 cores per cpu, 2 threads per core) family 25 model 80 stepping 0 microcode 0xa500014, cx8, cmov, fxsr, ht, mmx, 3dnowpref, sse, sse2, sse3, ssse3, sse4a, sse4.1, sse4.2, popcnt, lzcnt, tsc, tscinvbit, avx, avx2, aes, erms, clmul, bmi1, bmi2, adx, sha, fma, vzeroupper, clflush, clflushopt, clwb, hv, rdtscp, rdpid, fsrm, f16c, cet_ss
Processor Information for the first 12 processors :
  Max Mhz: 2000, Current Mhz: 2000, Mhz Limit: 2000

Memory: 4k page, system-wide physical 15681M (2244M free)
TotalPageFile size 45501M (AvailPageFile size 10319M)
current process WorkingSet (physical memory assigned to process): 976M, peak: 1053M
current process commit charge ("private bytes"): 1310M, peak: 1342M

vm_info: OpenJDK 64-Bit Server VM (25.0.2+1-b329.117) for windows-amd64 JRE (25.0.2+1-b329.117), built on 2026-04-20 with MS VC++ 17.14 (VS2022)

END.
