#
# A fatal error has been detected by the Java Runtime Environment:
#
#  EXCEPTION_ACCESS_VIOLATION (0xc0000005) at pc=0x00007ffd9d2428d1, pid=23484, tid=12344
#
# JRE version: OpenJDK Runtime Environment JBR-21.0.10+1-1163.110-nomod (21.0.10+1) (build 21.0.10+1-b1163.110)
# Java VM: OpenJDK 64-Bit Server VM JBR-21.0.10+1-1163.110-nomod (21.0.10+1-b1163.110, mixed mode, sharing, tiered, compressed oops, compressed class ptrs, g1 gc, windows-amd64)
# Problematic frame:
# C  [NativeVideoPlayer.dll+0x28d1]
#
# No core dump will be written. Minidumps are not enabled by default on client versions of Windows
#
# If you would like to submit a bug report, please visit:
#   https://youtrack.jetbrains.com/issues/JBR
# The crash happened outside the Java Virtual Machine in native code.
# See problematic frame for where to report the bug.
#

---------------  S U M M A R Y ------------

Command Line: -Dcompose.reload.argfile=D:\yuzha\Proyecto_final\Proyecto\Frontend\Maian\enterprise\build\run\desktopMain\desktopMain.argfile -Dcompose.reload.build.continuous=false -Dcompose.reload.build.warmup=true -Dcompose.reload.buildSystem=Gradle -Dcompose.reload.devToolsClasspath=D:\Gradle\caches\modules-2\files-2.1\org.jetbrains.compose.hot-reload\hot-reload-devtools\1.1.1\bc27016efe338fc35c213cac2349d477adc08095\hot-reload-devtools-1.1.1.jar;D:\Gradle\caches\modules-2\files-2.1\org.jetbrains.compose.hot-reload\hot-reload-devtools-api\1.1.1\78295e7e36c6e1258d87e238865978a1a980da99\hot-reload-devtools-api-1.1.1.jar;D:\Gradle\caches\modules-2\files-2.1\org.jetbrains.compose.hot-reload\hot-reload-orchestration\1.1.1\7b5f9ed6f49115dd0ab30a91bd22214f101d23f\hot-reload-orchestration-1.1.1.jar;D:\Gradle\caches\modules-2\files-2.1\org.jetbrains.compose.hot-reload\hot-reload-core\1.1.1\f31266b5813648696560864a541a2fe784a0a671\hot-reload-core-1.1.1.jar;D:\Gradle\caches\modules-2\files-2.1\org.jetbrains.compose.hot-reload\hot-reload-runtime-api-jvm\1.1.1\61c13a79480c55140cbd9fe1ca651d86efcbee7\hot-reload-runtime-api-jvm-1.1.1.jar;D:\Gradle\caches\modules-2\files-2.1\org.jetbrains.compose.desktop\desktop-jvm\1.10.0\42facd9840309ac4eb841a986c5d1b97d2780471\desktop-jvm-1.10.0.jar;D:\Gradle\caches\modules-2\files-2.1\org.jetbrains.compose.components\components-resources-desktop\1.10.0\c6115b607f77e9d033de360f989850d3824bf112\library-desktop-1.10.0.jar;D:\Gradle\caches\modules-2\files-2.1\io.sellmair\evas-compose-jvm\1.4.0\a89b78f345d4a21a29c295820e4aa931aec1b93b\evas-compose-jvm-1.4.0.jar;D:\Gradle\caches\modules-2\files-2.1\io.sellmair\evas-jvm\1.4.0\3c6955af5c56c65290575b2b998ec166c5079de4\evas-jvm-1.4.0.jar;D:\Gradle\caches\modules-2\files-2.1\org.jetbrains.skiko\skiko-awt-runtime-windows-x64\0.9.37.3\2f9bb0ad1dd10255bea3b0099940b7163bf40da7\skiko-awt-runtime-windows-x64-0.9.37.3.jar;D:\Gradle\caches\modules-2\files-2.1\org.jetbrains.compose.material3\material3-desktop\1.9.0\19004c4eb3dc6618eb66a076bbe3d7e1a2e7b85\material3-desktop-1.9.0.jar;D:\Gradle\caches\modules-2\files-2.1\org.jetbrains.compose.material\material-desktop\1.10.0\63e1c3c6705d111bf84e41110e7729df5b85163e\material-desktop-1.10.0.jar;D:\Gradle\caches\-Dcompose.reload.devToolsDetached=false -Dcompose.reload.devToolsEnabled=true -Dcompose.reload.devToolsHeadless=false -Dcompose.reload.devToolsTransparencyEnabled=true -Dcompose.reload.dirtyResolveDepthLimit=5 -Dcompose.reload.effectsEnabled=true -Dcompose.reload.isActive=true -Dcompose.reload.launchMode=GradleBlocking -Dcompose.reload.logLevel=Info -Dcompose.reload.logStdout=false -Dcompose.reload.mainClass=org.dsqrwym.enterprise.MainKt -Dcompose.reload.pidFile=D:\yuzha\Proyecto_final\Proyecto\Frontend\Maian\enterprise\build\run\desktopMain\desktopMain.pid -Dcompose.reload.staticsReinitializeMode=AllDirty -Dcompose.reload.virtualMethodResolveEnabled=true -Dgradle.build.project=:enterprise -Dgradle.build.root=D:\yuzha\Proyecto_final\Proyecto\Frontend\Maian -Dgradle.build.task=hotReloadDesktopMain -Dgradle.offline.mode=false -Dorg.gradle.java.home=C:\Program Files\Eclipse Adoptium\jdk-21.0.6.7-hotspot -XX:+IgnoreUnrecognizedVMOptions -XX:+AllowEnhancedClassRedefinition -javaagent:D:\Gradle\caches\modules-2\files-2.1\org.jetbrains.compose.hot-reload\hot-reload-agent\1.1.1\15bff959a6459c2786e055fba794266fade25ade\hot-reload-agent-1.1.1.jar -Dfile.encoding=UTF-8 -Duser.country=CN -Duser.language=zh -Duser.variant org.dsqrwym.enterprise.MainKt

Host: AMD Ryzen 5 7530U with Radeon Graphics         , 12 cores, 15G,  Windows 11 , 64 bit Build 26100 (10.0.26100.8328)
Time: Wed May 13 23:03:25 2026 elapsed time: 119.380475 seconds (0d 0h 1m 59s)

---------------  T H R E A D  ---------------

Current thread (0x0000020016b405c0):  JavaThread "DefaultDispatcher-worker-4" daemon [_thread_in_native, id=12344, stack(0x0000007075200000,0x0000007075300000) (1024K)]

Stack: [0x0000007075200000,0x0000007075300000],  sp=0x00000070752ff250,  free space=1020k
Native frames: (J=compiled Java code, j=interpreted, Vv=VM code, C=native code)
C  [NativeVideoPlayer.dll+0x28d1]

Java frames: (J=compiled Java code, j=interpreted, Vv=VM code)
j  io.github.kdroidfilter.composemediaplayer.windows.WindowsNativeBridge.nOpenMedia(JLjava/lang/String;Z)I+0
j  io.github.kdroidfilter.composemediaplayer.windows.WindowsNativeBridge.OpenMedia(JLjava/lang/String;Z)I+10
j  io.github.kdroidfilter.composemediaplayer.windows.WindowsVideoPlayerState$openUriInternal$1.invokeSuspend(Ljava/lang/Object;)Ljava/lang/Object;+716
J 8506 c2 kotlin.coroutines.jvm.internal.BaseContinuationImpl.resumeWith(Ljava/lang/Object;)V (124 bytes) @ 0x000001fff7c8f7d4 [0x000001fff7c8f740+0x0000000000000094]
J 10532 c2 kotlinx.coroutines.DispatchedTask.run()V (400 bytes) @ 0x000001fff7dc126c [0x000001fff7dc0fe0+0x000000000000028c]
J 6690 c1 kotlinx.coroutines.scheduling.CoroutineScheduler.runSafely(Lkotlinx/coroutines/scheduling/Task;)V (73 bytes) @ 0x000001fff06ca454 [0x000001fff06ca340+0x0000000000000114]
J 6649 c1 kotlinx.coroutines.scheduling.CoroutineScheduler$Worker.executeTask(Lkotlinx/coroutines/scheduling/Task;)V (168 bytes) @ 0x000001fff06be5d4 [0x000001fff06be160+0x0000000000000474]
j  kotlinx.coroutines.scheduling.CoroutineScheduler$Worker.runWorker()V+44
j  kotlinx.coroutines.scheduling.CoroutineScheduler$Worker.run()V+1
v  ~StubRoutines::call_stub 0x000001fff714100d

siginfo: EXCEPTION_ACCESS_VIOLATION (0xc0000005), reading address 0xffffffffffffffff


Registers:
RAX=0x000002001664d920, RBX=0x0000000000000000, RCX=0x3ebebebf00000000, RDX=0x0000000000000000
RSP=0x00000070752ff250, RBP=0x00000070752ff2a0, RSI=0x0000000000000001, RDI=0x000001ffd2be77a0
R8 =0x000001ffe9cb2780, R9 =0x000001ffe9cb2780, R10=0x000001ffe9ca0000, R11=0x00000070752ff0a0
R12=0x0000000000000000, R13=0x00000200301a66f0, R14=0x00000070752ff301, R15=0x0000000000000000
RIP=0x00007ffd9d2428d1, EFLAGS=0x0000000000010202

XMM[0]=0x0000000000000000 0x0000000000000000
XMM[1]=0x0000000000000000 0x0000000000000000
XMM[2]=0x4935be5c5fb0fce9 0x0000000000000000
XMM[3]=0x0000000000000000 0x0000000000000005
XMM[4]=0x0000000000000500 0x0000000000000013
XMM[5]=0x0000000000000015 0xb07b6c15e5fe32b1
XMM[6]=0x0000000000000000 0xe14fd9ee44acf2b1
XMM[7]=0x0000000000000000 0xe890d36c29899a14
XMM[8]=0x0000000000000000 0xded560a593f5871c
XMM[9]=0x0000000000000000 0x168c3cf1bd195fb9
XMM[10]=0x0000000000000000 0x00000000a68d22c8
XMM[11]=0x0000000000000000 0x3513d726f22d36df
XMM[12]=0x0000000000000000 0x00000000bd195fb9
XMM[13]=0x0000000000000000 0x0000000000000000
XMM[14]=0x0000000000000000 0x0000000000000000
XMM[15]=0x0000000000000000 0x0000000000000000
  MXCSR=0x00001fa7


Register to memory mapping:

RAX=0x000002001664d920 points into unknown readable memory: 0x3ebebebf00000000 | 00 00 00 00 bf be be 3e
RBX=0x0 is null
RCX=0x3ebebebf00000000 is an unknown value
RDX=0x0 is null
RSP=0x00000070752ff250 is pointing into the stack for thread: 0x0000020016b405c0
RBP=0x00000070752ff2a0 is pointing into the stack for thread: 0x0000020016b405c0
RSI=0x0000000000000001 is an unknown value
RDI=0x000001ffd2be77a0 points into unknown readable memory: 0x0070007400740068 | 68 00 74 00 74 00 70 00
R8 =0x000001ffe9cb2780 points into unknown readable memory: 0x000001ffe9ca0e10 | 10 0e ca e9 ff 01 00 00
R9 =0x000001ffe9cb2780 points into unknown readable memory: 0x000001ffe9ca0e10 | 10 0e ca e9 ff 01 00 00
R10=0x000001ffe9ca0000 points into unknown readable memory: 0x0000000000000000 | 00 00 00 00 00 00 00 00
R11=0x00000070752ff0a0 is pointing into the stack for thread: 0x0000020016b405c0
R12=0x0 is null
R13=0x00000200301a66f0 is pointing into metadata
R14=0x00000070752ff301 is pointing into the stack for thread: 0x0000020016b405c0
R15=0x0 is null

Top of Stack: (sp=0x00000070752ff250)
0x00000070752ff250:   0000000000000000 0000000000000000
0x00000070752ff260:   0000000000000000 000001ffd2be77a0
0x00000070752ff270:   00000007136f3ca8 00007ffcfe9ee658
0x00000070752ff280:   0000020016b405c0 000001ffcf7ec7c0
0x00000070752ff290:   00000070752ff2b0 0000000000009975
0x00000070752ff2a0:   0000020016b405c0 00000070752ff3c0
0x00000070752ff2b0:   0000000000000000 00000070752ff3b0
0x00000070752ff2c0:   000001ffd2be77a0 00007ffd9d247f63
0x00000070752ff2d0:   000002001664d920 000002001664d920
0x00000070752ff2e0:   0000020016b40980 0000000000000000
0x00000070752ff2f0:   0000000000000004 000001fff714cd6b
0x00000070752ff300:   00000070752ff388 00000200301a66f8
0x00000070752ff310:   0000000000000004 0000000000000004
0x00000070752ff320:   0000000000000000 00000070752ff410
0x00000070752ff330:   00000070752ff3c0 000001fff714c9ff
0x00000070752ff340:   00000070752ff340 00000200301a66f0
0x00000070752ff350:   0000000000000007 00000200301a8850
0x00000070752ff360:   0000000000000000 0000000711e391a0
0x00000070752ff370:   00000200301a66f8 0000000000000000
0x00000070752ff380:   00000070752ff3a8 00000070752ff410
0x00000070752ff390:   000001fff7148988 0000000711e391a0
0x00000070752ff3a0:   000001fff714a3d5 0000000000000000
0x00000070752ff3b0:   0000000711e39220 000002001664d920
0x00000070752ff3c0:   0000000000000000 00000070752ff3c8
0x00000070752ff3d0:   00000200301a77ea 0000000000000006
0x00000070752ff3e0:   00000200301a8850 0000000000000000
0x00000070752ff3f0:   0000000711e391a0 00000200301a7828
0x00000070752ff400:   00000070752ff3a8 00000070752ff420
0x00000070752ff410:   00000070752ff490 000001fff7148988
0x00000070752ff420:   0000000000000000 0000000711e39220
0x00000070752ff430:   000002001664d920 0000000000000000
0x00000070752ff440:   0000000711e39238 00000070752ff448 

Instructions: (pc=0x00007ffd9d2428d1)
0x00007ffd9d2427d1:   01 00 00 48 8b 45 30 c6 80 59 01 00 00 00 48 8b
0x00007ffd9d2427e1:   cf e8 e9 ee ff ff 84 c0 0f 84 e3 fe ff ff 45 8b
0x00007ffd9d2427f1:   c7 48 8b d7 48 8b 4d 30 e8 12 f2 ff ff e9 27 07
0x00007ffd9d242801:   00 00 48 8b 45 30 48 8b 08 48 8b 01 45 33 c0 ba
0x00007ffd9d242811:   fe ff ff ff ff 50 20 8b d8 85 c0 0f 88 eb 06 00
0x00007ffd9d242821:   00 48 8b 45 30 48 8b 08 48 8b 01 44 8b c6 ba fc
0x00007ffd9d242831:   ff ff ff ff 50 20 8b d8 85 c0 0f 88 cc 06 00 00
0x00007ffd9d242841:   4c 89 65 48 48 8d 4d 48 ff 15 f1 88 00 00 8b d8
0x00007ffd9d242851:   85 c0 0f 88 a0 06 00 00 48 8b 4d 48 48 8b 01 4c
0x00007ffd9d242861:   8d 05 09 8d 00 00 48 8d 15 42 8c 00 00 ff 90 c0
0x00007ffd9d242871:   00 00 00 48 8b 4d 48 48 8b 01 4c 8d 05 5e 8b 00
0x00007ffd9d242881:   00 48 8d 15 37 8c 00 00 ff 90 c0 00 00 00 48 8b
0x00007ffd9d242891:   45 30 48 8b 08 48 8b 01 4c 8b 4d 48 45 33 c0 ba
0x00007ffd9d2428a1:   fc ff ff ff ff 50 38 8b d8 85 c0 0f 88 47 06 00
0x00007ffd9d2428b1:   00 48 8b 4d 48 48 85 c9 74 0b 4c 89 65 48 48 8b
0x00007ffd9d2428c1:   01 ff 50 10 90 4c 89 65 48 48 8b 45 30 48 8b 08
0x00007ffd9d2428d1:   48 8b 01 4c 8d 45 48 ba fc ff ff ff ff 50 30 85
0x00007ffd9d2428e1:   c0 78 29 4c 8b 45 30 4d 8d 48 24 49 83 c0 20 48
0x00007ffd9d2428f1:   8b 4d 48 e8 87 e7 ff ff 48 8b 4d 30 8b 41 20 89
0x00007ffd9d242901:   41 28 48 8b 4d 30 8b 41 24 89 41 2c 48 8b 4d 48
0x00007ffd9d242911:   48 85 c9 74 0b 4c 89 65 48 48 8b 01 ff 50 10 90
0x00007ffd9d242921:   48 8b 45 30 48 8b 08 48 8b 01 44 8b c6 ba fd ff
0x00007ffd9d242931:   ff ff ff 50 20 85 c0 0f 88 f3 01 00 00 44 89 65
0x00007ffd9d242941:   e0 45 8b c4 44 89 65 48 48 8b 45 30 48 8b 08 48
0x00007ffd9d242951:   85 c9 74 61 4c 89 65 f0 48 8b 01 4c 8d 4d f0 ba
0x00007ffd9d242961:   fd ff ff ff ff 50 28 85 c0 78 2b 48 8b 4d f0 48
0x00007ffd9d242971:   8b 01 4c 8d 45 e0 48 8d 15 52 8b 00 00 ff 50 38
0x00007ffd9d242981:   48 8b 4d f0 48 8b 01 4c 8d 45 48 48 8d 15 4d 8b
0x00007ffd9d242991:   00 00 ff 50 38 90 48 8b 4d f0 48 85 c9 74 0b 4c
0x00007ffd9d2429a1:   89 65 f0 48 8b 01 ff 50 10 90 8b 55 e0 44 8b 45
0x00007ffd9d2429b1:   48 85 d2 75 08 ba 02 00 00 00 89 55 e0 45 85 c0
0x00007ffd9d2429c1:   75 0a 41 b8 80 bb 00 00 44 89 45 48 48 8d 45 30 


Stack slot to memory mapping:

stack at sp + 0 slots: 0x0 is null
stack at sp + 1 slots: 0x0 is null
stack at sp + 2 slots: 0x0 is null
stack at sp + 3 slots: 0x000001ffd2be77a0 points into unknown readable memory: 0x0070007400740068 | 68 00 74 00 74 00 70 00
stack at sp + 4 slots: 0x00000007136f3ca8 is an oop: [B 
{0x00000007136f3ca8} - klass: {type array byte}
 - length: 345
stack at sp + 5 slots: 0x00007ffcfe9ee658 jvm.dll::jni_GetStringChars + 0x218
stack at sp + 6 slots: 0x0000020016b405c0 is a thread
stack at sp + 7 slots: 0x000001ffcf7ec7c0 points into unknown readable memory: 0x00007ffdb2e18810 | 10 88 e1 b2 fd 7f 00 00


Compiled method (c2) 119795 8506   !   4       kotlin.coroutines.jvm.internal.BaseContinuationImpl::resumeWith (124 bytes)
 total in heap  [0x000001fff7c8f590,0x000001fff7c8fbc0] = 1584
 relocation     [0x000001fff7c8f6f0,0x000001fff7c8f740] = 80
 main code      [0x000001fff7c8f740,0x000001fff7c8f990] = 592
 stub code      [0x000001fff7c8f990,0x000001fff7c8f9b8] = 40
 oops           [0x000001fff7c8f9b8,0x000001fff7c8f9c0] = 8
 metadata       [0x000001fff7c8f9c0,0x000001fff7c8f9f0] = 48
 scopes data    [0x000001fff7c8f9f0,0x000001fff7c8fab0] = 192
 scopes pcs     [0x000001fff7c8fab0,0x000001fff7c8fb50] = 160
 dependencies   [0x000001fff7c8fb50,0x000001fff7c8fb60] = 16
 handler table  [0x000001fff7c8fb60,0x000001fff7c8fbc0] = 96

[Constant Pool (empty)]

[MachCode]
[Entry Point]
  # {method} {0x000001ffc95f3c10} 'resumeWith' '(Ljava/lang/Object;)V' in 'kotlin/coroutines/jvm/internal/BaseContinuationImpl'
  # this:     rdx:rdx   = 'kotlin/coroutines/jvm/internal/BaseContinuationImpl'
  # parm0:    r8:r8     = 'java/lang/Object'
  #           [sp+0x30]  (sp of caller)
  0x000001fff7c8f740: 448b 5208 | 49bb 0000 | 0087 ff01 | 0000 4d03 | d349 3bc2 

  0x000001fff7c8f754: ;   {runtime_call ic_miss_stub}
  0x000001fff7c8f754: 0f85 26f0 | 4fff 6690 | 0f1f 4000 
[Verified Entry Point]
  0x000001fff7c8f760: 8984 2400 | 80ff ff55 | 4883 ec20 | 4181 7f20 | 0e00 0000 | 0f85 0902 | 0000 8b6a | 0c85 ed0f 
  0x000001fff7c8f780: 849b 0100 | 004d 8d14 | ec48 8bea | 4c89 1424 | eb2e 0f1f | 8000 0000 | 000f 1f80 | 0000 0000 
  0x000001fff7c8f7a0: 4c8b 1424 | 418b 6a0c | 85ed 0f84 | 4f01 0000 | 4d8d 1cec | 4c8b 4424 | 0849 8bea | 4c89 1c24 
  0x000001fff7c8f7c0: 488b d566 | 9048 b8ff | ffff ffff 

  0x000001fff7c8f7cc: ;   {virtual_call}
  0x000001fff7c8f7cc: ffff ffe8 

  0x000001fff7c8f7d0: ; ImmutableOopMap {rbp=Oop [0]=Oop }
                      ;*invokevirtual invokeSuspend {reexecute=0 rethrow=0 return_oop=1}
                      ; - kotlin.coroutines.jvm.internal.BaseContinuationImpl::resumeWith@40 (line 34)
  0x000001fff7c8f7d0: cc6c 5cff 

  0x000001fff7c8f7d4: ;   {other}
  0x000001fff7c8f7d4: 0f1f 8400 | 4402 0000 

  0x000001fff7c8f7dc: ;   {oop(a 'kotlin/coroutines/intrinsics/CoroutineSingletons'{0x000000070b24e418})}
  0x000001fff7c8f7dc: 49ba 18e4 | 240b 0700 | 0000 493b | c20f 84fd | 0000 0048 | 8944 2408 | 488b d566 | 9048 b8ff 
  0x000001fff7c8f7fc: ffff ffff 

  0x000001fff7c8f800: ;   {virtual_call}
  0x000001fff7c8f800: ffff ffe8 

  0x000001fff7c8f804: ; ImmutableOopMap {[0]=Oop [8]=Oop }
                      ;*invokevirtual releaseIntercepted {reexecute=0 rethrow=0 return_oop=0}
                      ; - kotlin.coroutines.jvm.internal.BaseContinuationImpl::resumeWith@90 (line 40)
  0x000001fff7c8f804: 806d 5cff 

  0x000001fff7c8f808: ;   {other}
  0x000001fff7c8f808: 0f1f 8400 | 7802 0001 | 4c8b 0424 | 458b 5808 | 48be 0000 | 0087 ff01 | 0000 4903 | f34c 8b56 
  0x000001fff7c8f828: ;   {metadata('kotlin/coroutines/jvm/internal/BaseContinuationImpl')}
  0x000001fff7c8f828: 3849 bb30 | 7b02 89ff | 0100 004d | 3bd3 0f85 | 9000 0000 | 4d8b 9f58 

  0x000001fff7c8f840: ; ImmutableOopMap {r8=Oop [0]=Oop [8]=Oop }
                      ;*goto {reexecute=1 rethrow=0 return_oop=0}
                      ; - (reexecute) kotlin.coroutines.jvm.internal.BaseContinuationImpl::resumeWith@121 (line 30)
                      ;   {poll}
  0x000001fff7c8f840: 0400 0041 | 8503 4c8b 

  0x000001fff7c8f848: ;   {metadata('kotlin/coroutines/Continuation')}
  0x000001fff7c8f848: 5620 49bb | 88f8 0189 | ff01 0000 | 4d3b d30f | 8443 ffff 

  0x000001fff7c8f85c: ;   {metadata('kotlin/coroutines/Continuation')}
  0x000001fff7c8f85c: ff48 b888 | f801 89ff | 0100 0048 | 33ff 4c8b | 9ea0 0000 | 0049 8bd3 | 48c1 e232 | 0f89 2100 
  0x000001fff7c8f87c: 0000 f348 | 0fb8 d248 | 8b5e 2848 | 3b04 d374 | 1549 0fba | e30e 730b | 49c1 cb0d 

  0x000001fff7c8f898: ;   {runtime_call StubRoutines (compiler stubs)}
  0x000001fff7c8f898: e8fa 8752 | ffeb 0348 | ffc7 4885 | ff0f 84f5 | feff ffba | deff ffff | 4c8b 5424 | 084c 8914 
  0x000001fff7c8f8b8: 244c 8944 

  0x000001fff7c8f8bc: ;   {runtime_call UncommonTrapBlob}
  0x000001fff7c8f8bc: 2408 90e8 

  0x000001fff7c8f8c0: ; ImmutableOopMap {[0]=Oop [8]=Oop }
                      ;*checkcast {reexecute=0 rethrow=0 return_oop=0}
                      ; - kotlin.coroutines.jvm.internal.BaseContinuationImpl::resumeWith@10 (line 29)
  0x000001fff7c8f8c0: bc4a 50ff 

  0x000001fff7c8f8c4: ;   {other}
  0x000001fff7c8f8c4: 0f1f 8400 | 3403 0003 | 488b 1424 | 4c8b 4424 | 0848 b8e0 | 643c 1700 

  0x000001fff7c8f8dc: ;   {virtual_call}
  0x000001fff7c8f8dc: 0200 00e8 

  0x000001fff7c8f8e0: ; ImmutableOopMap {}
                      ;*invokeinterface resumeWith {reexecute=0 rethrow=0 return_oop=0}
                      ; - kotlin.coroutines.jvm.internal.BaseContinuationImpl::resumeWith@114 (line 47)
  0x000001fff7c8f8e0: c46f 5cff 

  0x000001fff7c8f8e4: ;   {other}
  0x000001fff7c8f8e4: 0f1f 8400 | 5403 0004 | 4883 c420 

  0x000001fff7c8f8f0: ;   {poll_return}
  0x000001fff7c8f8f0: 5d49 3ba7 | 5004 0000 | 0f87 6f00 | 0000 c3ba | 45ff ffff | 4c8b 5c24 | 084c 891c | 244c 8954 
  0x000001fff7c8f910: ;   {runtime_call UncommonTrapBlob}
  0x000001fff7c8f910: 2408 90e8 

  0x000001fff7c8f914: ; ImmutableOopMap {rbp=NarrowOop [0]=Oop [8]=Oop }
                      ;*ifnonnull {reexecute=1 rethrow=0 return_oop=0}
                      ; - (reexecute) kotlin.jvm.internal.Intrinsics::checkNotNull@1 (line 24)
                      ; - kotlin.coroutines.jvm.internal.BaseContinuationImpl::resumeWith@31 (line 31)
  0x000001fff7c8f914: 684a 50ff 

  0x000001fff7c8f918: ;   {other}
  0x000001fff7c8f918: 0f1f 8400 | 8803 0005 | 4c89 0424 | 4889 5424 | 08ba 45ff 

  0x000001fff7c8f92c: ;   {runtime_call UncommonTrapBlob}
  0x000001fff7c8f92c: ffff 90e8 

  0x000001fff7c8f930: ; ImmutableOopMap {rbp=NarrowOop [0]=Oop [8]=Oop }
                      ;*ifnonnull {reexecute=1 rethrow=0 return_oop=0}
                      ; - (reexecute) kotlin.jvm.internal.Intrinsics::checkNotNull@1 (line 24)
                      ; - kotlin.coroutines.jvm.internal.BaseContinuationImpl::resumeWith@31 (line 31)
  0x000001fff7c8f930: 4c4a 50ff 

  0x000001fff7c8f934: ;   {other}
  0x000001fff7c8f934: 0f1f 8400 | a403 0006 

  0x000001fff7c8f93c: ;   {static_call}
  0x000001fff7c8f93c: 488b d0e8 

  0x000001fff7c8f940: ; ImmutableOopMap {rbp=Oop [0]=Oop }
                      ;*invokestatic createFailure {reexecute=0 rethrow=0 return_oop=1}
                      ; - kotlin.coroutines.jvm.internal.BaseContinuationImpl::resumeWith@76 (line 38)
  0x000001fff7c8f940: fcc8 2ef8 

  0x000001fff7c8f944: ;   {other}
  0x000001fff7c8f944: 0f1f 8400 | b403 0007 | 4889 4424 | 08e9 9efe | ffff 488b | d0eb 0848 | 8bd0 eb03 | 488b d048 
  0x000001fff7c8f964: 83c4 205d 

  0x000001fff7c8f968: ;   {runtime_call _rethrow_Java}
  0x000001fff7c8f968: e993 d85c 

  0x000001fff7c8f96c: ;   {internal_word}
  0x000001fff7c8f96c: ff49 baf1 | f8c8 f7ff | 0100 004d | 8997 6804 

  0x000001fff7c8f97c: ;   {runtime_call SafepointBlob}
  0x000001fff7c8f97c: 0000 e9fd 

  0x000001fff7c8f980: ;   {runtime_call StubRoutines (final stubs)}
  0x000001fff7c8f980: 5a50 ffe8 | 586b 4eff | e9ed fdff | fff4 f4f4 
[Stub Code]
  0x000001fff7c8f990: ;   {no_reloc}
  0x000001fff7c8f990: 48bb 1832 | 62c9 ff01 

  0x000001fff7c8f998: ;   {runtime_call I2C/C2I adapters}
  0x000001fff7c8f998: 0000 e9c4 

  0x000001fff7c8f99c: ;   {runtime_call ExceptionBlob}
  0x000001fff7c8f99c: 3a50 ffe9 | dc5a 5cff 
[Deopt Handler Code]
  0x000001fff7c8f9a4: e800 0000 | 0048 832c 

  0x000001fff7c8f9ac: ;   {runtime_call DeoptimizationBlob}
  0x000001fff7c8f9ac: 2405 e96d | 4d50 fff4 | f4f4 f4f4 
[/MachCode]


Compiled method (c2) 119806 10532   !   4       kotlinx.coroutines.DispatchedTask::run (400 bytes)
 total in heap  [0x000001fff7dc0d10,0x000001fff7dc2508] = 6136
 relocation     [0x000001fff7dc0e70,0x000001fff7dc0fd8] = 360
 main code      [0x000001fff7dc0fe0,0x000001fff7dc1930] = 2384
 stub code      [0x000001fff7dc1930,0x000001fff7dc19b0] = 128
 oops           [0x000001fff7dc19b0,0x000001fff7dc19d8] = 40
 metadata       [0x000001fff7dc19d8,0x000001fff7dc1aa8] = 208
 scopes data    [0x000001fff7dc1aa8,0x000001fff7dc1fe8] = 1344
 scopes pcs     [0x000001fff7dc1fe8,0x000001fff7dc2248] = 608
 dependencies   [0x000001fff7dc2248,0x000001fff7dc2270] = 40
 handler table  [0x000001fff7dc2270,0x000001fff7dc24e0] = 624
 nul chk table  [0x000001fff7dc24e0,0x000001fff7dc2508] = 40

[Constant Pool (empty)]

[MachCode]
[Entry Point]
  # {method} {0x000001ffc9646c80} 'run' '()V' in 'kotlinx/coroutines/DispatchedTask'
  #           [sp+0x80]  (sp of caller)
  0x000001fff7dc0fe0: 448b 5208 | 49bb 0000 | 0087 ff01 | 0000 4d03 | d349 3bc2 

  0x000001fff7dc0ff4: ;   {runtime_call ic_miss_stub}
  0x000001fff7dc0ff4: 0f85 86d7 | 3cff 6690 | 0f1f 4000 
[Verified Entry Point]
  0x000001fff7dc1000: 8984 2400 | 80ff ff55 | 4883 ec70 | 4181 7f20 | 0e00 0000 | 0f85 0609 | 0000 4889 | 5424 2066 
  0x000001fff7dc1020: 9048 b8ff | ffff ffff 

  0x000001fff7dc1028: ;   {virtual_call}
  0x000001fff7dc1028: ffff ffe8 

  0x000001fff7dc102c: ; ImmutableOopMap {[32]=Oop }
                      ;*invokevirtual getDelegate$kotlinx_coroutines_core {reexecute=0 rethrow=0 return_oop=1}
                      ; - kotlinx.coroutines.DispatchedTask::run@34 (line 80)
  0x000001fff7dc102c: 7054 49ff 

  0x000001fff7dc1030: ;   {other}
  0x000001fff7dc1030: 0f1f 8400 | 2003 0000 

  0x000001fff7dc1038: ; implicit exception: dispatches to 0x000001fff7dc177c
  0x000001fff7dc1038: 448b 5808 

  0x000001fff7dc103c: ;   {metadata('kotlinx/coroutines/internal/DispatchedContinuation')}
  0x000001fff7dc103c: 4181 fb18 | ae03 020f | 8583 0600 | 0044 8b50 | 2044 8954 | 2428 8b68 | 2849 8bd2 | 48c1 e203 
  0x000001fff7dc105c: 9048 b8b0 | 1279 ceff 

  0x000001fff7dc1064: ;   {virtual_call}
  0x000001fff7dc1064: 0100 00e8 

  0x000001fff7dc1068: ; ImmutableOopMap {rbp=NarrowOop [32]=Oop [40]=NarrowOop }
                      ;*invokeinterface getContext {reexecute=0 rethrow=0 return_oop=1}
                      ; - kotlinx.coroutines.DispatchedTask::run@64 (line 222)
  0x000001fff7dc1068: 6454 49ff 

  0x000001fff7dc106c: ;   {other}
  0x000001fff7dc106c: 0f1f 8400 | 5c03 0001 | 4889 4424 | 3085 ed0f | 84f8 0300 | 004d 8d1c 

  0x000001fff7dc1084: ;   {oop(a 'java/lang/Integer'{0x000000070b241fe8} = 0)}
  0x000001fff7dc1084: ec49 bae8 | 1f24 0b07 | 0000 004d | 3bda 0f85 | 8905 0000 | 448b 5424 | 284b 8d2c | d448 8bd5 
  0x000001fff7dc10a4: 9048 b810 | 1379 ceff 

  0x000001fff7dc10ac: ;   {virtual_call}
  0x000001fff7dc10ac: 0100 00e8 

  0x000001fff7dc10b0: ; ImmutableOopMap {rbp=Oop [32]=Oop [40]=NarrowOop [48]=Oop }
                      ;*invokeinterface getContext {reexecute=0 rethrow=0 return_oop=1}
                      ; - kotlinx.coroutines.DispatchedTask::run@107 (line 83)
  0x000001fff7dc10b0: 1c54 49ff 

  0x000001fff7dc10b4: ;   {other}
  0x000001fff7dc10b4: 0f1f 8400 | a403 0002 | 4889 4424 | 3848 8b54 | 2420 6666 | 9048 b8ff | ffff ffff 

  0x000001fff7dc10d0: ;   {virtual_call}
  0x000001fff7dc10d0: ffff ffe8 

  0x000001fff7dc10d4: ; ImmutableOopMap {rbp=Oop [32]=Oop [40]=NarrowOop [48]=Oop [56]=Oop }
                      ;*invokevirtual takeState$kotlinx_coroutines_core {reexecute=0 rethrow=0 return_oop=1}
                      ; - kotlinx.coroutines.DispatchedTask::run@115 (line 84)
  0x000001fff7dc10d4: b054 49ff 

  0x000001fff7dc10d8: ;   {other}
  0x000001fff7dc10d8: 0f1f 8400 | c803 0003 | 4889 4424 | 4048 8b54 | 2420 4c8b | c048 b8ff | ffff ffff 

  0x000001fff7dc10f4: ;   {virtual_call}
  0x000001fff7dc10f4: ffff ffe8 

  0x000001fff7dc10f8: ; ImmutableOopMap {rbp=Oop [32]=Oop [40]=NarrowOop [48]=Oop [56]=Oop [64]=Oop }
                      ;*invokevirtual getExceptionalResult$kotlinx_coroutines_core {reexecute=0 rethrow=0 return_oop=1}
                      ; - kotlinx.coroutines.DispatchedTask::run@123 (line 85)
  0x000001fff7dc10f8: ac59 49ff 

  0x000001fff7dc10fc: ;   {other}
  0x000001fff7dc10fc: 0f1f 8400 | ec03 0004 | 4885 c00f | 858b 0300 | 004c 8b54 | 2420 458b | 5a18 4183 | fb01 0f85 
  0x000001fff7dc111c: 0c02 0000 | 4c8b 5c24 | 3845 8b53 

  0x000001fff7dc1128: ;   {metadata('kotlin/coroutines/CombinedContext')}
  0x000001fff7dc1128: 0841 81fa | a8b1 0202 | 0f85 d403 | 0000 4889 | 6c24 3849 | 8beb 448b | 5510 498b | d248 c1e2 
  0x000001fff7dc1148: ;   {oop(a 'kotlinx/coroutines/Job$Key'{0x000000070b5f3bb8})}
  0x000001fff7dc1148: 0349 b8b8 | 3b5f 0b07 | 0000 0066 | 9048 b8a0 | 49fc 2900 

  0x000001fff7dc115c: ;   {virtual_call}
  0x000001fff7dc115c: 0200 00e8 

  0x000001fff7dc1160: ; ImmutableOopMap {rbp=Oop [32]=Oop [40]=NarrowOop [48]=Oop [56]=Oop [64]=Oop }
                      ;*invokeinterface get {reexecute=0 rethrow=0 return_oop=1}
                      ; - kotlin.coroutines.CombinedContext::get@14 (line 122)
                      ; - kotlinx.coroutines.DispatchedTask::run@151 (line 91)
  0x000001fff7dc1160: 6c53 49ff 

  0x000001fff7dc1164: ;   {other}
  0x000001fff7dc1164: 0f1f 8400 | 5404 0005 | 4c8b d048 | 85c0 7560 | 660f 1f44 | 0000 660f | 1f44 0000 | 448b 5d0c 
  0x000001fff7dc1184: ; implicit exception: dispatches to 0x000001fff7dc16e8
  0x000001fff7dc1184: 478b 54dc | 084b 8d14 

  0x000001fff7dc118c: ;   {metadata('kotlin/coroutines/CombinedContext')}
  0x000001fff7dc118c: dc41 81fa | a8b1 0202 | 0f85 ed00 | 0000 488b | ea44 8b5d | 1049 8bd3 | 48c1 e203 

  0x000001fff7dc11a8: ;   {oop(a 'kotlinx/coroutines/Job$Key'{0x000000070b5f3bb8})}
  0x000001fff7dc11a8: 49b8 b83b | 5f0b 0700 | 0000 6666 | 9048 b8a0 | 1379 ceff 

  0x000001fff7dc11bc: ;   {virtual_call}
  0x000001fff7dc11bc: 0100 00e8 

  0x000001fff7dc11c0: ; ImmutableOopMap {rbp=Oop [32]=Oop [40]=NarrowOop [48]=Oop [56]=Oop [64]=Oop }
                      ;*invokeinterface get {reexecute=0 rethrow=0 return_oop=1}
                      ; - kotlin.coroutines.CombinedContext::get@14 (line 122)
                      ; - kotlinx.coroutines.DispatchedTask::run@151 (line 91)
  0x000001fff7dc11c0: 0c53 49ff 

  0x000001fff7dc11c4: ;   {other}
  0x000001fff7dc11c4: 0f1f 8400 | b404 0006 | 4c8b d048 | 85c0 74ac | 488b 6c24 | 3845 8b42 

  0x000001fff7dc11dc: ;   {metadata('kotlinx/coroutines/Job')}
  0x000001fff7dc11dc: 0848 b8b0 | 1b03 89ff | 0100 0048 | be00 0000 | 87ff 0100 | 0049 03f0 | 4c8b 5e20 | 4c3b d80f 
  0x000001fff7dc11fc: 85af 0000 | 0048 896c | 2438 498b | ea48 8bd5 | 9048 b8b0 | 4bfc 2900 

  0x000001fff7dc1214: ;   {virtual_call}
  0x000001fff7dc1214: 0200 00e8 

  0x000001fff7dc1218: ; ImmutableOopMap {rbp=Oop [32]=Oop [40]=NarrowOop [48]=Oop [56]=Oop [64]=Oop }
                      ;*invokeinterface isActive {reexecute=0 rethrow=0 return_oop=0}
                      ; - kotlinx.coroutines.DispatchedTask::run@172 (line 92)
  0x000001fff7dc1218: 1c59 49ff 

  0x000001fff7dc121c: ;   {other}
  0x000001fff7dc121c: 0f1f 8400 | 0c05 0007 | 85c0 0f84 | 0f01 0000 | 488b 6c24 | 3848 8b54 | 2420 4c8b | 4424 4066 
  0x000001fff7dc123c: 9048 b8ff | ffff ffff 

  0x000001fff7dc1244: ;   {virtual_call}
  0x000001fff7dc1244: ffff ffe8 

  0x000001fff7dc1248: ; ImmutableOopMap {rbp=Oop [32]=Oop [40]=NarrowOop [48]=Oop }
                      ;*invokevirtual getSuccessfulResult$kotlinx_coroutines_core {reexecute=0 rethrow=0 return_oop=1}
                      ; - kotlinx.coroutines.DispatchedTask::run@308 (line 100)
  0x000001fff7dc1248: 1455 49ff 

  0x000001fff7dc124c: ;   {other}
  0x000001fff7dc124c: 0f1f 8400 | 3c05 0008 | 488b d54c | 8bc0 6666 | 9048 b800 | 0e79 ceff 

  0x000001fff7dc1264: ;   {virtual_call}
  0x000001fff7dc1264: 0100 00e8 

  0x000001fff7dc1268: ; ImmutableOopMap {[32]=Oop [48]=Oop }
                      ;*invokeinterface resumeWith {reexecute=0 rethrow=0 return_oop=0}
                      ; - kotlinx.coroutines.DispatchedTask::run@314 (line 100)
  0x000001fff7dc1268: 3c56 49ff 

  0x000001fff7dc126c: ;   {other}
  0x000001fff7dc126c: 0f1f 8400 | 5c05 0009 | 4883 c470 

  0x000001fff7dc1278: ;   {poll_return}
  0x000001fff7dc1278: 5d49 3ba7 | 5004 0000 | 0f87 8406 

  0x000001fff7dc1284: ;   {oop(a 'kotlinx/coroutines/Job$Key'{0x000000070b5f3bb8})}
  0x000001fff7dc1284: 0000 c349 | b8b8 3b5f | 0b07 0000 | 0048 b860 | 4afc 2900 

  0x000001fff7dc1298: ;   {virtual_call}
  0x000001fff7dc1298: 0200 00e8 

  0x000001fff7dc129c: ; ImmutableOopMap {[32]=Oop [40]=NarrowOop [48]=Oop [56]=Oop [64]=Oop }
                      ;*invokeinterface get {reexecute=0 rethrow=0 return_oop=1}
                      ; - kotlin.coroutines.CombinedContext::get@55 (line 127)
                      ; - kotlinx.coroutines.DispatchedTask::run@151 (line 91)
  0x000001fff7dc129c: 3052 49ff 

  0x000001fff7dc12a0: ;   {other}
  0x000001fff7dc12a0: 0f1f 8400 | 9005 000a | 4c8b d0e9 | 24ff ffff | 4833 ff4c | 8b9e a000 | 0000 498b | d348 c1e2 
  0x000001fff7dc12c0: 230f 8921 | 0000 00f3 | 480f b8d2 | 488b 5e28 | 483b 04d3 | 7415 490f | bae3 1d73 | 0b49 c1cb 
  0x000001fff7dc12e0: ;   {runtime_call StubRoutines (compiler stubs)}
  0x000001fff7dc12e0: 1ce8 b16d | 3fff eb03 | 48ff c748 | 85ff 0f84 | 0dff ffff | bade ffff | ff48 8b6c | 2420 4889 
  0x000001fff7dc1300: 4424 f88b | 4424 2889 | 4424 2048 | 8b44 24f8 | 48ff 7424 | 3048 8f44 | 2428 4c89 

  0x000001fff7dc131c: ;   {runtime_call UncommonTrapBlob}
  0x000001fff7dc131c: 5424 38e8 

  0x000001fff7dc1320: ; ImmutableOopMap {rbp=Oop [32]=NarrowOop [40]=Oop [56]=Oop [64]=Oop }
                      ;*checkcast {reexecute=0 rethrow=0 return_oop=0}
                      ; - kotlinx.coroutines.DispatchedTask::run@156 (line 91)
  0x000001fff7dc1320: 5c30 3dff 

  0x000001fff7dc1324: ;   {other}
  0x000001fff7dc1324: 0f1f 8400 | 1406 000b | 4183 fb02 | 0f84 eafd | ffff e9f6 | feff ff44 

  0x000001fff7dc133c: ;   {metadata('kotlinx/coroutines/StandaloneCoroutine')}
  0x000001fff7dc133c: 8b55 0841 | 81fa 90f7 | 0e02 0f85 | 0402 0000 | 488b d548 | 8b6c 2420 

  0x000001fff7dc1354: ;   {optimized virtual_call}
  0x000001fff7dc1354: 6666 90e8 

  0x000001fff7dc1358: ; ImmutableOopMap {rbp=Oop [32]=Oop [40]=NarrowOop [48]=Oop [56]=Oop [64]=Oop }
                      ;*invokeinterface getCancellationException {reexecute=0 rethrow=0 return_oop=1}
                      ; - kotlinx.coroutines.DispatchedTask::run@182 (line 93)
  0x000001fff7dc1358: 64ec 56f8 

  0x000001fff7dc135c: ;   {other}
  0x000001fff7dc135c: 0f1f 8400 | 4c06 000c | 4889 4424 | 504c 8b5c | 2420 458b 

  0x000001fff7dc1370: ;   {metadata('kotlinx/coroutines/internal/DispatchedContinuation')}
  0x000001fff7dc1370: 5308 4181 | fa18 ae03 | 020f 8552 | 0100 0049 | 8beb 4c89 | 5c24 2048 | 8b54 2450 

  0x000001fff7dc138c: ;   {oop("exception"{0x000000070b5bf980})}
  0x000001fff7dc138c: 49b8 80f9 | 5b0b 0700 

  0x000001fff7dc1394: ;   {static_call}
  0x000001fff7dc1394: 0000 90e8 

  0x000001fff7dc1398: ; ImmutableOopMap {rbp=Oop [32]=Oop [40]=NarrowOop [48]=Oop [56]=Oop [80]=Oop }
                      ;*invokestatic checkNotNullParameter {reexecute=0 rethrow=0 return_oop=0}
                      ; - kotlin.ResultKt::createFailure@3
                      ; - kotlinx.coroutines.DispatchedTask::run@259 (line 232)
  0x000001fff7dc1398: 84a9 99ff 

  0x000001fff7dc139c: ;   {other}
  0x000001fff7dc139c: 0f1f 8400 | 8c06 000d | 498b 87b8 | 0100 004c | 8bd0 4983 | c210 4d3b | 97c8 0100 | 000f 8345 
  0x000001fff7dc13bc: 0200 004d | 8997 b801 | 0000 410f | 1882 0001 | 0000 48c7 | 0001 0000 

  0x000001fff7dc13d4: ;   {metadata('kotlin/Result$Failure')}
  0x000001fff7dc13d4: 00c7 4008 | 78e1 0202 | 4489 600c | 4c8b d04c | 8954 2440 | 488b 5424 

  0x000001fff7dc13ec: ;   {oop("exception"{0x000000070b5bf980})}
  0x000001fff7dc13ec: 5049 b880 | f95b 0b07 

  0x000001fff7dc13f4: ;   {static_call}
  0x000001fff7dc13f4: 0000 00e8 

  0x000001fff7dc13f8: ; ImmutableOopMap {rbp=Oop [32]=Oop [40]=NarrowOop [48]=Oop [56]=Oop [64]=Oop [80]=Oop }
                      ;*invokestatic checkNotNullParameter {reexecute=0 rethrow=0 return_oop=0}
                      ; - kotlin.Result$Failure::<init>@3
                      ; - kotlin.ResultKt::createFailure@11 (line 122)
                      ; - kotlinx.coroutines.DispatchedTask::run@259 (line 232)
  0x000001fff7dc13f8: 24a9 99ff 

  0x000001fff7dc13fc: ;   {other}
  0x000001fff7dc13fc: 0f1f 8400 | ec06 000e | 4180 7f40 | 000f 856b | 0100 0048 | 8b5c 2440 | 4c8b 4424 | 504d 8bd8 
  0x000001fff7dc141c: 49c1 eb03 | 4489 5b0c | 4d8b d04c | 8bdb 4d33 | d349 c1ea | 154d 85d2 | 741f 4d85 | c074 1a49 
  0x000001fff7dc143c: c1eb 0948 | b900 907a | 7cff 0100 | 0049 03cb | 8039 020f | 8561 0100 | 0048 8b54 | 2438 4c8b 
  0x000001fff7dc145c: c348 b8a0 | 16ec cfff 

  0x000001fff7dc1464: ;   {virtual_call}
  0x000001fff7dc1464: 0100 00e8 

  0x000001fff7dc1468: ; ImmutableOopMap {rbp=Oop [32]=Oop [48]=Oop }
                      ;*invokeinterface resumeWith {reexecute=0 rethrow=0 return_oop=0}
                      ; - kotlinx.coroutines.DispatchedTask::run@265 (line 232)
  0x000001fff7dc1468: 3c54 49ff 

  0x000001fff7dc146c: ;   {other}
  0x000001fff7dc146c: 0f1f 8400 | 5c07 000f | e9fb fdff | ff48 8bd0 | 488b 6c24 

  0x000001fff7dc1480: ;   {static_call}
  0x000001fff7dc1480: 2066 90e8 

  0x000001fff7dc1484: ; ImmutableOopMap {rbp=Oop [32]=Oop [40]=NarrowOop [48]=Oop }
                      ;*invokestatic threadContextElements {reexecute=0 rethrow=0 return_oop=1}
                      ; - kotlinx.coroutines.internal.ThreadContextKt::updateThreadContext@7 (line 61)
                      ; - kotlinx.coroutines.DispatchedTask::run@75 (line 223)
  0x000001fff7dc1484: f8db 3cff 

  0x000001fff7dc1488: ;   {other}
  0x000001fff7dc1488: 0f1f 8400 | 7807 0010 | 4c8b d8e9 | edfb ffff 

  0x000001fff7dc1498: ;   {static_call}
  0x000001fff7dc1498: 488b d0e8 

  0x000001fff7dc149c: ; ImmutableOopMap {rbp=Oop [32]=Oop [40]=NarrowOop [48]=Oop }
                      ;*invokestatic createFailure {reexecute=0 rethrow=0 return_oop=1}
                      ; - kotlinx.coroutines.DispatchedTask::run@286 (line 98)
  0x000001fff7dc149c: a0ad 1bf8 

  0x000001fff7dc14a0: ;   {other}
  0x000001fff7dc14a0: 0f1f 8400 | 9007 0011 | 488b d54c | 8bc0 488b | 6c24 2066 | 9048 b8e0 | 12ec cfff 

  0x000001fff7dc14bc: ;   {virtual_call}
  0x000001fff7dc14bc: 0100 00e8 

  0x000001fff7dc14c0: ; ImmutableOopMap {rbp=Oop [32]=Oop [48]=Oop }
                      ;*invokeinterface resumeWith {reexecute=0 rethrow=0 return_oop=0}
                      ; - kotlinx.coroutines.DispatchedTask::run@292 (line 98)
  0x000001fff7dc14c0: e453 49ff 

  0x000001fff7dc14c4: ;   {other}
  0x000001fff7dc14c4: 0f1f 8400 | b407 0012 | e9a3 fdff 

  0x000001fff7dc14d0: ;   {metadata('kotlinx/coroutines/CancellableContinuationImpl')}
  0x000001fff7dc14d0: ff41 81fa | 282e 0302 | 0f85 8f01 | 0000 4d8b | d349 8bd2 | 4c8b 4424 | 404c 8b4c | 2450 498b 
  0x000001fff7dc14f0: ;   {optimized virtual_call}
  0x000001fff7dc14f0: ea66 90e8 

  0x000001fff7dc14f4: ; ImmutableOopMap {rbp=Oop [32]=Oop [40]=NarrowOop [48]=Oop [56]=Oop [80]=Oop }
                      ;*invokevirtual cancelCompletedResult$kotlinx_coroutines_core {reexecute=0 rethrow=0 return_oop=0}
                      ; - kotlinx.coroutines.DispatchedTask::run@197 (line 94)
  0x000001fff7dc14f4: 3804 0000 

  0x000001fff7dc14f8: ;   {other}
  0x000001fff7dc14f8: 0f1f 8400 | e807 0013 | 4c8b 5c24 | 20e9 75fe 

  0x000001fff7dc1508: ;   {metadata('coil3/compose/internal/DeferredDispatchCoroutineContext')}
  0x000001fff7dc1508: ffff 4181 | fa00 8072 | 020f 8581 | 0100 004d | 8bd3 458b | 5a0c 498b | d348 c1e2 

  0x000001fff7dc1524: ;   {oop(a 'kotlinx/coroutines/Job$Key'{0x000000070b5f3bb8})}
  0x000001fff7dc1524: 0349 b8b8 | 3b5f 0b07 | 0000 0066 | 9048 b8a8 | b102 89ff 

  0x000001fff7dc1538: ;   {virtual_call}
  0x000001fff7dc1538: 0100 00e8 

  0x000001fff7dc153c: ; ImmutableOopMap {rbp=Oop [32]=Oop [40]=NarrowOop [48]=Oop [64]=Oop }
                      ;*invokeinterface get {reexecute=0 rethrow=0 return_oop=1}
                      ; - coil3.compose.internal.ForwardingCoroutineContext::get@5
                      ; - kotlinx.coroutines.DispatchedTask::run@151 (line 91)
  0x000001fff7dc153c: 803f d4ff 

  0x000001fff7dc1540: ;   {other}
  0x000001fff7dc1540: 0f1f 8400 | 3008 0014 | 4c8b d0e9 | 89fc ffff | 488b d548 | 8b6c 2420 | 9048 b810 | 7394 86ff 
  0x000001fff7dc1560: ;   {virtual_call}
  0x000001fff7dc1560: 0100 00e8 

  0x000001fff7dc1564: ; ImmutableOopMap {rbp=Oop [32]=Oop [40]=NarrowOop [48]=Oop [56]=Oop [64]=Oop }
                      ;*invokeinterface getCancellationException {reexecute=0 rethrow=0 return_oop=1}
                      ; - kotlinx.coroutines.DispatchedTask::run@182 (line 93)
  0x000001fff7dc1564: c91e 3dff 

  0x000001fff7dc1568: ;   {other}
  0x000001fff7dc1568: 0f1f 8400 | 5808 0015 | 4889 4424 | 50e9 effd | ffff 488b | 5c24 4044 | 8b53 0c45 | 85d2 0f84 
  0x000001fff7dc1588: 88fe ffff | 4d8b 5f28 | 498b ca48 | c1e1 034d | 85db 0f84 | b000 0000 | 4d8b 5738 | 4b89 4c1a 
  0x000001fff7dc15a8: f849 83c3 | f84d 895f | 28e9 5efe | ffff 4d8b | 5758 4d8b | 5f48 f083 | 4424 c000 | 8039 000f 
  0x000001fff7dc15c8: 8488 feff | ff44 8821 | 4d85 db75 | 1d49 8bd7 | 49ba 0041 | 8cfe fc7f | 0000 41ff 

  0x000001fff7dc15e4: ;   {other}
  0x000001fff7dc15e4: d20f 1f84 | 0000 0000 | 00e9 63fe | ffff 4b89 | 4c1a f849 | 83c3 f84d | 895f 48e9 | 51fe ffff 
  0x000001fff7dc1604: ;   {metadata('kotlin/Result$Failure')}
  0x000001fff7dc1604: 48ba 78e1 | 0289 ff01 

  0x000001fff7dc160c: ;   {runtime_call _new_instance_Java}
  0x000001fff7dc160c: 0000 90e8 

  0x000001fff7dc1610: ; ImmutableOopMap {rbp=Oop [32]=Oop [40]=NarrowOop [48]=Oop [56]=Oop [80]=Oop }
                      ;*new {reexecute=0 rethrow=0 return_oop=1}
                      ; - kotlin.ResultKt::createFailure@6 (line 122)
                      ; - kotlinx.coroutines.DispatchedTask::run@259 (line 232)
  0x000001fff7dc1610: 6c7f 49ff 

  0x000001fff7dc1614: ;   {other}
  0x000001fff7dc1614: 0f1f 8400 | 0409 0016 | e9bf fdff | ffba 45ff | ffff 488b | 6c24 2048 | 8944 24f8 | 8b44 2428 
  0x000001fff7dc1634: 8944 2420 | 488b 4424 | f84c 895c 

  0x000001fff7dc1640: ;   {runtime_call UncommonTrapBlob}
  0x000001fff7dc1640: 2440 90e8 

  0x000001fff7dc1644: ; ImmutableOopMap {rbp=Oop [32]=NarrowOop [48]=Oop [64]=Oop }
                      ;*if_acmpne {reexecute=1 rethrow=0 return_oop=0}
                      ; - (reexecute) kotlinx.coroutines.internal.ThreadContextKt::updateThreadContext@17 (line 64)
                      ; - kotlinx.coroutines.DispatchedTask::run@75 (line 223)
  0x000001fff7dc1644: 382d 3dff 

  0x000001fff7dc1648: ;   {other}
  0x000001fff7dc1648: 0f1f 8400 | 3809 0017 | 498b d749 | ba20 418c | fefc 7f00 | 0041 ffd2 

  0x000001fff7dc1660: ;   {other}
  0x000001fff7dc1660: 0f1f 8400 | 0000 0000 | e9a7 fdff | ffba c6ff | ffff 448b | 4424 2844 | 8944 2420 | 48ff 7424 
  0x000001fff7dc1680: 3048 8f44 | 2428 4c89 

  0x000001fff7dc1688: ;   {runtime_call UncommonTrapBlob}
  0x000001fff7dc1688: 5c24 38e8 

  0x000001fff7dc168c: ; ImmutableOopMap {[32]=NarrowOop [40]=Oop [56]=Oop [64]=Oop [80]=Oop }
                      ;*invokevirtual cancelCompletedResult$kotlinx_coroutines_core {reexecute=0 rethrow=0 return_oop=0}
                      ; - kotlinx.coroutines.DispatchedTask::run@197 (line 94)
  0x000001fff7dc168c: f02c 3dff 

  0x000001fff7dc1690: ;   {other}
  0x000001fff7dc1690: 0f1f 8400 | 8009 0018 | bac6 ffff | ff48 8b6c | 2420 4889 | 4424 f88b | 4424 2889 | 4424 2048 
  0x000001fff7dc16b0: 8b44 24f8 | 48ff 7424 | 3048 8f44 

  0x000001fff7dc16bc: ;   {runtime_call UncommonTrapBlob}
  0x000001fff7dc16bc: 2428 90e8 

  0x000001fff7dc16c0: ; ImmutableOopMap {rbp=Oop [32]=NarrowOop [40]=Oop [56]=Oop [64]=Oop }
                      ;*invokeinterface get {reexecute=0 rethrow=0 return_oop=0}
                      ; - kotlinx.coroutines.DispatchedTask::run@151 (line 91)
  0x000001fff7dc16c0: bc2c 3dff 

  0x000001fff7dc16c4: ;   {other}
  0x000001fff7dc16c4: 0f1f 8400 | b409 0019 | bade ffff | ff48 8b6c | 2420 4889 

  0x000001fff7dc16d8: ;   {runtime_call UncommonTrapBlob}
  0x000001fff7dc16d8: 4424 20e8 

  0x000001fff7dc16dc: ; ImmutableOopMap {rbp=Oop [32]=Oop }
                      ;*checkcast {reexecute=0 rethrow=0 return_oop=0}
                      ; - kotlinx.coroutines.DispatchedTask::run@43 (line 80)
  0x000001fff7dc16dc: a02c 3dff 

  0x000001fff7dc16e0: ;   {other}
  0x000001fff7dc16e0: 0f1f 8400 | d009 001a | baf4 ffff | ff48 8b6c | 2420 448b | 5424 2844 | 8954 2420 | 48ff 7424 
  0x000001fff7dc1700: 3048 8f44 

  0x000001fff7dc1704: ;   {runtime_call UncommonTrapBlob}
  0x000001fff7dc1704: 2428 90e8 

  0x000001fff7dc1708: ; ImmutableOopMap {rbp=Oop [32]=NarrowOop [40]=Oop [64]=Oop }
                      ;*instanceof {reexecute=0 rethrow=0 return_oop=0}
                      ; - kotlin.coroutines.CombinedContext::get@39 (line 124)
                      ; - kotlinx.coroutines.DispatchedTask::run@151 (line 91)
  0x000001fff7dc1708: 742c 3dff 

  0x000001fff7dc170c: ;   {other}
  0x000001fff7dc170c: 0f1f 8400 | fc09 001b | baf6 ffff | ff48 8b6c | 2420 4889 | 4424 f88b | 4424 2889 | 4424 2048 
  0x000001fff7dc172c: 8b44 24f8 | 48ff 7424 | 3048 8f44 

  0x000001fff7dc1738: ;   {runtime_call UncommonTrapBlob}
  0x000001fff7dc1738: 2428 90e8 

  0x000001fff7dc173c: ; ImmutableOopMap {rbp=Oop [32]=NarrowOop [40]=Oop [64]=Oop }
                      ;*invokeinterface get {reexecute=0 rethrow=0 return_oop=0}
                      ; - kotlinx.coroutines.DispatchedTask::run@151 (line 91)
  0x000001fff7dc173c: 402c 3dff 

  0x000001fff7dc1740: ;   {other}
  0x000001fff7dc1740: 0f1f 8400 | 300a 001c | baf4 ffff | ff48 8b6c | 2420 4889 | 4424 f88b | 4424 2889 | 4424 2048 
  0x000001fff7dc1760: 8b44 24f8 | 48ff 7424 | 3048 8f44 

  0x000001fff7dc176c: ;   {runtime_call UncommonTrapBlob}
  0x000001fff7dc176c: 2428 90e8 

  0x000001fff7dc1770: ; ImmutableOopMap {rbp=Oop [32]=NarrowOop [40]=Oop [64]=Oop }
                      ;*checkcast {reexecute=0 rethrow=0 return_oop=0}
                      ; - kotlinx.coroutines.DispatchedTask::run@156 (line 91)
  0x000001fff7dc1770: 0c2c 3dff 

  0x000001fff7dc1774: ;   {other}
  0x000001fff7dc1774: 0f1f 8400 | 640a 001d | ba45 ffff | ff48 8b6c | 2420 4889 

  0x000001fff7dc1788: ;   {runtime_call UncommonTrapBlob}
  0x000001fff7dc1788: 4424 28e8 

  0x000001fff7dc178c: ; ImmutableOopMap {rbp=Oop [40]=Oop }
                      ;*ifnonnull {reexecute=1 rethrow=0 return_oop=0}
                      ; - (reexecute) kotlin.jvm.internal.Intrinsics::checkNotNull@1 (line 30)
                      ; - kotlinx.coroutines.DispatchedTask::run@40 (line 80)
  0x000001fff7dc178c: f02b 3dff 

  0x000001fff7dc1790: ;   {other}
  0x000001fff7dc1790: 0f1f 8400 | 800a 001e | 488b d0eb | 0848 8bd0 | eb03 488b | d048 83c4 

  0x000001fff7dc17a8: ;   {runtime_call _rethrow_Java}
  0x000001fff7dc17a8: 705d e951 | ba49 ffeb | 5f4c 8bc0 | e932 0100 | 0044 8b50 

  0x000001fff7dc17bc: ;   {metadata('kotlinx/coroutines/DispatchException')}
  0x000001fff7dc17bc: 0841 81fa | 3032 0302 | 75eb 488b | e8e9 c700 | 0000 eb39 | e992 0000 | 0048 8be8 | e98d 0000 
  0x000001fff7dc17dc: 004c 8bc0 | e906 0100 | 0044 8b50 

  0x000001fff7dc17e8: ;   {metadata('kotlinx/coroutines/DispatchException')}
  0x000001fff7dc17e8: 0841 81fa | 3032 0302 | 75eb 488b | e8e9 9b00 | 0000 488b | e8eb 6b48 | 8be8 eb66 | 488b e8eb 
  0x000001fff7dc1808: 6148 8be8 | eb5c eb00 | 488b e8eb | 554c 8bc0 | e9ce 0000 | 00eb 4844 

  0x000001fff7dc1820: ;   {metadata('kotlinx/coroutines/DispatchException')}
  0x000001fff7dc1820: 8b50 0841 | 81fa 3032 | 0302 75e9 | 488b e8eb | 6444 8b50 

  0x000001fff7dc1834: ;   {metadata('kotlinx/coroutines/DispatchException')}
  0x000001fff7dc1834: 0841 81fa | 3032 0302 | 0f85 c300 | 0000 488b | e8eb 4e48 | 8be8 eb1e | 488b e8eb | 1948 8be8 
  0x000001fff7dc1854: eb14 488b | e8eb 0f48 | 8be8 eb0a | 488b e8eb | 05eb 0048 

  0x000001fff7dc1868: ;   {oop(a 'kotlinx/coroutines/internal/Symbol'{0x000000070b8afde8})}
  0x000001fff7dc1868: 8be8 49b8 | e8fd 8a0b | 0700 0000 | 488b 5424 

  0x000001fff7dc1878: ;   {static_call}
  0x000001fff7dc1878: 3066 90e8 

  0x000001fff7dc187c: ; ImmutableOopMap {rbp=Oop [32]=Oop }
                      ;*invokestatic restoreThreadContext {reexecute=0 rethrow=0 return_oop=0}
                      ; - kotlinx.coroutines.DispatchedTask::run@367 (line 237)
  0x000001fff7dc187c: 00d8 3cff 

  0x000001fff7dc1880: ;   {other}
  0x000001fff7dc1880: 0f1f 8400 | 700b 001f | 448b 5508 

  0x000001fff7dc188c: ;   {metadata('kotlinx/coroutines/DispatchException')}
  0x000001fff7dc188c: 4181 fa30 | 3203 0275 | 5348 8b54 | 2420 6666 | 9048 b8ff | ffff ffff 

  0x000001fff7dc18a4: ;   {virtual_call}
  0x000001fff7dc18a4: ffff ffe8 

  0x000001fff7dc18a8: ; ImmutableOopMap {rbp=Oop }
                      ;*invokevirtual getDelegate$kotlinx_coroutines_core {reexecute=0 rethrow=0 return_oop=1}
                      ; - kotlinx.coroutines.DispatchedTask::run@375 (line 105)
  0x000001fff7dc18a8: d4d4 3cff 

  0x000001fff7dc18ac: ;   {other}
  0x000001fff7dc18ac: 0f1f 8400 | 9c0b 0020 | 488b d066 | 9048 b8ff | ffff ffff 

  0x000001fff7dc18c0: ;   {virtual_call}
  0x000001fff7dc18c0: ffff ffe8 

  0x000001fff7dc18c4: ; ImmutableOopMap {rbp=Oop }
                      ;*invokeinterface getContext {reexecute=0 rethrow=0 return_oop=1}
                      ; - kotlinx.coroutines.DispatchedTask::run@378 (line 105)
  0x000001fff7dc18c4: b8d4 3cff 

  0x000001fff7dc18c8: ;   {other}
  0x000001fff7dc18c8: 0f1f 8400 | b80b 0021 | baad ffff | ff48 8944 

  0x000001fff7dc18d8: ;   {runtime_call UncommonTrapBlob}
  0x000001fff7dc18d8: 2420 90e8 

  0x000001fff7dc18dc: ; ImmutableOopMap {rbp=Oop [32]=Oop }
                      ;*invokevirtual getCause {reexecute=0 rethrow=0 return_oop=0}
                      ; - kotlinx.coroutines.DispatchedTask::run@384 (line 105)
  0x000001fff7dc18dc: a02a 3dff 

  0x000001fff7dc18e0: ;   {other}
  0x000001fff7dc18e0: 0f1f 8400 | d00b 0022 | 4c8b c548 | 8b54 2420 

  0x000001fff7dc18f0: ;   {optimized virtual_call}
  0x000001fff7dc18f0: 6666 90e8 

  0x000001fff7dc18f4: ; ImmutableOopMap {}
                      ;*invokevirtual handleFatalException$kotlinx_coroutines_core {reexecute=0 rethrow=0 return_oop=0}
                      ; - kotlinx.coroutines.DispatchedTask::run@396 (line 107)
  0x000001fff7dc18f4: 88d1 3cff 

  0x000001fff7dc18f8: ;   {other}
  0x000001fff7dc18f8: 0f1f 8400 | e80b 0023 | e96f f9ff | ff4c 8bc0 

  0x000001fff7dc1908: ;   {internal_word}
  0x000001fff7dc1908: ebe1 49ba | 7912 dcf7 | ff01 0000 | 4d89 9768 

  0x000001fff7dc1918: ;   {runtime_call SafepointBlob}
  0x000001fff7dc1918: 0400 00e9 | 603b 3dff 

  0x000001fff7dc1920: ;   {runtime_call StubRoutines (final stubs)}
  0x000001fff7dc1920: e8bb 4b3b | ffe9 f0f6 | ffff f4f4 | f4f4 f4f4 
[Stub Code]
  0x000001fff7dc1930: ;   {no_reloc}
  0x000001fff7dc1930: 48bb 501a | 64c9 ff01 

  0x000001fff7dc1938: ;   {runtime_call I2C/C2I adapters}
  0x000001fff7dc1938: 0000 e92c 

  0x000001fff7dc193c: ;   {static_stub}
  0x000001fff7dc193c: 953c ff48 | bb00 0000 | 0000 0000 

  0x000001fff7dc1948: ;   {runtime_call nmethod}
  0x000001fff7dc1948: 00e9 fbff 

  0x000001fff7dc194c: ;   {static_stub}
  0x000001fff7dc194c: ffff 48bb | 0000 0000 | 0000 0000 

  0x000001fff7dc1958: ;   {runtime_call nmethod}
  0x000001fff7dc1958: e9fb ffff 

  0x000001fff7dc195c: ;   {static_stub}
  0x000001fff7dc195c: ff48 bbc0 | b48f c9ff 

  0x000001fff7dc1964: ;   {runtime_call I2C/C2I adapters}
  0x000001fff7dc1964: 0100 00e9 | f71a 3dff 

  0x000001fff7dc196c: ;   {static_stub}
  0x000001fff7dc196c: 48bb 0000 | 0000 0000 

  0x000001fff7dc1974: ;   {runtime_call nmethod}
  0x000001fff7dc1974: 0000 e9fb 

  0x000001fff7dc1978: ;   {static_stub}
  0x000001fff7dc1978: ffff ff48 | bb00 0000 | 0000 0000 

  0x000001fff7dc1984: ;   {runtime_call nmethod}
  0x000001fff7dc1984: 00e9 fbff 

  0x000001fff7dc1988: ;   {static_stub}
  0x000001fff7dc1988: ffff 48bb | 0000 0000 | 0000 0000 

  0x000001fff7dc1994: ;   {runtime_call nmethod}
  0x000001fff7dc1994: e9fb ffff 

  0x000001fff7dc1998: ;   {runtime_call ExceptionBlob}
  0x000001fff7dc1998: ffe9 e23a | 49ff e800 | 0000 0048 | 832c 2405 

  0x000001fff7dc19a8: ;   {runtime_call DeoptimizationBlob}
  0x000001fff7dc19a8: e973 2d3d | fff4 f4f4 
[/MachCode]


Compiled method (c1) 119853 6690   !   3       kotlinx.coroutines.scheduling.CoroutineScheduler::runSafely (73 bytes)
 total in heap  [0x000001fff06ca090,0x000001fff06cb700] = 5744
 relocation     [0x000001fff06ca1f0,0x000001fff06ca340] = 336
 main code      [0x000001fff06ca340,0x000001fff06cb160] = 3616
 stub code      [0x000001fff06cb160,0x000001fff06cb1f8] = 152
 oops           [0x000001fff06cb1f8,0x000001fff06cb200] = 8
 metadata       [0x000001fff06cb200,0x000001fff06cb250] = 80
 scopes data    [0x000001fff06cb250,0x000001fff06cb3f8] = 424
 scopes pcs     [0x000001fff06cb3f8,0x000001fff06cb5a8] = 432
 dependencies   [0x000001fff06cb5a8,0x000001fff06cb5c8] = 32
 handler table  [0x000001fff06cb5c8,0x000001fff06cb6d0] = 264
 nul chk table  [0x000001fff06cb6d0,0x000001fff06cb700] = 48

[Constant Pool (empty)]

[MachCode]
[Entry Point]
  # {method} {0x000001ffc98dab70} 'runSafely' '(Lkotlinx/coroutines/scheduling/Task;)V' in 'kotlinx/coroutines/scheduling/CoroutineScheduler'
  # this:     rdx:rdx   = 'kotlinx/coroutines/scheduling/CoroutineScheduler'
  # parm0:    r8:r8     = 'kotlinx/coroutines/scheduling/Task'
  #           [sp+0xa0]  (sp of caller)
  0x000001fff06ca340: 448b 5208 | 49bb 0000 | 0087 ff01 | 0000 4d03 | d34c 3bd0 

  0x000001fff06ca354: ;   {runtime_call ic_miss_stub}
  0x000001fff06ca354: 0f85 2644 | ac06 660f | 1f44 0000 
[Verified Entry Point]
  0x000001fff06ca360: 8984 2400 | 80ff ff55 | 4881 ec90 | 0000 0090 | 4181 7f20 | 0e00 0000 

  0x000001fff06ca378: ;   {runtime_call StubRoutines (final stubs)}
  0x000001fff06ca378: 7405 e861 

  0x000001fff06ca37c: ;   {metadata(method data for {method} {0x000001ffc98dab70} 'runSafely' '(Lkotlinx/coroutines/scheduling/Task;)V' in 'kotlinx/coroutines/scheduling/CoroutineScheduler')}
  0x000001fff06ca37c: c1aa 0648 | bec8 1d08 | ccff 0100 | 008b becc | 0000 0083 | c702 89be | cc00 0000 | 81e7 fe07 
  0x000001fff06ca39c: 0000 85ff | 0f84 380b | 0000 493b | 0049 8bd0 

  0x000001fff06ca3ac: ;   {metadata(method data for {method} {0x000001ffc98dab70} 'runSafely' '(Lkotlinx/coroutines/scheduling/Task;)V' in 'kotlinx/coroutines/scheduling/CoroutineScheduler')}
  0x000001fff06ca3ac: 48be c81d | 08cc ff01 | 0000 8b52 | 0849 ba00 | 0000 87ff | 0100 0049 | 03d2 483b | 9620 0100 
  0x000001fff06ca3cc: 0075 0d48 | 8386 2801 | 0000 01e9 | 6000 0000 | 483b 9630 | 0100 0075 | 0d48 8386 | 3801 0000 
  0x000001fff06ca3ec: 01e9 4a00 | 0000 4883 | be20 0100 | 0000 7517 | 4889 9620 | 0100 0048 | c786 2801 | 0000 0100 
  0x000001fff06ca40c: 0000 e929 | 0000 0048 | 83be 3001 | 0000 0075 | 1748 8996 | 3001 0000 | 48c7 8638 | 0100 0001 
  0x000001fff06ca42c: 0000 00e9 | 0800 0000 | 4883 8610 | 0100 0001 | 498b d066 | 0f1f 4400 | 0048 b8ff | ffff ffff 
  0x000001fff06ca44c: ;   {virtual_call}
  0x000001fff06ca44c: ffff ffe8 

  0x000001fff06ca450: ; ImmutableOopMap {}
                      ;*invokevirtual run {reexecute=0 rethrow=0 return_oop=0}
                      ; - kotlinx.coroutines.scheduling.CoroutineScheduler::runSafely@2 (line 586)
  0x000001fff06ca450: 24c6 b806 

  0x000001fff06ca454: ;   {other}
  0x000001fff06ca454: 0f1f 8400 | c403 0000 

  0x000001fff06ca45c: ;   {metadata(method data for {method} {0x000001ffc98dab70} 'runSafely' '(Lkotlinx/coroutines/scheduling/Task;)V' in 'kotlinx/coroutines/scheduling/CoroutineScheduler')}
  0x000001fff06ca45c: 48ba c81d | 08cc ff01 | 0000 4883 | 8248 0100 

  0x000001fff06ca46c: ;   {metadata(method data for {method} {0x000001ffc9916478} 'access$getTimeSource$p' '()Lkotlinx/coroutines/AbstractTimeSource;' in 'kotlinx/coroutines/AbstractTimeSourceKt')}
  0x000001fff06ca46c: 0001 48ba | 003c f2cb | ff01 0000 | 8bb2 cc00 | 0000 83c6 | 0289 b2cc | 0000 0081 | e6fe ff1f 
  0x000001fff06ca48c: 0085 f60f | 846f 0a00 

  0x000001fff06ca494: ;   {oop(a 'java/lang/Class'{0x000000070b976c70} = 'kotlinx/coroutines/AbstractTimeSourceKt')}
  0x000001fff06ca494: 0048 ba70 | 6c97 0b07 | 0000 008b | 5270 48c1 | e203 4885 

  0x000001fff06ca4a8: ;   {metadata(method data for {method} {0x000001ffc98dab70} 'runSafely' '(Lkotlinx/coroutines/scheduling/Task;)V' in 'kotlinx/coroutines/scheduling/CoroutineScheduler')}
  0x000001fff06ca4a8: d248 bec8 | 1d08 ccff | 0100 0048 | c7c7 5801 | 0000 7407 | 48c7 c768 | 0100 0048 | 8b1c 3e48 
  0x000001fff06ca4c8: 8d5b 0148 | 891c 3e0f | 84ab 0900 | 0048 b8ff | ffff ffff 

  0x000001fff06ca4dc: ;   {virtual_call}
  0x000001fff06ca4dc: ffff ffe8 

  0x000001fff06ca4e0: ; ImmutableOopMap {}
                      ;*invokevirtual unTrackTask {reexecute=0 rethrow=0 return_oop=0}
                      ; - kotlinx.coroutines.scheduling.CoroutineScheduler::runSafely@12 (line 591)
  0x000001fff06ca4e0: 9c48 ac06 

  0x000001fff06ca4e4: ;   {other}
  0x000001fff06ca4e4: 0f1f 8400 | 5404 0001 

  0x000001fff06ca4ec: ;   {metadata(method data for {method} {0x000001ffc98dab70} 'runSafely' '(Lkotlinx/coroutines/scheduling/Task;)V' in 'kotlinx/coroutines/scheduling/CoroutineScheduler')}
  0x000001fff06ca4ec: 48b8 c81d | 08cc ff01 | 0000 ff80 | b001 0000 | e97f 0900 | 0049 8b87 | 0005 0000 | 4d33 d24d 
  0x000001fff06ca50c: 8997 0005 | 0000 4d33 | d24d 8997 | 0805 0000 

  0x000001fff06ca51c: ;   {metadata(method data for {method} {0x000001ffc98dab70} 'runSafely' '(Lkotlinx/coroutines/scheduling/Task;)V' in 'kotlinx/coroutines/scheduling/CoroutineScheduler')}
  0x000001fff06ca51c: 48ba c81d | 08cc ff01 | 0000 4883 | 82e0 0100 | 0001 498b | 9788 0300 | 0048 8b32 | 4889 7424 
  0x000001fff06ca53c: 6848 3b06 

  0x000001fff06ca540: ;   {metadata(method data for {method} {0x000001ffc98dab70} 'runSafely' '(Lkotlinx/coroutines/scheduling/Task;)V' in 'kotlinx/coroutines/scheduling/CoroutineScheduler')}
  0x000001fff06ca540: 488b d648 | bfc8 1d08 | ccff 0100 | 008b 5208 | 49ba 0000 | 0087 ff01 | 0000 4903 | d248 3b97 
  0x000001fff06ca560: 0002 0000 | 750d 4883 | 8708 0200 | 0001 e960 | 0000 0048 | 3b97 1002 | 0000 750d | 4883 8718 
  0x000001fff06ca580: 0200 0001 | e94a 0000 | 0048 83bf | 0002 0000 | 0075 1748 | 8997 0002 | 0000 48c7 | 8708 0200 
  0x000001fff06ca5a0: 0001 0000 | 00e9 2900 | 0000 4883 | bf10 0200 | 0000 7517 | 4889 9710 | 0200 0048 | c787 1802 
  0x000001fff06ca5c0: 0000 0100 | 0000 e908 | 0000 0048 | 8387 f001 

  0x000001fff06ca5d0: ;   {metadata(method data for {method} {0x000001ff8701b840} 'getUncaughtExceptionHandler' '()Ljava/lang/Thread$UncaughtExceptionHandler;' in 'java/lang/Thread')}
  0x000001fff06ca5d0: 0000 0148 | bad0 c3f8 | cbff 0100 | 008b bacc | 0000 0083 | c702 89ba | cc00 0000 | 81e7 feff 
  0x000001fff06ca5f0: 1f00 85ff | 0f84 3009 | 0000 488b 

  0x000001fff06ca5fc: ;   {metadata(method data for {method} {0x000001ff8701b840} 'getUncaughtExceptionHandler' '()Ljava/lang/Thread$UncaughtExceptionHandler;' in 'java/lang/Thread')}
  0x000001fff06ca5fc: d648 bfd0 | c3f8 cbff | 0100 008b | 5208 49ba | 0000 0087 | ff01 0000 | 4903 d248 | 3b97 2001 
  0x000001fff06ca61c: 0000 750d | 4883 8728 | 0100 0001 | e960 0000 | 0048 3b97 | 3001 0000 | 750d 4883 | 8738 0100 
  0x000001fff06ca63c: 0001 e94a | 0000 0048 | 83bf 2001 | 0000 0075 | 1748 8997 | 2001 0000 | 48c7 8728 | 0100 0001 
  0x000001fff06ca65c: 0000 00e9 | 2900 0000 | 4883 bf30 | 0100 0000 | 7517 4889 | 9730 0100 | 0048 c787 | 3801 0000 
  0x000001fff06ca67c: 0100 0000 | e908 0000 | 0048 8387 | 1001 0000 

  0x000001fff06ca68c: ;   {metadata(method data for {method} {0x000001ff8701b6f0} 'isTerminated' '()Z' in 'java/lang/Thread')}
  0x000001fff06ca68c: 0148 bae8 | c5f8 cbff | 0100 008b | bacc 0000 | 0083 c702 | 89ba cc00 | 0000 81e7 | feff 1f00 
  0x000001fff06ca6ac: 85ff 0f84 | 9708 0000 

  0x000001fff06ca6b4: ;   {metadata(method data for {method} {0x000001ff8701b6f0} 'isTerminated' '()Z' in 'java/lang/Thread')}
  0x000001fff06ca6b4: 488b d648 | bfe8 c5f8 | cbff 0100 | 008b 5208 | 49ba 0000 | 0087 ff01 | 0000 4903 | d248 3b97 
  0x000001fff06ca6d4: 2001 0000 | 750d 4883 | 8728 0100 | 0001 e960 | 0000 0048 | 3b97 3001 | 0000 750d | 4883 8738 
  0x000001fff06ca6f4: 0100 0001 | e94a 0000 | 0048 83bf | 2001 0000 | 0075 1748 | 8997 2001 | 0000 48c7 | 8728 0100 
  0x000001fff06ca714: 0001 0000 | 00e9 2900 | 0000 4883 | bf30 0100 | 0000 7517 | 4889 9730 | 0100 0048 | c787 3801 
  0x000001fff06ca734: 0000 0100 | 0000 e908 | 0000 0048 | 8387 1001 

  0x000001fff06ca744: ;   {metadata(method data for {method} {0x000001ff8701b760} 'threadState' '()Ljava/lang/Thread$State;' in 'java/lang/Thread')}
  0x000001fff06ca744: 0000 0148 | baa8 c7f8 | cbff 0100 | 008b bacc | 0000 0083 | c702 89ba | cc00 0000 | 81e7 feff 
  0x000001fff06ca764: 1f00 85ff | 0f84 fe07 | 0000 8b56 | 4848 c1e2 | 038b 5218 

  0x000001fff06ca778: ;   {metadata(method data for {method} {0x000001ff8701b760} 'threadState' '()Ljava/lang/Thread$State;' in 'java/lang/Thread')}
  0x000001fff06ca778: 48bf a8c7 | f8cb ff01 | 0000 4883 | 8710 0100 | 0001 4889 

  0x000001fff06ca78c: ;   {static_call}
  0x000001fff06ca78c: 4424 70e8 

  0x000001fff06ca790: ; ImmutableOopMap {[104]=Oop [112]=Oop }
                      ;*invokestatic toThreadState {reexecute=0 rethrow=0 return_oop=0}
                      ; - java.lang.Thread::threadState@7 (line 2748)
                      ; - java.lang.Thread::isTerminated@1 (line 2755)
                      ; - java.lang.Thread::getUncaughtExceptionHandler@1 (line 2864)
                      ; - kotlinx.coroutines.scheduling.CoroutineScheduler::runSafely@28 (line 589)
  0x000001fff06ca790: ec48 ac06 

  0x000001fff06ca794: ;   {other}
  0x000001fff06ca794: 0f1f 8400 | 0407 0002 

  0x000001fff06ca79c: ;   {oop(a 'java/lang/Thread$State'{0x000000070b1f3988})}
  0x000001fff06ca79c: 48ba 8839 | 1f0b 0700 | 0000 483b 

  0x000001fff06ca7a8: ;   {metadata(method data for {method} {0x000001ff8701b6f0} 'isTerminated' '()Z' in 'java/lang/Thread')}
  0x000001fff06ca7a8: c248 bae8 | c5f8 cbff | 0100 0048 | c7c6 4801 | 0000 7507 | 48c7 c658 | 0100 0048 | 8b3c 3248 
  0x000001fff06ca7c8: 8d7f 0148 | 893c 320f | 851a 0000 

  0x000001fff06ca7d4: ;   {metadata(method data for {method} {0x000001ff8701b6f0} 'isTerminated' '()Z' in 'java/lang/Thread')}
  0x000001fff06ca7d4: 0048 bae8 | c5f8 cbff | 0100 00ff | 8268 0100 | 00ba 0100 | 0000 e905 | 0000 00ba | 0000 0000 
  0x000001fff06ca7f4: 83e2 0185 

  0x000001fff06ca7f8: ;   {metadata(method data for {method} {0x000001ff8701b840} 'getUncaughtExceptionHandler' '()Ljava/lang/Thread$UncaughtExceptionHandler;' in 'java/lang/Thread')}
  0x000001fff06ca7f8: d248 bad0 | c3f8 cbff | 0100 0048 | c7c6 4801 | 0000 7407 | 48c7 c658 | 0100 0048 | 8b3c 3248 
  0x000001fff06ca818: 8d7f 0148 | 893c 320f | 8414 0000 

  0x000001fff06ca824: ;   {oop(nullptr)}
  0x000001fff06ca824: 0048 be00 | 0000 0000 | 0000 004c | 8b44 2468 | e9bc 0400 | 0048 8b74 | 2468 8b56 | 6848 c1e2 
  0x000001fff06ca844: 0348 85d2 

  0x000001fff06ca848: ;   {metadata(method data for {method} {0x000001ff8701b840} 'getUncaughtExceptionHandler' '()Ljava/lang/Thread$UncaughtExceptionHandler;' in 'java/lang/Thread')}
  0x000001fff06ca848: 48bf d0c3 | f8cb ff01 | 0000 48c7 | c368 0100 | 0074 0748 | c7c3 7801 | 0000 488b | 041f 488d 
  0x000001fff06ca868: 4001 4889 | 041f 0f84 | 1800 0000 

  0x000001fff06ca874: ;   {metadata(method data for {method} {0x000001ff8701b840} 'getUncaughtExceptionHandler' '()Ljava/lang/Thread$UncaughtExceptionHandler;' in 'java/lang/Thread')}
  0x000001fff06ca874: 48bf d0c3 | f8cb ff01 | 0000 ff87 | 8801 0000 | 4c8b c6e9 | 6604 0000 

  0x000001fff06ca88c: ;   {metadata(method data for {method} {0x000001ff8701b840} 'getUncaughtExceptionHandler' '()Ljava/lang/Thread$UncaughtExceptionHandler;' in 'java/lang/Thread')}
  0x000001fff06ca88c: 488b d648 | bfd0 c3f8 | cbff 0100 | 0048 8387 | a001 0000 

  0x000001fff06ca8a0: ;   {metadata(method data for {method} {0x000001ff87af4748} 'getThreadGroup' '()Ljava/lang/ThreadGroup;' in 'java/lang/Thread')}
  0x000001fff06ca8a0: 0148 ba08 | cbf8 cbff | 0100 008b | bacc 0000 | 0083 c702 | 89ba cc00 | 0000 81e7 | feff 1f00 
  0x000001fff06ca8c0: 85ff 0f84 | ca06 0000 

  0x000001fff06ca8c8: ;   {metadata(method data for {method} {0x000001ff87af4748} 'getThreadGroup' '()Ljava/lang/ThreadGroup;' in 'java/lang/Thread')}
  0x000001fff06ca8c8: 488b d648 | bf08 cbf8 | cbff 0100 | 008b 5208 | 49ba 0000 | 0087 ff01 | 0000 4903 | d248 3b97 
  0x000001fff06ca8e8: 2001 0000 | 750d 4883 | 8728 0100 | 0001 e960 | 0000 0048 | 3b97 3001 | 0000 750d | 4883 8738 
  0x000001fff06ca908: 0100 0001 | e94a 0000 | 0048 83bf | 2001 0000 | 0075 1748 | 8997 2001 | 0000 48c7 | 8728 0100 
  0x000001fff06ca928: 0001 0000 | 00e9 2900 | 0000 4883 | bf30 0100 | 0000 7517 | 4889 9730 | 0100 0048 | c787 3801 
  0x000001fff06ca948: 0000 0100 | 0000 e908 | 0000 0048 | 8387 1001 

  0x000001fff06ca958: ;   {metadata(method data for {method} {0x000001ff8701b6f0} 'isTerminated' '()Z' in 'java/lang/Thread')}
  0x000001fff06ca958: 0000 0148 | bae8 c5f8 | cbff 0100 | 008b bacc | 0000 0083 | c702 89ba | cc00 0000 | 81e7 feff 
  0x000001fff06ca978: 1f00 85ff | 0f84 3106 | 0000 488b 

  0x000001fff06ca984: ;   {metadata(method data for {method} {0x000001ff8701b6f0} 'isTerminated' '()Z' in 'java/lang/Thread')}
  0x000001fff06ca984: d648 bfe8 | c5f8 cbff | 0100 008b | 5208 49ba | 0000 0087 | ff01 0000 | 4903 d248 | 3b97 2001 
  0x000001fff06ca9a4: 0000 750d | 4883 8728 | 0100 0001 | e960 0000 | 0048 3b97 | 3001 0000 | 750d 4883 | 8738 0100 
  0x000001fff06ca9c4: 0001 e94a | 0000 0048 | 83bf 2001 | 0000 0075 | 1748 8997 | 2001 0000 | 48c7 8728 | 0100 0001 
  0x000001fff06ca9e4: 0000 00e9 | 2900 0000 | 4883 bf30 | 0100 0000 | 7517 4889 | 9730 0100 | 0048 c787 | 3801 0000 
  0x000001fff06caa04: 0100 0000 | e908 0000 | 0048 8387 | 1001 0000 

  0x000001fff06caa14: ;   {metadata(method data for {method} {0x000001ff8701b760} 'threadState' '()Ljava/lang/Thread$State;' in 'java/lang/Thread')}
  0x000001fff06caa14: 0148 baa8 | c7f8 cbff | 0100 008b | bacc 0000 | 0083 c702 | 89ba cc00 | 0000 81e7 | feff 1f00 
  0x000001fff06caa34: 85ff 0f84 | 9805 0000 | 8b56 4848 | c1e2 038b 

  0x000001fff06caa44: ;   {metadata(method data for {method} {0x000001ff8701b760} 'threadState' '()Ljava/lang/Thread$State;' in 'java/lang/Thread')}
  0x000001fff06caa44: 5218 48bf | a8c7 f8cb | ff01 0000 | 4883 8710 | 0100 0001 | 0f1f 8000 

  0x000001fff06caa5c: ;   {static_call}
  0x000001fff06caa5c: 0000 00e8 

  0x000001fff06caa60: ; ImmutableOopMap {[104]=Oop [112]=Oop }
                      ;*invokestatic toThreadState {reexecute=0 rethrow=0 return_oop=0}
                      ; - java.lang.Thread::threadState@7 (line 2748)
                      ; - java.lang.Thread::isTerminated@1 (line 2755)
                      ; - java.lang.Thread::getThreadGroup@1 (line 1958)
                      ; - java.lang.Thread::getUncaughtExceptionHandler@23 (line 2869)
                      ; - kotlinx.coroutines.scheduling.CoroutineScheduler::runSafely@28 (line 589)
  0x000001fff06caa60: 1c46 ac06 

  0x000001fff06caa64: ;   {other}
  0x000001fff06caa64: 0f1f 8400 | d409 0003 

  0x000001fff06caa6c: ;   {oop(a 'java/lang/Thread$State'{0x000000070b1f3988})}
  0x000001fff06caa6c: 49b8 8839 | 1f0b 0700 | 0000 493b 

  0x000001fff06caa78: ;   {metadata(method data for {method} {0x000001ff8701b6f0} 'isTerminated' '()Z' in 'java/lang/Thread')}
  0x000001fff06caa78: c049 b8e8 | c5f8 cbff | 0100 0049 | c7c1 4801 | 0000 7507 | 49c7 c158 | 0100 004b | 8b14 0848 
  0x000001fff06caa98: 8d52 014b | 8914 080f | 851c 0000 

  0x000001fff06caaa4: ;   {metadata(method data for {method} {0x000001ff8701b6f0} 'isTerminated' '()Z' in 'java/lang/Thread')}
  0x000001fff06caaa4: 0049 b8e8 | c5f8 cbff | 0100 0041 | ff80 6801 | 0000 41b8 | 0100 0000 | e906 0000 | 0041 b800 
  0x000001fff06caac4: 0000 0041 | 83e0 0145 

  0x000001fff06caacc: ;   {metadata(method data for {method} {0x000001ff87af4748} 'getThreadGroup' '()Ljava/lang/ThreadGroup;' in 'java/lang/Thread')}
  0x000001fff06caacc: 85c0 49b8 | 08cb f8cb | ff01 0000 | 49c7 c148 | 0100 0074 | 0749 c7c1 | 5801 0000 | 4b8b 1408 
  0x000001fff06caaec: 488d 5201 | 4b89 1408 | 0f84 1400 

  0x000001fff06caaf8: ;   {oop(nullptr)}
  0x000001fff06caaf8: 0000 48ba | 0000 0000 | 0000 0000 | 4c8b 4424 | 68e9 e401 | 0000 4c8b | 4424 6849 

  0x000001fff06cab14: ;   {metadata(method data for {method} {0x000001ff87af4748} 'getThreadGroup' '()Ljava/lang/ThreadGroup;' in 'java/lang/Thread')}
  0x000001fff06cab14: 8bf0 49b9 | 08cb f8cb | ff01 0000 | 4983 8168 | 0100 0001 

  0x000001fff06cab28: ;   {metadata(method data for {method} {0x000001ff87af49e8} 'isVirtual' '()Z' in 'java/lang/Thread')}
  0x000001fff06cab28: 49b9 78fc | 11c9 ff01 | 0000 418b | 91cc 0000 | 0083 c202 | 4189 91cc | 0000 0081 | e2fe ff1f 
  0x000001fff06cab48: 0085 d20f | 84a9 0400 | 004d 85c0 

  0x000001fff06cab54: ;   {metadata(method data for {method} {0x000001ff87af49e8} 'isVirtual' '()Z' in 'java/lang/Thread')}
  0x000001fff06cab54: 7516 48be | 78fc 11c9 | ff01 0000 | 808e 0901 | 0000 01e9 | cf00 0000 

  0x000001fff06cab6c: ;   {metadata('java/lang/BaseVirtualThread')}
  0x000001fff06cab6c: 48bf 180a | 0387 ff01 | 0000 418b | 7008 49ba | 0000 0087 | ff01 0000 | 4903 f248 | 3b7e 400f 
  0x000001fff06cab8c: 858e 0000 

  0x000001fff06cab90: ;   {metadata(method data for {method} {0x000001ff87af49e8} 'isVirtual' '()Z' in 'java/lang/Thread')}
  0x000001fff06cab90: 0048 be78 | fc11 c9ff | 0100 0041 | 8b78 0849 | ba00 0000 | 87ff 0100 | 0049 03fa | 483b be20 
  0x000001fff06cabb0: 0100 0075 | 0d48 8386 | 2801 0000 | 01e9 7e00 | 0000 483b | be30 0100 | 0075 0d48 | 8386 3801 
  0x000001fff06cabd0: 0000 01e9 | 6800 0000 | 4883 be20 | 0100 0000 | 7517 4889 | be20 0100 | 0048 c786 | 2801 0000 
  0x000001fff06cabf0: 0100 0000 | e947 0000 | 0048 83be | 3001 0000 | 0075 1748 | 89be 3001 | 0000 48c7 | 8638 0100 
  0x000001fff06cac10: 0001 0000 | 00e9 2600 | 0000 e921 

  0x000001fff06cac1c: ;   {metadata(method data for {method} {0x000001ff87af49e8} 'isVirtual' '()Z' in 'java/lang/Thread')}
  0x000001fff06cac1c: 0000 0048 | be78 fc11 | c9ff 0100 | 0048 83ae | 1001 0000 | 01e9 0500 | 0000 e905 | 0000 004d 
  0x000001fff06cac3c: 33c9 eb07 | 49c7 c101 | 0000 0041 | 83e1 0145 

  0x000001fff06cac4c: ;   {metadata(method data for {method} {0x000001ff87af4748} 'getThreadGroup' '()Ljava/lang/ThreadGroup;' in 'java/lang/Thread')}
  0x000001fff06cac4c: 85c9 49b9 | 08cb f8cb | ff01 0000 | 48c7 c2a0 | 0100 0074 | 0748 c7c2 | b001 0000 | 498b 3411 
  0x000001fff06cac6c: 488d 7601 | 4989 3411 | 0f84 6500 

  0x000001fff06cac78: ;   {metadata(method data for {method} {0x000001ff87af4748} 'getThreadGroup' '()Ljava/lang/ThreadGroup;' in 'java/lang/Thread')}
  0x000001fff06cac78: 0000 49b9 | 08cb f8cb | ff01 0000 | 4983 81c0 | 0100 0001 

  0x000001fff06cac8c: ;   {metadata(method data for {method} {0x000001ff87af3e18} 'virtualThreadGroup' '()Ljava/lang/ThreadGroup;' in 'java/lang/Thread')}
  0x000001fff06cac8c: 49b9 d8fe | 0fcb ff01 | 0000 418b | 91cc 0000 | 0083 c202 | 4189 91cc | 0000 0081 | e2fe ff1f 
  0x000001fff06cacac: 0085 d20f | 8466 0300 | 0066 6690 

  0x000001fff06cacb8: ;   {no_reloc}
  0x000001fff06cacb8: e9f7 0300 | 0000 0000 | 0000 458b | 4970 49c1 

  0x000001fff06cacc8: ;   {metadata(method data for {method} {0x000001ff87af4748} 'getThreadGroup' '()Ljava/lang/ThreadGroup;' in 'java/lang/Thread')}
  0x000001fff06cacc8: e103 48ba | 08cb f8cb | ff01 0000 | ff82 d001 | 0000 e910 | 0000 0045 | 8b48 4849 | c1e1 0345 
  0x000001fff06cace8: 8b49 2049 | c1e1 0349 | 8bd1 488b | f248 8b44 | 2470 4c8b | c848 8bd6 | 0f1f 4400 | 0048 b8ff 
  0x000001fff06cad08: ffff ffff 

  0x000001fff06cad0c: ;   {virtual_call}
  0x000001fff06cad0c: ffff ffe8 

  0x000001fff06cad10: ; ImmutableOopMap {}
                      ;*invokeinterface uncaughtException {reexecute=0 rethrow=0 return_oop=0}
                      ; - kotlinx.coroutines.scheduling.CoroutineScheduler::runSafely@33 (line 589)
  0x000001fff06cad10: 6c40 ac06 

  0x000001fff06cad14: ;   {other}
  0x000001fff06cad14: 0f1f 8400 | 840c 0004 

  0x000001fff06cad1c: ;   {metadata(method data for {method} {0x000001ffc98dab70} 'runSafely' '(Lkotlinx/coroutines/scheduling/Task;)V' in 'kotlinx/coroutines/scheduling/CoroutineScheduler')}
  0x000001fff06cad1c: 48ba c81d | 08cc ff01 | 0000 4883 | 8260 0200 

  0x000001fff06cad2c: ;   {metadata(method data for {method} {0x000001ffc9916478} 'access$getTimeSource$p' '()Lkotlinx/coroutines/AbstractTimeSource;' in 'kotlinx/coroutines/AbstractTimeSourceKt')}
  0x000001fff06cad2c: 0001 48ba | 003c f2cb | ff01 0000 | 8bb2 cc00 | 0000 83c6 | 0289 b2cc | 0000 0081 | e6fe ff1f 
  0x000001fff06cad4c: 0085 f60f | 846e 0300 

  0x000001fff06cad54: ;   {oop(a 'java/lang/Class'{0x000000070b976c70} = 'kotlinx/coroutines/AbstractTimeSourceKt')}
  0x000001fff06cad54: 0048 ba70 | 6c97 0b07 | 0000 008b | 5270 48c1 | e203 4885 

  0x000001fff06cad68: ;   {metadata(method data for {method} {0x000001ffc98dab70} 'runSafely' '(Lkotlinx/coroutines/scheduling/Task;)V' in 'kotlinx/coroutines/scheduling/CoroutineScheduler')}
  0x000001fff06cad68: d248 bec8 | 1d08 ccff | 0100 0048 | c7c7 7002 | 0000 7407 | 48c7 c780 | 0200 0048 | 8b1c 3e48 
  0x000001fff06cad88: 8d5b 0148 | 891c 3e0f | 84c5 0000 | 0048 b8ff | ffff ffff 

  0x000001fff06cad9c: ;   {virtual_call}
  0x000001fff06cad9c: ffff ffe8 

  0x000001fff06cada0: ; ImmutableOopMap {}
                      ;*invokevirtual unTrackTask {reexecute=0 rethrow=0 return_oop=0}
                      ; - kotlinx.coroutines.scheduling.CoroutineScheduler::runSafely@45 (line 591)
  0x000001fff06cada0: dc3f ac06 

  0x000001fff06cada4: ;   {other}
  0x000001fff06cada4: 0f1f 8400 | 140d 0005 

  0x000001fff06cadac: ;   {metadata(method data for {method} {0x000001ffc98dab70} 'runSafely' '(Lkotlinx/coroutines/scheduling/Task;)V' in 'kotlinx/coroutines/scheduling/CoroutineScheduler')}
  0x000001fff06cadac: 48b8 c81d | 08cc ff01 | 0000 ff80 | c802 0000 | e999 0000 | 0049 8b87 | 0005 0000 | 4d33 d24d 
  0x000001fff06cadcc: 8997 0005 | 0000 4d33 | d24d 8997 | 0805 0000 

  0x000001fff06caddc: ;   {metadata(method data for {method} {0x000001ffc98dab70} 'runSafely' '(Lkotlinx/coroutines/scheduling/Task;)V' in 'kotlinx/coroutines/scheduling/CoroutineScheduler')}
  0x000001fff06caddc: 48ba c81d | 08cc ff01 | 0000 4883 | 82f8 0200 

  0x000001fff06cadec: ;   {metadata(method data for {method} {0x000001ffc9916478} 'access$getTimeSource$p' '()Lkotlinx/coroutines/AbstractTimeSource;' in 'kotlinx/coroutines/AbstractTimeSourceKt')}
  0x000001fff06cadec: 0001 48ba | 003c f2cb | ff01 0000 | 8bb2 cc00 | 0000 83c6 | 0289 b2cc | 0000 0081 | e6fe ff1f 
  0x000001fff06cae0c: 0085 f60f | 84cf 0200 

  0x000001fff06cae14: ;   {oop(a 'java/lang/Class'{0x000000070b976c70} = 'kotlinx/coroutines/AbstractTimeSourceKt')}
  0x000001fff06cae14: 0048 ba70 | 6c97 0b07 | 0000 008b | 5270 48c1 | e203 4885 

  0x000001fff06cae28: ;   {metadata(method data for {method} {0x000001ffc98dab70} 'runSafely' '(Lkotlinx/coroutines/scheduling/Task;)V' in 'kotlinx/coroutines/scheduling/CoroutineScheduler')}
  0x000001fff06cae28: d248 bec8 | 1d08 ccff | 0100 0048 | c7c7 0803 | 0000 7407 | 48c7 c718 | 0300 0048 | 8b1c 3e48 
  0x000001fff06cae48: 8d5b 0148 | 891c 3e0f | 8484 0000 | 00e9 4c00 

  0x000001fff06cae58: ;   {metadata(method data for {method} {0x000001ffc98dab70} 'runSafely' '(Lkotlinx/coroutines/scheduling/Task;)V' in 'kotlinx/coroutines/scheduling/CoroutineScheduler')}
  0x000001fff06cae58: 0000 48ba | c81d 08cc | ff01 0000 | ff82 e002 | 0000 4881 | c490 0000 

  0x000001fff06cae70: ;   {poll_return}
  0x000001fff06cae70: 005d 493b | a750 0400 | 000f 8786 | 0200 00c3 

  0x000001fff06cae80: ;   {metadata(method data for {method} {0x000001ffc98dab70} 'runSafely' '(Lkotlinx/coroutines/scheduling/Task;)V' in 'kotlinx/coroutines/scheduling/CoroutineScheduler')}
  0x000001fff06cae80: 48ba c81d | 08cc ff01 | 0000 ff82 | c801 0000 | 4881 c490 | 0000 005d 

  0x000001fff06cae98: ;   {poll_return}
  0x000001fff06cae98: 493b a750 | 0400 000f | 8776 0200 | 00c3 4889 | 4424 7866 | 9048 b8ff | ffff ffff 

  0x000001fff06caeb4: ;   {virtual_call}
  0x000001fff06caeb4: ffff ffe8 

  0x000001fff06caeb8: ; ImmutableOopMap {[120]=Oop }
                      ;*invokevirtual unTrackTask {reexecute=0 rethrow=0 return_oop=0}
                      ; - kotlinx.coroutines.scheduling.CoroutineScheduler::runSafely@63 (line 591)
  0x000001fff06caeb8: c43e ac06 

  0x000001fff06caebc: ;   {other}
  0x000001fff06caebc: 0f1f 8400 | 2c0e 0006 

  0x000001fff06caec4: ;   {metadata(method data for {method} {0x000001ffc98dab70} 'runSafely' '(Lkotlinx/coroutines/scheduling/Task;)V' in 'kotlinx/coroutines/scheduling/CoroutineScheduler')}
  0x000001fff06caec4: 48b8 c81d | 08cc ff01 | 0000 ff80 | 6003 0000 | 488b 4424 | 78e9 7002 

  0x000001fff06caedc: ;   {metadata({method} {0x000001ffc98dab70} 'runSafely' '(Lkotlinx/coroutines/scheduling/Task;)V' in 'kotlinx/coroutines/scheduling/CoroutineScheduler')}
  0x000001fff06caedc: 0000 49ba | 68ab 8dc9 | ff01 0000 | 4c89 5424 | 0848 c704 | 24ff ffff 

  0x000001fff06caef4: ;   {runtime_call counter_overflow Runtime1 stub}
  0x000001fff06caef4: ffe8 0687 

  0x000001fff06caef8: ; ImmutableOopMap {rdx=Oop r8=Oop }
                      ;*synchronization entry
                      ; - kotlinx.coroutines.scheduling.CoroutineScheduler::runSafely@-1 (line 585)
  0x000001fff06caef8: b806 e9a7 

  0x000001fff06caefc: ;   {runtime_call throw_null_pointer_exception Runtime1 stub}
  0x000001fff06caefc: f4ff ffe8 

  0x000001fff06caf00: ; ImmutableOopMap {r8=Oop }
                      ;*invokevirtual run {reexecute=0 rethrow=0 return_oop=0}
                      ; - kotlinx.coroutines.scheduling.CoroutineScheduler::runSafely@2 (line 586)
  0x000001fff06caf00: fc1d b806 

  0x000001fff06caf04: ;   {metadata({method} {0x000001ffc9916478} 'access$getTimeSource$p' '()Lkotlinx/coroutines/AbstractTimeSource;' in 'kotlinx/coroutines/AbstractTimeSourceKt')}
  0x000001fff06caf04: 49ba 7064 | 91c9 ff01 | 0000 4c89 | 5424 0848 | c704 24ff 

  0x000001fff06caf18: ;   {runtime_call counter_overflow Runtime1 stub}
  0x000001fff06caf18: ffff ffe8 

  0x000001fff06caf1c: ; ImmutableOopMap {}
                      ;*synchronization entry
                      ; - kotlinx.coroutines.AbstractTimeSourceKt::access$getTimeSource$p@-1 (line 1)
                      ; - kotlinx.coroutines.scheduling.CoroutineScheduler::runSafely@5 (line 591)
  0x000001fff06caf1c: e086 b806 | e970 f5ff 

  0x000001fff06caf24: ;   {runtime_call throw_null_pointer_exception Runtime1 stub}
  0x000001fff06caf24: ffe8 d61d 

  0x000001fff06caf28: ; ImmutableOopMap {rax=Oop rsi=Oop [104]=Oop }
                      ;*invokevirtual getUncaughtExceptionHandler {reexecute=0 rethrow=0 return_oop=0}
                      ; - kotlinx.coroutines.scheduling.CoroutineScheduler::runSafely@28 (line 589)
                      ;   {metadata({method} {0x000001ff8701b840} 'getUncaughtExceptionHandler' '()Ljava/lang/Thread$UncaughtExceptionHandler;' in 'java/lang/Thread')}
  0x000001fff06caf28: b806 49ba | 38b8 0187 | ff01 0000 | 4c89 5424 | 0848 c704 | 24ff ffff 

  0x000001fff06caf40: ;   {runtime_call counter_overflow Runtime1 stub}
  0x000001fff06caf40: ffe8 ba86 

  0x000001fff06caf44: ; ImmutableOopMap {rax=Oop rsi=Oop [104]=Oop }
                      ;*synchronization entry
                      ; - java.lang.Thread::getUncaughtExceptionHandler@-1 (line 2864)
                      ; - kotlinx.coroutines.scheduling.CoroutineScheduler::runSafely@28 (line 589)
  0x000001fff06caf44: b806 e9af 

  0x000001fff06caf48: ;   {metadata({method} {0x000001ff8701b6f0} 'isTerminated' '()Z' in 'java/lang/Thread')}
  0x000001fff06caf48: f6ff ff49 | bae8 b601 | 87ff 0100 | 004c 8954 | 2408 48c7 | 0424 ffff 

  0x000001fff06caf60: ;   {runtime_call counter_overflow Runtime1 stub}
  0x000001fff06caf60: ffff e899 

  0x000001fff06caf64: ; ImmutableOopMap {rax=Oop rsi=Oop [104]=Oop }
                      ;*synchronization entry
                      ; - java.lang.Thread::isTerminated@-1 (line 2755)
                      ; - java.lang.Thread::getUncaughtExceptionHandler@1 (line 2864)
                      ; - kotlinx.coroutines.scheduling.CoroutineScheduler::runSafely@28 (line 589)
  0x000001fff06caf64: 86b8 06e9 | 48f7 ffff 

  0x000001fff06caf6c: ;   {metadata({method} {0x000001ff8701b760} 'threadState' '()Ljava/lang/Thread$State;' in 'java/lang/Thread')}
  0x000001fff06caf6c: 49ba 58b7 | 0187 ff01 | 0000 4c89 | 5424 0848 | c704 24ff 

  0x000001fff06caf80: ;   {runtime_call counter_overflow Runtime1 stub}
  0x000001fff06caf80: ffff ffe8 

  0x000001fff06caf84: ; ImmutableOopMap {rax=Oop rsi=Oop [104]=Oop }
                      ;*synchronization entry
                      ; - java.lang.Thread::threadState@-1 (line 2748)
                      ; - java.lang.Thread::isTerminated@1 (line 2755)
                      ; - java.lang.Thread::getUncaughtExceptionHandler@1 (line 2864)
                      ; - kotlinx.coroutines.scheduling.CoroutineScheduler::runSafely@28 (line 589)
  0x000001fff06caf84: 7886 b806 | e9e1 f7ff 

  0x000001fff06caf8c: ;   {runtime_call throw_null_pointer_exception Runtime1 stub}
  0x000001fff06caf8c: ffe8 6e1d 

  0x000001fff06caf90: ; ImmutableOopMap {rax=Oop rsi=Oop [104]=Oop }
                      ;*getfield threadStatus {reexecute=1 rethrow=0 return_oop=0}
                      ; - (reexecute) java.lang.Thread::threadState@4 (line 2748)
                      ; - java.lang.Thread::isTerminated@1 (line 2755)
                      ; - java.lang.Thread::getUncaughtExceptionHandler@1 (line 2864)
                      ; - kotlinx.coroutines.scheduling.CoroutineScheduler::runSafely@28 (line 589)
                      ;   {metadata({method} {0x000001ff87af4748} 'getThreadGroup' '()Ljava/lang/ThreadGroup;' in 'java/lang/Thread')}
  0x000001fff06caf90: b806 49ba | 4047 af87 | ff01 0000 | 4c89 5424 | 0848 c704 | 24ff ffff 

  0x000001fff06cafa8: ;   {runtime_call counter_overflow Runtime1 stub}
  0x000001fff06cafa8: ffe8 5286 

  0x000001fff06cafac: ; ImmutableOopMap {rsi=Oop [104]=Oop [112]=Oop }
                      ;*synchronization entry
                      ; - java.lang.Thread::getThreadGroup@-1 (line 1958)
                      ; - java.lang.Thread::getUncaughtExceptionHandler@23 (line 2869)
                      ; - kotlinx.coroutines.scheduling.CoroutineScheduler::runSafely@28 (line 589)
  0x000001fff06cafac: b806 e915 

  0x000001fff06cafb0: ;   {metadata({method} {0x000001ff8701b6f0} 'isTerminated' '()Z' in 'java/lang/Thread')}
  0x000001fff06cafb0: f9ff ff49 | bae8 b601 | 87ff 0100 | 004c 8954 | 2408 48c7 | 0424 ffff 

  0x000001fff06cafc8: ;   {runtime_call counter_overflow Runtime1 stub}
  0x000001fff06cafc8: ffff e831 

  0x000001fff06cafcc: ; ImmutableOopMap {rsi=Oop [104]=Oop [112]=Oop }
                      ;*synchronization entry
                      ; - java.lang.Thread::isTerminated@-1 (line 2755)
                      ; - java.lang.Thread::getThreadGroup@1 (line 1958)
                      ; - java.lang.Thread::getUncaughtExceptionHandler@23 (line 2869)
                      ; - kotlinx.coroutines.scheduling.CoroutineScheduler::runSafely@28 (line 589)
  0x000001fff06cafcc: 86b8 06e9 | aef9 ffff 

  0x000001fff06cafd4: ;   {metadata({method} {0x000001ff8701b760} 'threadState' '()Ljava/lang/Thread$State;' in 'java/lang/Thread')}
  0x000001fff06cafd4: 49ba 58b7 | 0187 ff01 | 0000 4c89 | 5424 0848 | c704 24ff 

  0x000001fff06cafe8: ;   {runtime_call counter_overflow Runtime1 stub}
  0x000001fff06cafe8: ffff ffe8 

  0x000001fff06cafec: ; ImmutableOopMap {rsi=Oop [104]=Oop [112]=Oop }
                      ;*synchronization entry
                      ; - java.lang.Thread::threadState@-1 (line 2748)
                      ; - java.lang.Thread::isTerminated@1 (line 2755)
                      ; - java.lang.Thread::getThreadGroup@1 (line 1958)
                      ; - java.lang.Thread::getUncaughtExceptionHandler@23 (line 2869)
                      ; - kotlinx.coroutines.scheduling.CoroutineScheduler::runSafely@28 (line 589)
  0x000001fff06cafec: 1086 b806 | e947 faff 

  0x000001fff06caff4: ;   {runtime_call throw_null_pointer_exception Runtime1 stub}
  0x000001fff06caff4: ffe8 061d 

  0x000001fff06caff8: ; ImmutableOopMap {rsi=Oop [104]=Oop [112]=Oop }
                      ;*getfield threadStatus {reexecute=1 rethrow=0 return_oop=0}
                      ; - (reexecute) java.lang.Thread::threadState@4 (line 2748)
                      ; - java.lang.Thread::isTerminated@1 (line 2755)
                      ; - java.lang.Thread::getThreadGroup@1 (line 1958)
                      ; - java.lang.Thread::getUncaughtExceptionHandler@23 (line 2869)
                      ; - kotlinx.coroutines.scheduling.CoroutineScheduler::runSafely@28 (line 589)
                      ;   {metadata({method} {0x000001ff87af49e8} 'isVirtual' '()Z' in 'java/lang/Thread')}
  0x000001fff06caff8: b806 49ba | e049 af87 | ff01 0000 | 4c89 5424 | 0848 c704 | 24ff ffff 

  0x000001fff06cb010: ;   {runtime_call counter_overflow Runtime1 stub}
  0x000001fff06cb010: ffe8 ea85 

  0x000001fff06cb014: ; ImmutableOopMap {r8=Oop [104]=Oop [112]=Oop }
                      ;*synchronization entry
                      ; - java.lang.Thread::isVirtual@-1 (line 1509)
                      ; - java.lang.Thread::getThreadGroup@10 (line 1961)
                      ; - java.lang.Thread::getUncaughtExceptionHandler@23 (line 2869)
                      ; - kotlinx.coroutines.scheduling.CoroutineScheduler::runSafely@28 (line 589)
  0x000001fff06cb014: b806 e936 

  0x000001fff06cb018: ;   {metadata({method} {0x000001ff87af3e18} 'virtualThreadGroup' '()Ljava/lang/ThreadGroup;' in 'java/lang/Thread')}
  0x000001fff06cb018: fbff ff49 | ba10 3eaf | 87ff 0100 | 004c 8954 | 2408 48c7 | 0424 ffff 

  0x000001fff06cb030: ;   {runtime_call counter_overflow Runtime1 stub}
  0x000001fff06cb030: ffff e8c9 

  0x000001fff06cb034: ; ImmutableOopMap {r8=Oop [104]=Oop [112]=Oop }
                      ;*synchronization entry
                      ; - java.lang.Thread::virtualThreadGroup@-1 (line 2941)
                      ; - java.lang.Thread::getThreadGroup@16 (line 1961)
                      ; - java.lang.Thread::getUncaughtExceptionHandler@23 (line 2869)
                      ; - kotlinx.coroutines.scheduling.CoroutineScheduler::runSafely@28 (line 589)
  0x000001fff06cb034: 85b8 06e9 | 79fc ffff 

  0x000001fff06cb03c: ;   {oop(nullptr)}
  0x000001fff06cb03c: 49b9 0000 | 0000 0000 | 0000 5053 | 498b 5910 | 5756 5251 | 4150 4151 | 4152 4153 | 4883 ec20 
  0x000001fff06cb05c: 40f6 c40f | 0f84 1900 | 0000 4883 

  0x000001fff06cb068: ;   {runtime_call Thread::current_or_null}
  0x000001fff06cb068: ec08 48b8 | b09a 59fe | fc7f 0000 | ffd0 4883 | c408 e90c 

  0x000001fff06cb07c: ;   {runtime_call Thread::current_or_null}
  0x000001fff06cb07c: 0000 0048 | b8b0 9a59 | fefc 7f00 | 00ff d048 | 83c4 2041 | 5b41 5a41 | 5941 5859 | 5a5e 5f48 
  0x000001fff06cb09c: 3b83 6801 | 0000 5b58 | 0f85 0a00 | 0000 e913 | fcff ffb8 | 0078 6e0a 

  0x000001fff06cb0b4: ;   {runtime_call load_mirror_patching Runtime1 stub}
  0x000001fff06cb0b4: e847 75b8 

  0x000001fff06cb0b8: ; ImmutableOopMap {r8=Oop [104]=Oop [112]=Oop }
                      ;*getstatic VTHREAD_GROUP {reexecute=1 rethrow=0 return_oop=0}
                      ; - (reexecute) java.lang.Thread::virtualThreadGroup@0 (line 2941)
                      ; - java.lang.Thread::getThreadGroup@16 (line 1961)
                      ; - java.lang.Thread::getUncaughtExceptionHandler@23 (line 2869)
                      ; - kotlinx.coroutines.scheduling.CoroutineScheduler::runSafely@28 (line 589)
  0x000001fff06cb0b8: 06e9 fafb 

  0x000001fff06cb0bc: ;   {runtime_call throw_null_pointer_exception Runtime1 stub}
  0x000001fff06cb0bc: ffff e83d 

  0x000001fff06cb0c0: ; ImmutableOopMap {r8=Oop [104]=Oop [112]=Oop }
                      ;*getfield group {reexecute=1 rethrow=0 return_oop=0}
                      ; - (reexecute) java.lang.Thread::getThreadGroup@26 (line 1961)
                      ; - java.lang.Thread::getUncaughtExceptionHandler@23 (line 2869)
                      ; - kotlinx.coroutines.scheduling.CoroutineScheduler::runSafely@28 (line 589)
                      ;   {metadata({method} {0x000001ffc9916478} 'access$getTimeSource$p' '()Lkotlinx/coroutines/AbstractTimeSource;' in 'kotlinx/coroutines/AbstractTimeSourceKt')}
  0x000001fff06cb0c0: 1cb8 0649 | ba70 6491 | c9ff 0100 | 004c 8954 | 2408 48c7 | 0424 ffff 

  0x000001fff06cb0d8: ;   {runtime_call counter_overflow Runtime1 stub}
  0x000001fff06cb0d8: ffff e821 

  0x000001fff06cb0dc: ; ImmutableOopMap {}
                      ;*synchronization entry
                      ; - kotlinx.coroutines.AbstractTimeSourceKt::access$getTimeSource$p@-1 (line 1)
                      ; - kotlinx.coroutines.scheduling.CoroutineScheduler::runSafely@38 (line 591)
  0x000001fff06cb0dc: 85b8 06e9 | 71fc ffff 

  0x000001fff06cb0e4: ;   {metadata({method} {0x000001ffc9916478} 'access$getTimeSource$p' '()Lkotlinx/coroutines/AbstractTimeSource;' in 'kotlinx/coroutines/AbstractTimeSourceKt')}
  0x000001fff06cb0e4: 49ba 7064 | 91c9 ff01 | 0000 4c89 | 5424 0848 | c704 24ff 

  0x000001fff06cb0f8: ;   {runtime_call counter_overflow Runtime1 stub}
  0x000001fff06cb0f8: ffff ffe8 

  0x000001fff06cb0fc: ; ImmutableOopMap {rax=Oop }
                      ;*synchronization entry
                      ; - kotlinx.coroutines.AbstractTimeSourceKt::access$getTimeSource$p@-1 (line 1)
                      ; - kotlinx.coroutines.scheduling.CoroutineScheduler::runSafely@56 (line 591)
  0x000001fff06cb0fc: 0085 b806 | e910 fdff 

  0x000001fff06cb104: ;   {internal_word}
  0x000001fff06cb104: ff49 ba72 | ae6c f0ff | 0100 004d | 8997 6804 

  0x000001fff06cb114: ;   {runtime_call SafepointBlob}
  0x000001fff06cb114: 0000 e965 

  0x000001fff06cb118: ;   {internal_word}
  0x000001fff06cb118: a3ac 0649 | ba98 ae6c | f0ff 0100 | 004d 8997 | 6804 0000 

  0x000001fff06cb12c: ;   {runtime_call SafepointBlob}
  0x000001fff06cb12c: e94f a3ac | 0649 8b87 | 0005 0000 | 49c7 8700 | 0500 0000 | 0000 0049 | c787 0805 | 0000 0000 
  0x000001fff06cb14c: 0000 4881 | c490 0000 

  0x000001fff06cb154: ;   {runtime_call unwind_exception Runtime1 stub}
  0x000001fff06cb154: 005d e9a5 | 08b8 06f4 | f4f4 f4f4 
[Stub Code]
  0x000001fff06cb160: ;   {no_reloc}
  0x000001fff06cb160: 0f1f 4400 

  0x000001fff06cb164: ;   {static_stub}
  0x000001fff06cb164: 0048 bb00 | 0000 0000 

  0x000001fff06cb16c: ;   {runtime_call nmethod}
  0x000001fff06cb16c: 0000 00e9 | fbff ffff 

  0x000001fff06cb174: ;   {static_stub}
  0x000001fff06cb174: 9048 bb00 | 0000 0000 

  0x000001fff06cb17c: ;   {runtime_call nmethod}
  0x000001fff06cb17c: 0000 00e9 | fbff ffff 

  0x000001fff06cb184: ;   {static_stub}
  0x000001fff06cb184: 9048 bb00 | 0000 0000 

  0x000001fff06cb18c: ;   {runtime_call nmethod}
  0x000001fff06cb18c: 0000 00e9 | fbff ffff 

  0x000001fff06cb194: ;   {static_stub}
  0x000001fff06cb194: 9048 bb00 | 0000 0000 

  0x000001fff06cb19c: ;   {runtime_call nmethod}
  0x000001fff06cb19c: 0000 00e9 | fbff ffff 

  0x000001fff06cb1a4: ;   {static_stub}
  0x000001fff06cb1a4: 9048 bb00 | 0000 0000 

  0x000001fff06cb1ac: ;   {runtime_call nmethod}
  0x000001fff06cb1ac: 0000 00e9 | fbff ffff 

  0x000001fff06cb1b4: ;   {static_stub}
  0x000001fff06cb1b4: 48bb 0000 | 0000 0000 

  0x000001fff06cb1bc: ;   {runtime_call nmethod}
  0x000001fff06cb1bc: 0000 e9fb 

  0x000001fff06cb1c0: ;   {runtime_call handle_exception_from_callee Runtime1 stub}
  0x000001fff06cb1c0: ffff ffe8 | 3849 b806 

  0x000001fff06cb1c8: ;   {external_word}
  0x000001fff06cb1c8: 48b9 10c7 | fafe fc7f | 0000 4883 

  0x000001fff06cb1d4: ;   {runtime_call MacroAssembler::debug64}
  0x000001fff06cb1d4: e4f0 48b8 | 6012 bdfe | fc7f 0000 

  0x000001fff06cb1e0: ;   {section_word}
  0x000001fff06cb1e0: ffd0 f449 | bae3 b16c | f0ff 0100 

  0x000001fff06cb1ec: ;   {runtime_call DeoptimizationBlob}
  0x000001fff06cb1ec: 0041 52e9 | 2c95 ac06 | f4f4 f4f4 
[/MachCode]


---------------  P R O C E S S  ---------------

Threads class SMR info:
_java_thread_list=0x000001ffce3dbab0, length=41, elements={
0x000001ffec011630, 0x000001ff86b167d0, 0x000001ff86b186a0, 0x000001ff86b19100,
0x000001ff86b2aaf0, 0x000001ff86b2b7b0, 0x000001ff86b2d060, 0x000001ff86b2f150,
0x000001ff86b34340, 0x000001ff86b37e00, 0x000001ffcda2da90, 0x000001ffcdbb33c0,
0x000001ffce08a9d0, 0x000001ffce0b3d70, 0x000001ffce12b090, 0x000001ffce20c6d0,
0x000001ffce256840, 0x000001ffce254e00, 0x000001ffce255490, 0x000001ffce255b20,
0x000001ffce253a50, 0x000001ffce2540e0, 0x000001ffce254770, 0x000001ffd0f0f190,
0x000001ffd0f10540, 0x000001ffd0f0e470, 0x000001ffd0f10bd0, 0x0000020016b405c0,
0x0000020016b46830, 0x0000020016b45b10, 0x000001ffd2cd5c90, 0x000001ffd10f4b80,
0x000001ffd10f72e0, 0x000001ffd10f7970, 0x000001ffd10f65c0, 0x000001ffd10f8000,
0x000001ffd10f6c50, 0x000001ffd10f8690, 0x000001ffd10f5210, 0x000001ffd10f58a0,
0x000001ffd0f14050
}

Java Threads: ( => current thread )
  0x000001ffec011630 JavaThread "main"                              [_thread_blocked, id=7604, stack(0x0000007071100000,0x0000007071200000) (1024K)]
  0x000001ff86b167d0 JavaThread "Common-Cleaner"             daemon [_thread_blocked, id=27564, stack(0x0000007071900000,0x0000007071a00000) (1024K)]
  0x000001ff86b186a0 JavaThread "Reference Handler"          daemon [_thread_blocked, id=11236, stack(0x0000007071a00000,0x0000007071b00000) (1024K)]
  0x000001ff86b19100 JavaThread "Finalizer"                  daemon [_thread_blocked, id=1092, stack(0x0000007071b00000,0x0000007071c00000) (1024K)]
  0x000001ff86b2aaf0 JavaThread "Signal Dispatcher"          daemon [_thread_blocked, id=28056, stack(0x0000007071c00000,0x0000007071d00000) (1024K)]
  0x000001ff86b2b7b0 JavaThread "Attach Listener"            daemon [_thread_blocked, id=27860, stack(0x0000007071d00000,0x0000007071e00000) (1024K)]
  0x000001ff86b2d060 JavaThread "Service Thread"             daemon [_thread_blocked, id=6552, stack(0x0000007071e00000,0x0000007071f00000) (1024K)]
  0x000001ff86b2f150 JavaThread "Monitor Deflation Thread"   daemon [_thread_blocked, id=9812, stack(0x0000007071f00000,0x0000007072000000) (1024K)]
  0x000001ff86b34340 JavaThread "C2 CompilerThread0"         daemon [_thread_blocked, id=24848, stack(0x0000007072000000,0x0000007072100000) (1024K)]
  0x000001ff86b37e00 JavaThread "C1 CompilerThread0"         daemon [_thread_blocked, id=28952, stack(0x0000007072100000,0x0000007072200000) (1024K)]
  0x000001ffcda2da90 JavaThread "DevTools: Stderr"           daemon [_thread_in_native, id=23352, stack(0x0000007072400000,0x0000007072500000) (1024K)]
  0x000001ffcdbb33c0 JavaThread "Hot Reload Main"            daemon [_thread_blocked, id=23632, stack(0x0000007072200000,0x0000007072300000) (1024K)]
  0x000001ffce08a9d0 JavaThread "Orchestration IO: Writer"   daemon [_thread_blocked, id=12864, stack(0x0000007072300000,0x0000007072400000) (1024K)]
  0x000001ffce0b3d70 JavaThread "Orchestration IO: Reader"   daemon [_thread_in_native, id=25152, stack(0x0000007072a00000,0x0000007072b00000) (1024K)]
  0x000001ffce12b090 JavaThread "Logger"                     daemon [_thread_blocked, id=11740, stack(0x0000007072b00000,0x0000007072c00000) (1024K)]
  0x000001ffce20c6d0 JavaThread "Notification Thread"        daemon [_thread_blocked, id=27284, stack(0x0000007072c00000,0x0000007072d00000) (1024K)]
  0x000001ffce256840 JavaThread "Compose Runtime Analyzer"   daemon [_thread_blocked, id=17784, stack(0x0000007072e00000,0x0000007072f00000) (1024K)]
  0x000001ffce254e00 JavaThread "Java2D Disposer"            daemon [_thread_blocked, id=29368, stack(0x0000007072f00000,0x0000007073000000) (1024K)]
  0x000001ffce255490 JavaThread "AWT-Shutdown"                      [_thread_blocked, id=20620, stack(0x0000007073000000,0x0000007073100000) (1024K)]
  0x000001ffce255b20 JavaThread "AWT-Windows"                daemon [_thread_in_native, id=29904, stack(0x0000007073100000,0x0000007073200000) (1024K)]
  0x000001ffce253a50 JavaThread "AWT-EventQueue-0"                  [_thread_blocked, id=24448, stack(0x0000007073200000,0x0000007073300000) (1024K)]
  0x000001ffce2540e0 JavaThread "TimerQueue"                 daemon [_thread_blocked, id=29728, stack(0x0000007073800000,0x0000007073900000) (1024K)]
  0x000001ffce254770 JavaThread "DefaultDispatcher-worker-1" daemon [_thread_blocked, id=16180, stack(0x0000007073900000,0x0000007073a00000) (1024K)]
  0x000001ffd0f0f190 JavaThread "DefaultDispatcher-worker-2" daemon [_thread_blocked, id=13628, stack(0x0000007073a00000,0x0000007073b00000) (1024K)]
  0x000001ffd0f10540 JavaThread "DefaultDispatcher-worker-3" daemon [_thread_in_native, id=17468, stack(0x0000007073b00000,0x0000007073c00000) (1024K)]
  0x000001ffd0f0e470 JavaThread "kotlinx.coroutines.DefaultExecutor" daemon [_thread_blocked, id=30252, stack(0x0000007073c00000,0x0000007073d00000) (1024K)]
  0x000001ffd0f10bd0 JavaThread "Reference Cleaner"          daemon [_thread_blocked, id=28368, stack(0x0000007073d00000,0x0000007073e00000) (1024K)]
=>0x0000020016b405c0 JavaThread "DefaultDispatcher-worker-4" daemon [_thread_in_native, id=12344, stack(0x0000007075200000,0x0000007075300000) (1024K)]
  0x0000020016b46830 JavaThread "DefaultDispatcher-worker-5" daemon [_thread_blocked, id=18472, stack(0x0000007075300000,0x0000007075400000) (1024K)]
  0x0000020016b45b10 JavaThread "DefaultDispatcher-worker-6" daemon [_thread_blocked, id=6748, stack(0x0000007075600000,0x0000007075700000) (1024K)]
  0x000001ffd2cd5c90 JavaThread "DefaultDispatcher-worker-7" daemon [_thread_blocked, id=30032, stack(0x0000007075700000,0x0000007075800000) (1024K)]
  0x000001ffd10f4b80 JavaThread "skiko-dispatcher-to-block-on" daemon [_thread_in_native, id=4776, stack(0x0000007071000000,0x0000007071100000) (1024K)]
  0x000001ffd10f72e0 JavaThread "DefaultDispatcher-worker-8" daemon [_thread_blocked, id=25708, stack(0x0000007074a00000,0x0000007074b00000) (1024K)]
  0x000001ffd10f7970 JavaThread "DefaultDispatcher-worker-9" daemon [_thread_blocked, id=27716, stack(0x0000007074c00000,0x0000007074d00000) (1024K)]
  0x000001ffd10f65c0 JavaThread "DefaultDispatcher-worker-10" daemon [_thread_blocked, id=19172, stack(0x0000007074d00000,0x0000007074e00000) (1024K)]
  0x000001ffd10f8000 JavaThread "DefaultDispatcher-worker-11" daemon [_thread_blocked, id=26952, stack(0x0000007074e00000,0x0000007074f00000) (1024K)]
  0x000001ffd10f6c50 JavaThread "DefaultDispatcher-worker-12" daemon [_thread_in_native, id=19064, stack(0x0000007074f00000,0x0000007075000000) (1024K)]
  0x000001ffd10f8690 JavaThread "DefaultDispatcher-worker-13" daemon [_thread_blocked, id=10668, stack(0x0000007075000000,0x0000007075100000) (1024K)]
  0x000001ffd10f5210 JavaThread "DefaultDispatcher-worker-14" daemon [_thread_blocked, id=29884, stack(0x0000007075100000,0x0000007075200000) (1024K)]
  0x000001ffd10f58a0 JavaThread "DefaultDispatcher-worker-15" daemon [_thread_blocked, id=2640, stack(0x0000007075400000,0x0000007075500000) (1024K)]
  0x000001ffd0f14050 JavaThread "DefaultDispatcher-worker-16" daemon [_thread_blocked, id=27300, stack(0x0000007075500000,0x0000007075600000) (1024K)]
Total: 41

Other Threads:
  0x000001ff86af2470 VMThread "VM Thread"                           [id=4976, stack(0x0000007071800000,0x0000007071900000) (1024K)]
  0x000001ff86ae0020 WatcherThread "VM Periodic Task Thread"        [id=29056, stack(0x0000007071700000,0x0000007071800000) (1024K)]
  0x000001ffec0759a0 WorkerThread "GC Thread#0"                     [id=21356, stack(0x0000007071200000,0x0000007071300000) (1024K)]
  0x000001ffce08b3b0 WorkerThread "GC Thread#1"                     [id=24132, stack(0x0000007072500000,0x0000007072600000) (1024K)]
  0x000001ffce08b760 WorkerThread "GC Thread#2"                     [id=15824, stack(0x0000007072600000,0x0000007072700000) (1024K)]
  0x000001ffce08d150 WorkerThread "GC Thread#3"                     [id=24196, stack(0x0000007072700000,0x0000007072800000) (1024K)]
  0x000001ffce08d500 WorkerThread "GC Thread#4"                     [id=18620, stack(0x0000007072800000,0x0000007072900000) (1024K)]
  0x000001ffce0a5be0 WorkerThread "GC Thread#5"                     [id=29668, stack(0x0000007072900000,0x0000007072a00000) (1024K)]
  0x000001ffce11d340 WorkerThread "GC Thread#6"                     [id=20808, stack(0x0000007073300000,0x0000007073400000) (1024K)]
  0x000001ffce11c0d0 WorkerThread "GC Thread#7"                     [id=24024, stack(0x0000007073400000,0x0000007073500000) (1024K)]
  0x000001ffce11c480 WorkerThread "GC Thread#8"                     [id=24536, stack(0x0000007073500000,0x0000007073600000) (1024K)]
  0x000001ffce566010 WorkerThread "GC Thread#9"                     [id=22852, stack(0x0000007073600000,0x0000007073700000) (1024K)]
  0x000001ffec087c40 ConcurrentGCThread "G1 Main Marker"            [id=18064, stack(0x0000007071300000,0x0000007071400000) (1024K)]
  0x000001ffec088e70 WorkerThread "G1 Conc#0"                       [id=29468, stack(0x0000007071400000,0x0000007071500000) (1024K)]
  0x000001ffce568140 WorkerThread "G1 Conc#1"                       [id=7076, stack(0x0000007073e00000,0x0000007073f00000) (1024K)]
  0x000001ffce5688a0 WorkerThread "G1 Conc#2"                       [id=26124, stack(0x0000007073f00000,0x0000007074000000) (1024K)]
  0x000001ff869b4440 ConcurrentGCThread "G1 Refine#0"               [id=26304, stack(0x0000007071500000,0x0000007071600000) (1024K)]
  0x000001ff869b5c80 ConcurrentGCThread "G1 Service"                [id=24796, stack(0x0000007071600000,0x0000007071700000) (1024K)]
Total: 18

Threads with active compile tasks:
Total: 0

VM state: not at safepoint (normal execution)

VM Mutex/Monitor currently owned by a thread: None

Heap address: 0x000000070ae00000, size: 3922 MB, Compressed Oops mode: Zero based, Oop shift amount: 3

CDS archive(s) mapped at: [0x000001ff87000000-0x000001ff88c20000-0x000001ff88c20000), size 29491200, SharedBaseAddress: 0x000001ff87000000, ArchiveRelocationMode: 1.
Compressed class space mapped at: 0x000001ff89000000-0x000001ffc9000000, reserved size: 1073741824
Narrow klass base: 0x000001ff87000000, Narrow klass shift: 0, Narrow klass range: 0x100000000

GC Precious Log:
 CardTable entry size: 512
 Card Set container configuration: InlinePtr #cards 4 size 8 Array Of Cards #cards 16 size 48 Howl #buckets 8 coarsen threshold 3686 Howl Bitmap #cards 512 size 80 coarsen threshold 460 Card regions per heap region 1 cards per card region 4096
 CPUs: 12 total, 12 available
 Memory: 15681M
 Large Page Support: Disabled
 NUMA Support: Disabled
 Compressed Oops: Enabled (Zero based)
 Heap Region Size: 2M
 Heap Min Capacity: 8M
 Heap Initial Capacity: 246M
 Heap Max Capacity: 3922M
 Pre-touch: Disabled
 Parallel Workers: 10
 Concurrent Workers: 3
 Concurrent Refinement Workers: 10
 Periodic GC: Disabled

Heap:
 garbage-first heap   total 169984K, used 111676K [0x000000070ae00000, 0x0000000800000000)
  region size 2048K, 8 young (16384K), 4 survivors (8192K)
 Metaspace       used 76230K, committed 77696K, reserved 1179648K
  class space    used 8465K, committed 9024K, reserved 1048576K

Heap Regions: E=young(eden), S=young(survivor), O=old, HS=humongous(starts), HC=humongous(continues), CS=collection set, F=free, TAMS=top-at-mark-start, PB=parsable bottom
|   0|0x000000070ae00000, 0x000000070b000000, 0x000000070b000000|100%|HS|  |TAMS 0x000000070ae00000| PB 0x000000070ae00000| Complete 
|   1|0x000000070b000000, 0x000000070b200000, 0x000000070b200000|100%| O|  |TAMS 0x000000070b000000| PB 0x000000070b000000| Untracked 
|   2|0x000000070b200000, 0x000000070b400000, 0x000000070b400000|100%| O|  |TAMS 0x000000070b200000| PB 0x000000070b200000| Untracked 
|   3|0x000000070b400000, 0x000000070b600000, 0x000000070b600000|100%| O|  |TAMS 0x000000070b400000| PB 0x000000070b400000| Untracked 
|   4|0x000000070b600000, 0x000000070b800000, 0x000000070b800000|100%| O|  |TAMS 0x000000070b600000| PB 0x000000070b600000| Untracked 
|   5|0x000000070b800000, 0x000000070ba00000, 0x000000070ba00000|100%| O|  |TAMS 0x000000070b800000| PB 0x000000070b800000| Untracked 
|   6|0x000000070ba00000, 0x000000070bc00000, 0x000000070bc00000|100%| O|  |TAMS 0x000000070ba00000| PB 0x000000070ba00000| Untracked 
|   7|0x000000070bc00000, 0x000000070be00000, 0x000000070be00000|100%| O|  |TAMS 0x000000070bc00000| PB 0x000000070bc00000| Untracked 
|   8|0x000000070be00000, 0x000000070c000000, 0x000000070c000000|100%| O|  |TAMS 0x000000070be00000| PB 0x000000070be00000| Untracked 
|   9|0x000000070c000000, 0x000000070c200000, 0x000000070c200000|100%| O|  |TAMS 0x000000070c000000| PB 0x000000070c000000| Untracked 
|  10|0x000000070c200000, 0x000000070c400000, 0x000000070c400000|100%| O|  |TAMS 0x000000070c200000| PB 0x000000070c200000| Untracked 
|  11|0x000000070c400000, 0x000000070c600000, 0x000000070c600000|100%| O|  |TAMS 0x000000070c400000| PB 0x000000070c400000| Untracked 
|  12|0x000000070c600000, 0x000000070c800000, 0x000000070c800000|100%| O|  |TAMS 0x000000070c600000| PB 0x000000070c600000| Untracked 
|  13|0x000000070c800000, 0x000000070ca00000, 0x000000070ca00000|100%| O|  |TAMS 0x000000070c800000| PB 0x000000070c800000| Untracked 
|  14|0x000000070ca00000, 0x000000070cc00000, 0x000000070cc00000|100%| O|  |TAMS 0x000000070ca00000| PB 0x000000070ca00000| Untracked 
|  15|0x000000070cc00000, 0x000000070ce00000, 0x000000070ce00000|100%| O|  |TAMS 0x000000070cc00000| PB 0x000000070cc00000| Untracked 
|  16|0x000000070ce00000, 0x000000070ce00000, 0x000000070d000000|  0%| F|  |TAMS 0x000000070ce00000| PB 0x000000070ce00000| Untracked 
|  17|0x000000070d000000, 0x000000070d200000, 0x000000070d200000|100%| O|  |TAMS 0x000000070d000000| PB 0x000000070d000000| Untracked 
|  18|0x000000070d200000, 0x000000070d400000, 0x000000070d400000|100%| O|  |TAMS 0x000000070d200000| PB 0x000000070d200000| Untracked 
|  19|0x000000070d400000, 0x000000070d600000, 0x000000070d600000|100%| O|  |TAMS 0x000000070d400000| PB 0x000000070d400000| Untracked 
|  20|0x000000070d600000, 0x000000070d800000, 0x000000070d800000|100%| O|  |TAMS 0x000000070d600000| PB 0x000000070d600000| Untracked 
|  21|0x000000070d800000, 0x000000070da00000, 0x000000070da00000|100%| O|  |TAMS 0x000000070d800000| PB 0x000000070d800000| Untracked 
|  22|0x000000070da00000, 0x000000070dc00000, 0x000000070dc00000|100%| O|  |TAMS 0x000000070da00000| PB 0x000000070da00000| Untracked 
|  23|0x000000070dc00000, 0x000000070de00000, 0x000000070de00000|100%| O|  |TAMS 0x000000070dc00000| PB 0x000000070dc00000| Untracked 
|  24|0x000000070de00000, 0x000000070e000000, 0x000000070e000000|100%| O|  |TAMS 0x000000070de00000| PB 0x000000070de00000| Untracked 
|  25|0x000000070e000000, 0x000000070e200000, 0x000000070e200000|100%| O|  |TAMS 0x000000070e000000| PB 0x000000070e000000| Untracked 
|  26|0x000000070e200000, 0x000000070e400000, 0x000000070e400000|100%| O|  |TAMS 0x000000070e200000| PB 0x000000070e200000| Untracked 
|  27|0x000000070e400000, 0x000000070e400000, 0x000000070e600000|  0%| F|  |TAMS 0x000000070e400000| PB 0x000000070e400000| Untracked 
|  28|0x000000070e600000, 0x000000070e800000, 0x000000070e800000|100%|HS|  |TAMS 0x000000070e600000| PB 0x000000070e600000| Complete 
|  29|0x000000070e800000, 0x000000070ea00000, 0x000000070ea00000|100%|HC|  |TAMS 0x000000070e800000| PB 0x000000070e800000| Complete 
|  30|0x000000070ea00000, 0x000000070ec00000, 0x000000070ec00000|100%|HC|  |TAMS 0x000000070ea00000| PB 0x000000070ea00000| Complete 
|  31|0x000000070ec00000, 0x000000070ee00000, 0x000000070ee00000|100%|HC|  |TAMS 0x000000070ec00000| PB 0x000000070ec00000| Complete 
|  32|0x000000070ee00000, 0x000000070f000000, 0x000000070f000000|100%|HC|  |TAMS 0x000000070ee00000| PB 0x000000070ee00000| Complete 
|  33|0x000000070f000000, 0x000000070f200000, 0x000000070f200000|100%|HC|  |TAMS 0x000000070f000000| PB 0x000000070f000000| Complete 
|  34|0x000000070f200000, 0x000000070f400000, 0x000000070f400000|100%|HC|  |TAMS 0x000000070f200000| PB 0x000000070f200000| Complete 
|  35|0x000000070f400000, 0x000000070f600000, 0x000000070f600000|100%|HC|  |TAMS 0x000000070f400000| PB 0x000000070f400000| Complete 
|  36|0x000000070f600000, 0x000000070f800000, 0x000000070f800000|100%|HC|  |TAMS 0x000000070f600000| PB 0x000000070f600000| Complete 
|  37|0x000000070f800000, 0x000000070fa00000, 0x000000070fa00000|100%|HC|  |TAMS 0x000000070f800000| PB 0x000000070f800000| Complete 
|  38|0x000000070fa00000, 0x000000070fc00000, 0x000000070fc00000|100%|HS|  |TAMS 0x000000070fa00000| PB 0x000000070fa00000| Complete 
|  39|0x000000070fc00000, 0x000000070fe00000, 0x000000070fe00000|100%|HC|  |TAMS 0x000000070fc00000| PB 0x000000070fc00000| Complete 
|  40|0x000000070fe00000, 0x0000000710000000, 0x0000000710000000|100%|HC|  |TAMS 0x000000070fe00000| PB 0x000000070fe00000| Complete 
|  41|0x0000000710000000, 0x0000000710200000, 0x0000000710200000|100%|HC|  |TAMS 0x0000000710000000| PB 0x0000000710000000| Complete 
|  42|0x0000000710200000, 0x0000000710400000, 0x0000000710400000|100%| O|  |TAMS 0x0000000710200000| PB 0x0000000710200000| Untracked 
|  43|0x0000000710400000, 0x0000000710600000, 0x0000000710600000|100%| O|  |TAMS 0x0000000710400000| PB 0x0000000710400000| Untracked 
|  44|0x0000000710600000, 0x0000000710800000, 0x0000000710800000|100%| O|  |TAMS 0x0000000710600000| PB 0x0000000710600000| Untracked 
|  45|0x0000000710800000, 0x0000000710a00000, 0x0000000710a00000|100%| O|  |TAMS 0x0000000710800000| PB 0x0000000710800000| Untracked 
|  46|0x0000000710a00000, 0x0000000710b467e0, 0x0000000710c00000| 63%| O|  |TAMS 0x0000000710a00000| PB 0x0000000710a00000| Untracked 
|  47|0x0000000710c00000, 0x0000000710e00000, 0x0000000710e00000|100%| O|  |TAMS 0x0000000710c00000| PB 0x0000000710c00000| Untracked 
|  48|0x0000000710e00000, 0x0000000711000000, 0x0000000711000000|100%| O|  |TAMS 0x0000000710e00000| PB 0x0000000710e00000| Untracked 
|  49|0x0000000711000000, 0x0000000711000000, 0x0000000711200000|  0%| F|  |TAMS 0x0000000711000000| PB 0x0000000711000000| Untracked 
|  50|0x0000000711200000, 0x00000007113c8c00, 0x0000000711400000| 89%| S|CS|TAMS 0x0000000711200000| PB 0x0000000711200000| Complete 
|  51|0x0000000711400000, 0x0000000711600000, 0x0000000711600000|100%| S|CS|TAMS 0x0000000711400000| PB 0x0000000711400000| Complete 
|  52|0x0000000711600000, 0x0000000711600000, 0x0000000711800000|  0%| F|  |TAMS 0x0000000711600000| PB 0x0000000711600000| Untracked 
|  53|0x0000000711800000, 0x0000000711800000, 0x0000000711a00000|  0%| F|  |TAMS 0x0000000711800000| PB 0x0000000711800000| Untracked 
|  54|0x0000000711a00000, 0x0000000711a00000, 0x0000000711c00000|  0%| F|  |TAMS 0x0000000711a00000| PB 0x0000000711a00000| Untracked 
|  55|0x0000000711c00000, 0x0000000711e00000, 0x0000000711e00000|100%| S|CS|TAMS 0x0000000711c00000| PB 0x0000000711c00000| Complete 
|  56|0x0000000711e00000, 0x0000000712000000, 0x0000000712000000|100%| S|CS|TAMS 0x0000000711e00000| PB 0x0000000711e00000| Complete 
|  57|0x0000000712000000, 0x0000000712000000, 0x0000000712200000|  0%| F|  |TAMS 0x0000000712000000| PB 0x0000000712000000| Untracked 
|  58|0x0000000712200000, 0x0000000712200000, 0x0000000712400000|  0%| F|  |TAMS 0x0000000712200000| PB 0x0000000712200000| Untracked 
|  59|0x0000000712400000, 0x0000000712400000, 0x0000000712600000|  0%| F|  |TAMS 0x0000000712400000| PB 0x0000000712400000| Untracked 
|  60|0x0000000712600000, 0x0000000712600000, 0x0000000712800000|  0%| F|  |TAMS 0x0000000712600000| PB 0x0000000712600000| Untracked 
|  61|0x0000000712800000, 0x0000000712800000, 0x0000000712a00000|  0%| F|  |TAMS 0x0000000712800000| PB 0x0000000712800000| Untracked 
|  62|0x0000000712a00000, 0x0000000712a00000, 0x0000000712c00000|  0%| F|  |TAMS 0x0000000712a00000| PB 0x0000000712a00000| Untracked 
|  63|0x0000000712c00000, 0x0000000712c00000, 0x0000000712e00000|  0%| F|  |TAMS 0x0000000712c00000| PB 0x0000000712c00000| Untracked 
|  64|0x0000000712e00000, 0x0000000712e00000, 0x0000000713000000|  0%| F|  |TAMS 0x0000000712e00000| PB 0x0000000712e00000| Untracked 
|  65|0x0000000713000000, 0x0000000713000000, 0x0000000713200000|  0%| F|  |TAMS 0x0000000713000000| PB 0x0000000713000000| Untracked 
|  66|0x0000000713200000, 0x0000000713200000, 0x0000000713400000|  0%| F|  |TAMS 0x0000000713200000| PB 0x0000000713200000| Untracked 
|  67|0x0000000713400000, 0x0000000713400000, 0x0000000713600000|  0%| F|  |TAMS 0x0000000713400000| PB 0x0000000713400000| Untracked 
|  68|0x0000000713600000, 0x0000000713600000, 0x0000000713800000|  0%| F|  |TAMS 0x0000000713600000| PB 0x0000000713600000| Untracked 
|  69|0x0000000713800000, 0x0000000713800000, 0x0000000713a00000|  0%| F|  |TAMS 0x0000000713800000| PB 0x0000000713800000| Untracked 
|  70|0x0000000713a00000, 0x0000000713a00000, 0x0000000713c00000|  0%| F|  |TAMS 0x0000000713a00000| PB 0x0000000713a00000| Untracked 
|  71|0x0000000713c00000, 0x0000000713c00000, 0x0000000713e00000|  0%| F|  |TAMS 0x0000000713c00000| PB 0x0000000713c00000| Untracked 
|  72|0x0000000713e00000, 0x0000000713e00000, 0x0000000714000000|  0%| F|  |TAMS 0x0000000713e00000| PB 0x0000000713e00000| Untracked 
|  73|0x0000000714000000, 0x0000000714000000, 0x0000000714200000|  0%| F|  |TAMS 0x0000000714000000| PB 0x0000000714000000| Untracked 
|  74|0x0000000714200000, 0x0000000714200000, 0x0000000714400000|  0%| F|  |TAMS 0x0000000714200000| PB 0x0000000714200000| Untracked 
|  75|0x0000000714400000, 0x0000000714400000, 0x0000000714600000|  0%| F|  |TAMS 0x0000000714400000| PB 0x0000000714400000| Untracked 
|  76|0x0000000714600000, 0x0000000714600000, 0x0000000714800000|  0%| F|  |TAMS 0x0000000714600000| PB 0x0000000714600000| Untracked 
|  77|0x0000000714800000, 0x0000000714800000, 0x0000000714a00000|  0%| F|  |TAMS 0x0000000714800000| PB 0x0000000714800000| Untracked 
|  78|0x0000000714a00000, 0x0000000714adeef0, 0x0000000714c00000| 43%| E|  |TAMS 0x0000000714a00000| PB 0x0000000714a00000| Complete 
|  79|0x0000000714c00000, 0x0000000714e00000, 0x0000000714e00000|100%| E|CS|TAMS 0x0000000714c00000| PB 0x0000000714c00000| Complete 
|  80|0x0000000714e00000, 0x0000000715000000, 0x0000000715000000|100%| E|CS|TAMS 0x0000000714e00000| PB 0x0000000714e00000| Complete 
| 122|0x000000071a200000, 0x000000071a400000, 0x000000071a400000|100%| E|CS|TAMS 0x000000071a200000| PB 0x000000071a200000| Complete 
|1960|0x00000007ffe00000, 0x0000000800000000, 0x0000000800000000|100%| O|  |TAMS 0x00000007ffe00000| PB 0x00000007ffe00000| Untracked 

Card table byte_map: [0x000001ff80000000,0x000001ff807b0000] _byte_map_base: 0x000001ff7c7a9000

Marking Bits: (CMBitMap*) 0x000001ffec076fd0
 Bits: [0x000001ff807b0000, 0x000001ff844f8000)

Polling page: 0x000001ffe9ee0000

Metaspace:

Usage:
  Non-class:     66.18 MB used.
      Class:      8.27 MB used.
       Both:     74.44 MB used.

Virtual space:
  Non-class space:      128.00 MB reserved,      67.06 MB ( 52%) committed,  2 nodes.
      Class space:        1.00 GB reserved,       8.81 MB ( <1%) committed,  1 nodes.
             Both:        1.12 GB reserved,      75.88 MB (  7%) committed. 

Chunk freelists:
   Non-Class:  12.67 MB
       Class:  7.14 MB
        Both:  19.81 MB

MaxMetaspaceSize: unlimited
CompressedClassSpaceSize: 1.00 GB
Initial GC threshold: 21.00 MB
Current GC threshold: 119.69 MB
CDS: on
 - commit_granule_bytes: 65536.
 - commit_granule_words: 8192.
 - virtual_space_node_default_size: 8388608.
 - enlarge_chunks_in_place: 1.
 - use_allocation_guard: 0.


Internal statistics:

num_allocs_failed_limit: 6.
num_arena_births: 2288.
num_arena_deaths: 0.
num_vsnodes_births: 3.
num_vsnodes_deaths: 0.
num_space_committed: 1214.
num_space_uncommitted: 0.
num_chunks_returned_to_freelist: 6.
num_chunks_taken_from_freelist: 5175.
num_chunk_merges: 6.
num_chunk_splits: 3587.
num_chunks_enlarged: 2675.
num_inconsistent_stats: 0.

CodeHeap 'non-profiled nmethods': size=120000Kb used=8427Kb max_used=8427Kb free=111572Kb
 bounds [0x000001fff76e0000, 0x000001fff7f20000, 0x000001fffec10000]
CodeHeap 'profiled nmethods': size=120000Kb used=17675Kb max_used=17675Kb free=102324Kb
 bounds [0x000001ffefc10000, 0x000001fff0d60000, 0x000001fff7140000]
CodeHeap 'non-nmethods': size=5760Kb used=4634Kb max_used=4669Kb free=1125Kb
 bounds [0x000001fff7140000, 0x000001fff75f0000, 0x000001fff76e0000]
CodeCache: size=245760Kb, used=30736Kb, max_used=30771Kb, free=215021Kb
 total_blobs=13819, nmethods=10411, adapters=3312, full_count=0
Compilation: enabled, stopped_count=0, restarted_count=0

Compilation events (20 events):
Event: 118.526 Thread 0x000001ff86b37e00 13303       1       org.jetbrains.skia.ImageInfo::getHeight (5 bytes)
Event: 118.526 Thread 0x000001ff86b37e00 nmethod 13303 0x000001fff7f14c10 code [0x000001fff7f14da0, 0x000001fff7f14e68]
Event: 118.785 Thread 0x000001ff86b37e00 13305       3       androidx.compose.ui.Actuals_skikoKt$postDelayed$1::<init> (18 bytes)
Event: 118.786 Thread 0x000001ff86b37e00 nmethod 13305 0x000001fff0d42110 code [0x000001fff0d42300, 0x000001fff0d42868]
Event: 118.890 Thread 0x000001ff86b37e00 13306   !   3       androidx.compose.ui.graphics.painter.Painter::draw-x_KDEd0 (588 bytes)
Event: 118.892 Thread 0x000001ff86b37e00 nmethod 13306 0x000001fff0d42a90 code [0x000001fff0d42e80, 0x000001fff0d446a0]
Event: 118.892 Thread 0x000001ff86b37e00 13307       3       androidx.compose.ui.graphics.painter.Painter::configureAlpha (88 bytes)
Event: 118.892 Thread 0x000001ff86b37e00 nmethod 13307 0x000001fff0d45590 code [0x000001fff0d457c0, 0x000001fff0d45e80]
Event: 118.892 Thread 0x000001ff86b34340 13308       4       kotlinx.coroutines.CancellableContinuationImpl::invokeOnCancellationImpl (391 bytes)
Event: 118.903 Thread 0x000001ff86b34340 nmethod 13308 0x000001fff7f15210 code [0x000001fff7f154a0, 0x000001fff7f15ce8]
Event: 119.033 Thread 0x000001ff86b37e00 13309       1       coil3.compose.internal.ContentPainterNode::getPainter (5 bytes)
Event: 119.033 Thread 0x000001ff86b37e00 nmethod 13309 0x000001fff7f16310 code [0x000001fff7f164a0, 0x000001fff7f16570]
Event: 119.033 Thread 0x000001ff86b37e00 13310       3       org.jetbrains.skia.Canvas::clipRect (35 bytes)
Event: 119.034 Thread 0x000001ff86b37e00 nmethod 13310 0x000001fff0d46010 code [0x000001fff0d46260, 0x000001fff0d46980]
Event: 119.035 Thread 0x000001ff86b37e00 13311   !   3       androidx.compose.runtime.SnapshotMutableFloatStateImpl::setFloatValue (168 bytes)
Event: 119.036 Thread 0x000001ff86b37e00 nmethod 13311 0x000001fff0d46c90 code [0x000001fff0d46f00, 0x000001fff0d47b08]
Event: 119.300 Thread 0x000001ff86b37e00 13312       1       dev.chrisbanes.haze.HazeEffectNode::getLayerSize-NH-jbRc (5 bytes)
Event: 119.300 Thread 0x000001ff86b37e00 nmethod 13312 0x000001fff7f16610 code [0x000001fff7f167a0, 0x000001fff7f16868]
Event: 119.300 Thread 0x000001ff86b37e00 13313       1       dev.chrisbanes.haze.HazeEffectNode::getLayerOffset-F1C5BW0 (5 bytes)
Event: 119.300 Thread 0x000001ff86b37e00 nmethod 13313 0x000001fff7f16910 code [0x000001fff7f16aa0, 0x000001fff7f16b68]

GC Heap History (20 events):
Event: 17.984 GC heap before
{Heap before GC invocations=23 (full 0):
 garbage-first heap   total 169984K, used 136380K [0x000000070ae00000, 0x0000000800000000)
  region size 2048K, 31 young (63488K), 5 survivors (10240K)
 Metaspace       used 54861K, committed 55680K, reserved 1114112K
  class space    used 6071K, committed 6400K, reserved 1048576K
}
Event: 17.987 GC heap after
{Heap after GC invocations=24 (full 0):
 garbage-first heap   total 169984K, used 86258K [0x000000070ae00000, 0x0000000800000000)
  region size 2048K, 4 young (8192K), 4 survivors (8192K)
 Metaspace       used 54861K, committed 55680K, reserved 1114112K
  class space    used 6071K, committed 6400K, reserved 1048576K
}
Event: 18.817 GC heap before
{Heap before GC invocations=24 (full 0):
 garbage-first heap   total 169984K, used 133362K [0x000000070ae00000, 0x0000000800000000)
  region size 2048K, 27 young (55296K), 4 survivors (8192K)
 Metaspace       used 54861K, committed 55680K, reserved 1114112K
  class space    used 6071K, committed 6400K, reserved 1048576K
}
Event: 18.820 GC heap after
{Heap after GC invocations=25 (full 0):
 garbage-first heap   total 169984K, used 87957K [0x000000070ae00000, 0x0000000800000000)
  region size 2048K, 4 young (8192K), 4 survivors (8192K)
 Metaspace       used 54861K, committed 55680K, reserved 1114112K
  class space    used 6071K, committed 6400K, reserved 1048576K
}
Event: 19.796 GC heap before
{Heap before GC invocations=26 (full 0):
 garbage-first heap   total 169984K, used 130965K [0x000000070ae00000, 0x0000000800000000)
  region size 2048K, 28 young (57344K), 4 survivors (8192K)
 Metaspace       used 55121K, committed 56000K, reserved 1114112K
  class space    used 6105K, committed 6464K, reserved 1048576K
}
Event: 19.798 GC heap after
{Heap after GC invocations=27 (full 0):
 garbage-first heap   total 169984K, used 75198K [0x000000070ae00000, 0x0000000800000000)
  region size 2048K, 1 young (2048K), 1 survivors (2048K)
 Metaspace       used 55121K, committed 56000K, reserved 1114112K
  class space    used 6105K, committed 6464K, reserved 1048576K
}
Event: 96.967 GC heap before
{Heap before GC invocations=27 (full 0):
 garbage-first heap   total 169984K, used 146878K [0x000000070ae00000, 0x0000000800000000)
  region size 2048K, 34 young (69632K), 1 survivors (2048K)
 Metaspace       used 60036K, committed 60928K, reserved 1114112K
  class space    used 6687K, committed 7040K, reserved 1048576K
}
Event: 96.974 GC heap after
{Heap after GC invocations=28 (full 0):
 garbage-first heap   total 169984K, used 80871K [0x000000070ae00000, 0x0000000800000000)
  region size 2048K, 3 young (6144K), 3 survivors (6144K)
 Metaspace       used 60036K, committed 60928K, reserved 1114112K
  class space    used 6687K, committed 7040K, reserved 1048576K
}
Event: 100.621 GC heap before
{Heap before GC invocations=28 (full 0):
 garbage-first heap   total 169984K, used 140263K [0x000000070ae00000, 0x0000000800000000)
  region size 2048K, 33 young (67584K), 3 survivors (6144K)
 Metaspace       used 63805K, committed 64768K, reserved 1114112K
  class space    used 7105K, committed 7488K, reserved 1048576K
}
Event: 100.628 GC heap after
{Heap after GC invocations=29 (full 0):
 garbage-first heap   total 169984K, used 83578K [0x000000070ae00000, 0x0000000800000000)
  region size 2048K, 4 young (8192K), 4 survivors (8192K)
 Metaspace       used 63805K, committed 64768K, reserved 1114112K
  class space    used 7105K, committed 7488K, reserved 1048576K
}
Event: 101.150 GC heap before
{Heap before GC invocations=30 (full 0):
 garbage-first heap   total 169984K, used 153210K [0x000000070ae00000, 0x0000000800000000)
  region size 2048K, 35 young (71680K), 4 survivors (8192K)
 Metaspace       used 66933K, committed 68032K, reserved 1114112K
  class space    used 7495K, committed 7936K, reserved 1048576K
}
Event: 101.160 GC heap after
{Heap after GC invocations=31 (full 0):
 garbage-first heap   total 169984K, used 95875K [0x000000070ae00000, 0x0000000800000000)
  region size 2048K, 4 young (8192K), 4 survivors (8192K)
 Metaspace       used 66933K, committed 68032K, reserved 1114112K
  class space    used 7495K, committed 7936K, reserved 1048576K
}
Event: 104.566 GC heap before
{Heap before GC invocations=31 (full 0):
 garbage-first heap   total 169984K, used 149123K [0x000000070ae00000, 0x0000000800000000)
  region size 2048K, 31 young (63488K), 4 survivors (8192K)
 Metaspace       used 69731K, committed 70976K, reserved 1114112K
  class space    used 7767K, committed 8256K, reserved 1048576K
}
Event: 104.577 GC heap after
{Heap after GC invocations=32 (full 0):
 garbage-first heap   total 169984K, used 98822K [0x000000070ae00000, 0x0000000800000000)
  region size 2048K, 4 young (8192K), 4 survivors (8192K)
 Metaspace       used 69731K, committed 70976K, reserved 1114112K
  class space    used 7767K, committed 8256K, reserved 1048576K
}
Event: 104.910 GC heap before
{Heap before GC invocations=32 (full 0):
 garbage-first heap   total 169984K, used 147974K [0x000000070ae00000, 0x0000000800000000)
  region size 2048K, 29 young (59392K), 4 survivors (8192K)
 Metaspace       used 71952K, committed 73344K, reserved 1114112K
  class space    used 8064K, committed 8640K, reserved 1048576K
}
Event: 104.919 GC heap after
{Heap after GC invocations=33 (full 0):
 garbage-first heap   total 169984K, used 102570K [0x000000070ae00000, 0x0000000800000000)
  region size 2048K, 2 young (4096K), 2 survivors (4096K)
 Metaspace       used 71952K, committed 73344K, reserved 1114112K
  class space    used 8064K, committed 8640K, reserved 1048576K
}
Event: 105.433 GC heap before
{Heap before GC invocations=34 (full 0):
 garbage-first heap   total 169984K, used 147626K [0x000000070ae00000, 0x0000000800000000)
  region size 2048K, 26 young (53248K), 2 survivors (4096K)
 Metaspace       used 73701K, committed 75136K, reserved 1179648K
  class space    used 8227K, committed 8768K, reserved 1048576K
}
Event: 105.441 GC heap after
{Heap after GC invocations=35 (full 0):
 garbage-first heap   total 169984K, used 103545K [0x000000070ae00000, 0x0000000800000000)
  region size 2048K, 4 young (8192K), 4 survivors (8192K)
 Metaspace       used 73701K, committed 75136K, reserved 1179648K
  class space    used 8227K, committed 8768K, reserved 1048576K
}
Event: 117.645 GC heap before
{Heap before GC invocations=35 (full 0):
 garbage-first heap   total 169984K, used 152697K [0x000000070ae00000, 0x0000000800000000)
  region size 2048K, 28 young (57344K), 4 survivors (8192K)
 Metaspace       used 75893K, committed 77312K, reserved 1179648K
  class space    used 8419K, committed 8960K, reserved 1048576K
}
Event: 117.662 GC heap after
{Heap after GC invocations=36 (full 0):
 garbage-first heap   total 169984K, used 105532K [0x000000070ae00000, 0x0000000800000000)
  region size 2048K, 4 young (8192K), 4 survivors (8192K)
 Metaspace       used 75893K, committed 77312K, reserved 1179648K
  class space    used 8419K, committed 8960K, reserved 1048576K
}

Dll operation events (4 events):
Event: 0.014 Loaded shared library C:\Users\yuzha\.jdks\jbr-21.0.10\bin\java.dll
Event: 0.041 Loaded shared library C:\Users\yuzha\.jdks\jbr-21.0.10\bin\zip.dll
Event: 0.050 Loaded shared library C:\Users\yuzha\.jdks\jbr-21.0.10\bin\jsvml.dll
Event: 1.372 Loaded shared library C:\Users\yuzha\.jdks\jbr-21.0.10\bin\verify.dll

Deoptimization events (20 events):
Event: 116.604 Thread 0x000001ffce253a50 Uncommon trap: trap_request=0xffffff45 fr.pc=0x000001fff7caeec0 relative=0x0000000000000b60
Event: 116.604 Thread 0x000001ffce253a50 Uncommon trap: reason=unstable_if action=reinterpret pc=0x000001fff7caeec0 method=androidx.compose.runtime.CompositionImpl.addPendingInvalidationsLocked(Ljava/util/Set;Z)V @ 98 c2
Event: 116.604 Thread 0x000001ffce253a50 DEOPT PACKING pc=0x000001fff7caeec0 sp=0x00000070732fecf0
Event: 116.604 Thread 0x000001ffce253a50 DEOPT UNPACKING pc=0x000001fff7194422 sp=0x00000070732feb88 mode 2
Event: 117.309 Thread 0x000001ffce253a50 Uncommon trap: trap_request=0xffffff6e fr.pc=0x000001fff7efc7ec relative=0x000000000000030c
Event: 117.309 Thread 0x000001ffce253a50 Uncommon trap: reason=loop_limit_check action=maybe_recompile pc=0x000001fff7efc7ec method=androidx.compose.runtime.snapshots.SnapshotStateObserver$ObservedScopeMap.clearScopeObservations(Ljava/lang/Object;)V @ 65 c2
Event: 117.309 Thread 0x000001ffce253a50 DEOPT PACKING pc=0x000001fff7efc7ec sp=0x00000070732fd9b0
Event: 117.309 Thread 0x000001ffce253a50 DEOPT UNPACKING pc=0x000001fff7194422 sp=0x00000070732fd8d8 mode 2
Event: 118.491 Thread 0x000001ffce253a50 Uncommon trap: trap_request=0xffffff45 fr.pc=0x000001fff7d6286c relative=0x00000000000005cc
Event: 118.491 Thread 0x000001ffce253a50 Uncommon trap: reason=unstable_if action=reinterpret pc=0x000001fff7d6286c method=androidx.compose.runtime.composer.gapbuffer.SlotWriter.sourceInformationOf$runtime(I)Landroidx/compose/runtime/composer/gapbuffer/GapGroupSourceInformation; @ 5 c2
Event: 118.491 Thread 0x000001ffce253a50 DEOPT PACKING pc=0x000001fff7d6286c sp=0x00000070732fdd40
Event: 118.491 Thread 0x000001ffce253a50 DEOPT UNPACKING pc=0x000001fff7194422 sp=0x00000070732fdcd8 mode 2
Event: 118.523 Thread 0x000001ffd0f10540 Uncommon trap: trap_request=0xffffffde fr.pc=0x000001fff7ae31c0 relative=0x0000000000000100
Event: 118.523 Thread 0x000001ffd0f10540 Uncommon trap: reason=class_check action=maybe_recompile pc=0x000001fff7ae31c0 method=okio.Buffer.writeAll(Lokio/Source;)J @ 23 c2
Event: 118.523 Thread 0x000001ffd0f10540 DEOPT PACKING pc=0x000001fff7ae31c0 sp=0x0000007073bfe7e0
Event: 118.523 Thread 0x000001ffd0f10540 DEOPT UNPACKING pc=0x000001fff7194422 sp=0x0000007073bfe740 mode 2
Event: 118.532 Thread 0x000001ffce253a50 Uncommon trap: trap_request=0xffffff45 fr.pc=0x000001fff7e8b6b0 relative=0x0000000000004950
Event: 118.532 Thread 0x000001ffce253a50 Uncommon trap: reason=unstable_if action=reinterpret pc=0x000001fff7e8b6b0 method=androidx.compose.ui.input.pointer.Node.buildCache(Landroidx/collection/LongSparseArray;Landroidx/compose/ui/layout/LayoutCoordinates;Landroidx/compose/ui/input/pointer/Inter
Event: 118.532 Thread 0x000001ffce253a50 DEOPT PACKING pc=0x000001fff7e8b6b0 sp=0x00000070732fe480
Event: 118.532 Thread 0x000001ffce253a50 DEOPT UNPACKING pc=0x000001fff7194422 sp=0x00000070732fe3f8 mode 2

Classes loaded (20 events):
Event: 97.341 Loading class sun/awt/AWTAccessor$MouseEventAccessor done
Event: 97.341 Loading class java/awt/event/MouseEvent$1 done
Event: 97.341 Loading class java/awt/Cursor$CursorDisposer
Event: 97.342 Loading class java/awt/Cursor$CursorDisposer done
Event: 97.377 Loading class java/awt/event/MouseWheelEvent
Event: 97.377 Loading class java/awt/event/MouseWheelEvent done
Event: 105.060 Loading class sun/text/resources/cldr/FormatData_en_US
Event: 105.060 Loading class sun/text/resources/cldr/FormatData_en_US done
Event: 110.099 Loading class java/awt/Container$MouseEventTargetFilter
Event: 110.099 Loading class java/awt/Container$EventTargetFilter
Event: 110.099 Loading class java/awt/Container$EventTargetFilter done
Event: 110.099 Loading class java/awt/Container$MouseEventTargetFilter done
Event: 110.100 Loading class java/awt/LightweightDispatcher$1
Event: 110.100 Loading class java/awt/LightweightDispatcher$1 done
Event: 110.100 Loading class java/awt/event/AWTEventListenerProxy
Event: 110.100 Loading class java/awt/event/AWTEventListenerProxy done
Event: 110.100 Loading class java/awt/Toolkit$SelectiveAWTEventListener
Event: 110.100 Loading class java/awt/Toolkit$SelectiveAWTEventListener done
Event: 110.100 Loading class java/awt/Toolkit$ToolkitEventMulticaster
Event: 110.100 Loading class java/awt/Toolkit$ToolkitEventMulticaster done

Classes unloaded (0 events):
No events

Classes redefined (0 events):
No events

Internal exceptions (20 events):
Event: 105.851 Thread 0x000001ffce253a50 Exception <a 'sun/nio/fs/WindowsException'{0x0000000713ff33b8}> (0x0000000713ff33b8) 
thrown [s\src\hotspot\share\prims\jni.cpp, line 537]
Event: 105.851 Thread 0x000001ffce253a50 Exception <a 'sun/nio/fs/WindowsException'{0x0000000713ff51b0}> (0x0000000713ff51b0) 
thrown [s\src\hotspot\share\prims\jni.cpp, line 537]
Event: 105.940 Thread 0x000001ffce253a50 Exception <a 'sun/nio/fs/WindowsException'{0x0000000713a22bc0}> (0x0000000713a22bc0) 
thrown [s\src\hotspot\share\prims\jni.cpp, line 537]
Event: 105.940 Thread 0x000001ffce253a50 Exception <a 'sun/nio/fs/WindowsException'{0x0000000713a24c68}> (0x0000000713a24c68) 
thrown [s\src\hotspot\share\prims\jni.cpp, line 537]
Event: 105.946 Thread 0x000001ffce253a50 Exception <a 'sun/nio/fs/WindowsException'{0x0000000713a68a90}> (0x0000000713a68a90) 
thrown [s\src\hotspot\share\prims\jni.cpp, line 537]
Event: 105.946 Thread 0x000001ffce253a50 Exception <a 'sun/nio/fs/WindowsException'{0x0000000713a6a888}> (0x0000000713a6a888) 
thrown [s\src\hotspot\share\prims\jni.cpp, line 537]
Event: 105.948 Thread 0x000001ffce253a50 Exception <a 'sun/nio/fs/WindowsException'{0x0000000713a77b28}> (0x0000000713a77b28) 
thrown [s\src\hotspot\share\prims\jni.cpp, line 537]
Event: 105.951 Thread 0x000001ffce253a50 Exception <a 'java/lang/NoSuchMethodError'{0x0000000713a920e8}: 'java.lang.Object java.lang.invoke.DirectMethodHandle$Holder.invokeStatic(java.lang.Object, java.lang.Object, int, int, java.lang.Object, java.lang.Object, java.lang.Object, java.lang.Object, int)'> (0x0000000713a920e8) 
thrown [s\src\hotspot\share\interpreter\linkResolver.cpp, line 784]
Event: 110.829 Thread 0x000001ffce253a50 Implicit null exception at 0x000001fff7d8331f to 0x000001fff7d84040
Event: 110.835 Thread 0x000001ffce253a50 Implicit null exception at 0x000001fff7861115 to 0x000001fff7861218
Event: 118.491 Thread 0x000001ffce253a50 Implicit null exception at 0x000001fff7d622e1 to 0x000001fff7d6285c
Event: 118.496 Thread 0x000001ffce253a50 Exception <a 'java/lang/NoSuchMethodError'{0x0000000714e1f6b0}: 'java.lang.Object java.lang.invoke.DirectMethodHandle$Holder.newInvokeSpecial(java.lang.Object, java.lang.Object, long, java.lang.Object)'> (0x0000000714e1f6b0) 
thrown [s\src\hotspot\share\interpreter\linkResolver.cpp, line 784]
Event: 118.497 Thread 0x000001ffce253a50 Exception <a 'java/lang/NoSuchMethodError'{0x0000000714e236f8}: 'java.lang.Object java.lang.invoke.DirectMethodHandle$Holder.invokeSpecial(java.lang.Object, java.lang.Object, java.lang.Object, long, java.lang.Object)'> (0x0000000714e236f8) 
thrown [s\src\hotspot\share\interpreter\linkResolver.cpp, line 784]
Event: 118.497 Thread 0x000001ffce253a50 Exception <a 'java/lang/NoSuchMethodError'{0x0000000714e26e48}: 'java.lang.Object java.lang.invoke.Invokers$Holder.linkToTargetMethod(java.lang.Object, long, java.lang.Object, java.lang.Object)'> (0x0000000714e26e48) 
thrown [s\src\hotspot\share\interpreter\linkResolver.cpp, line 784]
Event: 118.504 Thread 0x000001ffce253a50 Exception <a 'sun/nio/fs/WindowsException'{0x0000000714f7bc20}> (0x0000000714f7bc20) 
thrown [s\src\hotspot\share\prims\jni.cpp, line 537]
Event: 118.504 Thread 0x000001ffce253a50 Exception <a 'sun/nio/fs/WindowsException'{0x0000000714f7d208}> (0x0000000714f7d208) 
thrown [s\src\hotspot\share\prims\jni.cpp, line 537]
Event: 118.505 Thread 0x000001ffce253a50 Exception <a 'sun/nio/fs/WindowsException'{0x0000000714f84ee0}> (0x0000000714f84ee0) 
thrown [s\src\hotspot\share\prims\jni.cpp, line 537]
Event: 118.505 Thread 0x000001ffce253a50 Exception <a 'sun/nio/fs/WindowsException'{0x0000000714f864c8}> (0x0000000714f864c8) 
thrown [s\src\hotspot\share\prims\jni.cpp, line 537]
Event: 118.513 Thread 0x000001ffce253a50 Exception <a 'sun/nio/fs/WindowsException'{0x0000000714d14058}> (0x0000000714d14058) 
thrown [s\src\hotspot\share\prims\jni.cpp, line 537]
Event: 118.513 Thread 0x000001ffce253a50 Exception <a 'sun/nio/fs/WindowsException'{0x0000000714d15640}> (0x0000000714d15640) 
thrown [s\src\hotspot\share\prims\jni.cpp, line 537]

ZGC Phase Switch (0 events):
No events

VM Operations (20 events):
Event: 109.473 Executing safepoint VM operation: Cleanup
Event: 109.473 Executing safepoint VM operation: Cleanup done
Event: 110.482 Executing safepoint VM operation: Cleanup
Event: 110.482 Executing safepoint VM operation: Cleanup done
Event: 111.489 Executing safepoint VM operation: Cleanup
Event: 111.490 Executing safepoint VM operation: Cleanup done
Event: 112.495 Executing safepoint VM operation: Cleanup
Event: 112.495 Executing safepoint VM operation: Cleanup done
Event: 113.498 Executing safepoint VM operation: Cleanup
Event: 113.498 Executing safepoint VM operation: Cleanup done
Event: 115.500 Executing safepoint VM operation: Cleanup
Event: 115.500 Executing safepoint VM operation: Cleanup done
Event: 116.506 Executing safepoint VM operation: Cleanup
Event: 116.506 Executing safepoint VM operation: Cleanup done
Event: 117.508 Executing safepoint VM operation: Cleanup
Event: 117.508 Executing safepoint VM operation: Cleanup done
Event: 117.645 Executing safepoint VM operation: G1CollectForAllocation (G1 Evacuation Pause)
Event: 117.662 Executing safepoint VM operation: G1CollectForAllocation (G1 Evacuation Pause) done
Event: 118.672 Executing safepoint VM operation: Cleanup
Event: 118.672 Executing safepoint VM operation: Cleanup done

Memory protections (0 events):
No events

Nmethod flushes (20 events):
Event: 104.970 Thread 0x000001ff86af2470 flushing  nmethod 0x000001fff0496490
Event: 104.970 Thread 0x000001ff86af2470 flushing  nmethod 0x000001fff04c1c90
Event: 104.970 Thread 0x000001ff86af2470 flushing  nmethod 0x000001fff04c9a90
Event: 104.970 Thread 0x000001ff86af2470 flushing  nmethod 0x000001fff04ca990
Event: 104.970 Thread 0x000001ff86af2470 flushing  nmethod 0x000001fff04cdd10
Event: 104.970 Thread 0x000001ff86af2470 flushing  nmethod 0x000001fff04d0d90
Event: 104.970 Thread 0x000001ff86af2470 flushing  nmethod 0x000001fff04d2410
Event: 104.970 Thread 0x000001ff86af2470 flushing  nmethod 0x000001fff0510890
Event: 104.970 Thread 0x000001ff86af2470 flushing  nmethod 0x000001fff0515810
Event: 104.970 Thread 0x000001ff86af2470 flushing  nmethod 0x000001fff0562c90
Event: 104.970 Thread 0x000001ff86af2470 flushing  nmethod 0x000001fff05eac90
Event: 104.970 Thread 0x000001ff86af2470 flushing  nmethod 0x000001fff0621f10
Event: 104.970 Thread 0x000001ff86af2470 flushing  nmethod 0x000001fff06b5510
Event: 104.970 Thread 0x000001ff86af2470 flushing  nmethod 0x000001fff06ba590
Event: 104.970 Thread 0x000001ff86af2470 flushing  nmethod 0x000001fff0704890
Event: 104.970 Thread 0x000001ff86af2470 flushing  nmethod 0x000001fff070a690
Event: 104.970 Thread 0x000001ff86af2470 flushing  nmethod 0x000001fff071da90
Event: 104.970 Thread 0x000001ff86af2470 flushing  nmethod 0x000001fff0768f10
Event: 104.970 Thread 0x000001ff86af2470 flushing  nmethod 0x000001fff080bd10
Event: 104.970 Thread 0x000001ff86af2470 flushing  nmethod 0x000001fff08c6190

Events (20 events):
Event: 96.382 Thread 0x00000200176c6490 Thread exited: 0x00000200176c6490
Event: 96.459 Thread 0x000001ff86b37e00 Thread added: 0x00000200176c5dc0
Event: 97.335 Thread 0x000001ff86b37e00 Thread added: 0x00000200176c4280
Event: 98.027 Thread 0x00000200176c4280 Thread exited: 0x00000200176c4280
Event: 98.259 Thread 0x00000200176c5dc0 Thread exited: 0x00000200176c5dc0
Event: 99.042 Thread 0x000001ff86b37e00 Thread added: 0x00000200176c4280
Event: 99.579 Thread 0x00000200176c4280 Thread exited: 0x00000200176c4280
Event: 100.762 Thread 0x000001ff86b37e00 Thread added: 0x00000200176c5dc0
Event: 101.256 Thread 0x000001ff86b37e00 Thread added: 0x00000200176ca8b0
Event: 101.860 Thread 0x00000200176ca8b0 Thread exited: 0x00000200176ca8b0
Event: 103.772 Thread 0x00000200176c5dc0 Thread exited: 0x00000200176c5dc0
Event: 104.534 Thread 0x000001ff86b37e00 Thread added: 0x0000020017c1e020
Event: 104.537 Thread 0x000001ff86b37e00 Thread added: 0x0000020017c21d70
Event: 105.731 Loaded shared library C:\Users\yuzha\AppData\Local\composemediaplayer\native\win32-x86-64\NativeVideoPlayer.dll
Event: 106.356 Thread 0x0000020017c21d70 Thread exited: 0x0000020017c21d70
Event: 106.356 Thread 0x0000020017c1e020 Thread exited: 0x0000020017c1e020
Event: 110.840 Thread 0x000001ff86b37e00 Thread added: 0x000001ffcea241c0
Event: 111.244 Thread 0x000001ffcea241c0 Thread exited: 0x000001ffcea241c0
Event: 116.405 Thread 0x000001ff86b37e00 Thread added: 0x000001ffcea23af0
Event: 116.742 Thread 0x000001ffcea23af0 Thread exited: 0x000001ffcea23af0


Dynamic libraries:
0x00007ff6a7e50000 - 0x00007ff6a7e5a000 	C:\Users\yuzha\.jdks\jbr-21.0.10\bin\java.exe
0x00007ffdbc9c0000 - 0x00007ffdbcc27000 	C:\WINDOWS\SYSTEM32\ntdll.dll
0x00007ffdbae40000 - 0x00007ffdbaf09000 	C:\WINDOWS\System32\KERNEL32.DLL
0x00007ffdb94a0000 - 0x00007ffdb9897000 	C:\WINDOWS\System32\KERNELBASE.dll
0x00007ffdb9ac0000 - 0x00007ffdb9c0b000 	C:\WINDOWS\System32\ucrtbase.dll
0x00007ffd9d2e0000 - 0x00007ffd9d2fe000 	C:\Users\yuzha\.jdks\jbr-21.0.10\bin\VCRUNTIME140.dll
0x00007ffd95ad0000 - 0x00007ffd95ae8000 	C:\Users\yuzha\.jdks\jbr-21.0.10\bin\jli.dll
0x00007ffdbb350000 - 0x00007ffdbb516000 	C:\WINDOWS\System32\USER32.dll
0x00007ffdb98a0000 - 0x00007ffdb98c7000 	C:\WINDOWS\System32\win32u.dll
0x00007ffdbbb90000 - 0x00007ffdbbbbb000 	C:\WINDOWS\System32\GDI32.dll
0x00007ffd9f9c0000 - 0x00007ffd9fc52000 	C:\WINDOWS\WinSxS\amd64_microsoft.windows.common-controls_6595b64144ccf1df_6.0.26100.8457_none_3e0b2faee331e92d\COMCTL32.dll
0x00007ffdb98d0000 - 0x00007ffdb99fc000 	C:\WINDOWS\System32\gdi32full.dll
0x00007ffdba800000 - 0x00007ffdba8a9000 	C:\WINDOWS\System32\msvcrt.dll
0x00007ffdb93f0000 - 0x00007ffdb9493000 	C:\WINDOWS\System32\msvcp_win.dll
0x00007ffdba9b0000 - 0x00007ffdba9e2000 	C:\WINDOWS\System32\IMM32.DLL
0x00007ffda7b50000 - 0x00007ffda7b5c000 	C:\Users\yuzha\.jdks\jbr-21.0.10\bin\vcruntime140_1.dll
0x00007ffd93870000 - 0x00007ffd938f9000 	C:\Users\yuzha\.jdks\jbr-21.0.10\bin\msvcp140.dll
0x00007ffcfe590000 - 0x00007ffcff35c000 	C:\Users\yuzha\.jdks\jbr-21.0.10\bin\server\jvm.dll
0x00007ffdba9f0000 - 0x00007ffdbaaa6000 	C:\WINDOWS\System32\ADVAPI32.dll
0x00007ffdba750000 - 0x00007ffdba7f7000 	C:\WINDOWS\System32\sechost.dll
0x00007ffdbb200000 - 0x00007ffdbb318000 	C:\WINDOWS\System32\RPCRT4.dll
0x00007ffdbb9b0000 - 0x00007ffdbba30000 	C:\WINDOWS\System32\WS2_32.dll
0x00007ffdb90a0000 - 0x00007ffdb90fe000 	C:\WINDOWS\SYSTEM32\POWRPROF.dll
0x00007ffdb2b20000 - 0x00007ffdb2b2b000 	C:\WINDOWS\SYSTEM32\VERSION.dll
0x00007ffdb26e0000 - 0x00007ffdb2716000 	C:\WINDOWS\SYSTEM32\WINMM.dll
0x00007ffdb9080000 - 0x00007ffdb9094000 	C:\WINDOWS\SYSTEM32\UMPDC.dll
0x00007ffdb8180000 - 0x00007ffdb819b000 	C:\WINDOWS\SYSTEM32\kernel.appcore.dll
0x00007ffda6b10000 - 0x00007ffda6b1a000 	C:\Users\yuzha\.jdks\jbr-21.0.10\bin\jimage.dll
0x00007ffdb73e0000 - 0x00007ffdb7622000 	C:\WINDOWS\SYSTEM32\DBGHELP.DLL
0x00007ffdbaab0000 - 0x00007ffdbae33000 	C:\WINDOWS\System32\combase.dll
0x00007ffdbbbc0000 - 0x00007ffdbbc99000 	C:\WINDOWS\System32\OLEAUT32.dll
0x00007ffd98e90000 - 0x00007ffd98ecb000 	C:\WINDOWS\SYSTEM32\dbgcore.DLL
0x00007ffdba480000 - 0x00007ffdba528000 	C:\WINDOWS\System32\bcryptPrimitives.dll
0x00007ffda1680000 - 0x00007ffda1690000 	C:\Users\yuzha\.jdks\jbr-21.0.10\bin\instrument.dll
0x00007ffd94ab0000 - 0x00007ffd94ad1000 	C:\Users\yuzha\.jdks\jbr-21.0.10\bin\java.dll
0x00007ffdbc1a0000 - 0x00007ffdbc90e000 	C:\WINDOWS\System32\SHELL32.dll
0x00007ffdb9c10000 - 0x00007ffdba47c000 	C:\WINDOWS\System32\windows.storage.dll
0x00007ffdba8b0000 - 0x00007ffdba9a6000 	C:\WINDOWS\System32\SHCORE.dll
0x00007ffdbc130000 - 0x00007ffdbc196000 	C:\WINDOWS\System32\shlwapi.dll
0x00007ffdb9310000 - 0x00007ffdb9339000 	C:\WINDOWS\SYSTEM32\profapi.dll
0x00007ffd95a70000 - 0x00007ffd95a88000 	C:\Users\yuzha\.jdks\jbr-21.0.10\bin\zip.dll
0x00007ffd75320000 - 0x00007ffd753f7000 	C:\Users\yuzha\.jdks\jbr-21.0.10\bin\jsvml.dll
0x00007ffd95990000 - 0x00007ffd959a1000 	C:\Users\yuzha\.jdks\jbr-21.0.10\bin\net.dll
0x00007ffdb3c40000 - 0x00007ffdb3d69000 	C:\WINDOWS\SYSTEM32\WINHTTP.dll
0x00007ffdb86f0000 - 0x00007ffdb875c000 	C:\WINDOWS\system32\mswsock.dll
0x00007ffd95930000 - 0x00007ffd95946000 	C:\Users\yuzha\.jdks\jbr-21.0.10\bin\nio.dll
0x00007ffdb89d0000 - 0x00007ffdb89eb000 	C:\WINDOWS\SYSTEM32\CRYPTSP.dll
0x00007ffdb80e0000 - 0x00007ffdb8119000 	C:\WINDOWS\system32\rsaenh.dll
0x00007ffdb87a0000 - 0x00007ffdb87d3000 	C:\WINDOWS\SYSTEM32\USERENV.dll
0x00007ffdb92e0000 - 0x00007ffdb930a000 	C:\WINDOWS\SYSTEM32\bcrypt.dll
0x00007ffdb89f0000 - 0x00007ffdb89fc000 	C:\WINDOWS\SYSTEM32\CRYPTBASE.dll
0x00007ffdb7bc0000 - 0x00007ffdb7bf2000 	C:\WINDOWS\SYSTEM32\IPHLPAPI.DLL
0x00007ffdbc120000 - 0x00007ffdbc12a000 	C:\WINDOWS\System32\NSI.dll
0x00007ffd9d270000 - 0x00007ffd9d279000 	C:\Users\yuzha\.jdks\jbr-21.0.10\bin\extnet.dll
0x00007ffd9d210000 - 0x00007ffd9d220000 	C:\Users\yuzha\.jdks\jbr-21.0.10\bin\verify.dll
0x00007ffd55ce0000 - 0x00007ffd55e7e000 	C:\Users\yuzha\.jdks\jbr-21.0.10\bin\awt.dll
0x00007ffdb6d90000 - 0x00007ffdb6dbf000 	C:\WINDOWS\SYSTEM32\dwmapi.dll
0x00007ffd93460000 - 0x00007ffd934a4000 	C:\Users\yuzha\.jdks\jbr-21.0.10\bin\nvdaControllerClient64.dll
0x00007ffdb0000000 - 0x00007ffdb0076000 	C:\WINDOWS\SYSTEM32\OLEACC.dll
0x00007ffdb6a80000 - 0x00007ffdb6b20000 	C:\WINDOWS\SYSTEM32\apphelp.dll
0x00007ffdb6c60000 - 0x00007ffdb6d0a000 	C:\WINDOWS\system32\uxtheme.dll
0x00007ffdbbe40000 - 0x00007ffdbbf9c000 	C:\WINDOWS\System32\MSCTF.dll
0x00007ffdbbca0000 - 0x00007ffdbbe37000 	C:\WINDOWS\System32\ole32.dll
0x00007ffdb6a50000 - 0x00007ffdb6a79000 	C:\WINDOWS\system32\Wtsapi32.dll
0x00007ffdba5c0000 - 0x00007ffdba738000 	C:\WINDOWS\System32\CRYPT32.dll
0x00007ffdb8420000 - 0x00007ffdb8469000 	C:\WINDOWS\SYSTEM32\SspiCli.dll
0x00007ffdb8c30000 - 0x00007ffdb8c92000 	C:\WINDOWS\SYSTEM32\WINSTA.dll
0x00007ffd236d0000 - 0x00007ffd237df000 	C:\WINDOWS\system32\opengl32.dll
0x00007ffd231a0000 - 0x00007ffd231cd000 	C:\WINDOWS\SYSTEM32\GLU32.dll
0x00007ffdb6e00000 - 0x00007ffdb6e45000 	C:\WINDOWS\SYSTEM32\dxcore.dll
0x00007ffcf5570000 - 0x00007ffcf62e5000 	C:\Users\yuzha\.skiko\skiko-windows-x64-3ce1b2621ce4905333064341568d0e9493efc0d4971a63b096261c774bc6e5a8\skiko-windows-x64.dll
0x00007ffdb4340000 - 0x00007ffdb4446000 	C:\WINDOWS\SYSTEM32\PROPSYS.dll
0x00007ffdb53b0000 - 0x00007ffdb5617000 	C:\WINDOWS\SYSTEM32\dwrite.dll
0x00007ffda58c0000 - 0x00007ffda5a98000 	C:\WINDOWS\WinSxS\amd64_microsoft.windows.gdiplus_6595b64144ccf1df_1.1.26100.8328_none_6ef30b123dc73046\gdiplus.dll
0x00007ffd75290000 - 0x00007ffd75317000 	C:\Users\yuzha\.jdks\jbr-21.0.10\bin\freetype.dll
0x00007ffd54b90000 - 0x00007ffd54c85000 	C:\Users\yuzha\.jdks\jbr-21.0.10\bin\fontmanager.dll
0x00007ffdbba40000 - 0x00007ffdbbaee000 	C:\WINDOWS\System32\clbcatq.dll
0x00007ffdb4cf0000 - 0x00007ffdb4f1d000 	C:\WINDOWS\SYSTEM32\WindowsCodecs.dll
0x00007ffd8a4e0000 - 0x00007ffd8a53a000 	C:\WINDOWS\system32\dataexchange.dll
0x00007ffdae1a0000 - 0x00007ffdae3ee000 	C:\WINDOWS\system32\twinapi.appcore.dll
0x00007ffd961a0000 - 0x00007ffd961a7000 	C:\Users\yuzha\.jdks\jbr-21.0.10\bin\jawt.dll
0x00007ffdb6670000 - 0x00007ffdb67ae000 	C:\WINDOWS\SYSTEM32\Dxgi.dll
0x00007ffdb41d0000 - 0x00007ffdb4231000 	C:\WINDOWS\SYSTEM32\directxdatabasehelper.dll
0x00007ffdb8fd0000 - 0x00007ffdb9021000 	C:\WINDOWS\SYSTEM32\cfgmgr32.dll
0x00007ffd8fe10000 - 0x00007ffd8fe35000 	C:\WINDOWS\SYSTEM32\D3D12.dll
0x00007ffd04b90000 - 0x00007ffd04ee8000 	C:\WINDOWS\SYSTEM32\D3D12Core.dll
0x00007ffcd3950000 - 0x00007ffcd7f29000 	C:\WINDOWS\System32\DriverStore\FileRepository\u0416624.inf_amd64_1eae707b82df6d48\B416495\amdxc64.dll
0x00007ffdb02d0000 - 0x00007ffdb0305000 	C:\WINDOWS\SYSTEM32\amdihk64.dll
0x00007ffdb01a0000 - 0x00007ffdb0285000 	C:\WINDOWS\SYSTEM32\D3DSCache.dll
0x00007ffd95ac0000 - 0x00007ffd95ace000 	C:\Users\yuzha\.jdks\jbr-21.0.10\bin\sunmscapi.dll
0x00007ffdb8bf0000 - 0x00007ffdb8c20000 	C:\WINDOWS\SYSTEM32\ncrypt.dll
0x00007ffdb8ba0000 - 0x00007ffdb8bdf000 	C:\WINDOWS\SYSTEM32\NTASN1.dll
0x00007ffd8a2f0000 - 0x00007ffd8a2f8000 	C:\WINDOWS\system32\wshunix.dll
0x00007ffd956b0000 - 0x00007ffd956b9000 	C:\Users\yuzha\.jdks\jbr-21.0.10\bin\prefs.dll
0x00007ffdb7c60000 - 0x00007ffdb7d92000 	C:\WINDOWS\SYSTEM32\DNSAPI.dll
0x00007ffdb2c50000 - 0x00007ffdb2c5b000 	C:\Windows\System32\rasadhlp.dll
0x00007ffdb45f0000 - 0x00007ffdb4676000 	C:\WINDOWS\System32\fwpuclnt.dll
0x00007ffdb5ed0000 - 0x00007ffdb60f2000 	C:\WINDOWS\SYSTEM32\dcomp.dll
0x00007ffdb6880000 - 0x00007ffdb6899000 	C:\WINDOWS\SYSTEM32\Microsoft.Internal.WarpPal.dll
0x00007ffdb4f20000 - 0x00007ffdb539f000 	C:\WINDOWS\SYSTEM32\d3dcompiler_47.dll
0x00007ffd4e1d0000 - 0x00007ffd4e334000 	C:\WINDOWS\SYSTEM32\dxilconv.dll
0x00007ffda7510000 - 0x00007ffda7656000 	C:\WINDOWS\SYSTEM32\textinputframework.dll
0x00007ffd9d240000 - 0x00007ffd9d255000 	C:\Users\yuzha\AppData\Local\composemediaplayer\native\win32-x86-64\NativeVideoPlayer.dll
0x00007ffd7d9f0000 - 0x00007ffd7dac5000 	C:\WINDOWS\SYSTEM32\MFReadWrite.dll
0x00007ffdb2c60000 - 0x00007ffdb2e77000 	C:\WINDOWS\SYSTEM32\MFPlat.DLL
0x00007ffdb5c60000 - 0x00007ffdb5ec2000 	C:\WINDOWS\SYSTEM32\d3d11.dll
0x00007ffdaee10000 - 0x00007ffdaeea8000 	C:\WINDOWS\SYSTEM32\MF.dll
0x00007ffdb3c30000 - 0x00007ffdb3c3b000 	C:\WINDOWS\SYSTEM32\AVRT.dll
0x00007ffdb3810000 - 0x00007ffdb3c2a000 	C:\WINDOWS\SYSTEM32\MFCORE.DLL
0x00007ffdb2c10000 - 0x00007ffdb2c4c000 	C:\WINDOWS\SYSTEM32\RTWorkQ.DLL
0x00007ffdb2720000 - 0x00007ffdb28db000 	C:\WINDOWS\System32\DriverStore\FileRepository\u0416624.inf_amd64_1eae707b82df6d48\B416495\aticfx64.dll
0x00007ffdb2470000 - 0x00007ffdb24a9000 	C:\WINDOWS\System32\DriverStore\FileRepository\u0416624.inf_amd64_1eae707b82df6d48\B416495\atiuxp64.dll
0x00007ffdb0440000 - 0x00007ffdb23b2000 	C:\WINDOWS\System32\DriverStore\FileRepository\u0416624.inf_amd64_1eae707b82df6d48\B416495\atidxx64.dll
0x00007ffdbb520000 - 0x00007ffdbb9a7000 	C:\WINDOWS\System32\SETUPAPI.dll
0x00007ffdac620000 - 0x00007ffdac6b9000 	C:\WINDOWS\System32\MMDevApi.dll
0x00007ffdb8fa0000 - 0x00007ffdb8fcd000 	C:\WINDOWS\System32\DEVOBJ.dll
0x00007ffd4d2e0000 - 0x00007ffd4d451000 	C:\WINDOWS\System32\mfnetsrc.dll
0x00007ffd9abb0000 - 0x00007ffd9ae45000 	C:\WINDOWS\System32\WININET.dll
0x00007ffda1bb0000 - 0x00007ffda1e74000 	C:\WINDOWS\SYSTEM32\iertutil.dll
0x00007ffdb7b10000 - 0x00007ffdb7b1d000 	C:\WINDOWS\System32\netutils.dll
0x00007ffda4820000 - 0x00007ffda4849000 	C:\WINDOWS\System32\srvcli.dll
0x00007ffd475c0000 - 0x00007ffd476c3000 	C:\WINDOWS\System32\mfnetcore.dll
0x00007ffdb6a30000 - 0x00007ffdb6a3d000 	C:\WINDOWS\SYSTEM32\secur32.dll
0x00007ffdb8650000 - 0x00007ffdb86e4000 	C:\WINDOWS\system32\msv1_0.DLL
0x00007ffdb8630000 - 0x00007ffdb8647000 	C:\WINDOWS\SYSTEM32\NtlmShared.dll
0x00007ffdb8090000 - 0x00007ffdb80dd000 	C:\WINDOWS\system32\wdigest.DLL
0x00007ffd8d6b0000 - 0x00007ffd8d76a000 	C:\Windows\System32\Windows.Networking.Connectivity.dll
0x00007ffdb2e80000 - 0x00007ffdb2fea000 	C:\Windows\System32\WinTypes.dll

JVMTI agents:
D:\Gradle\caches\modules-2\files-2.1\org.jetbrains.compose.hot-reload\hot-reload-agent\1.1.1\15bff959a6459c2786e055fba794266fade25ade\hot-reload-agent-1.1.1.jar path:C:\Users\yuzha\.jdks\jbr-21.0.10\bin\instrument.dll, loaded, initialized, instrumentlib options:none

dbghelp: loaded successfully - version: 4.0.5 - missing functions: none
symbol engine: initialized successfully - sym options: 0x614 - pdb path: .;C:\Users\yuzha\.jdks\jbr-21.0.10\bin;C:\WINDOWS\SYSTEM32;C:\WINDOWS\WinSxS\amd64_microsoft.windows.common-controls_6595b64144ccf1df_6.0.26100.8457_none_3e0b2faee331e92d;C:\Users\yuzha\.jdks\jbr-21.0.10\bin\server;C:\Users\yuzha\.skiko\skiko-windows-x64-3ce1b2621ce4905333064341568d0e9493efc0d4971a63b096261c774bc6e5a8;C:\WINDOWS\WinSxS\amd64_microsoft.windows.gdiplus_6595b64144ccf1df_1.1.26100.8328_none_6ef30b123dc73046;C:\WINDOWS\System32\DriverStore\FileRepository\u0416624.inf_amd64_1eae707b82df6d48\B416495;C:\Users\yuzha\AppData\Local\composemediaplayer\native\win32-x86-64

VM Arguments:
jvm_args: -Dcompose.reload.argfile=D:\yuzha\Proyecto_final\Proyecto\Frontend\Maian\enterprise\build\run\desktopMain\desktopMain.argfile -Dcompose.reload.build.continuous=false -Dcompose.reload.build.warmup=true -Dcompose.reload.buildSystem=Gradle -Dcompose.reload.devToolsClasspath=D:\Gradle\caches\modules-2\files-2.1\org.jetbrains.compose.hot-reload\hot-reload-devtools\1.1.1\bc27016efe338fc35c213cac2349d477adc08095\hot-reload-devtools-1.1.1.jar;D:\Gradle\caches\modules-2\files-2.1\org.jetbrains.compose.hot-reload\hot-reload-devtools-api\1.1.1\78295e7e36c6e1258d87e238865978a1a980da99\hot-reload-devtools-api-1.1.1.jar;D:\Gradle\caches\modules-2\files-2.1\org.jetbrains.compose.hot-reload\hot-reload-orchestration\1.1.1\7b5f9ed6f49115dd0ab30a91bd22214f101d23f\hot-reload-orchestration-1.1.1.jar;D:\Gradle\caches\modules-2\files-2.1\org.jetbrains.compose.hot-reload\hot-reload-core\1.1.1\f31266b5813648696560864a541a2fe784a0a671\hot-reload-core-1.1.1.jar;D:\Gradle\caches\modules-2\files-2.1\org.jetbrains.compose.hot-reload\hot-reload-runtime-api-jvm\1.1.1\61c13a79480c55140cbd9fe1ca651d86efcbee7\hot-reload-runtime-api-jvm-1.1.1.jar;D:\Gradle\caches\modules-2\files-2.1\org.jetbrains.compose.desktop\desktop-jvm\1.10.0\42facd9840309ac4eb841a986c5d1b97d2780471\desktop-jvm-1.10.0.jar;D:\Gradle\caches\modules-2\files-2.1\org.jetbrains.compose.components\components-resources-desktop\1.10.0\c6115b607f77e9d033de360f989850d3824bf112\library-desktop-1.10.0.jar;D:\Gradle\caches\modules-2\files-2.1\io.sellmair\evas-compose-jvm\1.4.0\a89b78f345d4a21a29c295820e4aa931aec1b93b\evas-compose-jvm-1.4.0.jar;D:\Gradle\caches\modules-2\files-2.1\io.sellmair\evas-jvm\1.4.0\3c6955af5c56c65290575b2b998ec166c5079de4\evas-jvm-1.4.0.jar;D:\Gradle\caches\modules-2\files-2.1\org.jetbrains.skiko\skiko-awt-runtime-windows-x64\0.9.37.3\2f9bb0ad1dd10255bea3b0099940b7163bf40da7\skiko-awt-runtime-windows-x64-0.9.37.3.jar;D:\Gradle\caches\modules-2\files-2.1\org.jetbrains.compose.material3\material3-desktop\1.9.0\19004c4eb3dc6618eb66a076bbe3d7e1a2e7b85\material3-desktop-1.9.0.jar;D:\Gradle\caches\modules-2\files-2.1\org.jetbrains.compose.material\material-desktop\1.10.0\63e1c3c6705d111bf84e41110e7729df5b85163e\material-desktop-1.10.0.jar;D:\Gradle\caches\-Dcompose.reload.devToolsDetached=false -Dcompose.reload.devToolsEnabled=true -Dcompose.reload.devToolsHeadless=false -Dcompose.reload.devToolsTransparencyEnabled=true -Dcompose.reload.dirtyResolveDepthLimit=5 -Dcompose.reload.effectsEnabled=true -Dcompose.reload.isActive=true -Dcompose.reload.launchMode=GradleBlocking -Dcompose.reload.logLevel=Info -Dcompose.reload.logStdout=false -Dcompose.reload.mainClass=org.dsqrwym.enterprise.MainKt -Dcompose.reload.pidFile=D:\yuzha\Proyecto_final\Proyecto\Frontend\Maian\enterprise\build\run\desktopMain\desktopMain.pid -Dcompose.reload.staticsReinitializeMode=AllDirty -Dcompose.reload.virtualMethodResolveEnabled=true -Dgradle.build.project=:enterprise -Dgradle.build.root=D:\yuzha\Proyecto_final\Proyecto\Frontend\Maian -Dgradle.build.task=hotReloadDesktopMain -Dgradle.offline.mode=false -Dorg.gradle.java.home=C:\Program Files\Eclipse Adoptium\jdk-21.0.6.7-hotspot -XX:+IgnoreUnrecognizedVMOptions -XX:+AllowEnhancedClassRedefinition -javaagent:D:\Gradle\caches\modules-2\files-2.1\org.jetbrains.compose.hot-reload\hot-reload-agent\1.1.1\15bff959a6459c2786e055fba794266fade25ade\hot-reload-agent-1.1.1.jar -Dfile.encoding=UTF-8 -Duser.country=CN -Duser.language=zh -Duser.variant 
java_command: org.dsqrwym.enterprise.MainKt
java_class_path (initial): D:\Gradle\.tmp\gradle-javaexec-classpath10705111262891632368.jar
Launcher Type: SUN_STANDARD

[Global flags]
     bool AllowEnhancedClassRedefinition           = true                                      {product} {command line}
     intx CICompilerCount                          = 4                                         {product} {ergonomic}
     uint ConcGCThreads                            = 3                                         {product} {ergonomic}
     uint G1ConcRefinementThreads                  = 10                                        {product} {ergonomic}
   size_t G1HeapRegionSize                         = 2097152                                   {product} {ergonomic}
    uintx GCDrainStackTargetSize                   = 64                                        {product} {ergonomic}
     bool IgnoreUnrecognizedVMOptions              = true                                      {product} {command line}
   size_t InitialHeapSize                          = 257949696                                 {product} {ergonomic}
   size_t MarkStackSize                            = 4194304                                   {product} {ergonomic}
   size_t MaxHeapSize                              = 4112515072                                {product} {ergonomic}
   size_t MaxNewSize                               = 2466250752                                {product} {ergonomic}
   size_t MinHeapDeltaBytes                        = 2097152                                   {product} {ergonomic}
   size_t MinHeapSize                              = 8388608                                   {product} {ergonomic}
    uintx NonNMethodCodeHeapSize                   = 5839372                                {pd product} {ergonomic}
    uintx NonProfiledCodeHeapSize                  = 122909434                              {pd product} {ergonomic}
    uintx ProfiledCodeHeapSize                     = 122909434                              {pd product} {ergonomic}
    uintx ReservedCodeCacheSize                    = 251658240                              {pd product} {ergonomic}
     bool SegmentedCodeCache                       = true                                      {product} {ergonomic}
   size_t SoftMaxHeapSize                          = 4112515072                             {manageable} {ergonomic}
     bool UseCompressedOops                        = true                           {product lp64_product} {ergonomic}
     bool UseG1GC                                  = true                                      {product} {ergonomic}
     bool UseLargePagesIndividualAllocation        = false                                  {pd product} {ergonomic}

Logging:
Log output configuration:
 #0: stdout all=warning uptime,level,tags foldmultilines=false
 #1: stderr all=off uptime,level,tags foldmultilines=false

Release file:
JAVA_VERSION="21.0.10" 
MODULES="java.base java.compiler java.datatransfer java.xml java.prefs java.desktop java.instrument java.logging java.management java.security.sasl java.naming java.rmi java.management.rmi java.net.http java.scripting java.security.jgss java.transaction.xa java.sql java.sql.rowset java.xml.crypto java.se java.smartcardio jdk.accessibility jdk.internal.jvmstat jdk.attach jdk.charsets jdk.internal.opt jdk.zipfs jdk.compiler jdk.crypto.ec jdk.crypto.cryptoki jdk.crypto.mscapi jdk.dynalink jdk.internal.ed jdk.editpad jdk.hotspot.agent jdk.httpserver jdk.incubator.vector jdk.internal.le jdk.internal.vm.ci jdk.internal.vm.compiler jdk.internal.vm.compiler.management jdk.jartool jdk.javadoc jdk.jcmd jdk.management jdk.management.agent jdk.jconsole jdk.jdeps jdk.jdwp.agent jdk.jdi jdk.jfr jdk.jlink jdk.jpackage jdk.jshell jdk.jsobject jdk.jstatd jdk.localedata jdk.management.jfr jdk.naming.dns jdk.naming.rmi jdk.net jdk.nio.mapmode jdk.random jdk.sctp jdk.security.auth jdk.security.jgss jdk.unsupported jdk.unsupported.desktop jdk.xml.dom" 
IMPLEMENTOR="JetBrains s.r.o." 
IMPLEMENTOR_VERSION="JBRSDK-21.0.10+1-1163.110-nomod" 
JAVA_RUNTIME_VERSION="21.0.10+1-b1163.110" 
LIBC="default" 
OS_ARCH="x86_64" 
OS_NAME="Windows" 
SOURCE=".:git:c22232424a0f+" 

Environment Variables:
JAVA_HOME=C:\Program Files\Eclipse Adoptium\jdk-21.0.6.7-hotspot\
PATH=C:\Python314\Scripts\;C:\Python314\;C:\Program Files\Eclipse Adoptium\jdk-21.0.6.7-hotspot\bin;C:\Program Files\Eclipse Adoptium\jdk-17.0.14.7-hotspot\bin;C:\Python312\Scripts\;C:\Python312\;C:\Program Files\Eclipse Adoptium\jdk-21.0.6.7-hotspot\\bin;C:\Program Files\Eclipse Adoptium\jdk-21.0.6.7-hotspot\jre\bin;C:\WINDOWS\system32;C:\WINDOWS;C:\WINDOWS\System32\Wbem;C:\WINDOWS\System32\WindowsPowerShell\v1.0\;C:\WINDOWS\System32\OpenSSH\;C:\Program Files\Microsoft SQL Server\150\Tools\Binn\;D:\yuzha\Documents\XIAOMI\platform-tools;C:\ProgramData\chocolatey\bin;C:\Program Files\Git\cmd;D:\Users\sqlite3;D:\Program Files\AutoFirma\AutoFirma;C:\Program Files\dotnet\;C:\Program Files (x86)\cloudflared\;c:\Users\yuzha\AppData\Local\Programs\cursor\resources\app\bin;C:\Program Files\HP\HP One Agent;C:\Program Files (x86)\Windows Kits\10\Windows Performance Toolkit\;D:\Program Files (x86)\WinSCP\;C:\Program Files\Docker\Docker\resources\bin;D:\Program Files\nodejs\;C:\Users\yuzha\AppData\Local\pnpm;C:\Users\yuzha\AppData\Local\Microsoft\WindowsApps;C:\Users\yuzha\AppData\Local\Programs\Microsoft VS Code\bin;C:\Users\yuzha\.dotnet\tools;D:\Program Files\JetBrains\IntelliJ IDEA Community Edition 2024.2.1\bin;D:\Program Files\nodejs\;D:\Program Files\JetBrains\IntelliJ IDEA 2024.2.3\bin;C:\Users\yuzha\AppData\Local\Microsoft\WindowsApps;C:\Users\yuzha\.dotnet\tools;D:\Program Files\JetBrains\PyCharm Community Edition 2024.3.1.1\bin;C:\Users\yuzha\AppData\Local\Programs\Ollama;D:\Program Files\JetBrains\JetBrains Rider 2024.3.5\bin;D:\npm-global;C:\Users\yuzha\.bun\bin;D:\Users\yuzha\AppData\Local\Programs\cursor\resources\app\bin;D:\Program Files\JetBrains\IntelliJ IDEA 2025.3.2\bin;C:\Users\yuzha\AppData\Roaming\npm
USERNAME=yuzha
OS=Windows_NT
PROCESSOR_IDENTIFIER=AMD64 Family 25 Model 80 Stepping 0, AuthenticAMD
TMP=C:\Users\yuzha\AppData\Local\Temp
TEMP=C:\Users\yuzha\AppData\Local\Temp




Periodic native trim disabled

JNI global refs:
JNI global refs: 155, weak refs: 12

JNI global refs memory usage: 2099, weak refs: 833

Process memory usage:
Resident Set Size: 745296K (4% of 16057404K total physical memory with 773140K free physical memory)

OOME stack traces (most recent first):
Classloader memory used:
Loader jdk.internal.loader.ClassLoaders$AppClassLoader                                 : 62258K
Loader bootstrap                                                                       : 13496K
Loader jdk.internal.loader.ClassLoaders$PlatformClassLoader                            : 455K
Loader jdk.internal.reflect.DelegatingClassLoader                                      : 20488B

---------------  S Y S T E M  ---------------

OS:
 Windows 11 , 64 bit Build 26100 (10.0.26100.8328)
OS uptime: 0 days 18:09 hours
Hyper-V role detected

CPU: total 12 (initial active 12) (12 cores per cpu, 2 threads per core) family 25 model 80 stepping 0 microcode 0xa500014, cx8, cmov, fxsr, ht, mmx, 3dnowpref, sse, sse2, sse3, ssse3, sse4a, sse4.1, sse4.2, popcnt, lzcnt, tsc, tscinvbit, avx, avx2, aes, erms, clmul, bmi1, bmi2, adx, sha, fma, vzeroupper, clflush, clflushopt, hv, rdtscp, rdpid, fsrm, f16c, cet_ss
Processor Information for the first 12 processors :
  Max Mhz: 2000, Current Mhz: 2000, Mhz Limit: 2000

Memory: 4k page, system-wide physical 15681M (764M free)
TotalPageFile size 34321M (AvailPageFile size 557M)
current process WorkingSet (physical memory assigned to process): 728M, peak: 728M
current process commit charge ("private bytes"): 768M, peak: 769M

vm_info: OpenJDK 64-Bit Server VM (21.0.10+1-b1163.110) for windows-amd64 JRE (21.0.10+1-b1163.110), built on 2026-03-06 by "builduser" with MS VC++ 17.14 (VS2022)

END.
