#
# A fatal error has been detected by the Java Runtime Environment:
#
#  EXCEPTION_ACCESS_VIOLATION (0xc0000005) at pc=0x00007ffdedf82fa8, pid=57700, tid=41348
#
# JRE version: OpenJDK Runtime Environment JBR-25.0.2+1-329.117-jcef (25.0.2+1) (build 25.0.2+1-b329.117)
# Java VM: OpenJDK 64-Bit Server VM JBR-25.0.2+1-329.117-jcef (25.0.2+1-b329.117, mixed mode, sharing, tiered, compressed oops, compressed class ptrs, g1 gc, windows-amd64)
# Problematic frame:
# C  [NativeVideoPlayer.dll+0x2fa8]
#
# No core dump will be written. Minidumps are not enabled by default on client versions of Windows
#
# If you would like to submit a bug report, please visit:
#   https://youtrack.jetbrains.com/issues/JBR
# The crash happened outside the Java Virtual Machine in native code.
# See problematic frame for where to report the bug.
#

---------------  S U M M A R Y ------------

Command Line: -Dcompose.reload.argfile=D:\yuzha\Proyecto_final\Proyecto\Frontend\Maian\enterprise\build\run\desktopMain\desktopMain.argfile -Dcompose.reload.build.continuous=false -Dcompose.reload.build.warmup=true -Dcompose.reload.buildSystem=Gradle -Dcompose.reload.devToolsAnimationsEnabled=true -Dcompose.reload.devToolsClasspath=D:\Gradle\caches\modules-2\files-2.1\org.jetbrains.compose.hot-reload\hot-reload-devtools\1.0.0\8cf7f8a3e0c5ca40edcd31621bb2c54637dad97f\hot-reload-devtools-1.0.0.jar;D:\Gradle\caches\modules-2\files-2.1\org.jetbrains.compose.hot-reload\hot-reload-devtools-api\1.0.0\6f078e0689bb84d71ff62bdb898addec7b9e0c7d\hot-reload-devtools-api-1.0.0.jar;D:\Gradle\caches\modules-2\files-2.1\org.jetbrains.compose.hot-reload\hot-reload-orchestration\1.0.0\c84a13f251d2ba726bffe77f47f2a37fba14d3a\hot-reload-orchestration-1.0.0.jar;D:\Gradle\caches\modules-2\files-2.1\org.jetbrains.compose.hot-reload\hot-reload-core\1.0.0\b9e821084415adea5d981fb5a22a57ad94614fe1\hot-reload-core-1.0.0.jar;D:\Gradle\caches\modules-2\files-2.1\org.jetbrains.compose.hot-reload\hot-reload-runtime-api-jvm\1.0.0\b4c35542b0fe4f3743939f0e7a19739df369fa2e\hot-reload-runtime-api-jvm-1.0.0.jar;D:\Gradle\caches\modules-2\files-2.1\org.jetbrains.compose.desktop\desktop-jvm\1.9.0\760a7f1c3278719f2ab9fa443228956e64a7a18e\desktop-jvm-1.9.0.jar;D:\Gradle\caches\modules-2\files-2.1\org.jetbrains.compose.components\components-resources-desktop\1.9.0\263d44e856cb89a759959eec68dafae6d1931110\library-desktop-1.9.0.jar;D:\Gradle\caches\modules-2\files-2.1\io.sellmair\evas-compose-jvm\1.3.0\1214dcce9040d1b9f856b02b443cf8c2ebe1573a\evas-compose-jvm-1.3.0.jar;D:\Gradle\caches\modules-2\files-2.1\io.sellmair\evas-jvm\1.3.0\74c1f6c46502ffda615a698c02b3166fc7e9b2b2\evas-jvm-1.3.0.jar;D:\Gradle\caches\modules-2\files-2.1\org.jetbrains.skiko\skiko-awt-runtime-windows-x64\0.9.22.2\fe554a74845abbd5710ef36d27421c470bbd996f\skiko-awt-runtime-windows-x64-0.9.22.2.jar;D:\Gradle\caches\modules-2\files-2.1\org.jetbrains.compose.material3\material3-desktop\1.8.2\1f1f838506ceb2c25499517559f120517770b014\material3-desktop-1.8.2.jar;D:\Gradle\caches\modules-2\files-2.1\org.jetbrains.compose.material\material-desktop\1.9.0\67e948eefe3e565d3be2ddf0918a12f676537b0d\material-desktop-1.9.0.jar;D:\Gradle\caches\modu-Dcompose.reload.devToolsDetached=false -Dcompose.reload.devToolsEnabled=true -Dcompose.reload.devToolsHeadless=false -Dcompose.reload.devToolsTransparencyEnabled=true -Dcompose.reload.dirtyResolveDepthLimit=5 -Dcompose.reload.effectsEnabled=true -Dcompose.reload.isActive=true -Dcompose.reload.launchMode=GradleBlocking -Dcompose.reload.logLevel=Info -Dcompose.reload.logStdout=false -Dcompose.reload.mainClass=org.dsqrwym.enterprise.MainKt -Dcompose.reload.pidFile=D:\yuzha\Proyecto_final\Proyecto\Frontend\Maian\enterprise\build\run\desktopMain\desktopMain.pid -Dcompose.reload.virtualMethodResolveEnabled=true -Dgradle.build.project=:enterprise -Dgradle.build.root=D:\yuzha\Proyecto_final\Proyecto\Frontend\Maian -Dgradle.build.task=hotReloadDesktopMain -Dorg.gradle.java.home=D:\Program Files\Android\Android Studio1\jbr -XX:+IgnoreUnrecognizedVMOptions -XX:+AllowEnhancedClassRedefinition -javaagent:D:\Gradle\caches\modules-2\files-2.1\org.jetbrains.compose.hot-reload\hot-reload-agent\1.0.0\b51a332b8899c060187ace065fef8c8eb62acfcc\hot-reload-agent-1.0.0.jar -Dfile.encoding=UTF-8 -Duser.country=CN -Duser.language=zh -Duser.variant org.dsqrwym.enterprise.MainKt

Host: AMD Ryzen 5 7530U with Radeon Graphics         , 12 cores, 15G,  Windows 11 , 64 bit Build 26100 (10.0.26100.8246)
Time: Fri May  8 18:57:53 2026 elapsed time: 8335.141662 seconds (0d 2h 18m 55s)

---------------  T H R E A D  ---------------

Current thread (0x00000195c62ddb60):  JavaThread "DefaultDispatcher-worker-5" daemon [_thread_in_native, id=41348, stack(0x00000041c6500000,0x00000041c6600000) (1024K)]

Stack: [0x00000041c6500000,0x00000041c6600000],  sp=0x00000041c65fed90,  free space=1019k
Native frames: (J=compiled Java code, j=interpreted, Vv=VM code, C=native code)
C  [NativeVideoPlayer.dll+0x2fa8]  (no source info available)
C  [NativeVideoPlayer.dll+0x2a05]  (no source info available)
C  [NativeVideoPlayer.dll+0x7f63]  (no source info available)
C  0x000001958753cfa3  (no source info available)

The last pc belongs to native method entry point (kind = native) (printed below).
Java frames: (J=compiled Java code, j=interpreted, Vv=VM code)
j  io.github.kdroidfilter.composemediaplayer.windows.WindowsNativeBridge.nOpenMedia(JLjava/lang/String;Z)I+0
j  io.github.kdroidfilter.composemediaplayer.windows.WindowsNativeBridge.OpenMedia(JLjava/lang/String;Z)I+10
j  io.github.kdroidfilter.composemediaplayer.windows.WindowsVideoPlayerState$openUriInternal$1.invokeSuspend(Ljava/lang/Object;)Ljava/lang/Object;+716
J 118758 c2 kotlin.coroutines.jvm.internal.BaseContinuationImpl.resumeWith(Ljava/lang/Object;)V (124 bytes) @ 0x0000019587cd1804 [0x0000019587cd1780+0x0000000000000084]
J 119100 c2 kotlinx.coroutines.DispatchedTask.run()V (387 bytes) @ 0x000001958881bfa0 [0x000001958881bd80+0x0000000000000220]
J 123673 c1 kotlinx.coroutines.scheduling.CoroutineScheduler.runSafely(Lkotlinx/coroutines/scheduling/Task;)V (73 bytes) @ 0x00000195815cae74 [0x00000195815cae00+0x0000000000000074]
J 123674 c1 kotlinx.coroutines.scheduling.CoroutineScheduler$Worker.executeTask(Lkotlinx/coroutines/scheduling/Task;)V (168 bytes) @ 0x00000195815cb8dc [0x00000195815cb700+0x00000000000001dc]
j  kotlinx.coroutines.scheduling.CoroutineScheduler$Worker.runWorker()V+44
j  kotlinx.coroutines.scheduling.CoroutineScheduler$Worker.run()V+1
v  ~StubRoutines::call_stub 0x00000195875312ed

siginfo: EXCEPTION_ACCESS_VIOLATION (0xc0000005), reading address 0x0000000000000000


Registers:
RAX=0x00000041c65feeb0, RBX=0x000000000000bb80, RCX=0x0000000000000000, RDX=0x00000195f0ee0d00
RSP=0x00000041c65fed90, RBP=0x00000041c65fee78, RSI=0x0000000000000001, RDI=0x0000000000000002
R8 =0x7ffffffffffffffc, R9 =0x0000000000000040, R10=0x00007ffe02f50000, R11=0x00007ffe0303de01
R12=0x0000000000000000, R13=0x0000000000000000, R14=0x00000041c65fef01, R15=0x0000000000000000
RIP=0x00007ffdedf82fa8, EFLAGS=0x0000000000010202

XMM[0]=0x0000000000000000 0x0000000000000000
XMM[1]=0xe5352cd729cb4bb7 0x471442e8f7e34c9a
XMM[2]=0x1d54512241ff7aab 0x43bd9eeb322de230
XMM[3]=0x0000000000000000 0x0000000000000000
XMM[4]=0x0000000000000000 0x0000000000000000
XMM[5]=0x0000000000000048 0xe5352cd729cb4bb7
XMM[6]=0x0000000000000000 0xe14fd9ee44acf2b1
XMM[7]=0x0000000000000000 0xe890d36c29899a14
XMM[8]=0x0000000000000000 0xded560a593f5871c
XMM[9]=0x0000000000000000 0x168c3cf1bd195fb9
XMM[10]=0x0000000000000000 0x00000000a68d22c8
XMM[11]=0x0000000000000000 0x3513d726f22d36df
XMM[12]=0x0000000000000000 0x00000000bd195fb9
XMM[13]=0x0000000000000000 0x0003333955ccccc9
XMM[14]=0x0000000000000000 0x0000000000000000
XMM[15]=0x0000000000000000 0x0000000000000000
  MXCSR=0x00001fa1


Register to memory mapping:

RAX=0x00000041c65feeb0 is pointing into the stack for thread: 0x00000195c62ddb60
RBX=0x000000000000bb80 is an unknown value
RCX=0x0 is null
RDX=0x00000195f0ee0d00 points into unknown readable memory: 0x0000000000000000 | 00 00 00 00 00 00 00 00
RSP=0x00000041c65fed90 is pointing into the stack for thread: 0x00000195c62ddb60
RBP=0x00000041c65fee78 is pointing into the stack for thread: 0x00000195c62ddb60
RSI=0x0000000000000001 is an unknown value
RDI=0x0000000000000002 is an unknown value
R8 =0x7ffffffffffffffc is an unknown value
R9 =0x0000000000000040 is an unknown value
R10=0x00007ffe02f50000 ucrtbase.dll
R11=0x00007ffe0303de01 ucrtbase.dll
R12=0x0 is null
R13=0x0 is null
R14=0x00000041c65fef01 is pointing into the stack for thread: 0x00000195c62ddb60
R15=0x0 is null

Top of Stack: (sp=0x00000041c65fed90)
0x00000041c65fed90:   000000000000bb80 0000000000000001   ................
0x00000041c65feda0:   0000000000000002 000000000000ac44   ........D.......
0x00000041c65fedb0:   0000000000000000 00000195e6034a00   .........J......
0x00000041c65fedc0:   0000000000000000 00007ffdfca0ddec   ................
0x00000041c65fedd0:   00000195cdeddd70 00000195e6034a00   p........J......
0x00000041c65fede0:   0000000000000000 00000195958df280   ................
0x00000041c65fedf0:   00000195cde0c601 00007ffdfca18975   ........u.......
0x00000041c65fee00:   0000000000000000 00000041c65fef01   .........._.A...
0x00000041c65fee10:   00000195df825e90 0000000000000000   .^..............
0x00000041c65fee20:   00000195cde0c620 00007ffdedf82a05    ........*......
0x00000041c65fee30:   0000000000000000 00000041c65fee80   .........._.A...
0x00000041c65fee40:   0000000000000001 0000004100000012   ............A...
0x00000041c65fee50:   000001958f07e2a0 00000195c62ddb60   ........`.-.....
0x00000041c65fee60:   0000000700000002 00000195e3eeabb0   ................
0x00000041c65fee70:   0000000000000000 00000041c65feeb0   .........._.A...
0x00000041c65fee80:   00000195c62ddb60 00000041c65fefa0   `.-......._.A...
0x00000041c65fee90:   0000000000000000 00000041c65fef90   .........._.A...
0x00000041c65feea0:   00000195cde0c620 00007ffdedf87f63    .......c.......
0x00000041c65feeb0:   00000195958df280 00000195958df280   ................
0x00000041c65feec0:   00000195c62ddfa8 000000000000ac44   ..-.....D.......
0x00000041c65feed0:   0000000000000004 000001958753cfa3   ..........S.....
0x00000041c65feee0:   00000041c65fef68 00000195df825e98   h._.A....^......
0x00000041c65feef0:   000001958f07e2a0 000001958f07e2a0   ................
0x00000041c65fef00:   0000000000000000 00000041c65feff0   .........._.A...
0x00000041c65fef10:   00000041c65fefa0 000001958753cc8b   .._.A.....S.....
0x00000041c65fef20:   fffffffffffffff7 00000195df825e90   .........^......
0x00000041c65fef30:   0000000000000007 00000195df828398   ................
0x00000041c65fef40:   0000000000000000 0000000718cd26d8   .........&......
0x00000041c65fef50:   00000195df825e98 0000000000000000   .^..............
0x00000041c65fef60:   00000041c65fef88 00000041c65feff0   .._.A....._.A...
0x00000041c65fef70:   0000019587538c60 0000000718cd26d8   `.S......&......
0x00000041c65fef80:   000001958753a6d5 0000000000000000   ..S.............

Instructions: (pc=0x00007ffdedf82fa8)
  0x00007ffdedf82ea8:   a8 00 00 00 ff 15 36 82 00 00 eb 1f 48 8b 8b a0
  0x00007ffdedf82eb8:   00 00 00 48 85 c9 74 0c 48 83 f9 ff 74 06 ff 15
  0x00007ffdedf82ec8:   fc 81 00 00 48 89 bb a0 00 00 00 48 8b 4d 30 48
  0x00007ffdedf82ed8:   85 c9 74 18 48 8b 89 98 00 00 00 48 85 c9 74 0c
  0x00007ffdedf82ee8:   48 83 f9 ff 74 06 ff 15 04 82 00 00 41 8b dc eb
  0x00007ffdedf82ef8:   14 48 8b 4d 48 48 85 c9 74 0b 4c 89 65 48 48 8b
  0x00007ffdedf82f08:   01 ff 50 10 90 48 8b 4d e8 48 85 c9 74 0b 4c 89
  0x00007ffdedf82f18:   65 e8 48 8b 11 ff 52 10 90 8b c3 eb 05 b8 03 00
  0x00007ffdedf82f28:   00 80 4c 8d 5c 24 50 49 8b 5b 38 49 8b 73 40 49
  0x00007ffdedf82f38:   8b e3 41 5f 41 5e 41 5c 5f 5d c3 cc cc cc cc cc
  0x00007ffdedf82f48:   cc cc cc cc cc cc cc cc 48 89 5c 24 08 48 89 6c
  0x00007ffdedf82f58:   24 10 48 89 74 24 18 57 41 54 41 55 41 56 41 57
  0x00007ffdedf82f68:   48 83 ec 70 41 8b d8 8b fa 48 8b e9 45 33 ed 4c
  0x00007ffdedf82f78:   89 6c 24 40 48 8d 4c 24 40 ff 15 b9 81 00 00 85
  0x00007ffdedf82f88:   c0 0f 88 92 05 00 00 44 8b c3 8b d7 48 8b 4c 24
  0x00007ffdedf82f98:   40 e8 e2 ec ff ff 48 8b 45 00 48 8b 08 48 8b 09
=>0x00007ffdedf82fa8:   48 8b 01 4c 8b 4c 24 40 45 33 c0 ba fd ff ff ff
  0x00007ffdedf82fb8:   ff 50 38 85 c0 0f 88 5e 05 00 00 4c 89 6c 24 50
  0x00007ffdedf82fc8:   48 8b 45 00 48 8b 08 48 8b 09 48 8b 01 4c 8d 44
  0x00007ffdedf82fd8:   24 50 ba fd ff ff ff ff 50 30 85 c0 0f 88 46 01
  0x00007ffdedf82fe8:   00 00 48 8b 4c 24 50 48 85 c9 0f 84 38 01 00 00
  0x00007ffdedf82ff8:   4c 89 6c 24 48 44 89 ac 24 b8 00 00 00 45 33 c9
  0x00007ffdedf83008:   4c 8d 84 24 b8 00 00 00 48 8d 54 24 48 ff 15 1d
  0x00007ffdedf83018:   81 00 00 85 c0 0f 88 0d 01 00 00 4c 8b 64 24 48
  0x00007ffdedf83028:   4d 85 e4 0f 84 ff 00 00 00 48 8b 45 00 48 8b 18
  0x00007ffdedf83038:   48 85 db 0f 84 e4 00 00 00 48 8d 73 60 4c 39 2e
  0x00007ffdedf83048:   74 12 4c 39 6b 68 74 0c c6 83 81 00 00 00 01 e9
  0x00007ffdedf83058:   84 04 00 00 4c 8b 3d f5 e6 00 00 4d 85 ff 0f 84
  0x00007ffdedf83068:   b9 00 00 00 48 89 5c 24 58 c6 44 24 60 01 49 8b
  0x00007ffdedf83078:   07 4c 8b 68 20 48 8b 4b 70 48 85 c9 74 0f 48 c7
  0x00007ffdedf83088:   43 70 00 00 00 00 48 8b 01 ff 50 10 90 4c 8d 4b
  0x00007ffdedf83098:   70 45 33 c0 33 d2 49 8b cf 41 ff d5 85 c0 0f 89


Stack slot to memory mapping:

stack at sp + 0 slots: 0x000000000000bb80 is an unknown value
stack at sp + 1 slots: 0x0000000000000001 is an unknown value
stack at sp + 2 slots: 0x0000000000000002 is an unknown value
stack at sp + 3 slots: 0x000000000000ac44 is an unknown value
stack at sp + 4 slots: 0x0 is null
stack at sp + 5 slots: 0x00000195e6034a00 points into unknown readable memory: 0x00007ffe00cb35b0 | b0 35 cb 00 fe 7f 00 00
stack at sp + 6 slots: 0x0 is null
stack at sp + 7 slots: 0x00007ffdfca0ddec MFPlat.DLL

Lock stack of current Java thread (top to bottom):

native method entry point (kind = native)  [0x000001958753cbe0, 0x000001958753d6b0]  2768 bytes
[MachCode]
  0x000001958753cbe0: 488b 4b08 | 0fb7 492e | 584c 8d74 | ccf8 6800 | 0000 0068 | 0000 0000 | 5055 488b | ec41 5548 
  0x000001958753cc00: 8b43 084c | 8d68 3848 | 8b40 0868 | 0000 0000 | 5348 8b50 | 1848 8b52 | 7048 8b12 | 5248 8b53 
  0x000001958753cc20: 1048 85d2 | 7407 4881 | c2d0 0000 | 0052 488b | 5010 5249 | 8bc6 482b | c548 c1e8 | 0350 6800 
  0x000001958753cc40: 0000 0068 | f7ff ffff | 41c6 87f1 | 0400 0001 | 488b 4310 | 4885 c074 | 208b 8890 | 0000 0083 
  0x000001958753cc60: c102 8988 | 9000 0000 | 2388 a400 | 0000 0f84 | 8e09 0000 | e9cf 0000 | 0048 8b43 | 1848 85c0 
  0x000001958753cc80: 0f85 b000 | 0000 e805 | 0000 00e9 | 9900 0000 | 488b d348 | 8d44 2408 | 4c89 6dc0 | 498b cfc5 
  0x000001958753cca0: f877 4989 | af38 0400 | 0049 8987 | 2804 0000 | 4883 ec20 | 40f6 c40f | 0f84 1900 | 0000 4883 
  0x000001958753ccc0: ec08 48b8 | f00a 2619 | fd7f 0000 | ffd0 4883 | c408 e90c | 0000 0048 | b8f0 0a26 | 19fd 7f00 
  0x000001958753cce0: 00ff d048 | 83c4 2049 | c787 2804 | 0000 0000 | 0000 49c7 | 8738 0400 | 0000 0000 | 0049 c787 
  0x000001958753cd00: 3004 0000 | 0000 0000 | c5f8 7749 | 837f 0800 | 0f84 0500 | 0000 e9c5 | 44ff ff4c | 8b6d c04c 
  0x000001958753cd20: 8b75 c84e | 8d74 f500 | c348 8b43 | 1848 85c0 | 0f84 1200 | 0000 8b48 | 0883 c102 | 8948 0823 
  0x000001958753cd40: 482c 0f84 | ba08 0000 | 493b a770 | 0500 000f | 8748 0000 | 0089 8424 | 00f0 ffff | 8984 2400 
  0x000001958753cd60: e0ff ff89 | 8424 00d0 | ffff 8984 | 2400 c0ff | ff89 8424 | 00b0 ffff | 8984 2400 | a0ff ff89 
  0x000001958753cd80: 8424 0090 | ffff 8984 | 2400 80ff | ff49 3ba7 | 6805 0000 | 7607 4989 | a770 0500 | 0041 c687 
  0x000001958753cda0: f104 0000 | 0048 8b5d | e84c 8b5b | 0845 0fb7 | 5b2e 41c1 | e303 492b | e348 83ec | 2048 83e4 
  0x000001958753cdc0: f04c 8b5b | 784d 85db | 0f85 ab00 | 0000 e805 | 0000 00e9 | 9900 0000 | 488b d348 | 8d44 2408 
  0x000001958753cde0: 4c89 6dc0 | 498b cfc5 | f877 4989 | af38 0400 | 0049 8987 | 2804 0000 | 4883 ec20 | 40f6 c40f 
  0x000001958753ce00: 0f84 1900 | 0000 4883 | ec08 48b8 | 9035 2619 | fd7f 0000 | ffd0 4883 | c408 e90c | 0000 0048 
  0x000001958753ce20: b890 3526 | 19fd 7f00 | 00ff d048 | 83c4 2049 | c787 2804 | 0000 0000 | 0000 49c7 | 8738 0400 
  0x000001958753ce40: 0000 0000 | 0049 c787 | 3004 0000 | 0000 0000 | c5f8 7749 | 837f 0800 | 0f84 0500 | 0000 e97d 
  0x000001958753ce60: 43ff ff4c | 8b6d c04c | 8b75 c84e | 8d74 f500 | c348 8b5d | e84c 8b5b | 7841 ffd3 | 488b 5de8 
  0x000001958753ce80: 4889 4518 | 440f b75b | 2c41 f6c3 | 080f 841b | 0000 004c | 8b5b 084d | 8b5b 084d | 8b5b 184d 
  0x000001958753cea0: 8b5b 704d | 8b1b 4c89 | 5d10 488d | 5510 488b | 4370 49ba | 20c2 6119 | fd7f 0000 | 493b c20f 
  0x000001958753cec0: 85ab 0000 | 00e8 0500 | 0000 e999 | 0000 0048 | 8bd3 488d | 4424 084c | 896d c049 | 8bcf c5f8 
  0x000001958753cee0: 7749 89af | 3804 0000 | 4989 8728 | 0400 0048 | 83ec 2040 | f6c4 0f0f | 8419 0000 | 0048 83ec 
  0x000001958753cf00: 0848 b890 | 3526 19fd | 7f00 00ff | d048 83c4 | 08e9 0c00 | 0000 48b8 | 9035 2619 | fd7f 0000 
  0x000001958753cf20: ffd0 4883 | c420 49c7 | 8728 0400 | 0000 0000 | 0049 c787 | 3804 0000 | 0000 0000 | 49c7 8730 
  0x000001958753cf40: 0400 0000 | 0000 00c5 | f877 4983 | 7f08 000f | 8405 0000 | 00e9 8642 | ffff 4c8b | 6dc0 4c8b 
  0x000001958753cf60: 75c8 4e8d | 74f5 00c3 | 488b 5de8 | 488b 4370 | 498d 8f48 | 0400 004c | 8d15 b100 | 0000 4d89 
  0x000001958753cf80: 9730 0400 | 00c5 f877 | 4989 af38 | 0400 0049 | 89a7 2804 | 0000 41c7 | 87d4 0400 | 0004 0000 
  0x000001958753cfa0: 00ff d0c5 | f877 4883 | ec10 c5fb | 1104 2448 | 83ec 1048 | 8904 2448 | c744 2408 | 0000 0000 
  0x000001958753cfc0: 41c7 87d4 | 0400 0005 | 0000 00f0 | 8344 24c0 | 0049 3b6f | 280f 870e | 0000 0041 | 83bf d004 
  0x000001958753cfe0: 0000 000f | 8420 0000 | 0049 8bcf | 4c8b e448 | 83ec 2048 | 83e4 f048 | b8e0 a027 | 19fd 7f00 
  0x000001958753d000: 00ff d049 | 8be4 4d33 | e441 c787 | d404 0000 | 0800 0000 | 4d8b 97f0 | 0500 0049 | 83fa 0074 
  0x000001958753d020: 3549 c787 | f005 0000 | 0000 0000 | 41ff e249 | ba00 0000 | 0000 0000 | 0041 ffd2 | 4883 ec10 
  0x000001958753d040: c5fb 1104 | 2448 83ec | 1048 8904 | 2448 c744 | 2408 0000 | 0000 49c7 | 8728 0400 | 0000 0000 
  0x000001958753d060: 0049 c787 | 3804 0000 | 0000 0000 | 49c7 8730 | 0400 0000 | 0000 00c5 | f877 4d8b | 9fb8 0400 
  0x000001958753d080: 0041 c783 | 0001 0000 | 0000 0000 | 49bb daa6 | 5387 9501 | 0000 4c3b | 5d18 0f85 | 5501 0000 
  0x000001958753d0a0: 488b 0424 | 4883 c410 | 4885 c00f | 842f 0100 | 00a8 030f | 8508 0000 | 0048 8b00 | e91f 0100 
  0x000001958753d0c0: 00a8 010f | 8509 0000 | 0048 8b40 | fee9 0e01 | 0000 488b | 40ff 4180 | 7f48 000f | 84ff 0000 
  0x000001958753d0e0: 0048 83f8 | 000f 84f5 | 0000 004d | 8b5f 384d | 85db 0f84 | 1400 0000 | 4983 eb08 | 4d89 5f38 
  0x000001958753d100: 4d03 5f40 | 4989 03e9 | d400 0000 | 4883 ec70 | 4889 0424 | 4889 4c24 | 0848 8954 | 2410 4c89 
  0x000001958753d120: 4424 184c | 894c 2420 | 4c89 5424 | 284c 895c | 2430 c5fb | 1144 2440 | c5fb 114c | 2448 c5fb 
  0x000001958753d140: 1154 2450 | c5fb 115c | 2458 c5fb | 1164 2460 | c5fb 116c | 2468 498b | d748 8bc8 | 4883 ec20 
  0x000001958753d160: 40f6 c40f | 0f84 1900 | 0000 4883 | ec08 48b8 | d033 1a19 | fd7f 0000 | ffd0 4883 | c408 e90c 
  0x000001958753d180: 0000 0048 | b8d0 331a | 19fd 7f00 | 00ff d048 | 83c4 20c5 | fb10 6c24 | 68c5 fb10 | 6424 60c5 
  0x000001958753d1a0: fb10 5c24 | 58c5 fb10 | 5424 50c5 | fb10 4c24 | 48c5 fb10 | 4424 404c | 8b5c 2430 | 4c8b 5424 
  0x000001958753d1c0: 284c 8b4c | 2420 4c8b | 4424 1848 | 8b54 2410 | 488b 4c24 | 0848 8b04 | 2448 83c4 | 70c5 f877 
  0x000001958753d1e0: 4889 4510 | 4883 ec10 | 4889 0424 | 48c7 4424 | 0800 0000 | 0041 83bf | 5005 0000 | 020f 85bf 
  0x000001958753d200: 0000 0048 | 81ec 8000 | 0000 4889 | 4424 7848 | 894c 2470 | 4889 5424 | 6848 895c | 2460 4889 
  0x000001958753d220: 6c24 5048 | 8974 2448 | 4889 7c24 | 404c 8944 | 2438 4c89 | 4c24 304c | 8954 2428 | 4c89 5c24 
  0x000001958753d240: 204c 8964 | 2418 4c89 | 6c24 104c | 8974 2408 | 4c89 3c24 | 4c8b e448 | 83ec 2048 | 83e4 f048 
  0x000001958753d260: b830 a961 | 19fd 7f00 | 00ff d049 | 8be4 4c8b | 3c24 4c8b | 7424 084c | 8b6c 2410 | 4c8b 6424 
  0x000001958753d280: 184c 8b5c | 2420 4c8b | 5424 284c | 8b4c 2430 | 4c8b 4424 | 3848 8b7c | 2440 488b | 7424 4848 
  0x000001958753d2a0: 8b6c 2450 | 488b 5c24 | 6048 8b54 | 2468 488b | 4c24 7048 | 8b44 2478 | 4881 c480 | 0000 004d 
  0x000001958753d2c0: 33e4 488b | 5de8 4c8b | 6b08 4d8d | 6d38 4983 | 7f08 000f | 84bb 0000 | 00e8 0500 | 0000 e996 
  0x000001958753d2e0: 0000 0048 | 8d44 2408 | 4c89 6dc0 | 498b cfc5 | f877 4989 | af38 0400 | 0049 8987 | 2804 0000 
  0x000001958753d300: 4883 ec20 | 40f6 c40f | 0f84 1900 | 0000 4883 | ec08 48b8 | e054 2619 | fd7f 0000 | ffd0 4883 
  0x000001958753d320: c408 e90c | 0000 0048 | b8e0 5426 | 19fd 7f00 | 00ff d048 | 83c4 2049 | c787 2804 | 0000 0000 
  0x000001958753d340: 0000 49c7 | 8738 0400 | 0000 0000 | 0049 c787 | 3004 0000 | 0000 0000 | c5f8 7749 | 837f 0800 
  0x000001958753d360: 0f84 0500 | 0000 e975 | 3eff ff4c | 8b6d c04c | 8b75 c84e | 8d74 f500 | c348 b930 | 9493 19fd 
  0x000001958753d380: 7f00 0048 | 83e4 f048 | b880 014e | 19fd 7f00 | 00ff d0f4 | 440f b75b | 2c41 f6c3 | 200f 8472 
  0x000001958753d3a0: 0100 0048 | 8d55 a84c | 8b5a 084d | 85db 0f85 | bb00 0000 | e805 0000 | 00e9 9600 | 0000 488d 
  0x000001958753d3c0: 4424 084c | 896d c049 | 8bcf c5f8 | 7749 89af | 3804 0000 | 4989 8728 | 0400 0048 | 83ec 2040 
  0x000001958753d3e0: f6c4 0f0f | 8419 0000 | 0048 83ec | 0848 b810 | 5426 19fd | 7f00 00ff | d048 83c4 | 08e9 0c00 
  0x000001958753d400: 0000 48b8 | 1054 2619 | fd7f 0000 | ffd0 4883 | c420 49c7 | 8728 0400 | 0000 0000 | 0049 c787 
  0x000001958753d420: 3804 0000 | 0000 0000 | 49c7 8730 | 0400 0000 | 0000 00c5 | f877 4983 | 7f08 000f | 8405 0000 
  0x000001958753d440: 00e9 9a3d | ffff 4c8b | 6dc0 4c8b | 75c8 4e8d | 74f5 00c3 | 48b9 3094 | 9319 fd7f | 0000 4883 
  0x000001958753d460: e4f0 48b8 | 8001 4e19 | fd7f 0000 | ffd0 f44c | 896d c04c | 8b4a 0848 | c742 0800 | 0000 0045 
  0x000001958753d480: 8b87 e006 | 0000 4f3b | 4c07 f80f | 8542 0000 | 0041 83af | e006 0000 | 084f 3b4c | 07f0 0f84 
  0x000001958753d4a0: 2a00 0000 | 498b 01a8 | 020f 8512 | 0000 004c | 8bc0 4983 | c801 f04d | 0fb1 010f | 840d 0000 
  0x000001958753d4c0: 0041 8387 | e006 0000 | 08e9 0500 | 0000 e93e | 0000 004c | 894a 0848 | 8bca 4883 | ec20 40f6 
  0x000001958753d4e0: c40f 0f84 | 1900 0000 | 4883 ec08 | 48b8 9024 | 2619 fd7f | 0000 ffd0 | 4883 c408 | e90c 0000 
  0x000001958753d500: 0048 b890 | 2426 19fd | 7f00 00ff | d048 83c4 | 204c 8b6d | c041 c687 | 9603 0000 | 0149 3b6f 
  0x000001958753d520: 280f 8705 | 0000 00e9 | ab00 0000 | 4883 ec10 | c5fb 1104 | 2448 83ec | 1048 8904 | 2448 c744 
  0x000001958753d540: 2408 0000 | 0000 c5f8 | 7749 89af | 3804 0000 | 49ba 46d5 | 5387 9501 | 0000 4d89 | 9730 0400 
  0x000001958753d560: 0049 89a7 | 2804 0000 | 498b cf48 | 83ec 2040 | f6c4 0f0f | 8419 0000 | 0048 83ec | 0848 b880 
  0x000001958753d580: 0a26 19fd | 7f00 00ff | d048 83c4 | 08e9 0c00 | 0000 48b8 | 800a 2619 | fd7f 0000 | ffd0 4883 
  0x000001958753d5a0: c420 49c7 | 8728 0400 | 0000 0000 | 0049 c787 | 3804 0000 | 0000 0000 | 49c7 8730 | 0400 0000 
  0x000001958753d5c0: 0000 00c5 | f877 488b | 0424 4883 | c410 c5fb | 1004 2448 | 83c4 1048 | 8b04 2448 | 83c4 10c5 
  0x000001958753d5e0: fb10 0424 | 4883 c410 | 4c8b 5d18 | 41ff d34c | 8b5d f8c9 | 41c6 8796 | 0300 0000 | 5f49 8be3 
  0x000001958753d600: ffe7 ba00 | 0000 00e8 | 0500 0000 | e996 0000 | 0048 8d44 | 2408 4c89 | 6dc0 498b | cfc5 f877 
  0x000001958753d620: 4989 af38 | 0400 0049 | 8987 2804 | 0000 4883 | ec20 40f6 | c40f 0f84 | 1900 0000 | 4883 ec08 
  0x000001958753d640: 48b8 301a | 2619 fd7f | 0000 ffd0 | 4883 c408 | e90c 0000 | 0048 b830 | 1a26 19fd | 7f00 00ff 
  0x000001958753d660: d048 83c4 | 2049 c787 | 2804 0000 | 0000 0000 | 49c7 8738 | 0400 0000 | 0000 0049 | c787 3004 
  0x000001958753d680: 0000 0000 | 0000 c5f8 | 7749 837f | 0800 0f84 | 0500 0000 | e947 3bff | ff4c 8b6d | c04c 8b75 
  0x000001958753d6a0: c84e 8d74 | f500 c348 | 8b5d e8e9 | 98f6 ffff 
[/MachCode]

Compiled method (c2) 8335429 118758   !   4       kotlin.coroutines.jvm.internal.BaseContinuationImpl::resumeWith (124 bytes)
 total in heap  [0x0000019587cd1688,0x0000019587cd19b0] = 808
 main code      [0x0000019587cd1780,0x0000019587cd1980] = 512
 stub code      [0x0000019587cd1980,0x0000019587cd19a8] = 40
 oops           [0x0000019587cd19a8,0x0000019587cd19b0] = 8
 mutable data [0x00000195e30277b0,0x00000195e3027820] = 112
 relocation     [0x00000195e30277b0,0x00000195e30277f0] = 64
 metadata       [0x00000195e30277f0,0x00000195e3027820] = 48
 immutable data [0x00000195de19ccc0,0x00000195de19ce90] = 464
 dependencies   [0x00000195de19ccc0,0x00000195de19ccd0] = 16
 handler table  [0x00000195de19ccd0,0x00000195de19cd30] = 96
 scopes pcs     [0x00000195de19cd30,0x00000195de19cdd0] = 160
 scopes data    [0x00000195de19cdd0,0x00000195de19ce90] = 192

[Constant Pool (empty)]

[MachCode]
[Instructions begin]
  0x0000019587cd1780: 6690 448b | 5208 443b 

  0x0000019587cd1788: ;   {runtime_call Shared Runtime ic_miss_blob}
  0x0000019587cd1788: 5008 0f85 | 50d3 8aff 
[Verified Entry Point]
  0x0000019587cd1790: 8984 2400 | 80ff ff55 | 4883 ec20 | 4181 7f20 | 6500 0000 | 0f85 c501 | 0000 8b6a | 0c85 ed0f 
  0x0000019587cd17b0: 8467 0100 | 004d 8d14 | ec4c 8914 | 2448 8bea | eb2e 0f1f | 8000 0000 | 000f 1f80 | 0000 0000 
  0x0000019587cd17d0: 4c8b 1424 | 418b 6a0c | 85ed 0f84 | 2401 0000 | 4d8d 1cec | 4c8b 4424 | 084c 891c | 2449 8bea 
  0x0000019587cd17f0: 488b d566 | 9048 b8b0 | 7f02 e395 

  0x0000019587cd17fc: ;   {virtual_call}
  0x0000019587cd17fc: 0100 00e8 

  0x0000019587cd1800: ; ImmutableOopMap {rbp=Oop [0]=Oop }
                      ;*invokevirtual invokeSuspend {reexecute=0 rethrow=0 return_oop=1}
                      ; - kotlin.coroutines.jvm.internal.BaseContinuationImpl::resumeWith@40 (line 34)
  0x0000019587cd1800: f494 98ff 

  0x0000019587cd1804: ;   {oop(a 'kotlin/coroutines/intrinsics/CoroutineSingletons'{0x00000007ffa0f650})}
  0x0000019587cd1804: 49ba 50f6 | a0ff 0700 | 0000 493b | c20f 84dd | 0000 0048 | 8944 2408 | 488b d566 | 9048 b8d8 
  0x0000019587cd1824: 7f02 e395 

  0x0000019587cd1828: ;   {virtual_call}
  0x0000019587cd1828: 0100 00e8 

  0x0000019587cd182c: ; ImmutableOopMap {[0]=Oop [8]=Oop }
                      ;*invokevirtual releaseIntercepted {reexecute=0 rethrow=0 return_oop=0}
                      ; - kotlin.coroutines.jvm.internal.BaseContinuationImpl::resumeWith@90 (line 40)
  0x0000019587cd182c: 0097 98ff | 4c8b 0424 | 458b 5808 | be00 0000 | 9d49 03f3 | 4c8b 5638 

  0x0000019587cd1844: ;   {metadata('kotlin/coroutines/jvm/internal/BaseContinuationImpl')}
  0x0000019587cd1844: 49bb 7050 | 069f 0000 | 0000 4d3b | d30f 8585 | 0000 004c | 8b5e 204d 

  0x0000019587cd185c: ; ImmutableOopMap {r8=Oop [0]=Oop [8]=Oop }
                      ;*goto {reexecute=1 rethrow=0 return_oop=0}
                      ; - (reexecute) kotlin.coroutines.jvm.internal.BaseContinuationImpl::resumeWith@121 (line 30)
                      ;   {poll}
  0x0000019587cd185c: 8b4f 3041 

  0x0000019587cd1860: ;   {metadata('kotlin/coroutines/Continuation')}
  0x0000019587cd1860: 8501 49ba | 88ac 059f | 0000 0000 | 4d3b da0f | 845b ffff 

  0x0000019587cd1874: ;   {metadata('kotlin/coroutines/Continuation')}
  0x0000019587cd1874: ff48 b888 | ac05 9f00 | 0000 0048 | 33ff 4c8b | 9ea8 0000 | 0049 8bd3 | 48c1 e232 | 0f89 2100 
  0x0000019587cd1894: 0000 f348 | 0fb8 d248 | 8b5e 2848 | 3b04 d374 | 1549 0fba | e30e 730b | 49c1 cb0d 

  0x0000019587cd18b0: ;   {runtime_call Stub::lookup_secondary_supers_table_slow_path}
  0x0000019587cd18b0: e84e 2c89 | ffeb 0348 | ffc7 4885 | ff0f 840d | ffff ffba | deff ffff | 4c8b 5424 | 084c 8914 
  0x0000019587cd18d0: 244c 8944 

  0x0000019587cd18d4: ;   {runtime_call UncommonTrapBlob}
  0x0000019587cd18d4: 2408 90e8 

  0x0000019587cd18d8: ; ImmutableOopMap {[0]=Oop [8]=Oop }
                      ;*checkcast {reexecute=0 rethrow=0 return_oop=0}
                      ; - kotlin.coroutines.jvm.internal.BaseContinuationImpl::resumeWith@10 (line 29)
  0x0000019587cd18d8: 04e4 97ff | 488b 1424 | 4c8b 4424 | 0848 b800 | 8002 e395 

  0x0000019587cd18ec: ;   {virtual_call}
  0x0000019587cd18ec: 0100 00e8 

  0x0000019587cd18f0: ; ImmutableOopMap {}
                      ;*invokeinterface resumeWith {reexecute=0 rethrow=0 return_oop=0}
                      ; - kotlin.coroutines.jvm.internal.BaseContinuationImpl::resumeWith@114 (line 47)
  0x0000019587cd18f0: 7c94 98ff | 4883 c420 

  0x0000019587cd18f8: ;   {poll_return}
  0x0000019587cd18f8: 5d49 3b67 | 280f 8756 | 0000 00c3 | ba45 ffff | ff4c 8b5c | 2408 4c89 | 1c24 4c89 

  0x0000019587cd1914: ;   {runtime_call UncommonTrapBlob}
  0x0000019587cd1914: 5424 08e8 

  0x0000019587cd1918: ; ImmutableOopMap {rbp=NarrowOop [0]=Oop [8]=Oop }
                      ;*ifnonnull {reexecute=1 rethrow=0 return_oop=0}
                      ; - (reexecute) kotlin.jvm.internal.Intrinsics::checkNotNull@1 (line 24)
                      ; - kotlin.coroutines.jvm.internal.BaseContinuationImpl::resumeWith@31 (line 31)
  0x0000019587cd1918: c4e3 97ff | 4c89 0424 | 4889 5424 | 08ba 45ff 

  0x0000019587cd1928: ;   {runtime_call UncommonTrapBlob}
  0x0000019587cd1928: ffff 90e8 

  0x0000019587cd192c: ; ImmutableOopMap {rbp=NarrowOop [0]=Oop [8]=Oop }
                      ;*ifnonnull {reexecute=1 rethrow=0 return_oop=0}
                      ; - (reexecute) kotlin.jvm.internal.Intrinsics::checkNotNull@1 (line 24)
                      ; - kotlin.coroutines.jvm.internal.BaseContinuationImpl::resumeWith@31 (line 31)
  0x0000019587cd192c: b0e3 97ff 

  0x0000019587cd1930: ;   {static_call}
  0x0000019587cd1930: 488b d0e8 

  0x0000019587cd1934: ; ImmutableOopMap {rbp=Oop [0]=Oop }
                      ;*invokestatic createFailure {reexecute=0 rethrow=0 return_oop=1}
                      ; - kotlin.coroutines.jvm.internal.BaseContinuationImpl::resumeWith@76 (line 38)
  0x0000019587cd1934: 48d5 b000 | 4889 4424 | 08e9 dafe | ffff 488b | d0eb 0848 | 8bd0 eb03 | 488b d048 | 83c4 205d 
  0x0000019587cd1954: ;   {runtime_call C2 Runtime rethrow}
  0x0000019587cd1954: e987 3498 

  0x0000019587cd1958: ;   {internal_word}
  0x0000019587cd1958: ff49 baf9 | 18cd 8795 | 0100 004d | 8997 e004 

  0x0000019587cd1968: ;   {runtime_call SafepointBlob}
  0x0000019587cd1968: 0000 e9f1 

  0x0000019587cd196c: ;   {runtime_call Stub::method_entry_barrier}
  0x0000019587cd196c: f58a ffe8 | cc29 89ff | e931 feff | fff4 f4f4 | f4f4 f4f4 
[Stub Code]
  0x0000019587cd1980: ;   {static_stub}
  0x0000019587cd1980: 48bb 80d7 | 608f 9501 

  0x0000019587cd1988: ;   {runtime_call I2C/C2I adapters}
  0x0000019587cd1988: 0000 e993 

  0x0000019587cd198c: ;   {runtime_call ExceptionBlob}
  0x0000019587cd198c: ea8a ffe9 | 4ce6 97ff 
[Deopt Handler Code]
  0x0000019587cd1994: e800 0000 | 0048 832c 

  0x0000019587cd199c: ;   {runtime_call DeoptimizationBlob}
  0x0000019587cd199c: 2405 e9bd | f88a fff4 | f4f4 f4f4 
[/MachCode]


Compiled method (c2) 8335434 119100   !   4       kotlinx.coroutines.DispatchedTask::run (387 bytes)
 total in heap  [0x000001958881bc88,0x000001958881cc00] = 3960
 main code      [0x000001958881bd80,0x000001958881cb30] = 3504
 stub code      [0x000001958881cb30,0x000001958881cbd0] = 160
 oops           [0x000001958881cbd0,0x000001958881cc00] = 48
 mutable data [0x00000195e37b0310,0x00000195e37b0610] = 768
 relocation     [0x00000195e37b0310,0x00000195e37b04c0] = 432
 metadata       [0x00000195e37b04c0,0x00000195e37b0610] = 336
 immutable data [0x00000195c52fba90,0x00000195c52fc9a8] = 3864
 dependencies   [0x00000195c52fba90,0x00000195c52fbad8] = 72
 nul chk table  [0x00000195c52fbad8,0x00000195c52fbb38] = 96
 handler table  [0x00000195c52fbb38,0x00000195c52fbe08] = 720
 scopes pcs     [0x00000195c52fbe08,0x00000195c52fc1c8] = 960
 scopes data    [0x00000195c52fc1c8,0x00000195c52fc9a8] = 2016

[Constant Pool (empty)]

[MachCode]
[Instructions begin]
  0x000001958881bd80: 6690 448b | 5208 443b 

  0x000001958881bd88: ;   {runtime_call Shared Runtime ic_miss_blob}
  0x000001958881bd88: 5008 0f85 | 502d d6fe 
[Verified Entry Point]
  0x000001958881bd90: 8984 2400 | 80ff ff55 | 4883 ec60 | 4181 7f20 | 6500 0000 | 0f85 780d | 0000 4889 | 5424 1066 
  0x000001958881bdb0: 9048 b830 | 8a04 c695 

  0x000001958881bdb8: ;   {virtual_call}
  0x000001958881bdb8: 0100 00e8 

  0x000001958881bdbc: ; ImmutableOopMap {[16]=Oop }
                      ;*invokevirtual getDelegate$kotlinx_coroutines_core {reexecute=0 rethrow=0 return_oop=1}
                      ; - kotlinx.coroutines.DispatchedTask::run@34 (line 80)
  0x000001958881bdbc: 98ec e3fe 

  0x000001958881bdc0: ; implicit exception: dispatches to 0x000001958881c8c4
  0x000001958881bdc0: 448b 5008 

  0x000001958881bdc4: ;   {metadata('kotlinx/coroutines/internal/DispatchedContinuation')}
  0x000001958881bdc4: 4181 fa40 | 1907 020f | 85ab 0900 | 0044 8b50 | 2044 8954 | 2408 8b68 | 2849 8bd2 | 48c1 e203 
  0x000001958881bde4: 9048 b858 | 8a04 c695 

  0x000001958881bdec: ;   {virtual_call}
  0x000001958881bdec: 0100 00e8 

  0x000001958881bdf0: ; ImmutableOopMap {rbp=NarrowOop [8]=NarrowOop [16]=Oop }
                      ;*invokeinterface getContext {reexecute=0 rethrow=0 return_oop=1}
                      ; - kotlinx.coroutines.DispatchedTask::run@61 (line 222)
  0x000001958881bdf0: 8cec e3fe | 4889 4424 | 1885 ed0f | 84fc 0200 | 004d 8d04 | ec44 8b5c | 2408 4f8d 

  0x000001958881be0c: ;   {oop(a 'java/lang/Integer'{0x000000070d6e9af8} = 0)}
  0x000001958881be0c: 0cdc 49ba | f89a 6e0d | 0700 0000 | 4d3b c20f | 85e0 0500 

  0x000001958881be20: ;   {oop(a 'kotlinx/coroutines/internal/Symbol'{0x00000007ffb565d0})}
  0x000001958881be20: 0049 bbd0 | 65b5 ff07 | 0000 0045 | 33d2 4c89 | 5424 304c | 895c 2428 | 4c89 4c24 | 2049 8bd1 
  0x000001958881be40: 9048 b880 | 8a04 c695 

  0x000001958881be48: ;   {virtual_call}
  0x000001958881be48: 0100 00e8 

  0x000001958881be4c: ; ImmutableOopMap {[8]=NarrowOop [16]=Oop [24]=Oop [32]=Oop [40]=Oop [48]=Oop }
                      ;*invokeinterface getContext {reexecute=0 rethrow=0 return_oop=1}
                      ; - kotlinx.coroutines.DispatchedTask::run@103 (line 83)
  0x000001958881be4c: 30ec e3fe | 488b e848 | 8b54 2410 | 9048 b8a8 | 8a04 c695 

  0x000001958881be60: ;   {virtual_call}
  0x000001958881be60: 0100 00e8 

  0x000001958881be64: ; ImmutableOopMap {rbp=Oop [8]=NarrowOop [16]=Oop [24]=Oop [32]=Oop [40]=Oop [48]=Oop }
                      ;*invokevirtual takeState$kotlinx_coroutines_core {reexecute=0 rethrow=0 return_oop=1}
                      ; - kotlinx.coroutines.DispatchedTask::run@111 (line 84)
  0x000001958881be64: 90ee e3fe | 4889 4424 | 3848 8b54 | 2410 4c8b | c048 b8d0 | 8a04 c695 

  0x000001958881be7c: ;   {virtual_call}
  0x000001958881be7c: 0100 00e8 

  0x000001958881be80: ; ImmutableOopMap {rbp=Oop [8]=NarrowOop [16]=Oop [24]=Oop [32]=Oop [40]=Oop [48]=Oop [56]=Oop }
                      ;*invokevirtual getExceptionalResult$kotlinx_coroutines_core {reexecute=0 rethrow=0 return_oop=1}
                      ; - kotlinx.coroutines.DispatchedTask::run@119 (line 85)
  0x000001958881be80: acf0 e3fe | 4885 c00f | 850b 0200 | 004c 8b54 | 2410 458b | 5a18 4183 | fb01 740a | 4183 fb02 
  0x000001958881bea0: 0f85 c600 | 0000 4c8b | dd45 8b43 

  0x000001958881beac: ;   {metadata('kotlin/coroutines/CombinedContext')}
  0x000001958881beac: 0841 81f8 | e83b 0602 | 0f85 9004 | 0000 448b | 5510 498b | d248 c1e2 

  0x000001958881bec4: ;   {oop(a 'kotlinx/coroutines/Job$Key'{0x00000007ff95b0d8})}
  0x000001958881bec4: 0349 b8d8 | b095 ff07 | 0000 0066 | 9048 b8f8 | 8a04 c695 

  0x000001958881bed8: ;   {virtual_call}
  0x000001958881bed8: 0100 00e8 

  0x000001958881bedc: ; ImmutableOopMap {rbp=Oop [8]=NarrowOop [16]=Oop [24]=Oop [32]=Oop [40]=Oop [48]=Oop [56]=Oop }
                      ;*invokeinterface get {reexecute=0 rethrow=0 return_oop=1}
                      ; - kotlin.coroutines.CombinedContext::get@14 (line 122)
                      ; - kotlinx.coroutines.DispatchedTask::run@147 (line 91)
  0x000001958881bedc: a0eb e3fe | 4c8b c048 | 85c0 7554 | 0f1f 8400 | 0000 0000 | 448b 5d0c 

  0x000001958881bef4: ; implicit exception: dispatches to 0x000001958881c8a0
  0x000001958881bef4: 478b 54dc | 084b 8d14 

  0x000001958881befc: ;   {metadata('kotlin/coroutines/CombinedContext')}
  0x000001958881befc: dc41 81fa | e83b 0602 | 0f85 6a01 | 0000 488b | ea44 8b5d | 1049 8bd3 | 48c1 e203 

  0x000001958881bf18: ;   {oop(a 'kotlinx/coroutines/Job$Key'{0x00000007ff95b0d8})}
  0x000001958881bf18: 49b8 d8b0 | 95ff 0700 | 0000 6666 | 9048 b820 | 8b04 c695 

  0x000001958881bf2c: ;   {virtual_call}
  0x000001958881bf2c: 0100 00e8 

  0x000001958881bf30: ; ImmutableOopMap {rbp=Oop [8]=NarrowOop [16]=Oop [24]=Oop [32]=Oop [40]=Oop [48]=Oop [56]=Oop }
                      ;*invokeinterface get {reexecute=0 rethrow=0 return_oop=1}
                      ; - kotlin.coroutines.CombinedContext::get@14 (line 122)
                      ; - kotlinx.coroutines.DispatchedTask::run@147 (line 91)
  0x000001958881bf30: 4ceb e3fe | 4c8b c048 | 85c0 74b4 

  0x000001958881bf3c: ; implicit exception: dispatches to 0x000001958881c87c
  0x000001958881bf3c: 458b 5008 

  0x000001958881bf40: ;   {metadata('kotlinx/coroutines/StandaloneCoroutine')}
  0x000001958881bf40: 4181 fa18 | 9a0d 020f | 8589 0000 | 0049 8be8 | 488b d566 | 9048 b848 | 8b04 c695 

  0x000001958881bf5c: ;   {virtual_call}
  0x000001958881bf5c: 0100 00e8 

  0x000001958881bf60: ; ImmutableOopMap {rbp=Oop [8]=NarrowOop [16]=Oop [24]=Oop [32]=Oop [40]=Oop [48]=Oop [56]=Oop }
                      ;*invokeinterface isActive {reexecute=0 rethrow=0 return_oop=0}
                      ; - kotlinx.coroutines.DispatchedTask::run@168 (line 92)
  0x000001958881bf60: 9ce5 e8fe | 85c0 0f84 | 8802 0000 | 488b 5424 | 104c 8b44 | 2438 6666 | 9048 b870 | 8b04 c695 
  0x000001958881bf80: ;   {virtual_call}
  0x000001958881bf80: 0100 00e8 

  0x000001958881bf84: ; ImmutableOopMap {[8]=NarrowOop [16]=Oop [24]=Oop [32]=Oop [40]=Oop [48]=Oop }
                      ;*invokevirtual getSuccessfulResult$kotlinx_coroutines_core {reexecute=0 rethrow=0 return_oop=1}
                      ; - kotlinx.coroutines.DispatchedTask::run@295 (line 100)
  0x000001958881bf84: 68ec e3fe | 488b 5424 | 204c 8bc0 | 9048 b898 | 8b04 c695 

  0x000001958881bf98: ;   {virtual_call}
  0x000001958881bf98: 0100 00e8 

  0x000001958881bf9c: ; ImmutableOopMap {[16]=Oop [24]=Oop [40]=Oop [48]=Oop }
                      ;*invokeinterface resumeWith {reexecute=0 rethrow=0 return_oop=0}
                      ; - kotlinx.coroutines.DispatchedTask::run@301 (line 100)
  0x000001958881bf9c: d0ed e3fe | 4c8b 5424 | 304d 85d2 | 0f85 f605 | 0000 4c8b 

  0x000001958881bfb0: ;   {oop(a 'kotlinx/coroutines/internal/Symbol'{0x00000007ffb565d0})}
  0x000001958881bfb0: 5424 2849 | bbd0 65b5 | ff07 0000 | 004d 3bd3 | 0f85 9e04 | 0000 4883 

  0x000001958881bfc8: ;   {poll_return}
  0x000001958881bfc8: c460 5d49 | 3b67 280f | 8737 0b00 

  0x000001958881bfd4: ;   {metadata('kotlinx/coroutines/DispatchedCoroutine')}
  0x000001958881bfd4: 00c3 4181 | fa40 770d | 020f 846a | ffff ffbe | 0000 009d | 4903 f24c 

  0x000001958881bfec: ;   {metadata('kotlinx/coroutines/Job')}
  0x000001958881bfec: 8b56 2049 | bbd8 df06 | 9f00 0000 | 004d 3bd3 | 0f84 4bff 

  0x000001958881c000: ;   {metadata('kotlinx/coroutines/Job')}
  0x000001958881c000: ffff 48b8 | d8df 069f | 0000 0000 | 4833 ff4c | 8b9e a800 | 0000 498b | d348 c1e2 | 230f 8921 
  0x000001958881c020: 0000 00f3 | 480f b8d2 | 488b 5e28 | 483b 04d3 | 7415 490f | bae3 1d73 | 0b49 c1cb 

  0x000001958881c03c: ;   {runtime_call Stub::lookup_secondary_supers_table_slow_path}
  0x000001958881c03c: 1ce8 c184 | d4fe eb03 | 48ff c748 | 85ff 0f84 | fdfe ffff 

  0x000001958881c050: ;   {oop(a 'java/lang/ClassCastException'{0x000000070d703b90})}
  0x000001958881c050: 4d33 db48 | bd90 3b70 | 0d07 0000 | 004c 8d45 | 1441 807f | 4800 0f85 | 380a 0000 | 4589 18e9 
  0x000001958881c070: b605 0000 

  0x000001958881c074: ;   {oop(a 'kotlinx/coroutines/Job$Key'{0x00000007ff95b0d8})}
  0x000001958881c074: 49b8 d8b0 | 95ff 0700 | 0000 6666 | 9048 b8c0 | 8b04 c695 

  0x000001958881c088: ;   {virtual_call}
  0x000001958881c088: 0100 00e8 

  0x000001958881c08c: ; ImmutableOopMap {[8]=NarrowOop [16]=Oop [24]=Oop [32]=Oop [40]=Oop [48]=Oop [56]=Oop }
                      ;*invokeinterface get {reexecute=0 rethrow=0 return_oop=1}
                      ; - kotlin.coroutines.CombinedContext::get@55 (line 127)
                      ; - kotlinx.coroutines.DispatchedTask::run@147 (line 91)
  0x000001958881c08c: f0e9 e3fe | 4c8b c0e9 | a4fe ffff | 4d8b 87c8 | 0100 004d | 8bd0 4983 | c210 4d3b | 97d8 0100 
  0x000001958881c0ac: 000f 83cd | 0400 004d | 8997 c801 | 0000 410f | 1882 0001 | 0000 49c7 | 0001 0000 

  0x000001958881c0c8: ;   {metadata('kotlin/Result$Failure')}
  0x000001958881c0c8: 0041 c740 | 08c0 a606 | 024c 8bd0 | 49c1 ea03 | 4589 500c | 488b 5424 | 2048 8b6c | 2410 6666 
  0x000001958881c0e8: 9048 b8e8 | 8b04 c695 

  0x000001958881c0f0: ;   {virtual_call}
  0x000001958881c0f0: 0100 00e8 

  0x000001958881c0f4: ; ImmutableOopMap {rbp=Oop [16]=Oop [24]=Oop [40]=Oop [48]=Oop }
                      ;*invokeinterface resumeWith {reexecute=0 rethrow=0 return_oop=0}
                      ; - kotlinx.coroutines.DispatchedTask::run@279 (line 98)
  0x000001958881c0f4: 78ec e3fe | e9a3 feff | ff4c 8bd0 

  0x000001958881c100: ; implicit exception: dispatches to 0x000001958881c8e0
  0x000001958881c100: 448b 5808 

  0x000001958881c104: ;   {oop(a 'kotlinx/coroutines/internal/ThreadContextKt$$Lambda+0x000000009f0d52a8'{0x00000007ff9ea170})}
  0x000001958881c104: 49b9 70a1 | 9eff 0700 

  0x000001958881c10c: ;   {metadata('kotlin/coroutines/CombinedContext')}
  0x000001958881c10c: 0000 4181 | fbe8 3b06 | 020f 85fe | 0300 0048 | 8be8 448b | 5d0c 498b | d348 c1e2 

  0x000001958881c128: ;   {oop(a 'java/lang/Integer'{0x000000070d6e9af8} = 0)}
  0x000001958881c128: 0349 b8f8 | 9a6e 0d07 | 0000 0066 | 9048 b810 | 8c04 c695 

  0x000001958881c13c: ;   {virtual_call}
  0x000001958881c13c: 0100 00e8 

  0x000001958881c140: ; ImmutableOopMap {rbp=Oop [8]=NarrowOop [16]=Oop [24]=Oop }
                      ;*invokeinterface fold {reexecute=0 rethrow=0 return_oop=1}
                      ; - kotlin.coroutines.CombinedContext::fold@13 (line 133)
                      ; - kotlinx.coroutines.internal.ThreadContextKt::threadContextElements@8 (line 55)
                      ; - kotlinx.coroutines.internal.ThreadContextKt::updateThreadContext@7 (line 61)
                      ; - kotlinx.coroutines.DispatchedTask::run@71 (line 223)
  0x000001958881c140: 9c2f d6fe | 4c8b d08b | 6d10 458b 

  0x000001958881c14c: ;   {metadata('kotlin/coroutines/CoroutineContext$Element')}
  0x000001958881c14c: 44ec 0848 | b818 9a05 | 9f00 0000 | 00be 0000 | 009d 4903 | f04c 8b5e | 204c 3bd8 | 0f85 2f01 
  0x000001958881c16c: 0000 4d8d | 1cec 4d8b | c345 8b4b | 08be 0000 | 009d 4903 | f14c 8b5e 

  0x000001958881c184: ;   {metadata('kotlinx/coroutines/ThreadContextElement')}
  0x000001958881c184: 2049 b990 | f406 9f00 | 0000 004d | 3bd9 0f85 | 5c01 0000 | 4d8b da45 

  0x000001958881c19c: ;   {metadata('java/lang/Integer')}
  0x000001958881c19c: 8b52 0841 | 81fa e095 | 3800 0f85 | 0c06 0000 | 418b 530c | 85d2 740f | ffc2 488b 

  0x000001958881c1b8: ;   {static_call}
  0x000001958881c1b8: 6c24 10e8 

  0x000001958881c1bc: ; ImmutableOopMap {rbp=Oop [8]=NarrowOop [16]=Oop [24]=Oop }
                      ;*invokestatic valueOf {reexecute=0 rethrow=0 return_oop=1}
                      ; - kotlinx.coroutines.internal.ThreadContextKt::countAll$lambda$0@46 (line 34)
                      ; - kotlinx.coroutines.internal.ThreadContextKt$$Lambda/0x000000009f0d52a8::invoke@5
                      ; - kotlin.coroutines.CombinedContext::fold@22 (line 133)
                      ; - kotlinx.coroutines.internal.ThreadContextKt::threadContextElements@8 (line 55)
                      ; - kotlinx.coroutines.internal.ThreadContextKt::updateThreadContext@7 (line 61)
                      ; - kotlinx.coroutines.DispatchedTask::run@71 (line 223)
  0x000001958881c1bc: 2032 d6fe | 4c8b c04d | 85c0 0f85 | 39fc ffff | ba45 ffff | ff48 8b6c | 2410 448b | 5c24 0844 
  0x000001958881c1dc: 891c 244c | 8b54 2418 | 4c89 5424 | 104c 8944 

  0x000001958881c1ec: ;   {runtime_call UncommonTrapBlob}
  0x000001958881c1ec: 2420 90e8 

  0x000001958881c1f0: ; ImmutableOopMap {rbp=Oop [0]=NarrowOop [16]=Oop [32]=Oop }
                      ;*ifnonnull {reexecute=1 rethrow=0 return_oop=0}
                      ; - (reexecute) kotlin.jvm.internal.Intrinsics::checkNotNull@1 (line 24)
                      ; - kotlinx.coroutines.internal.ThreadContextKt::threadContextElements@14 (line 55)
                      ; - kotlinx.coroutines.internal.ThreadContextKt::updateThreadContext@7 (line 61)
                      ; - kotlinx.coroutines.DispatchedTask::run@71 (line 223)
  0x000001958881c1f0: ec3a e3fe | 4c8b cd44 

  0x000001958881c1f8: ;   {metadata('kotlinx/coroutines/JobSupport')}
  0x000001958881c1f8: 8b55 0849 | bb48 ec0c | 9f00 0000 | 0041 b800 | 0000 9d4d | 03c2 4d8b | 5038 4d3b | d30f 852d 
  0x000001958881c218: 0400 0048 | 8bd5 488b 

  0x000001958881c220: ;   {optimized virtual_call}
  0x000001958881c220: 6c24 10e8 

  0x000001958881c224: ; ImmutableOopMap {rbp=Oop [8]=NarrowOop [16]=Oop [24]=Oop [32]=Oop [40]=Oop [48]=Oop [56]=Oop }
                      ;*invokeinterface getCancellationException {reexecute=0 rethrow=0 return_oop=1}
                      ; - kotlinx.coroutines.DispatchedTask::run@178 (line 93)
  0x000001958881c224: f80b 3cf8 | 4889 4424 | 404c 8bd5 | 458b 5a08 

  0x000001958881c234: ;   {metadata('kotlinx/coroutines/internal/DispatchedContinuation')}
  0x000001958881c234: 4181 fb40 | 1907 0274 

  0x000001958881c23c: ;   {metadata('kotlinx/coroutines/CancellableContinuationImpl')}
  0x000001958881c23c: 2841 81fb | 90eb 0602 | 0f85 3204 | 0000 498b | d24c 8b44 | 2438 4c8b | c849 8bea 

  0x000001958881c258: ;   {optimized virtual_call}
  0x000001958881c258: 6666 90e8 

  0x000001958881c25c: ; ImmutableOopMap {rbp=Oop [8]=NarrowOop [16]=Oop [24]=Oop [32]=Oop [40]=Oop [48]=Oop [64]=Oop }
                      ;*invokevirtual cancelCompletedResult$kotlinx_coroutines_core {reexecute=0 rethrow=0 return_oop=0}
                      ; - kotlinx.coroutines.DispatchedTask::run@193 (line 94)
  0x000001958881c25c: d008 0000 | 4c8b 5424 | 1049 8bea | 4c89 5424 | 1044 8b5c | 2408 4489 | 1c24 488b 

  0x000001958881c278: ;   {static_call}
  0x000001958881c278: 5424 40e8 

  0x000001958881c27c: ; ImmutableOopMap {rbp=Oop [0]=NarrowOop [16]=Oop [24]=Oop [32]=Oop [40]=Oop [48]=Oop }
                      ;*invokestatic createFailure {reexecute=0 rethrow=0 return_oop=1}
                      ; - kotlinx.coroutines.DispatchedTask::run@246 (line 232)
  0x000001958881c27c: 80a0 f4f8 | 488b 5424 | 204c 8bc0 | 9048 b838 | 8c04 c695 

  0x000001958881c290: ;   {virtual_call}
  0x000001958881c290: 0100 00e8 

  0x000001958881c294: ; ImmutableOopMap {rbp=Oop [16]=Oop [24]=Oop [40]=Oop [48]=Oop }
                      ;*invokeinterface resumeWith {reexecute=0 rethrow=0 return_oop=0}
                      ; - kotlinx.coroutines.DispatchedTask::run@252 (line 232)
  0x000001958881c294: d8ea e3fe | e903 fdff | ff48 33ff | 4c8b 9ea8 | 0000 0049 | 8bd3 48c1 | e214 0f89 | 2100 0000 
  0x000001958881c2b4: f348 0fb8 | d248 8b5e | 2848 3b04 | d374 1549 | 0fba e32c | 730b 49c1 

  0x000001958881c2cc: ;   {runtime_call Stub::lookup_secondary_supers_table_slow_path}
  0x000001958881c2cc: cb2b e830 | 82d4 feeb | 0348 ffc7 | 4885 ff0f | 848d feff | ffba deff | ffff 4c8b | 5424 104c 
  0x000001958881c2ec: ;   {runtime_call UncommonTrapBlob}
  0x000001958881c2ec: 8914 24e8 

  0x000001958881c2f0: ; ImmutableOopMap {rbp=NarrowOop [0]=Oop [8]=NarrowOop [24]=Oop }
                      ;*checkcast {reexecute=0 rethrow=0 return_oop=0}
                      ; - kotlinx.coroutines.internal.ThreadContextKt$$Lambda/0x000000009f0d52a8::invoke@2
                      ; - kotlin.coroutines.CombinedContext::fold@22 (line 133)
                      ; - kotlinx.coroutines.internal.ThreadContextKt::threadContextElements@8 (line 55)
                      ; - kotlinx.coroutines.internal.ThreadContextKt::updateThreadContext@7 (line 61)
                      ; - kotlinx.coroutines.DispatchedTask::run@71 (line 223)
  0x000001958881c2f0: ec39 e3fe 

  0x000001958881c2f4: ;   {metadata('kotlinx/coroutines/ThreadContextElement')}
  0x000001958881c2f4: 48b8 90f4 | 069f 0000 | 0000 4833 | ff4c 8b9e | a800 0000 | 498b d348 | c1e2 3b0f | 8921 0000 
  0x000001958881c314: 00f3 480f | b8d2 488b | 5e28 483b | 04d3 7415 | 490f bae3 | 0573 0b49 

  0x000001958881c32c: ;   {runtime_call Stub::lookup_secondary_supers_table_slow_path}
  0x000001958881c32c: c1cb 04e8 | cf81 d4fe | eb03 48ff | c748 85ff | 0f84 56fe | ffff 4d8b | c2e9 79fe 

  0x000001958881c348: ;   {metadata('coil3/compose/internal/DeferredDispatchCoroutineContext')}
  0x000001958881c348: ffff 4181 | f888 606f | 020f 8565 | 0300 0041 | 8b6b 0c45 | 8b44 ec08 

  0x000001958881c360: ;   {metadata('kotlin/coroutines/CombinedContext')}
  0x000001958881c360: 4181 f8e8 | 3b06 020f | 857f 0300 | 0048 c1e5 | 0344 8b55 | 1049 8bd2 | 48c1 e203 

  0x000001958881c37c: ;   {oop(a 'kotlinx/coroutines/Job$Key'{0x00000007ff95b0d8})}
  0x000001958881c37c: 49b8 d8b0 | 95ff 0700 | 0000 6666 | 9048 b860 | 8c04 c695 

  0x000001958881c390: ;   {virtual_call}
  0x000001958881c390: 0100 00e8 

  0x000001958881c394: ; ImmutableOopMap {rbp=Oop [8]=NarrowOop [16]=Oop [24]=Oop [32]=Oop [40]=Oop [48]=Oop [56]=Oop }
                      ;*invokeinterface get {reexecute=0 rethrow=0 return_oop=1}
                      ; - kotlin.coroutines.CombinedContext::get@14 (line 122)
                      ; - coil3.compose.internal.ForwardingCoroutineContext::get@5
                      ; - kotlinx.coroutines.DispatchedTask::run@147 (line 91)
  0x000001958881c394: 482d d6fe | 4c8b c048 | 85c0 0f85 | 98fb ffff | 660f 1f44 | 0000 660f | 1f44 0000 | 448b 5d0c 
  0x000001958881c3b4: ; implicit exception: dispatches to 0x000001958881c974
  0x000001958881c3b4: 478b 54dc | 084b 8d14 

  0x000001958881c3bc: ;   {metadata('kotlin/coroutines/CombinedContext')}
  0x000001958881c3bc: dc41 81fa | e83b 0602 | 0f85 8e01 | 0000 488b | ea44 8b5d | 1049 8bd3 | 48c1 e203 

  0x000001958881c3d8: ;   {oop(a 'kotlinx/coroutines/Job$Key'{0x00000007ff95b0d8})}
  0x000001958881c3d8: 49b8 d8b0 | 95ff 0700 | 0000 6666 | 9048 b888 | 8c04 c695 

  0x000001958881c3ec: ;   {virtual_call}
  0x000001958881c3ec: 0100 00e8 

  0x000001958881c3f0: ; ImmutableOopMap {rbp=Oop [8]=NarrowOop [16]=Oop [24]=Oop [32]=Oop [40]=Oop [48]=Oop [56]=Oop }
                      ;*invokeinterface get {reexecute=0 rethrow=0 return_oop=1}
                      ; - kotlin.coroutines.CombinedContext::get@14 (line 122)
                      ; - coil3.compose.internal.ForwardingCoroutineContext::get@5
                      ; - kotlinx.coroutines.DispatchedTask::run@147 (line 91)
  0x000001958881c3f0: ec2c d6fe | 4c8b c048 | 85c0 74b4 | e93b fbff | ff45 8b58 

  0x000001958881c404: ;   {metadata('kotlinx/coroutines/slf4j/MDCContext')}
  0x000001958881c404: 0841 81fb | b0e3 6302 | 0f85 7e03 | 0000 4c89 | 0c24 8b6c | 2408 4d8b | d04c 8954 | 2408 498b 
  0x000001958881c424: ;   {oop("null cannot be cast to non-null type kotlinx.coroutines.ThreadContextElement<kotlin.Any?>"{0x000000070c6d9410})}
  0x000001958881c424: d249 b810 | 946d 0c07 

  0x000001958881c42c: ;   {static_call}
  0x000001958881c42c: 0000 00e8 

  0x000001958881c430: ; ImmutableOopMap {rbp=NarrowOop [0]=Oop [8]=Oop [16]=Oop [24]=Oop }
                      ;*invokestatic checkNotNull {reexecute=0 rethrow=0 return_oop=0}
                      ; - kotlinx.coroutines.internal.ThreadContextKt::updateThreadContext@63 (line 73)
                      ; - kotlinx.coroutines.DispatchedTask::run@71 (line 223)
  0x000001958881c430: cc6a 0a00 | 488b 5424 | 084c 8b44 

  0x000001958881c43c: ;   {optimized virtual_call}
  0x000001958881c43c: 2418 90e8 

  0x000001958881c440: ; ImmutableOopMap {rbp=NarrowOop [0]=Oop [16]=Oop [24]=Oop }
                      ;*invokevirtual updateThreadContext {reexecute=0 rethrow=0 return_oop=1}
                      ; - kotlinx.coroutines.slf4j.MDCContext::updateThreadContext@2 (line 77)
                      ; - kotlinx.coroutines.internal.ThreadContextKt::updateThreadContext@73 (line 74)
                      ; - kotlinx.coroutines.DispatchedTask::run@71 (line 223)
  0x000001958881c440: 2807 0000 

  0x000001958881c444: ;   {oop(a 'kotlinx/coroutines/internal/Symbol'{0x00000007ffb565d0})}
  0x000001958881c444: 49bb d065 | b5ff 0700 | 0000 493b | c30f 856d | 0100 0089 | 6c24 084c | 8b0c 24e9 | bdf9 ffff 
  0x000001958881c464: 4d85 d274 | 1145 8b5a 

  0x000001958881c46c: ;   {metadata('kotlinx/coroutines/internal/ThreadState')}
  0x000001958881c46c: 0841 81fb | 6857 0d02 | 0f84 c002 | 0000 4c8b | 4424 1845 

  0x000001958881c480: ;   {oop(a 'kotlinx/coroutines/internal/ThreadContextKt$$Lambda+0x000000009f0d5508'{0x00000007ff9ea160})}
  0x000001958881c480: 8b58 0849 | b960 a19e | ff07 0000 

  0x000001958881c48c: ;   {metadata('kotlin/coroutines/CombinedContext')}
  0x000001958881c48c: 0041 81fb | e83b 0602 | 0f85 7602 | 0000 4c89 | 5424 084c | 8904 244d | 8bd0 498b | d245 33c0 
  0x000001958881c4ac: 4c89 5424 

  0x000001958881c4b0: ;   {optimized virtual_call}
  0x000001958881c4b0: 1866 90e8 

  0x000001958881c4b4: ; ImmutableOopMap {[0]=Oop [8]=Oop [16]=Oop [24]=Oop }
                      ;*invokeinterface fold {reexecute=0 rethrow=0 return_oop=1}
                      ; - kotlinx.coroutines.internal.ThreadContextKt::restoreThreadContext@32 (line 89)
                      ; - kotlinx.coroutines.DispatchedTask::run@329 (line 237)
  0x000001958881c4b4: 5826 3800 | 4889 4424 | 1848 8b54 

  0x000001958881c4c0: ;   {oop("null cannot be cast to non-null type kotlinx.coroutines.ThreadContextElement<kotlin.Any?>"{0x000000070c6d9410})}
  0x000001958881c4c0: 2418 49b8 | 1094 6d0c | 0700 0000 

  0x000001958881c4cc: ;   {static_call}
  0x000001958881c4cc: 6666 90e8 

  0x000001958881c4d0: ; ImmutableOopMap {[0]=Oop [8]=Oop [16]=Oop [24]=Oop }
                      ;*invokestatic checkNotNull {reexecute=0 rethrow=0 return_oop=0}
                      ; - kotlinx.coroutines.internal.ThreadContextKt::restoreThreadContext@40 (line 89)
                      ; - kotlinx.coroutines.DispatchedTask::run@329 (line 237)
  0x000001958881c4d0: 2c6a 0a00 | 4c8b 5424 | 1845 8b5a 

  0x000001958881c4dc: ;   {metadata('kotlinx/coroutines/slf4j/MDCContext')}
  0x000001958881c4dc: 0841 81fb | b0e3 6302 | 0f85 fa02 | 0000 4c8b | 5c24 1845 

  0x000001958881c4f0: ;   {metadata('kotlinx/coroutines/slf4j/MDCContext')}
  0x000001958881c4f0: 8b53 0841 | 81fa b0e3 | 6302 0f85 | 4802 0000 | 498b d34c | 8b04 244c | 8b4c 2408 

  0x000001958881c50c: ;   {optimized virtual_call}
  0x000001958881c50c: 6666 90e8 

  0x000001958881c510: ; ImmutableOopMap {[16]=Oop }
                      ;*invokeinterface restoreThreadContext {reexecute=0 rethrow=0 return_oop=0}
                      ; - kotlinx.coroutines.internal.ThreadContextKt::restoreThreadContext@50 (line 90)
                      ; - kotlinx.coroutines.DispatchedTask::run@329 (line 237)
  0x000001958881c510: 4906 0000 | e9ad faff 

  0x000001958881c518: ;   {metadata('coil3/compose/internal/DeferredDispatchCoroutineContext')}
  0x000001958881c518: ff41 81fb | 8860 6f02 | 0f85 3602 | 0000 458b | 520c 498b | d248 c1e2 

  0x000001958881c530: ;   {oop(a 'java/lang/Integer'{0x000000070d6e9af8} = 0)}
  0x000001958881c530: 0349 b8f8 | 9a6e 0d07 | 0000 0048 | 8b6c 2410 | 9048 b8b0 | 8c04 c695 

  0x000001958881c548: ;   {virtual_call}
  0x000001958881c548: 0100 00e8 

  0x000001958881c54c: ; ImmutableOopMap {rbp=Oop [8]=NarrowOop [16]=Oop [24]=Oop }
                      ;*invokeinterface fold {reexecute=0 rethrow=0 return_oop=1}
                      ; - coil3.compose.internal.ForwardingCoroutineContext::fold@6
                      ; - kotlinx.coroutines.internal.ThreadContextKt::threadContextElements@8 (line 55)
                      ; - kotlinx.coroutines.internal.ThreadContextKt::updateThreadContext@7 (line 61)
                      ; - kotlinx.coroutines.DispatchedTask::run@71 (line 223)
  0x000001958881c54c: 902b d6fe | 4c8b c0e9 | 6bfc ffff 

  0x000001958881c558: ;   {oop(a 'kotlinx/coroutines/Job$Key'{0x00000007ff95b0d8})}
  0x000001958881c558: 49b8 d8b0 | 95ff 0700 | 0000 488b | 6c24 1066 | 9048 b8d8 | 8c04 c695 

  0x000001958881c570: ;   {virtual_call}
  0x000001958881c570: 0100 00e8 

  0x000001958881c574: ; ImmutableOopMap {rbp=Oop [8]=NarrowOop [16]=Oop [24]=Oop [32]=Oop [40]=Oop [48]=Oop [56]=Oop }
                      ;*invokeinterface get {reexecute=0 rethrow=0 return_oop=1}
                      ; - kotlin.coroutines.CombinedContext::get@55 (line 127)
                      ; - coil3.compose.internal.ForwardingCoroutineContext::get@5
                      ; - kotlinx.coroutines.DispatchedTask::run@147 (line 91)
  0x000001958881c574: 682b d6fe | 4c8b c0e9 | bcf9 ffff | 4889 0424 

  0x000001958881c584: ;   {metadata('kotlin/Result$Failure')}
  0x000001958881c584: 48ba c0a6 | 069f 0000 | 0000 8b6c 

  0x000001958881c590: ;   {runtime_call C2 Runtime new_instance}
  0x000001958881c590: 2408 90e8 

  0x000001958881c594: ; ImmutableOopMap {rbp=NarrowOop [0]=Oop [16]=Oop [24]=Oop [32]=Oop [40]=Oop [48]=Oop }
                      ;*new {reexecute=0 rethrow=0 return_oop=1}
                      ; - kotlin.ResultKt::createFailure@6 (line 122)
                      ; - kotlinx.coroutines.DispatchedTask::run@273 (line 98)
  0x000001958881c594: 487a e3fe | 4c8b c048 | 8b04 24e9 | 2dfb ffff | ba45 ffff | ff48 8b6c | 2410 4c8b | 5c24 184c 
  0x000001958881c5b4: 891c 244c | 8954 2418 

  0x000001958881c5bc: ;   {runtime_call UncommonTrapBlob}
  0x000001958881c5bc: 6666 90e8 

  0x000001958881c5c0: ; ImmutableOopMap {rbp=Oop [0]=Oop [24]=Oop [40]=Oop [48]=Oop }
                      ;*ifnull {reexecute=1 rethrow=0 return_oop=0}
                      ; - (reexecute) kotlinx.coroutines.DispatchedTask::run@314 (line 236)
  0x000001958881c5c0: 1c37 e3fe | 4889 4424 | 0848 8b14 | 244c 8b44 | 2418 4c8b 

  0x000001958881c5d4: ;   {static_call}
  0x000001958881c5d4: c866 90e8 

  0x000001958881c5d8: ; ImmutableOopMap {rbp=NarrowOop [0]=Oop [8]=Oop [16]=Oop [24]=Oop }
                      ;*invokestatic updateUndispatchedCompletion {reexecute=0 rethrow=0 return_oop=1}
                      ; - kotlinx.coroutines.DispatchedTask::run@89 (line 226)
  0x000001958881c5d8: ae05 0000 | 4c8b 5c24 | 0889 6c24 | 084c 8b0c | 244c 8bd0 | e93d f8ff | ff48 8be8 | eb34 488b 
  0x000001958881c5f8: e8eb 2f48 | 8be8 eb2a | 488b e8eb | 25eb 2048 | 8be8 eb1e | 488b e8eb | 1948 8be8 | eb14 488b 
  0x000001958881c618: e8eb 0f48 | 8be8 eb0a | 488b e8eb | 05eb 0048 | 8be8 ba95 | ffff ff4c | 8b54 2410 | 4c89 1424 
  0x000001958881c638: 4c8b 5424 | 184c 8954 

  0x000001958881c640: ;   {runtime_call UncommonTrapBlob}
  0x000001958881c640: 2408 90e8 

  0x000001958881c644: ; ImmutableOopMap {rbp=Oop [0]=Oop [8]=Oop [40]=Oop [48]=Oop }
                      ;*astore {reexecute=0 rethrow=0 return_oop=0}
                      ; - kotlinx.coroutines.DispatchedTask::run@335 (line 236)
  0x000001958881c644: 9836 e3fe | badf ffff | ff48 8b6c | 2410 448b | 5424 0844 | 8914 244c | 8b54 2418 | 4c89 5424 
  0x000001958881c664: 084c 8b54 | 2428 4c89 | 5424 104c | 894c 2428 

  0x000001958881c674: ;   {runtime_call UncommonTrapBlob}
  0x000001958881c674: 6666 90e8 

  0x000001958881c678: ; ImmutableOopMap {rbp=Oop [0]=NarrowOop [8]=Oop [16]=Oop [40]=Oop [48]=Oop [56]=Oop }
                      ;*invokeinterface getCancellationException {reexecute=0 rethrow=0 return_oop=0}
                      ; - kotlinx.coroutines.DispatchedTask::run@178 (line 93)
  0x000001958881c678: 6436 e3fe | bac6 ffff | ff44 8b5c | 2408 4489 | 1c24 4c8b | 5c24 184c | 895c 2408 | 4c8b 5c24 
  0x000001958881c698: 284c 895c | 2410 4c8b | 5c24 304c | 895c 2418 | 4c8b 5424 | 384c 8954 | 2428 4889 

  0x000001958881c6b4: ;   {runtime_call UncommonTrapBlob}
  0x000001958881c6b4: 4424 38e8 

  0x000001958881c6b8: ; ImmutableOopMap {rbp=Oop [0]=NarrowOop [8]=Oop [16]=Oop [24]=Oop [40]=Oop [56]=Oop [64]=Oop }
                      ;*invokevirtual cancelCompletedResult$kotlinx_coroutines_core {reexecute=0 rethrow=0 return_oop=0}
                      ; - kotlinx.coroutines.DispatchedTask::run@193 (line 94)
  0x000001958881c6b8: 2436 e3fe | bac6 ffff | ff49 8bea | 448b 5424 | 0844 8914 | 244c 8b54 | 2418 4c89 | 5424 084c 
  0x000001958881c6d8: 8b54 2428 | 4c89 5424 | 104c 895c 

  0x000001958881c6e4: ;   {runtime_call UncommonTrapBlob}
  0x000001958881c6e4: 2428 90e8 

  0x000001958881c6e8: ; ImmutableOopMap {rbp=Oop [0]=NarrowOop [8]=Oop [16]=Oop [40]=Oop [48]=Oop [56]=Oop }
                      ;*invokeinterface get {reexecute=0 rethrow=0 return_oop=0}
                      ; - kotlinx.coroutines.DispatchedTask::run@147 (line 91)
  0x000001958881c6e8: f435 e3fe | bade ffff | ff4c 8914 | 244c 8b54 | 2418 4c89 | 5424 104c | 8b54 2428 | 4c89 5424 
  0x000001958881c708: ;   {runtime_call UncommonTrapBlob}
  0x000001958881c708: 1866 90e8 

  0x000001958881c70c: ; ImmutableOopMap {rbp=NarrowOop [0]=Oop [8]=NarrowOop [16]=Oop [24]=Oop [48]=Oop [56]=Oop }
                      ;*invokeinterface get {reexecute=0 rethrow=0 return_oop=0}
                      ; - coil3.compose.internal.ForwardingCoroutineContext::get@5
                      ; - kotlinx.coroutines.DispatchedTask::run@147 (line 91)
  0x000001958881c70c: d035 e3fe | 4c89 5424 | 084c 8904 | 2449 8bd0 | 4533 c066 | 9048 b800 | 8d04 c695 

  0x000001958881c728: ;   {virtual_call}
  0x000001958881c728: 0100 00e8 

  0x000001958881c72c: ; ImmutableOopMap {[0]=Oop [8]=Oop [16]=Oop }
                      ;*invokeinterface fold {reexecute=0 rethrow=0 return_oop=1}
                      ; - kotlinx.coroutines.internal.ThreadContextKt::restoreThreadContext@32 (line 89)
                      ; - kotlinx.coroutines.DispatchedTask::run@329 (line 237)
  0x000001958881c72c: b029 d6fe | 4889 4424 | 18e9 83fd | ffff baa5 | ffff ff4c 

  0x000001958881c740: ;   {runtime_call UncommonTrapBlob}
  0x000001958881c740: 8914 24e8 

  0x000001958881c744: ; ImmutableOopMap {[0]=Oop [16]=Oop [24]=Oop }
                      ;*invokevirtual restore {reexecute=0 rethrow=0 return_oop=0}
                      ; - kotlinx.coroutines.internal.ThreadContextKt::restoreThreadContext@21 (line 84)
                      ; - kotlinx.coroutines.DispatchedTask::run@329 (line 237)
  0x000001958881c744: 9835 e3fe | ba5e ffff | ff48 8b6c | 2410 4c89 

  0x000001958881c754: ;   {runtime_call UncommonTrapBlob}
  0x000001958881c754: 5c24 10e8 

  0x000001958881c758: ; ImmutableOopMap {rbp=Oop [0]=Oop [8]=Oop [16]=Oop }
                      ;*invokeinterface restoreThreadContext {reexecute=0 rethrow=0 return_oop=0}
                      ; - kotlinx.coroutines.internal.ThreadContextKt::restoreThreadContext@50 (line 90)
                      ; - kotlinx.coroutines.DispatchedTask::run@329 (line 237)
  0x000001958881c758: 8435 e3fe | bac6 ffff | ff48 8b6c | 2410 448b | 5c24 0844 | 891c 2448 | 8944 2410 

  0x000001958881c774: ;   {runtime_call UncommonTrapBlob}
  0x000001958881c774: 6666 90e8 

  0x000001958881c778: ; ImmutableOopMap {rbp=Oop [0]=NarrowOop [16]=Oop [24]=Oop }
                      ;*invokeinterface fold {reexecute=0 rethrow=0 return_oop=0}
                      ; - kotlinx.coroutines.internal.ThreadContextKt::threadContextElements@8 (line 55)
                      ; - kotlinx.coroutines.internal.ThreadContextKt::updateThreadContext@7 (line 61)
                      ; - kotlinx.coroutines.DispatchedTask::run@71 (line 223)
  0x000001958881c778: 6435 e3fe | bade ffff | ff48 8b6c | 2410 4889 

  0x000001958881c788: ;   {runtime_call UncommonTrapBlob}
  0x000001958881c788: 0424 90e8 

  0x000001958881c78c: ; ImmutableOopMap {rbp=Oop [0]=Oop }
                      ;*checkcast {reexecute=0 rethrow=0 return_oop=0}
                      ; - kotlinx.coroutines.DispatchedTask::run@43 (line 80)
  0x000001958881c78c: 5035 e3fe | bade ffff | ff48 8b6c | 2410 448b | 5c24 0844 | 891c 244c | 8b54 2418 | 4c89 5424 
  0x000001958881c7ac: 104c 8944 

  0x000001958881c7b0: ;   {runtime_call UncommonTrapBlob}
  0x000001958881c7b0: 2420 90e8 

  0x000001958881c7b4: ; ImmutableOopMap {rbp=Oop [0]=NarrowOop [16]=Oop [32]=Oop }
                      ;*instanceof {reexecute=0 rethrow=0 return_oop=0}
                      ; - kotlinx.coroutines.internal.ThreadContextKt::updateThreadContext@27 (line 66)
                      ; - kotlinx.coroutines.DispatchedTask::run@71 (line 223)
  0x000001958881c7b4: 2835 e3fe | bade ffff | ff48 8b6c | 2410 448b | 5424 0844 | 8914 244c | 8b54 2418 | 4c89 5424 
  0x000001958881c7d4: 104c 8944 | 2418 4c89 

  0x000001958881c7dc: ;   {runtime_call UncommonTrapBlob}
  0x000001958881c7dc: 5c24 28e8 

  0x000001958881c7e0: ; ImmutableOopMap {rbp=Oop [0]=NarrowOop [16]=Oop [24]=Oop [40]=Oop }
                      ;*instanceof {reexecute=0 rethrow=0 return_oop=0}
                      ; - kotlinx.coroutines.internal.ThreadContextKt::countAll$lambda$0@8 (line 33)
                      ; - kotlinx.coroutines.internal.ThreadContextKt$$Lambda/0x000000009f0d52a8::invoke@5
                      ; - kotlin.coroutines.CombinedContext::fold@22 (line 133)
                      ; - kotlinx.coroutines.internal.ThreadContextKt::threadContextElements@8 (line 55)
                      ; - kotlinx.coroutines.internal.ThreadContextKt::updateThreadContext@7 (line 61)
                      ; - kotlinx.coroutines.DispatchedTask::run@71 (line 223)
  0x000001958881c7e0: fc34 e3fe | be00 0000 | 9d49 03f3 | 4c8b 5e20 

  0x000001958881c7f0: ;   {metadata('kotlinx/coroutines/ThreadContextElement')}
  0x000001958881c7f0: 49b8 90f4 | 069f 0000 | 0000 4d3b | d80f 84e7 

  0x000001958881c800: ;   {metadata('kotlinx/coroutines/ThreadContextElement')}
  0x000001958881c800: fcff ff48 | b890 f406 | 9f00 0000 | 0048 33ff | 4c8b 9ea8 | 0000 0049 | 8bd3 48c1 | e23b 0f89 
  0x000001958881c820: 2100 0000 | f348 0fb8 | d248 8b5e | 2848 3b04 | d374 1549 | 0fba e305 | 730b 49c1 

  0x000001958881c83c: ;   {runtime_call Stub::lookup_secondary_supers_table_slow_path}
  0x000001958881c83c: cb04 e8c0 | 7cd4 feeb | 0348 ffc7 | 4885 ff0f | 8499 fcff | ffba dfff 

  0x000001958881c854: ;   {runtime_call UncommonTrapBlob}
  0x000001958881c854: ffff 90e8 

  0x000001958881c858: ; ImmutableOopMap {[16]=Oop [24]=Oop }
                      ;*checkcast {reexecute=0 rethrow=0 return_oop=0}
                      ; - kotlinx.coroutines.internal.ThreadContextKt::restoreThreadContext@43 (line 89)
                      ; - kotlinx.coroutines.DispatchedTask::run@329 (line 237)
  0x000001958881c858: 8434 e3fe | baf6 ffff | ff49 8bea | 448b 5c24 | 0844 891c | 244c 8b54 | 2418 4c89 

  0x000001958881c874: ;   {runtime_call UncommonTrapBlob}
  0x000001958881c874: 5424 08e8 

  0x000001958881c878: ; ImmutableOopMap {rbp=Oop [0]=NarrowOop [8]=Oop [40]=Oop [48]=Oop [56]=Oop }
                      ;*invokeinterface get {reexecute=0 rethrow=0 return_oop=0}
                      ; - kotlinx.coroutines.DispatchedTask::run@147 (line 91)
  0x000001958881c878: 6434 e3fe | baf4 ffff | ff48 8b6c | 2410 448b | 5424 0844 | 8914 244c | 8b54 2418 | 4c89 5424 
  0x000001958881c898: ;   {runtime_call UncommonTrapBlob}
  0x000001958881c898: 0866 90e8 

  0x000001958881c89c: ; ImmutableOopMap {rbp=Oop [0]=NarrowOop [8]=Oop [40]=Oop [48]=Oop [56]=Oop }
                      ;*checkcast {reexecute=0 rethrow=0 return_oop=0}
                      ; - kotlinx.coroutines.DispatchedTask::run@152 (line 91)
  0x000001958881c89c: 4034 e3fe | baf4 ffff | ff48 8b6c | 2410 448b | 5c24 0844 | 891c 244c | 8b54 2418 | 4c89 5424 
  0x000001958881c8bc: ;   {runtime_call UncommonTrapBlob}
  0x000001958881c8bc: 0866 90e8 

  0x000001958881c8c0: ; ImmutableOopMap {rbp=Oop [0]=NarrowOop [8]=Oop [40]=Oop [48]=Oop [56]=Oop }
                      ;*instanceof {reexecute=0 rethrow=0 return_oop=0}
                      ; - kotlin.coroutines.CombinedContext::get@39 (line 124)
                      ; - kotlinx.coroutines.DispatchedTask::run@147 (line 91)
  0x000001958881c8c0: 1c34 e3fe | ba45 ffff | ff48 8b6c | 2410 4889 

  0x000001958881c8d0: ;   {runtime_call UncommonTrapBlob}
  0x000001958881c8d0: 4424 08e8 

  0x000001958881c8d4: ; ImmutableOopMap {rbp=Oop [8]=Oop }
                      ;*ifnonnull {reexecute=1 rethrow=0 return_oop=0}
                      ; - (reexecute) kotlin.jvm.internal.Intrinsics::checkNotNull@1 (line 30)
                      ; - kotlinx.coroutines.DispatchedTask::run@40 (line 80)
  0x000001958881c8d4: 0834 e3fe | 488b e8e9 | 4afd ffff | baf6 ffff | ff48 8b6c | 2410 448b | 4424 0844 

  0x000001958881c8f0: ;   {runtime_call UncommonTrapBlob}
  0x000001958881c8f0: 8904 24e8 

  0x000001958881c8f4: ; ImmutableOopMap {rbp=Oop [0]=NarrowOop [24]=Oop }
                      ;*invokeinterface fold {reexecute=0 rethrow=0 return_oop=0}
                      ; - kotlinx.coroutines.internal.ThreadContextKt::threadContextElements@8 (line 55)
                      ; - kotlinx.coroutines.internal.ThreadContextKt::updateThreadContext@7 (line 61)
                      ; - kotlinx.coroutines.DispatchedTask::run@71 (line 223)
  0x000001958881c8f4: e833 e3fe | baf4 ffff | ff48 8b6c | 2410 448b | 4424 0844 | 8904 244c | 8b5c 2418 | 4c89 5c24 
  0x000001958881c914: 1048 8944 

  0x000001958881c918: ;   {runtime_call UncommonTrapBlob}
  0x000001958881c918: 2418 90e8 

  0x000001958881c91c: ; ImmutableOopMap {rbp=Oop [0]=NarrowOop [16]=Oop [24]=Oop }
                      ;*checkcast {reexecute=0 rethrow=0 return_oop=0}
                      ; - kotlinx.coroutines.internal.ThreadContextKt$$Lambda/0x000000009f0d52a8::invoke@2
                      ; - kotlin.coroutines.CombinedContext::fold@22 (line 133)
                      ; - kotlinx.coroutines.internal.ThreadContextKt::threadContextElements@8 (line 55)
                      ; - kotlinx.coroutines.internal.ThreadContextKt::updateThreadContext@7 (line 61)
                      ; - kotlinx.coroutines.DispatchedTask::run@71 (line 223)
  0x000001958881c91c: c033 e3fe | baf4 ffff | ff48 8b6c | 2410 448b | 5424 0844 | 8914 244c | 8b54 2418 | 4c89 5424 
  0x000001958881c93c: 104c 8944 

  0x000001958881c940: ;   {runtime_call UncommonTrapBlob}
  0x000001958881c940: 2418 90e8 

  0x000001958881c944: ; ImmutableOopMap {rbp=Oop [0]=NarrowOop [16]=Oop [24]=Oop }
                      ;*instanceof {reexecute=0 rethrow=0 return_oop=0}
                      ; - kotlinx.coroutines.internal.ThreadContextKt::countAll$lambda$0@8 (line 33)
                      ; - kotlinx.coroutines.internal.ThreadContextKt$$Lambda/0x000000009f0d52a8::invoke@5
                      ; - kotlin.coroutines.CombinedContext::fold@22 (line 133)
                      ; - kotlinx.coroutines.internal.ThreadContextKt::threadContextElements@8 (line 55)
                      ; - kotlinx.coroutines.internal.ThreadContextKt::updateThreadContext@7 (line 61)
                      ; - kotlinx.coroutines.DispatchedTask::run@71 (line 223)
  0x000001958881c944: 9833 e3fe | e9da fcff | ffe9 d5fc | ffff baf6 | ffff ff49 | 8bea 448b | 5c24 0844 | 891c 244c 
  0x000001958881c964: 8b54 2418 | 4c89 5424 

  0x000001958881c96c: ;   {runtime_call UncommonTrapBlob}
  0x000001958881c96c: 0866 90e8 

  0x000001958881c970: ; ImmutableOopMap {rbp=Oop [0]=NarrowOop [8]=Oop [40]=Oop [48]=Oop [56]=Oop }
                      ;*invokeinterface get {reexecute=0 rethrow=0 return_oop=0}
                      ; - coil3.compose.internal.ForwardingCoroutineContext::get@5
                      ; - kotlinx.coroutines.DispatchedTask::run@147 (line 91)
  0x000001958881c970: 6c33 e3fe | baf4 ffff | ff48 8b6c | 2410 448b | 5424 0844 | 8914 244c | 8b54 2418 | 4c89 5424 
  0x000001958881c990: ;   {runtime_call UncommonTrapBlob}
  0x000001958881c990: 0866 90e8 

  0x000001958881c994: ; ImmutableOopMap {rbp=Oop [0]=NarrowOop [8]=Oop [40]=Oop [48]=Oop [56]=Oop }
                      ;*instanceof {reexecute=0 rethrow=0 return_oop=0}
                      ; - kotlin.coroutines.CombinedContext::get@39 (line 124)
                      ; - coil3.compose.internal.ForwardingCoroutineContext::get@5
                      ; - kotlinx.coroutines.DispatchedTask::run@147 (line 91)
  0x000001958881c994: 4833 e3fe | e98a fcff | ffba f6ff 

  0x000001958881c9a0: ;   {runtime_call UncommonTrapBlob}
  0x000001958881c9a0: ffff 90e8 

  0x000001958881c9a4: ; ImmutableOopMap {[16]=Oop }
                      ;*invokeinterface fold {reexecute=0 rethrow=0 return_oop=0}
                      ; - kotlinx.coroutines.internal.ThreadContextKt::restoreThreadContext@32 (line 89)
                      ; - kotlinx.coroutines.DispatchedTask::run@329 (line 237)
  0x000001958881c9a4: 3833 e3fe | baf4 ffff 

  0x000001958881c9ac: ;   {runtime_call UncommonTrapBlob}
  0x000001958881c9ac: ff66 90e8 

  0x000001958881c9b0: ; ImmutableOopMap {[0]=Oop [8]=Oop [16]=Oop }
                      ;*checkcast {reexecute=0 rethrow=0 return_oop=0}
                      ; - kotlinx.coroutines.internal.ThreadContextKt::restoreThreadContext@43 (line 89)
                      ; - kotlinx.coroutines.DispatchedTask::run@329 (line 237)
  0x000001958881c9b0: 2c33 e3fe | 488b e8e9 | 6efc ffff | 488b e8e9 | d400 0000 | 448b 4008 | 41ba 0000 | 009d 4d03 
  0x000001958881c9d0: d0eb 6248 | 8be8 e9bd | 0000 0048 | 8be8 e9b5 | 0000 0044 

  0x000001958881c9e4: ;   {metadata('kotlinx/coroutines/DispatchException')}
  0x000001958881c9e4: 8b58 0841 | 81fb a8ef | 0602 75cc | 488b e8e9 | 8b00 0000 | 448b 5008 | eb51 448b | 5008 eb4b 
  0x000001958881ca04: 448b 5008 | eb45 448b | 5808 41ba | 0000 009d | 4d03 d3eb | 1c44 8b40 | 0841 ba00 | 0000 9d4d 
  0x000001958881ca24: 03d0 eb0d | 448b 5808 | 41ba 0000 | 009d 4d03 

  0x000001958881ca34: ;   {metadata('kotlinx/coroutines/DispatchException')}
  0x000001958881ca34: d349 bba8 | ef06 9f00 | 0000 004d | 3bd3 758f | 488b e8eb | 3aeb 0044 

  0x000001958881ca4c: ;   {metadata('kotlinx/coroutines/DispatchException')}
  0x000001958881ca4c: 8b50 0841 | 81fa a8ef | 0602 0f85 | 7fff ffff | 488b e8eb | 2244 8b50 

  0x000001958881ca64: ;   {metadata('kotlinx/coroutines/DispatchException')}
  0x000001958881ca64: 0841 81fa | a8ef 0602 | 7522 488b | e8eb 1044 

  0x000001958881ca74: ;   {metadata('kotlinx/coroutines/DispatchException')}
  0x000001958881ca74: 8b50 0841 | 81fa a8ef | 0602 7515 | 488b e8ba | 95ff ffff 

  0x000001958881ca88: ;   {runtime_call UncommonTrapBlob}
  0x000001958881ca88: 6666 90e8 

  0x000001958881ca8c: ; ImmutableOopMap {rbp=Oop [16]=Oop }
                      ;*astore_1 {reexecute=0 rethrow=0 return_oop=0}
                      ; - kotlinx.coroutines.DispatchedTask::run@360 (line 104)
  0x000001958881ca8c: 5032 e3fe | 488b e8eb | 0348 8be8 | ba95 ffff 

  0x000001958881ca9c: ;   {runtime_call UncommonTrapBlob}
  0x000001958881ca9c: ff66 90e8 

  0x000001958881caa0: ; ImmutableOopMap {rbp=Oop [16]=Oop }
                      ;*astore_1 {reexecute=0 rethrow=0 return_oop=0}
                      ; - kotlinx.coroutines.DispatchedTask::run@380 (line 106)
  0x000001958881caa0: 3c32 e3fe | 458b 0849 | c1e1 0349 | 83f9 000f | 84b7 f5ff | ff4d 8b57 | 384d 85d2 | 0f84 1400 
  0x000001958881cac0: 0000 4983 | ea08 4d89 | 5738 4d03 | 5740 4d89 | 0ae9 96f5 | ffff 4883 | ec30 4c89 | 5c24 284c 
  0x000001958881cae0: 8944 2420 | 498b c949 

  0x000001958881cae8: ;   {runtime_call}
  0x000001958881cae8: 8bd7 48b8 | d033 1a19 | fd7f 0000 | ffd0 4c8b | 4424 204c | 8b5c 2428 | c5f8 7748 | 83c4 30e9 
  0x000001958881cb08: 60f5 ffff 

  0x000001958881cb0c: ;   {internal_word}
  0x000001958881cb0c: 49ba cbbf | 8188 9501 | 0000 4d89 | 97e0 0400 

  0x000001958881cb1c: ;   {runtime_call SafepointBlob}
  0x000001958881cb1c: 00e9 3e44 

  0x000001958881cb20: ;   {runtime_call Stub::method_entry_barrier}
  0x000001958881cb20: d6fe e819 | 78d4 fee9 | 7ef2 ffff | f4f4 f4f4 
[Stub Code]
  0x000001958881cb30: ;   {static_stub}
  0x000001958881cb30: 48bb 90b6 | 628f 9501 

  0x000001958881cb38: ;   {runtime_call I2C/C2I adapters}
  0x000001958881cb38: 0000 e9eb 

  0x000001958881cb3c: ;   {static_stub}
  0x000001958881cb3c: 07d6 fe48 | bb00 0000 | 0000 0000 

  0x000001958881cb48: ;   {runtime_call nmethod}
  0x000001958881cb48: 00e9 fbff 

  0x000001958881cb4c: ;   {static_stub}
  0x000001958881cb4c: ffff 48bb | 80c9 878f | 9501 0000 

  0x000001958881cb58: ;   {runtime_call I2C/C2I adapters}
  0x000001958881cb58: e9c5 38d6 

  0x000001958881cb5c: ;   {static_stub}
  0x000001958881cb5c: fe48 bb70 | 56e3 9195 

  0x000001958881cb64: ;   {runtime_call I2C/C2I adapters}
  0x000001958881cb64: 0100 00e9 | be07 d6fe 

  0x000001958881cb6c: ;   {static_stub}
  0x000001958881cb6c: 48bb 3052 | e391 9501 

  0x000001958881cb74: ;   {runtime_call I2C/C2I adapters}
  0x000001958881cb74: 0000 e9ab 

  0x000001958881cb78: ;   {static_stub}
  0x000001958881cb78: 90d6 fe48 | bb80 d760 | 8f95 0100 

  0x000001958881cb84: ;   {runtime_call I2C/C2I adapters}
  0x000001958881cb84: 00e9 9838 

  0x000001958881cb88: ;   {static_stub}
  0x000001958881cb88: d6fe 48bb | 88c8 848f | 9501 0000 

  0x000001958881cb94: ;   {runtime_call I2C/C2I adapters}
  0x000001958881cb94: e991 07d6 

  0x000001958881cb98: ;   {static_stub}
  0x000001958881cb98: fe48 bb00 | 0000 0000 

  0x000001958881cba0: ;   {runtime_call nmethod}
  0x000001958881cba0: 0000 00e9 | fbff ffff 

  0x000001958881cba8: ;   {static_stub}
  0x000001958881cba8: 48bb 0000 | 0000 0000 

  0x000001958881cbb0: ;   {runtime_call nmethod}
  0x000001958881cbb0: 0000 e9fb 

  0x000001958881cbb4: ;   {runtime_call ExceptionBlob}
  0x000001958881cbb4: ffff ffe9 | 2434 e3fe 
[Deopt Handler Code]
  0x000001958881cbbc: e800 0000 | 0048 832c 

  0x000001958881cbc4: ;   {runtime_call DeoptimizationBlob}
  0x000001958881cbc4: 2405 e995 | 46d6 fef4 | f4f4 f4f4 
[/MachCode]


---------------  P R O C E S S  ---------------

Threads class SMR info:
_java_thread_list=0x00000195c53f99e0, length=42, elements={
0x00000195f3492200, 0x00000195ff1848a0, 0x00000195ff18b200, 0x00000195ff18bf10,
0x00000195ff191da0, 0x00000195ff192dc0, 0x00000195ff1944f0, 0x00000195ff195d50,
0x00000195ff1a97c0, 0x00000195ff1d18a0, 0x0000019593c96920, 0x0000019593e59820,
0x0000019593ed0710, 0x0000019593fe7f60, 0x00000195ff198850, 0x00000195ff19c6d0,
0x00000195ff19de40, 0x0000019593c89db0, 0x0000019593c8ad50, 0x0000019593c88e10,
0x0000019593c895e0, 0x0000019594157010, 0x0000019594159720, 0x000001959415cdd0,
0x000001959415ae90, 0x000001959415be30, 0x00000195c5ae7f90, 0x0000019595f226c0,
0x0000019595f22e90, 0x00000195c62ddb60, 0x00000195c5ae4110, 0x00000195c62dc3f0,
0x00000195c62deb00, 0x00000195ce4babd0, 0x00000195ce4bdab0, 0x00000195ce4be280,
0x0000019594f77770, 0x0000019595a395f0, 0x0000019594f740c0, 0x0000019594f72180,
0x0000019594f75060, 0x00000195c797cba0
}

Java Threads: ( => current thread )
  0x00000195f3492200 JavaThread "main"                              [_thread_blocked, id=51528, stack(0x00000041c3500000,0x00000041c3600000) (1024K)]
  0x00000195ff1848a0 JavaThread "Common-Cleaner"             daemon [_thread_blocked, id=54624, stack(0x00000041c3d00000,0x00000041c3e00000) (1024K)]
  0x00000195ff18b200 JavaThread "Reference Handler"          daemon [_thread_blocked, id=57120, stack(0x00000041c3e00000,0x00000041c3f00000) (1024K)]
  0x00000195ff18bf10 JavaThread "Finalizer"                  daemon [_thread_blocked, id=66644, stack(0x00000041c3f00000,0x00000041c4000000) (1024K)]
  0x00000195ff191da0 JavaThread "Signal Dispatcher"          daemon [_thread_blocked, id=20648, stack(0x00000041c4000000,0x00000041c4100000) (1024K)]
  0x00000195ff192dc0 JavaThread "Attach Listener"            daemon [_thread_blocked, id=41924, stack(0x00000041c4100000,0x00000041c4200000) (1024K)]
  0x00000195ff1944f0 JavaThread "Service Thread"             daemon [_thread_blocked, id=3876, stack(0x00000041c4200000,0x00000041c4300000) (1024K)]
  0x00000195ff195d50 JavaThread "Monitor Deflation Thread"   daemon [_thread_blocked, id=66372, stack(0x00000041c4300000,0x00000041c4400000) (1024K)]
  0x00000195ff1a97c0 JavaThread "C2 CompilerThread0"         daemon [_thread_blocked, id=54704, stack(0x00000041c4400000,0x00000041c4500000) (1024K)]
  0x00000195ff1d18a0 JavaThread "C1 CompilerThread0"         daemon [_thread_blocked, id=41168, stack(0x00000041c4500000,0x00000041c4600000) (1024K)]
  0x0000019593c96920 JavaThread "DevTools: Stderr"           daemon [_thread_in_native, id=45776, stack(0x00000041c4800000,0x00000041c4900000) (1024K)]
  0x0000019593e59820 JavaThread "Hot Reload Main"            daemon [_thread_blocked, id=38140, stack(0x00000041c4600000,0x00000041c4700000) (1024K)]
  0x0000019593ed0710 JavaThread "Orchestration IO: Writer"   daemon [_thread_blocked, id=13980, stack(0x00000041c4700000,0x00000041c4800000) (1024K)]
  0x0000019593fe7f60 JavaThread "Orchestration IO: Reader"   daemon [_thread_in_native, id=68044, stack(0x00000041c4900000,0x00000041c4a00000) (1024K)]
  0x00000195ff198850 JavaThread "Logger"                     daemon [_thread_blocked, id=13316, stack(0x00000041c4a00000,0x00000041c4b00000) (1024K)]
  0x00000195ff19c6d0 JavaThread "Notification Thread"        daemon [_thread_blocked, id=60208, stack(0x00000041c4b00000,0x00000041c4c00000) (1024K)]
  0x00000195ff19de40 JavaThread "Compose Runtime Analyzer"   daemon [_thread_blocked, id=56524, stack(0x00000041c4c00000,0x00000041c4d00000) (1024K)]
  0x0000019593c89db0 JavaThread "Java2D Disposer"            daemon [_thread_blocked, id=40536, stack(0x00000041c4e00000,0x00000041c4f00000) (1024K)]
  0x0000019593c8ad50 JavaThread "AWT-Shutdown"                      [_thread_blocked, id=25784, stack(0x00000041c4f00000,0x00000041c5000000) (1024K)]
  0x0000019593c88e10 JavaThread "AWT-Windows"                daemon [_thread_in_native, id=53376, stack(0x00000041c5000000,0x00000041c5100000) (1024K)]
  0x0000019593c895e0 JavaThread "AWT-EventQueue-0"                  [_thread_blocked, id=20088, stack(0x00000041c5100000,0x00000041c5200000) (1024K)]
  0x0000019594157010 JavaThread "TimerQueue"                 daemon [_thread_blocked, id=55584, stack(0x00000041c5600000,0x00000041c5700000) (1024K)]
  0x0000019594159720 JavaThread "DefaultDispatcher-worker-2" daemon [_thread_blocked, id=35356, stack(0x00000041c5800000,0x00000041c5900000) (1024K)]
  0x000001959415cdd0 JavaThread "DefaultDispatcher-worker-3" daemon [_thread_blocked, id=15416, stack(0x00000041c5900000,0x00000041c5a00000) (1024K)]
  0x000001959415ae90 JavaThread "kotlinx.coroutines.DefaultExecutor" daemon [_thread_blocked, id=55816, stack(0x00000041c5a00000,0x00000041c5b00000) (1024K)]
  0x000001959415be30 JavaThread "Reference Cleaner"          daemon [_thread_blocked, id=58128, stack(0x00000041c5b00000,0x00000041c5c00000) (1024K)]
  0x00000195c5ae7f90 JavaThread "DefaultDispatcher-worker-6" daemon [_thread_blocked, id=32076, stack(0x00000041c7300000,0x00000041c7400000) (1024K)]
  0x0000019595f226c0 JavaThread "DefaultDispatcher-worker-11" daemon [_thread_blocked, id=44528, stack(0x00000041c7900000,0x00000041c7a00000) (1024K)]
  0x0000019595f22e90 JavaThread "DefaultDispatcher-worker-12" daemon [_thread_blocked, id=52164, stack(0x00000041c7a00000,0x00000041c7b00000) (1024K)]
=>0x00000195c62ddb60 JavaThread "DefaultDispatcher-worker-5" daemon [_thread_in_native, id=41348, stack(0x00000041c6500000,0x00000041c6600000) (1024K)]
  0x00000195c5ae4110 JavaThread "DefaultDispatcher-worker-1" daemon [_thread_blocked, id=30832, stack(0x00000041c6f00000,0x00000041c7000000) (1024K)]
  0x00000195c62dc3f0 JavaThread "DefaultDispatcher-worker-9" daemon [_thread_blocked, id=44500, stack(0x00000041c7100000,0x00000041c7200000) (1024K)]
  0x00000195c62deb00 JavaThread "DefaultDispatcher-worker-8" daemon [_thread_blocked, id=27324, stack(0x00000041c7400000,0x00000041c7500000) (1024K)]
  0x00000195ce4babd0 JavaThread "DefaultDispatcher-worker-7" daemon [_thread_blocked, id=58012, stack(0x00000041c7000000,0x00000041c7100000) (1024K)]
  0x00000195ce4bdab0 JavaThread "DefaultDispatcher-worker-4" daemon [_thread_blocked, id=53516, stack(0x00000041c7600000,0x00000041c7700000) (1024K)]
  0x00000195ce4be280 JavaThread "DefaultDispatcher-worker-10" daemon [_thread_in_native, id=23108, stack(0x00000041c7700000,0x00000041c7800000) (1024K)]
  0x0000019594f77770 JavaThread "skiko-dispatcher-to-block-on" daemon [_thread_blocked, id=67968, stack(0x00000041c3200000,0x00000041c3300000) (1024K)]
  0x0000019595a395f0 JavaThread "skiko-dispatcher-to-block-on" daemon [_thread_blocked, id=16684, stack(0x00000041c5700000,0x00000041c5800000) (1024K)]
  0x0000019594f740c0 JavaThread "DefaultDispatcher-worker-13" daemon [_thread_blocked, id=11796, stack(0x00000041c6e00000,0x00000041c6f00000) (1024K)]
  0x0000019594f72180 JavaThread "DefaultDispatcher-worker-14" daemon [_thread_blocked, id=64468, stack(0x00000041c7200000,0x00000041c7300000) (1024K)]
  0x0000019594f75060 JavaThread "DefaultDispatcher-worker-15" daemon [_thread_blocked, id=30596, stack(0x00000041c7500000,0x00000041c7600000) (1024K)]
  0x00000195c797cba0 JavaThread "C2 CompilerThread1"         daemon [_thread_blocked, id=54788, stack(0x00000041c3300000,0x00000041c3400000) (1024K)]
Total: 42

Other Threads:
  0x00000195ff172b60 VMThread "VM Thread"                           [id=48048, stack(0x00000041c3c00000,0x00000041c3d00000) (1024K)]
  0x00000195ff161db0 WatcherThread "VM Periodic Task Thread"        [id=65276, stack(0x00000041c3b00000,0x00000041c3c00000) (1024K)]
  0x00000195f34f8bb0 WorkerThread "GC Thread#0"                     [id=57476, stack(0x00000041c3600000,0x00000041c3700000) (1024K)]
  0x000001959424a320 WorkerThread "GC Thread#1"                     [id=40936, stack(0x00000041c4d00000,0x00000041c4e00000) (1024K)]
  0x000001959424af70 WorkerThread "GC Thread#2"                     [id=28272, stack(0x00000041c5200000,0x00000041c5300000) (1024K)]
  0x000001959424b3a0 WorkerThread "GC Thread#3"                     [id=58020, stack(0x00000041c5300000,0x00000041c5400000) (1024K)]
  0x0000019594264e40 WorkerThread "GC Thread#4"                     [id=62396, stack(0x00000041c5400000,0x00000041c5500000) (1024K)]
  0x00000195942649f0 WorkerThread "GC Thread#5"                     [id=3316, stack(0x00000041c5500000,0x00000041c5600000) (1024K)]
  0x0000019594265b30 WorkerThread "GC Thread#6"                     [id=25240, stack(0x00000041c5c00000,0x00000041c5d00000) (1024K)]
  0x0000019594262bc0 WorkerThread "GC Thread#7"                     [id=63936, stack(0x00000041c5d00000,0x00000041c5e00000) (1024K)]
  0x0000019594264150 WorkerThread "GC Thread#8"                     [id=42480, stack(0x00000041c5e00000,0x00000041c5f00000) (1024K)]
  0x00000195942645a0 WorkerThread "GC Thread#9"                     [id=55232, stack(0x00000041c5f00000,0x00000041c6000000) (1024K)]
  0x00000195f3513880 ConcurrentGCThread "G1 Main Marker"            [id=41132, stack(0x00000041c3700000,0x00000041c3800000) (1024K)]
  0x00000195f35159d0 WorkerThread "G1 Conc#0"                       [id=23700, stack(0x00000041c3800000,0x00000041c3900000) (1024K)]
  0x0000019594265f80 WorkerThread "G1 Conc#1"                       [id=14420, stack(0x00000041c6000000,0x00000041c6100000) (1024K)]
  0x00000195958f70c0 WorkerThread "G1 Conc#2"                       [id=50840, stack(0x00000041c6100000,0x00000041c6200000) (1024K)]
  0x00000195ff032810 ConcurrentGCThread "G1 Refine#0"               [id=27852, stack(0x00000041c3900000,0x00000041c3a00000) (1024K)]
  0x00000195ff033e30 ConcurrentGCThread "G1 Service"                [id=57036, stack(0x00000041c3a00000,0x00000041c3b00000) (1024K)]
Total: 18

Threads with active compile tasks:
Total: 0

VM state: not at safepoint (normal execution)

VM Mutex/Monitor currently owned by a thread: None

Heap address: 0x000000070ae00000, size: 3922 MB, Compressed Oops mode: Zero based, Oop shift amount: 3

CDS archive(s) mapped at: [0x000000009d000000-0x000000009ecd0000-0x000000009ecd0000), size 30212096, SharedBaseAddress: 0x000000009d000000, ArchiveRelocationMode: 1.
Compressed class space mapped at: 0x000000009f000000-0x00000000df000000, reserved size: 1073741824
UseCompressedClassPointers 1, UseCompactObjectHeaders 0
Narrow klass pointer bits 32, Max shift 3
Narrow klass base: 0x000000009d000000, Narrow klass shift: 0
Encoding Range: [0x000000009d000000 - 0x000000019d000000), (4294967296 bytes)
Klass Range:    [0x000000009d010000 - 0x00000000df000000), (1107230720 bytes)
Klass ID Range:  [65536 - 1107296249) (1107230713)
Protection zone: [0x000000009d000000 - 0x000000009d010000), (65536 bytes)

GC Precious Log:
 CardTable entry size: 512
 Card Set container configuration: InlinePtr #cards 4 size 8 Array Of Cards #cards 16 size 48 Howl #buckets 8 coarsen threshold 3686 Howl Bitmap #cards 512 size 80 coarsen threshold 460 Card regions per heap region 1 cards per card region 4096
 CPUs: 12 total, 12 available
 Memory: 15681M
 Large Page Support: Disabled
 NUMA Support: Disabled
 Compressed Oops: Enabled (Zero based)
 Heap Region Size: 2M
 Heap Min Capacity: 8M
 Heap Initial Capacity: 246M
 Heap Max Capacity: 3922M
 Pre-touch: Disabled
 Parallel Workers: 10
 Concurrent Workers: 3
 Concurrent Refinement Workers: 10
 Periodic GC: Disabled

Heap:
 garbage-first heap   total reserved 4016128K, committed 256000K, used 152632K [0x000000070ae00000, 0x0000000800000000)
  region size 2048K, 30 young (61440K), 4 survivors (8192K)

Heap Regions: E=young(eden), S=young(survivor), O=old, HS=humongous(starts), HC=humongous(continues), CS=collection set, F=free, TAMS=top-at-mark-start, PB=parsable bottom
|   0|0x000000070ae00000, 0x000000070b000000, 0x000000070b000000|100%|HS|  |TAMS 0x000000070ae00000| PB 0x000000070ae00000| Complete |  0
|   1|0x000000070b000000, 0x000000070b200000, 0x000000070b200000|100%| O|  |TAMS 0x000000070b000000| PB 0x000000070b000000| Untracked |  0
|   2|0x000000070b200000, 0x000000070b3ffff0, 0x000000070b400000| 99%| O|  |TAMS 0x000000070b200000| PB 0x000000070b200000| Untracked |  0
|   3|0x000000070b400000, 0x000000070b5fffe0, 0x000000070b600000| 99%| O|  |TAMS 0x000000070b400000| PB 0x000000070b400000| Untracked |  0
|   4|0x000000070b600000, 0x000000070b7ffff8, 0x000000070b800000| 99%| O|  |TAMS 0x000000070b600000| PB 0x000000070b600000| Untracked |  0
|   5|0x000000070b800000, 0x000000070ba00000, 0x000000070ba00000|100%| O|  |TAMS 0x000000070b800000| PB 0x000000070b800000| Untracked |  0
|   6|0x000000070ba00000, 0x000000070bbfffe8, 0x000000070bc00000| 99%| O|  |TAMS 0x000000070ba00000| PB 0x000000070ba00000| Untracked |  0
|   7|0x000000070bc00000, 0x000000070bdffff0, 0x000000070be00000| 99%| O|  |TAMS 0x000000070bc00000| PB 0x000000070bc00000| Untracked |  0
|   8|0x000000070be00000, 0x000000070c000000, 0x000000070c000000|100%| O|  |TAMS 0x000000070be00000| PB 0x000000070be00000| Untracked |  0
|   9|0x000000070c000000, 0x000000070c1ffff0, 0x000000070c200000| 99%| O|  |TAMS 0x000000070c000000| PB 0x000000070c000000| Untracked |  0
|  10|0x000000070c200000, 0x000000070c3fffe8, 0x000000070c400000| 99%| O|  |TAMS 0x000000070c200000| PB 0x000000070c200000| Untracked |  0
|  11|0x000000070c400000, 0x000000070c5ffff8, 0x000000070c600000| 99%| O|  |TAMS 0x000000070c400000| PB 0x000000070c400000| Untracked |  0
|  12|0x000000070c600000, 0x000000070c7fffa0, 0x000000070c800000| 99%| O|  |TAMS 0x000000070c600000| PB 0x000000070c600000| Untracked |  0
|  13|0x000000070c800000, 0x000000070c9ffff8, 0x000000070ca00000| 99%| O|  |TAMS 0x000000070c800000| PB 0x000000070c800000| Untracked |  0
|  14|0x000000070ca00000, 0x000000070cbffff8, 0x000000070cc00000| 99%| O|  |TAMS 0x000000070ca00000| PB 0x000000070ca00000| Untracked |  0
|  15|0x000000070cc00000, 0x000000070ce00000, 0x000000070ce00000|100%| O|  |TAMS 0x000000070cc00000| PB 0x000000070cc00000| Untracked |  0
|  16|0x000000070ce00000, 0x000000070cffffe8, 0x000000070d000000| 99%| O|  |TAMS 0x000000070ce00000| PB 0x000000070ce00000| Untracked |  0
|  17|0x000000070d000000, 0x000000070d200000, 0x000000070d200000|100%| O|  |TAMS 0x000000070d000000| PB 0x000000070d000000| Untracked |  0
|  18|0x000000070d200000, 0x000000070d3fffe0, 0x000000070d400000| 99%| O|  |TAMS 0x000000070d200000| PB 0x000000070d200000| Untracked |  0
|  19|0x000000070d400000, 0x000000070d5fffe0, 0x000000070d600000| 99%| O|  |TAMS 0x000000070d400000| PB 0x000000070d400000| Untracked |  0
|  20|0x000000070d600000, 0x000000070d800000, 0x000000070d800000|100%| O|  |TAMS 0x000000070d600000| PB 0x000000070d600000| Untracked |  0
|  21|0x000000070d800000, 0x000000070d9fffd8, 0x000000070da00000| 99%| O|  |TAMS 0x000000070d800000| PB 0x000000070d800000| Untracked |  0
|  22|0x000000070da00000, 0x000000070dc00000, 0x000000070dc00000|100%| O|  |TAMS 0x000000070da00000| PB 0x000000070da00000| Untracked |  0
|  23|0x000000070dc00000, 0x000000070ddff780, 0x000000070de00000| 99%| O|  |TAMS 0x000000070dc00000| PB 0x000000070dc00000| Untracked |  0
|  24|0x000000070de00000, 0x000000070dfffff0, 0x000000070e000000| 99%| O|  |TAMS 0x000000070de00000| PB 0x000000070de00000| Untracked |  0
|  25|0x000000070e000000, 0x000000070e200000, 0x000000070e200000|100%|HS|  |TAMS 0x000000070e000000| PB 0x000000070e000000| Complete |  0
|  26|0x000000070e200000, 0x000000070e400000, 0x000000070e400000|100%|HC|  |TAMS 0x000000070e200000| PB 0x000000070e200000| Complete |  0
|  27|0x000000070e400000, 0x000000070e600000, 0x000000070e600000|100%|HC|  |TAMS 0x000000070e400000| PB 0x000000070e400000| Complete |  0
|  28|0x000000070e600000, 0x000000070e800000, 0x000000070e800000|100%|HC|  |TAMS 0x000000070e600000| PB 0x000000070e600000| Complete |  0
|  29|0x000000070e800000, 0x000000070ea00000, 0x000000070ea00000|100%|HC|  |TAMS 0x000000070e800000| PB 0x000000070e800000| Complete |  0
|  30|0x000000070ea00000, 0x000000070ec00000, 0x000000070ec00000|100%|HC|  |TAMS 0x000000070ea00000| PB 0x000000070ea00000| Complete |  0
|  31|0x000000070ec00000, 0x000000070ee00000, 0x000000070ee00000|100%|HC|  |TAMS 0x000000070ec00000| PB 0x000000070ec00000| Complete |  0
|  32|0x000000070ee00000, 0x000000070f000000, 0x000000070f000000|100%|HC|  |TAMS 0x000000070ee00000| PB 0x000000070ee00000| Complete |  0
|  33|0x000000070f000000, 0x000000070f200000, 0x000000070f200000|100%|HC|  |TAMS 0x000000070f000000| PB 0x000000070f000000| Complete |  0
|  34|0x000000070f200000, 0x000000070f400000, 0x000000070f400000|100%|HC|  |TAMS 0x000000070f200000| PB 0x000000070f200000| Complete |  0
|  35|0x000000070f400000, 0x000000070f600000, 0x000000070f600000|100%| O|  |TAMS 0x000000070f400000| PB 0x000000070f400000| Untracked |  0
|  36|0x000000070f600000, 0x000000070f749da0, 0x000000070f800000| 64%| O|  |TAMS 0x000000070f600000| PB 0x000000070f600000| Untracked |  0
|  37|0x000000070f800000, 0x000000070f8651c0, 0x000000070fa00000| 19%| O|  |TAMS 0x000000070f800000| PB 0x000000070f800000| Untracked |  0
|  38|0x000000070fa00000, 0x000000070fc00000, 0x000000070fc00000|100%|HS|  |TAMS 0x000000070fa00000| PB 0x000000070fa00000| Complete |  0
|  39|0x000000070fc00000, 0x000000070fe00000, 0x000000070fe00000|100%|HC|  |TAMS 0x000000070fc00000| PB 0x000000070fc00000| Complete |  0
|  40|0x000000070fe00000, 0x0000000710000000, 0x0000000710000000|100%|HC|  |TAMS 0x000000070fe00000| PB 0x000000070fe00000| Complete |  0
|  41|0x0000000710000000, 0x0000000710200000, 0x0000000710200000|100%|HC|  |TAMS 0x0000000710000000| PB 0x0000000710000000| Complete |  0
|  42|0x0000000710200000, 0x000000071028f768, 0x0000000710400000| 28%| O|  |TAMS 0x0000000710200000| PB 0x0000000710200000| Untracked |  0
|  43|0x0000000710400000, 0x00000007105ffff8, 0x0000000710600000| 99%| O|  |TAMS 0x0000000710400000| PB 0x0000000710400000| Untracked |  0
|  44|0x0000000710600000, 0x000000071066a9c8, 0x0000000710800000| 20%| O|Cm|TAMS 0x0000000710600000| PB 0x0000000710600000| Complete |  0
|  45|0x0000000710800000, 0x00000007109092b8, 0x0000000710a00000| 51%| O|  |TAMS 0x0000000710800000| PB 0x0000000710800000| Untracked |  0
|  46|0x0000000710a00000, 0x0000000710a39af8, 0x0000000710c00000| 11%| O|Cm|TAMS 0x0000000710a00000| PB 0x0000000710a00000| Complete |  0
|  47|0x0000000710c00000, 0x0000000710c00000, 0x0000000710e00000|  0%| F|  |TAMS 0x0000000710c00000| PB 0x0000000710c00000| Untracked |  0
|  48|0x0000000710e00000, 0x0000000710e00000, 0x0000000711000000|  0%| F|  |TAMS 0x0000000710e00000| PB 0x0000000710e00000| Untracked |  0
|  49|0x0000000711000000, 0x0000000711000000, 0x0000000711200000|  0%| F|  |TAMS 0x0000000711000000| PB 0x0000000711000000| Untracked |  0
|  50|0x0000000711200000, 0x0000000711200000, 0x0000000711400000|  0%| F|  |TAMS 0x0000000711200000| PB 0x0000000711200000| Untracked |  0
|  51|0x0000000711400000, 0x0000000711400000, 0x0000000711600000|  0%| F|  |TAMS 0x0000000711400000| PB 0x0000000711400000| Untracked |  0
|  52|0x0000000711600000, 0x0000000711600000, 0x0000000711800000|  0%| F|  |TAMS 0x0000000711600000| PB 0x0000000711600000| Untracked |  0
|  53|0x0000000711800000, 0x0000000711800000, 0x0000000711a00000|  0%| F|  |TAMS 0x0000000711800000| PB 0x0000000711800000| Untracked |  0
|  54|0x0000000711a00000, 0x0000000711a00000, 0x0000000711c00000|  0%| F|  |TAMS 0x0000000711a00000| PB 0x0000000711a00000| Untracked |  0
|  55|0x0000000711c00000, 0x0000000711c00000, 0x0000000711e00000|  0%| F|  |TAMS 0x0000000711c00000| PB 0x0000000711c00000| Untracked |  0
|  56|0x0000000711e00000, 0x0000000711e00000, 0x0000000712000000|  0%| F|  |TAMS 0x0000000711e00000| PB 0x0000000711e00000| Untracked |  0
|  57|0x0000000712000000, 0x0000000712000000, 0x0000000712200000|  0%| F|  |TAMS 0x0000000712000000| PB 0x0000000712000000| Untracked |  0
|  58|0x0000000712200000, 0x0000000712200000, 0x0000000712400000|  0%| F|  |TAMS 0x0000000712200000| PB 0x0000000712200000| Untracked |  0
|  59|0x0000000712400000, 0x0000000712400000, 0x0000000712600000|  0%| F|  |TAMS 0x0000000712400000| PB 0x0000000712400000| Untracked |  0
|  60|0x0000000712600000, 0x0000000712600000, 0x0000000712800000|  0%| F|  |TAMS 0x0000000712600000| PB 0x0000000712600000| Untracked |  0
|  61|0x0000000712800000, 0x0000000712800000, 0x0000000712a00000|  0%| F|  |TAMS 0x0000000712800000| PB 0x0000000712800000| Untracked |  0
|  62|0x0000000712a00000, 0x0000000712a00000, 0x0000000712c00000|  0%| F|  |TAMS 0x0000000712a00000| PB 0x0000000712a00000| Untracked |  0
|  63|0x0000000712c00000, 0x0000000712c00000, 0x0000000712e00000|  0%| F|  |TAMS 0x0000000712c00000| PB 0x0000000712c00000| Untracked |  0
|  64|0x0000000712e00000, 0x0000000712e00000, 0x0000000713000000|  0%| F|  |TAMS 0x0000000712e00000| PB 0x0000000712e00000| Untracked |  0
|  65|0x0000000713000000, 0x0000000713000000, 0x0000000713200000|  0%| F|  |TAMS 0x0000000713000000| PB 0x0000000713000000| Untracked |  0
|  66|0x0000000713200000, 0x0000000713200000, 0x0000000713400000|  0%| F|  |TAMS 0x0000000713200000| PB 0x0000000713200000| Untracked |  0
|  67|0x0000000713400000, 0x0000000713400000, 0x0000000713600000|  0%| F|  |TAMS 0x0000000713400000| PB 0x0000000713400000| Untracked |  0
|  68|0x0000000713600000, 0x0000000713600000, 0x0000000713800000|  0%| F|  |TAMS 0x0000000713600000| PB 0x0000000713600000| Untracked |  0
|  69|0x0000000713800000, 0x0000000713922e38, 0x0000000713a00000| 56%| S|CS|TAMS 0x0000000713800000| PB 0x0000000713800000| Complete |  0
|  70|0x0000000713a00000, 0x0000000713c00000, 0x0000000713c00000|100%| S|CS|TAMS 0x0000000713a00000| PB 0x0000000713a00000| Complete |  0
|  71|0x0000000713c00000, 0x0000000713e00000, 0x0000000713e00000|100%| S|CS|TAMS 0x0000000713c00000| PB 0x0000000713c00000| Complete |  0
|  72|0x0000000713e00000, 0x0000000714000000, 0x0000000714000000|100%| S|CS|TAMS 0x0000000713e00000| PB 0x0000000713e00000| Complete |  0
|  73|0x0000000714000000, 0x0000000714000000, 0x0000000714200000|  0%| F|  |TAMS 0x0000000714000000| PB 0x0000000714000000| Untracked |  0
|  74|0x0000000714200000, 0x0000000714400000, 0x0000000714400000|100%| O|Cr|TAMS 0x0000000714200000| PB 0x0000000714200000| Complete |  0
|  75|0x0000000714400000, 0x0000000714400000, 0x0000000714600000|  0%| F|  |TAMS 0x0000000714400000| PB 0x0000000714400000| Untracked |  0
|  76|0x0000000714600000, 0x0000000714600000, 0x0000000714800000|  0%| F|  |TAMS 0x0000000714600000| PB 0x0000000714600000| Untracked |  0
|  77|0x0000000714800000, 0x0000000714800000, 0x0000000714a00000|  0%| F|  |TAMS 0x0000000714800000| PB 0x0000000714800000| Untracked |  0
|  78|0x0000000714a00000, 0x0000000714a00000, 0x0000000714c00000|  0%| F|  |TAMS 0x0000000714a00000| PB 0x0000000714a00000| Untracked |  0
|  79|0x0000000714c00000, 0x0000000714c00000, 0x0000000714e00000|  0%| F|  |TAMS 0x0000000714c00000| PB 0x0000000714c00000| Untracked |  0
|  80|0x0000000714e00000, 0x0000000714e00000, 0x0000000715000000|  0%| F|  |TAMS 0x0000000714e00000| PB 0x0000000714e00000| Untracked |  0
|  81|0x0000000715000000, 0x0000000715000000, 0x0000000715200000|  0%| F|  |TAMS 0x0000000715000000| PB 0x0000000715000000| Untracked |  0
|  82|0x0000000715200000, 0x0000000715200000, 0x0000000715400000|  0%| F|  |TAMS 0x0000000715200000| PB 0x0000000715200000| Untracked |  0
|  83|0x0000000715400000, 0x0000000715400000, 0x0000000715600000|  0%| F|  |TAMS 0x0000000715400000| PB 0x0000000715400000| Untracked |  0
|  84|0x0000000715600000, 0x0000000715600000, 0x0000000715800000|  0%| F|  |TAMS 0x0000000715600000| PB 0x0000000715600000| Untracked |  0
|  85|0x0000000715800000, 0x0000000715800000, 0x0000000715a00000|  0%| F|  |TAMS 0x0000000715800000| PB 0x0000000715800000| Untracked |  0
|  86|0x0000000715a00000, 0x0000000715a00000, 0x0000000715c00000|  0%| F|  |TAMS 0x0000000715a00000| PB 0x0000000715a00000| Untracked |  0
|  87|0x0000000715c00000, 0x0000000715c00000, 0x0000000715e00000|  0%| F|  |TAMS 0x0000000715c00000| PB 0x0000000715c00000| Untracked |  0
|  88|0x0000000715e00000, 0x0000000715e00000, 0x0000000716000000|  0%| F|  |TAMS 0x0000000715e00000| PB 0x0000000715e00000| Untracked |  0
|  89|0x0000000716000000, 0x0000000716000000, 0x0000000716200000|  0%| F|  |TAMS 0x0000000716000000| PB 0x0000000716000000| Untracked |  0
|  90|0x0000000716200000, 0x0000000716200000, 0x0000000716400000|  0%| F|  |TAMS 0x0000000716200000| PB 0x0000000716200000| Untracked |  0
|  91|0x0000000716400000, 0x0000000716400000, 0x0000000716600000|  0%| F|  |TAMS 0x0000000716400000| PB 0x0000000716400000| Untracked |  0
|  92|0x0000000716600000, 0x0000000716600000, 0x0000000716800000|  0%| F|  |TAMS 0x0000000716600000| PB 0x0000000716600000| Untracked |  0
|  93|0x0000000716800000, 0x0000000716800000, 0x0000000716a00000|  0%| F|  |TAMS 0x0000000716800000| PB 0x0000000716800000| Untracked |  0
|  94|0x0000000716a00000, 0x0000000716a00000, 0x0000000716c00000|  0%| F|  |TAMS 0x0000000716a00000| PB 0x0000000716a00000| Untracked |  0
|  95|0x0000000716c00000, 0x0000000716c00000, 0x0000000716e00000|  0%| F|  |TAMS 0x0000000716c00000| PB 0x0000000716c00000| Untracked |  0
|  96|0x0000000716e00000, 0x0000000716e00000, 0x0000000717000000|  0%| F|  |TAMS 0x0000000716e00000| PB 0x0000000716e00000| Untracked |  0
|  97|0x0000000717000000, 0x0000000717003de8, 0x0000000717200000|  0%| E|  |TAMS 0x0000000717000000| PB 0x0000000717000000| Complete |  0
|  98|0x0000000717200000, 0x0000000717400000, 0x0000000717400000|100%| E|CS|TAMS 0x0000000717200000| PB 0x0000000717200000| Complete |  0
|  99|0x0000000717400000, 0x0000000717600000, 0x0000000717600000|100%| E|CS|TAMS 0x0000000717400000| PB 0x0000000717400000| Complete |  0
| 100|0x0000000717600000, 0x0000000717800000, 0x0000000717800000|100%| E|CS|TAMS 0x0000000717600000| PB 0x0000000717600000| Complete |  0
| 101|0x0000000717800000, 0x0000000717a00000, 0x0000000717a00000|100%| E|CS|TAMS 0x0000000717800000| PB 0x0000000717800000| Complete |  0
| 102|0x0000000717a00000, 0x0000000717c00000, 0x0000000717c00000|100%| E|CS|TAMS 0x0000000717a00000| PB 0x0000000717a00000| Complete |  0
| 103|0x0000000717c00000, 0x0000000717e00000, 0x0000000717e00000|100%| E|CS|TAMS 0x0000000717c00000| PB 0x0000000717c00000| Complete |  0
| 104|0x0000000717e00000, 0x0000000718000000, 0x0000000718000000|100%| E|CS|TAMS 0x0000000717e00000| PB 0x0000000717e00000| Complete |  0
| 105|0x0000000718000000, 0x0000000718200000, 0x0000000718200000|100%| E|CS|TAMS 0x0000000718000000| PB 0x0000000718000000| Complete |  0
| 106|0x0000000718200000, 0x0000000718400000, 0x0000000718400000|100%| E|CS|TAMS 0x0000000718200000| PB 0x0000000718200000| Complete |  0
| 107|0x0000000718400000, 0x0000000718600000, 0x0000000718600000|100%| E|CS|TAMS 0x0000000718400000| PB 0x0000000718400000| Complete |  0
| 108|0x0000000718600000, 0x0000000718800000, 0x0000000718800000|100%| E|CS|TAMS 0x0000000718600000| PB 0x0000000718600000| Complete |  0
| 109|0x0000000718800000, 0x0000000718a00000, 0x0000000718a00000|100%| E|CS|TAMS 0x0000000718800000| PB 0x0000000718800000| Complete |  0
| 110|0x0000000718a00000, 0x0000000718c00000, 0x0000000718c00000|100%| E|CS|TAMS 0x0000000718a00000| PB 0x0000000718a00000| Complete |  0
| 111|0x0000000718c00000, 0x0000000718e00000, 0x0000000718e00000|100%| E|CS|TAMS 0x0000000718c00000| PB 0x0000000718c00000| Complete |  0
| 122|0x000000071a200000, 0x000000071a400000, 0x000000071a400000|100%| E|CS|TAMS 0x000000071a200000| PB 0x000000071a200000| Complete |  0
|1949|0x00000007fe800000, 0x00000007fea00000, 0x00000007fea00000|100%| E|CS|TAMS 0x00000007fe800000| PB 0x00000007fe800000| Complete |  0
|1950|0x00000007fea00000, 0x00000007fec00000, 0x00000007fec00000|100%| E|CS|TAMS 0x00000007fea00000| PB 0x00000007fea00000| Complete |  0
|1951|0x00000007fec00000, 0x00000007fee00000, 0x00000007fee00000|100%| E|CS|TAMS 0x00000007fec00000| PB 0x00000007fec00000| Complete |  0
|1952|0x00000007fee00000, 0x00000007ff000000, 0x00000007ff000000|100%| E|CS|TAMS 0x00000007fee00000| PB 0x00000007fee00000| Complete |  0
|1953|0x00000007ff000000, 0x00000007ff200000, 0x00000007ff200000|100%| E|CS|TAMS 0x00000007ff000000| PB 0x00000007ff000000| Complete |  0
|1954|0x00000007ff200000, 0x00000007ff400000, 0x00000007ff400000|100%| E|CS|TAMS 0x00000007ff200000| PB 0x00000007ff200000| Complete |  0
|1955|0x00000007ff400000, 0x00000007ff600000, 0x00000007ff600000|100%| E|CS|TAMS 0x00000007ff400000| PB 0x00000007ff400000| Complete |  0
|1956|0x00000007ff600000, 0x00000007ff800000, 0x00000007ff800000|100%| E|CS|TAMS 0x00000007ff600000| PB 0x00000007ff600000| Complete |  0
|1957|0x00000007ff800000, 0x00000007ffa00000, 0x00000007ffa00000|100%| O|  |TAMS 0x00000007ff800000| PB 0x00000007ff800000| Untracked |  0
|1958|0x00000007ffa00000, 0x00000007ffc00000, 0x00000007ffc00000|100%| O|  |TAMS 0x00000007ffa00000| PB 0x00000007ffa00000| Untracked |  0
|1959|0x00000007ffc00000, 0x00000007ffe00000, 0x00000007ffe00000|100%| E|CS|TAMS 0x00000007ffc00000| PB 0x00000007ffc00000| Complete |  0
|1960|0x00000007ffe00000, 0x0000000800000000, 0x0000000800000000|100%| E|CS|TAMS 0x00000007ffe00000| PB 0x00000007ffe00000| Complete |  0

Card table byte_map: [0x00000195f85b0000,0x00000195f8d60000] _byte_map_base: 0x00000195f4d59000

Marking Bits: (CMBitMap*) 0x00000195f34fb250
 Bits: [0x00000195f8d60000, 0x00000195fcaa8000)

Polling page: 0x00000195f13c0000

Metaspace:
Metaspace        used 82408K, committed 83776K, reserved 1179648K
 class space     used 9250K, committed 9792K, reserved 1048576K

Usage:
  Non-class:     71.44 MB used.
      Class:      9.03 MB used.
       Both:     80.48 MB used.

Virtual space:
  Non-class space:      128.00 MB reserved,      72.25 MB ( 56%) committed,  2 nodes.
      Class space:        1.00 GB reserved,       9.56 MB ( <1%) committed,  1 nodes.
             Both:        1.12 GB reserved,      81.81 MB (  7%) committed. 

Chunk freelists:
   Non-Class:  7.56 MB
       Class:  6.39 MB
        Both:  13.95 MB

MaxMetaspaceSize: unlimited
CompressedClassSpaceSize: 1.00 GB
Initial GC threshold: 21.00 MB
Current GC threshold: 135.12 MB
CDS: on
 - commit_granule_bytes: 65536.
 - commit_granule_words: 8192.
 - virtual_space_node_default_size: 8388608.
 - enlarge_chunks_in_place: 1.
UseCompressedClassPointers 1, UseCompactObjectHeaders 0
Narrow klass pointer bits 32, Max shift 3
Narrow klass base: 0x000000009d000000, Narrow klass shift: 0
Encoding Range: [0x000000009d000000 - 0x000000019d000000), (4294967296 bytes)
Klass Range:    [0x000000009d010000 - 0x00000000df000000), (1107230720 bytes)
Klass ID Range:  [65536 - 1107296249) (1107230713)
Protection zone: [0x000000009d000000 - 0x000000009d010000), (65536 bytes)


Internal statistics:

num_allocs_failed_limit: 6.
num_arena_births: 2214.
num_arena_deaths: 52.
num_vsnodes_births: 3.
num_vsnodes_deaths: 0.
num_space_committed: 1309.
num_space_uncommitted: 0.
num_chunks_returned_to_freelist: 61.
num_chunks_taken_from_freelist: 5343.
num_chunk_merges: 16.
num_chunk_splits: 3704.
num_chunks_enlarged: 2860.
num_inconsistent_stats: 0.

CodeHeap 'non-profiled nmethods': size=120064Kb used=7814Kb max_used=18754Kb free=112249Kb
 bounds [0x0000019587ac0000, 0x0000019588d20000, 0x000001958f000000]
CodeHeap 'profiled nmethods': size=120000Kb used=8859Kb max_used=29543Kb free=111140Kb
 bounds [0x0000019580000000, 0x0000019581ce0000, 0x0000019587530000]
CodeHeap 'non-nmethods': size=5696Kb used=4602Kb max_used=4734Kb free=1093Kb
 bounds [0x0000019587530000, 0x00000195879e0000, 0x0000019587ac0000]
CodeCache: size=245760Kb, used=21275Kb, max_used=53031Kb, free=224482Kb
 total_blobs=14117, nmethods=10599, adapters=3421, full_count=0
Compilation: enabled, stopped_count=0, restarted_count=0

Compilation events (20 events):
Event: 8334.882 Thread 0x00000195cddb0d30 125576       4       androidx.compose.ui.Alignment$Companion::getStart (4 bytes)
Event: 8334.882 Thread 0x00000195cddb0d30 nmethod 125576 0x0000019588ab5588 code [0x0000019588ab5680, 0x0000019588ab5700]
Event: 8334.882 Thread 0x00000195cddb0d30 125918       4       androidx.compose.animation.core.ArcMode::access$getArcLinear$cp (4 bytes)
Event: 8334.882 Thread 0x00000195cddb0d30 nmethod 125918 0x0000019588aeda08 code [0x0000019588aedb00, 0x0000019588aedb68]
Event: 8334.882 Thread 0x00000195cddb0d30 126096       4       dev.chrisbanes.haze.Bitmask::constructor-impl (2 bytes)
Event: 8334.882 Thread 0x00000195cddb0d30 nmethod 126096 0x0000019588aed508 code [0x0000019588aed600, 0x0000019588aed668]
Event: 8334.882 Thread 0x00000195cddb0d30 125959       4       androidx.compose.animation.core.VisibilityThresholdsKt::getVisibilityThresholdMap (4 bytes)
Event: 8334.882 Thread 0x00000195cddb0d30 nmethod 125959 0x0000019588b73108 code [0x0000019588b73200, 0x0000019588b73270]
Event: 8334.882 Thread 0x00000195cddb0d30 126087       4       kotlinx.coroutines.internal.ScopeCoroutine::afterCompletionUndispatched (1 bytes)
Event: 8334.882 Thread 0x00000195cddb0d30 nmethod 126087 0x0000019588b72c08 code [0x0000019588b72d00, 0x0000019588b72d78]
Event: 8334.882 Thread 0x00000195cddb0d30 126115       4       androidx.compose.foundation.layout.OrientationIndependentConstraints::constructor-impl (2 bytes)
Event: 8334.882 Thread 0x00000195cddb0d30 nmethod 126115 0x0000019588bd7288 code [0x0000019588bd7380, 0x0000019588bd73e8]
Event: 8334.882 Thread 0x00000195cddb0d30 125619       4       androidx.compose.ui.graphics.GraphicsLayerModifierKt::access$getReusableGraphicsLayerScope$p (4 bytes)
Event: 8334.882 Thread 0x00000195cddb0d30 nmethod 125619 0x0000019588bd6d88 code [0x0000019588bd6e80, 0x0000019588bd6ef8]
Event: 8334.882 Thread 0x00000195cddb0d30 126124       4       androidx.compose.ui.platform.CompositionLocalsKt::getLocalGraphicsContext (4 bytes)
Event: 8334.883 Thread 0x00000195cddb0d30 nmethod 126124 0x0000019588c07008 code [0x0000019588c07100, 0x0000019588c07170]
Event: 8334.883 Thread 0x00000195cddb0d30 125994       4       androidx.collection.MutableObjectIntMap::<init> (42 bytes)
Event: 8334.883 Thread 0x00000195cddad4c0 nmethod 125586 0x0000019588c59e88 code [0x0000019588c59f80, 0x0000019588c5a668]
Event: 8334.887 Thread 0x00000195cddb0d30 nmethod 125994 0x0000019588bfb088 code [0x0000019588bfb180, 0x0000019588bfbe38]
Event: 8334.895 Thread 0x00000195ff1a97c0 nmethod 125905 0x00000195882f0908 code [0x00000195882f0a00, 0x00000195882f2398]

GC Heap Usage History (20 events):
Event: 6467.770 {heap Before GC invocations=110 (full 64):
 garbage-first heap   total reserved 4016128K, committed 219136K, used 179190K [0x000000070ae00000, 0x0000000800000000)
  region size 2048K, 20 young (40960K), 3 survivors (6144K)
}
Event: 6467.781 {heap After GC invocations=111 (full 64):
 garbage-first heap   total reserved 4016128K, committed 219136K, used 157831K [0x000000070ae00000, 0x0000000800000000)
  region size 2048K, 3 young (6144K), 3 survivors (6144K)
}
Event: 6487.773 {heap Before GC invocations=112 (full 64):
 garbage-first heap   total reserved 4016128K, committed 256000K, used 174215K [0x000000070ae00000, 0x0000000800000000)
  region size 2048K, 16 young (32768K), 3 survivors (6144K)
}
Event: 6487.779 {heap After GC invocations=113 (full 64):
 garbage-first heap   total reserved 4016128K, committed 256000K, used 154571K [0x000000070ae00000, 0x0000000800000000)
  region size 2048K, 2 young (4096K), 2 survivors (4096K)
}
Event: 6491.295 {heap Before GC invocations=113 (full 64):
 garbage-first heap   total reserved 4016128K, committed 256000K, used 158667K [0x000000070ae00000, 0x0000000800000000)
  region size 2048K, 5 young (10240K), 2 survivors (4096K)
}
Event: 6491.406 {heap After GC invocations=114 (full 65):
 garbage-first heap   total reserved 4016128K, committed 256000K, used 91838K [0x000000070ae00000, 0x0000000800000000)
  region size 2048K, 0 young (0K), 0 survivors (0K)
}
Event: 6604.616 {heap Before GC invocations=114 (full 65):
 garbage-first heap   total reserved 4016128K, committed 256000K, used 181950K [0x000000070ae00000, 0x0000000800000000)
  region size 2048K, 45 young (92160K), 0 survivors (0K)
}
Event: 6604.622 {heap After GC invocations=115 (full 65):
 garbage-first heap   total reserved 4016128K, committed 256000K, used 98271K [0x000000070ae00000, 0x0000000800000000)
  region size 2048K, 4 young (8192K), 4 survivors (8192K)
}
Event: 6611.429 {heap Before GC invocations=116 (full 65):
 garbage-first heap   total reserved 4016128K, committed 256000K, used 102367K [0x000000070ae00000, 0x0000000800000000)
  region size 2048K, 7 young (14336K), 4 survivors (8192K)
}
Event: 6611.519 {heap After GC invocations=117 (full 66):
 garbage-first heap   total reserved 4016128K, committed 256000K, used 91939K [0x000000070ae00000, 0x0000000800000000)
  region size 2048K, 0 young (0K), 0 survivors (0K)
}
Event: 6791.561 {heap Before GC invocations=117 (full 66):
 garbage-first heap   total reserved 4016128K, committed 256000K, used 171811K [0x000000070ae00000, 0x0000000800000000)
  region size 2048K, 40 young (81920K), 0 survivors (0K)
}
Event: 6791.698 {heap After GC invocations=118 (full 67):
 garbage-first heap   total reserved 4016128K, committed 256000K, used 94602K [0x000000070ae00000, 0x0000000800000000)
  region size 2048K, 0 young (0K), 0 survivors (0K)
}
Event: 8202.064 {heap Before GC invocations=118 (full 67):
 garbage-first heap   total reserved 4016128K, committed 256000K, used 131466K [0x000000070ae00000, 0x0000000800000000)
  region size 2048K, 19 young (38912K), 0 survivors (0K)
}
Event: 8202.407 {heap After GC invocations=119 (full 68):
 garbage-first heap   total reserved 4016128K, committed 256000K, used 94496K [0x000000070ae00000, 0x0000000800000000)
  region size 2048K, 0 young (0K), 0 survivors (0K)
}
Event: 8232.409 {heap Before GC invocations=119 (full 68):
 garbage-first heap   total reserved 4016128K, committed 256000K, used 131360K [0x000000070ae00000, 0x0000000800000000)
  region size 2048K, 19 young (38912K), 0 survivors (0K)
}
Event: 8232.526 {heap After GC invocations=120 (full 69):
 garbage-first heap   total reserved 4016128K, committed 256000K, used 92229K [0x000000070ae00000, 0x0000000800000000)
  region size 2048K, 0 young (0K), 0 survivors (0K)
}
Event: 8322.544 {heap Before GC invocations=120 (full 69):
 garbage-first heap   total reserved 4016128K, committed 256000K, used 127045K [0x000000070ae00000, 0x0000000800000000)
  region size 2048K, 18 young (36864K), 0 survivors (0K)
}
Event: 8322.643 {heap After GC invocations=121 (full 70):
 garbage-first heap   total reserved 4016128K, committed 256000K, used 92077K [0x000000070ae00000, 0x0000000800000000)
  region size 2048K, 0 young (0K), 0 survivors (0K)
}
Event: 8332.845 {heap Before GC invocations=121 (full 70):
 garbage-first heap   total reserved 4016128K, committed 256000K, used 192429K [0x000000070ae00000, 0x0000000800000000)
  region size 2048K, 50 young (102400K), 0 survivors (0K)
}
Event: 8332.857 {heap After GC invocations=122 (full 70):
 garbage-first heap   total reserved 4016128K, committed 256000K, used 101432K [0x000000070ae00000, 0x0000000800000000)
  region size 2048K, 4 young (8192K), 4 survivors (8192K)
}

Metaspace Usage History (20 events):
Event: 6467.770 {metaspace Before GC invocations=110 (full 64):
 Metaspace       used 76548K, committed 77760K, reserved 1179648K
  class space    used 8562K, committed 9024K, reserved 1048576K
}
Event: 6467.781 {metaspace After GC invocations=111 (full 64):
 Metaspace       used 76548K, committed 77760K, reserved 1179648K
  class space    used 8562K, committed 9024K, reserved 1048576K
}
Event: 6487.773 {metaspace Before GC invocations=112 (full 64):
 Metaspace       used 76763K, committed 77952K, reserved 1179648K
  class space    used 8566K, committed 9024K, reserved 1048576K
}
Event: 6487.779 {metaspace After GC invocations=113 (full 64):
 Metaspace       used 76763K, committed 77952K, reserved 1179648K
  class space    used 8566K, committed 9024K, reserved 1048576K
}
Event: 6491.295 {metaspace Before GC invocations=113 (full 64):
 Metaspace       used 76767K, committed 77952K, reserved 1179648K
  class space    used 8566K, committed 9024K, reserved 1048576K
}
Event: 6491.406 {metaspace After GC invocations=114 (full 65):
 Metaspace       used 76767K, committed 77952K, reserved 1179648K
  class space    used 8566K, committed 9024K, reserved 1048576K
}
Event: 6604.616 {metaspace Before GC invocations=114 (full 65):
 Metaspace       used 77099K, committed 78208K, reserved 1179648K
  class space    used 8600K, committed 9024K, reserved 1048576K
}
Event: 6604.622 {metaspace After GC invocations=115 (full 65):
 Metaspace       used 77099K, committed 78208K, reserved 1179648K
  class space    used 8600K, committed 9024K, reserved 1048576K
}
Event: 6611.429 {metaspace Before GC invocations=116 (full 65):
 Metaspace       used 77411K, committed 78528K, reserved 1179648K
  class space    used 8624K, committed 9088K, reserved 1048576K
}
Event: 6611.519 {metaspace After GC invocations=117 (full 66):
 Metaspace       used 77411K, committed 78528K, reserved 1179648K
  class space    used 8624K, committed 9088K, reserved 1048576K
}
Event: 6791.561 {metaspace Before GC invocations=117 (full 66):
 Metaspace       used 77914K, committed 79040K, reserved 1179648K
  class space    used 8676K, committed 9152K, reserved 1048576K
}
Event: 6791.698 {metaspace After GC invocations=118 (full 67):
 Metaspace       used 77914K, committed 79040K, reserved 1179648K
  class space    used 8676K, committed 9152K, reserved 1048576K
}
Event: 8202.065 {metaspace Before GC invocations=118 (full 67):
 Metaspace       used 77947K, committed 79104K, reserved 1179648K
  class space    used 8684K, committed 9152K, reserved 1048576K
}
Event: 8202.408 {metaspace After GC invocations=119 (full 68):
 Metaspace       used 77947K, committed 79104K, reserved 1179648K
  class space    used 8684K, committed 9152K, reserved 1048576K
}
Event: 8232.409 {metaspace Before GC invocations=119 (full 68):
 Metaspace       used 78185K, committed 79360K, reserved 1179648K
  class space    used 8716K, committed 9216K, reserved 1048576K
}
Event: 8232.526 {metaspace After GC invocations=120 (full 69):
 Metaspace       used 78185K, committed 79360K, reserved 1179648K
  class space    used 8716K, committed 9216K, reserved 1048576K
}
Event: 8322.544 {metaspace Before GC invocations=120 (full 69):
 Metaspace       used 78422K, committed 79616K, reserved 1179648K
  class space    used 8738K, committed 9216K, reserved 1048576K
}
Event: 8322.643 {metaspace After GC invocations=121 (full 70):
 Metaspace       used 78422K, committed 79616K, reserved 1179648K
  class space    used 8738K, committed 9216K, reserved 1048576K
}
Event: 8332.845 {metaspace Before GC invocations=121 (full 70):
 Metaspace       used 81369K, committed 82688K, reserved 1179648K
  class space    used 9137K, committed 9664K, reserved 1048576K
}
Event: 8332.857 {metaspace After GC invocations=122 (full 70):
 Metaspace       used 81369K, committed 82688K, reserved 1179648K
  class space    used 9137K, committed 9664K, reserved 1048576K
}

Dll operation events (3 events):
Event: 0.013 Loaded shared library D:\Program Files\JetBrains\IntelliJ IDEA 2025.3.2\jbr\bin\java.dll
Event: 0.055 Loaded shared library D:\Program Files\JetBrains\IntelliJ IDEA 2025.3.2\jbr\bin\zip.dll
Event: 1.151 Loaded shared library D:\Program Files\JetBrains\IntelliJ IDEA 2025.3.2\jbr\bin\verify.dll

Deoptimization events (20 events):
Event: 8333.201 Thread 0x0000019593c895e0 DEOPT PACKING pc=0x00000195881a2ab8 sp=0x00000041c51fdab0
Event: 8333.201 Thread 0x0000019593c895e0 DEOPT UNPACKING pc=0x000001958764fd82 sp=0x00000041c51fd9f0 mode 2
Event: 8333.375 Thread 0x00000195c62ddb60 Uncommon trap: trap_request=0xffffffde fr.pc=0x0000019587ccf220 relative=0x00000000000012a0
Event: 8333.375 Thread 0x00000195c62ddb60 Uncommon trap: reason=class_check action=maybe_recompile pc=0x0000019587ccf220 method=kotlinx.coroutines.scheduling.WorkQueue.poll()Lkotlinx/coroutines/scheduling/Task; @ 8 c2
Event: 8333.375 Thread 0x00000195c62ddb60 DEOPT PACKING pc=0x0000019587ccf220 sp=0x00000041c65ff2d0
Event: 8333.375 Thread 0x00000195c62ddb60 DEOPT UNPACKING pc=0x000001958764fd82 sp=0x00000041c65ff1b0 mode 2
Event: 8333.375 Thread 0x00000195c62ddb60 Uncommon trap: trap_request=0xffffff45 fr.pc=0x0000019588c49a88 relative=0x0000000000000188
Event: 8333.375 Thread 0x00000195c62ddb60 Uncommon trap: reason=unstable_if action=reinterpret pc=0x0000019588c49a88 method=kotlin.text.StringsKt__StringsJVMKt.startsWith(Ljava/lang/String;Ljava/lang/String;Z)Z @ 14 c2
Event: 8333.375 Thread 0x00000195c62ddb60 DEOPT PACKING pc=0x0000019588c49a88 sp=0x00000041c65fefb0
Event: 8333.375 Thread 0x00000195c62ddb60 DEOPT UNPACKING pc=0x000001958764fd82 sp=0x00000041c65fef80 mode 2
Event: 8334.597 Thread 0x0000019593c895e0 Uncommon trap: trap_request=0xffffff45 fr.pc=0x0000019588903668 relative=0x0000000000000868
Event: 8334.597 Thread 0x0000019593c895e0 Uncommon trap: reason=unstable_if action=reinterpret pc=0x0000019588903668 method=androidx.compose.runtime.CompositionImpl.addPendingInvalidationsLocked(Ljava/lang/Object;Z)V @ 226 c2
Event: 8334.597 Thread 0x0000019593c895e0 DEOPT PACKING pc=0x0000019588903668 sp=0x00000041c51fee90
Event: 8334.597 Thread 0x0000019593c895e0 DEOPT UNPACKING pc=0x000001958764fd82 sp=0x00000041c51fed90 mode 2
Event: 8334.614 Thread 0x0000019593c895e0 DEOPT PACKING pc=0x000001958194221e sp=0x00000041c51fed50
Event: 8334.614 Thread 0x0000019593c895e0 DEOPT UNPACKING pc=0x0000019587581702 sp=0x00000041c51fe198 mode 0
Event: 8334.749 Thread 0x0000019593c895e0 DEOPT PACKING pc=0x000001958086488f sp=0x00000041c51fac90
Event: 8334.749 Thread 0x0000019593c895e0 DEOPT UNPACKING pc=0x0000019587581702 sp=0x00000041c51fa090 mode 0
Event: 8334.831 Thread 0x0000019593c895e0 DEOPT PACKING pc=0x000001958025a158 sp=0x00000041c51fec40
Event: 8334.831 Thread 0x0000019593c895e0 DEOPT UNPACKING pc=0x0000019587581702 sp=0x00000041c51fe110 mode 0

Classes loaded (20 events):
Event: 6607.654 Loading class javax/swing/JInternalFrame
Event: 6607.656 Loading class javax/swing/JInternalFrame done
Event: 6607.656 Loading class javax/swing/KeyboardManager
Event: 6607.657 Loading class javax/swing/KeyboardManager done
Event: 6607.657 Loading class javax/swing/Popup$HeavyWeightWindow
Event: 6607.657 Loading class sun/awt/ModalExclude
Event: 6607.657 Loading class sun/awt/ModalExclude done
Event: 6607.657 Loading class javax/swing/JWindow
Event: 6607.658 Loading class javax/swing/JWindow done
Event: 6607.658 Loading class javax/swing/Popup$HeavyWeightWindow done
Event: 6734.086 Loading class java/lang/classfile/instruction/ExceptionCatch
Event: 6734.086 Loading class java/lang/classfile/instruction/ExceptionCatch done
Event: 6734.086 Loading class jdk/internal/classfile/impl/AbstractPseudoInstruction$ExceptionCatchImpl
Event: 6734.087 Loading class jdk/internal/classfile/impl/AbstractPseudoInstruction
Event: 6734.087 Loading class jdk/internal/classfile/impl/AbstractPseudoInstruction done
Event: 6734.087 Loading class jdk/internal/classfile/impl/AbstractPseudoInstruction$ExceptionCatchImpl done
Event: 6734.090 Loading class jdk/internal/classfile/impl/StackCounter
Event: 6734.091 Loading class jdk/internal/classfile/impl/StackCounter done
Event: 6734.091 Loading class jdk/internal/classfile/impl/StackCounter$Target
Event: 6734.091 Loading class jdk/internal/classfile/impl/StackCounter$Target done

Classes unloaded (20 events):
Event: 4717.984 Thread 0x00000195ff172b60 Unloading class 0x000000009f25d800 'java/lang/invoke/LambdaForm$DMH+0x000000009f25d800'
Event: 4717.984 Thread 0x00000195ff172b60 Unloading class 0x000000009f25c800 'java/lang/invoke/LambdaForm$DMH+0x000000009f25c800'
Event: 4717.984 Thread 0x00000195ff172b60 Unloading class 0x000000009f21c000 'java/lang/invoke/LambdaForm$DMH+0x000000009f21c000'
Event: 4717.985 Thread 0x00000195ff172b60 Unloading class 0x000000009f19c400 'java/lang/invoke/LambdaForm$MH+0x000000009f19c400'
Event: 4717.985 Thread 0x00000195ff172b60 Unloading class 0x000000009f0d0000 'java/lang/invoke/LambdaForm$MH+0x000000009f0d0000'
Event: 4717.985 Thread 0x00000195ff172b60 Unloading class 0x000000009f0cd400 'java/lang/invoke/LambdaForm$MH+0x000000009f0cd400'
Event: 4717.985 Thread 0x00000195ff172b60 Unloading class 0x000000009f0cd000 'java/lang/invoke/LambdaForm$MH+0x000000009f0cd000'
Event: 4717.985 Thread 0x00000195ff172b60 Unloading class 0x000000009f0ccc00 'java/lang/invoke/LambdaForm$BMH+0x000000009f0ccc00'
Event: 4717.985 Thread 0x00000195ff172b60 Unloading class 0x000000009f0cc000 'java/lang/invoke/LambdaForm$DMH+0x000000009f0cc000'
Event: 4717.985 Thread 0x00000195ff172b60 Unloading class 0x000000009f0a0400 'java/lang/invoke/LambdaForm$MH+0x000000009f0a0400'
Event: 4717.986 Thread 0x00000195ff172b60 Unloading class 0x000000009f060400 'java/lang/invoke/LambdaForm$DMH+0x000000009f060400'
Event: 4717.986 Thread 0x00000195ff172b60 Unloading class 0x000000009f041c00 'java/lang/invoke/LambdaForm$MH+0x000000009f041c00'
Event: 4717.986 Thread 0x00000195ff172b60 Unloading class 0x000000009f041800 'java/lang/invoke/LambdaForm$MH+0x000000009f041800'
Event: 4717.987 Thread 0x00000195ff172b60 Unloading class 0x000000009f041400 'java/lang/invoke/LambdaForm$MH+0x000000009f041400'
Event: 4717.987 Thread 0x00000195ff172b60 Unloading class 0x000000009f040400 'java/lang/invoke/LambdaForm$MH+0x000000009f040400'
Event: 4717.987 Thread 0x00000195ff172b60 Unloading class 0x000000009f040000 'java/lang/invoke/LambdaForm$MH+0x000000009f040000'
Event: 5408.479 Thread 0x00000195ff172b60 Unloading class 0x000000009f789000 'java/lang/invoke/LambdaForm$DMH+0x000000009f789000'
Event: 5408.479 Thread 0x00000195ff172b60 Unloading class 0x000000009f788c00 'java/lang/invoke/LambdaForm$DMH+0x000000009f788c00'
Event: 5408.479 Thread 0x00000195ff172b60 Unloading class 0x000000009f698000 'java/lang/invoke/LambdaForm$MH+0x000000009f698000'
Event: 5408.479 Thread 0x00000195ff172b60 Unloading class 0x000000009f060000 'java/lang/invoke/LambdaForm$MH+0x000000009f060000'

Classes redefined (20 events):
Event: 8224.818 Thread 0x00000195ff172b60 redefined class name=org.dsqrwym.enterprise.ui.screens.products.ProductsListScreenKt$ProductsListScreen$5$2$1, count=4
Event: 8224.818 Thread 0x00000195ff172b60 redefined class name=org.dsqrwym.enterprise.ui.screens.products.ProductsListScreenKt$ProductsListScreen$5$3$1, count=4
Event: 8224.818 Thread 0x00000195ff172b60 redefined class name=org.dsqrwym.enterprise.ui.screens.products.ProductsListScreenKt$ProductsListScreen$5$4$1, count=4
Event: 8224.818 Thread 0x00000195ff172b60 redefined class name=org.dsqrwym.enterprise.ui.screens.products.ProductsListScreenKt$ProductFilterDialog$3$1$1$1, count=8
Event: 8224.818 Thread 0x00000195ff172b60 redefined class name=org.dsqrwym.enterprise.ui.screens.products.ProductsListScreenKt$ProductFilterDialog$3$1$2$1, count=8
Event: 8224.818 Thread 0x00000195ff172b60 redefined class name=org.dsqrwym.enterprise.ui.screens.products.ProductsListScreenKt$ProductsListScreen$5$6$1, count=4
Event: 8224.818 Thread 0x00000195ff172b60 redefined class name=org.dsqrwym.shared.ui.overlay.OverlayState, count=1
Event: 8305.253 Thread 0x00000195ff172b60 redefined class name=org.dsqrwym.enterprise.ui.screens.products.ComposableSingletons$ProductsListScreenKt, count=10
Event: 8305.253 Thread 0x00000195ff172b60 redefined class name=org.dsqrwym.enterprise.ui.screens.products.ProductsListScreenKt$ProductsListScreen$5$6$1, count=5
Event: 8305.253 Thread 0x00000195ff172b60 redefined class name=org.dsqrwym.enterprise.ui.screens.products.ProductsListScreenKt$ProductFilterDialog$3$1$2$1, count=9
Event: 8305.253 Thread 0x00000195ff172b60 redefined class name=org.dsqrwym.enterprise.ui.screens.products.ProductsListScreenKt$ProductFilterDialog$3$1$1$1, count=9
Event: 8305.253 Thread 0x00000195ff172b60 redefined class name=org.dsqrwym.enterprise.ui.screens.products.ProductsListScreenKt$ProductsListScreen$5$4$1, count=5
Event: 8305.253 Thread 0x00000195ff172b60 redefined class name=org.dsqrwym.enterprise.ui.screens.products.ProductsListScreenKt$ProductsListScreen$5$3$1, count=5
Event: 8305.253 Thread 0x00000195ff172b60 redefined class name=org.dsqrwym.enterprise.ui.screens.products.ProductsListScreenKt$ProductsListScreen$5$2$1, count=5
Event: 8305.253 Thread 0x00000195ff172b60 redefined class name=org.dsqrwym.enterprise.ui.screens.products.ProductsListScreenKt$ProductsListScreen$5$1$1, count=5
Event: 8305.253 Thread 0x00000195ff172b60 redefined class name=org.dsqrwym.enterprise.ui.screens.products.ProductsListScreenKt$ProductsListScreen$5$10$1, count=5
Event: 8305.253 Thread 0x00000195ff172b60 redefined class name=org.dsqrwym.enterprise.ui.screens.products.ProductsListScreenKt$ProductsListScreen$5$8$1, count=5
Event: 8305.253 Thread 0x00000195ff172b60 redefined class name=org.dsqrwym.enterprise.ui.screens.products.ProductsListScreenKt$ProductsListScreen$5$7$1, count=5
Event: 8305.253 Thread 0x00000195ff172b60 redefined class name=org.dsqrwym.enterprise.ui.screens.products.ProductsListScreenKt$ProductsListScreen$4$1$1$1$1, count=5
Event: 8305.253 Thread 0x00000195ff172b60 redefined class name=org.dsqrwym.enterprise.ui.screens.products.ProductsListScreenKt, count=10

Internal exceptions (20 events):
Event: 8331.646 Thread 0x0000019593c895e0 Exception <a 'java/lang/NoSuchMethodError'{0x00000007162c3b08}: 'java.lang.Object java.lang.invoke.DirectMethodHandle$Holder.newInvokeSpecial(java.lang.Object, java.lang.Object, float, float)'> (0x00000007162c3b08) 
thrown [s\src\hotspot\share\interpreter\linkResolver.cpp, line 815]
Event: 8331.647 Thread 0x0000019593c895e0 Exception <a 'java/lang/NoSuchMethodError'{0x00000007162d4c10}: 'java.lang.Object java.lang.invoke.Invokers$Holder.linkToTargetMethod(java.lang.Object, float, float, java.lang.Object)'> (0x00000007162d4c10) 
thrown [s\src\hotspot\share\interpreter\linkResolver.cpp, line 815]
Event: 8331.675 Thread 0x0000019593c895e0 Exception <a 'java/lang/NoSuchMethodError'{0x0000000715b554b8}: 'java.lang.Object java.lang.invoke.DirectMethodHandle$Holder.invokeStatic(java.lang.Object, float, java.lang.Object, java.lang.Object)'> (0x0000000715b554b8) 
thrown [s\src\hotspot\share\interpreter\linkResolver.cpp, line 815]
Event: 8331.676 Thread 0x0000019593c895e0 Exception <a 'java/lang/NoSuchMethodError'{0x0000000715b666c0}: 'java.lang.Object java.lang.invoke.DirectMethodHandle$Holder.newInvokeSpecial(java.lang.Object, float, java.lang.Object)'> (0x0000000715b666c0) 
thrown [s\src\hotspot\share\interpreter\linkResolver.cpp, line 815]
Event: 8331.885 Thread 0x0000019594159720 Exception <a 'sun/nio/fs/WindowsException'{0x0000000714cc8ea0}> (0x0000000714cc8ea0) 
thrown [s\src\hotspot\share\prims\jni.cpp, line 535]
Event: 8332.085 Thread 0x00000195c5ae7f90 Exception <a 'sun/nio/fs/WindowsException'{0x000000071492ad68}> (0x000000071492ad68) 
thrown [s\src\hotspot\share\prims\jni.cpp, line 535]
Event: 8332.542 Thread 0x0000019594f740c0 Exception <a 'sun/nio/fs/WindowsException'{0x0000000714980a90}> (0x0000000714980a90) 
thrown [s\src\hotspot\share\prims\jni.cpp, line 535]
Event: 8332.935 Thread 0x0000019593c895e0 Exception <a 'sun/nio/fs/WindowsException'{0x00000007feae78f0}> (0x00000007feae78f0) 
thrown [s\src\hotspot\share\prims\jni.cpp, line 535]
Event: 8332.935 Thread 0x0000019593c895e0 Exception <a 'sun/nio/fs/WindowsException'{0x00000007feae9018}> (0x00000007feae9018) 
thrown [s\src\hotspot\share\prims\jni.cpp, line 535]
Event: 8332.941 Thread 0x0000019593c895e0 Exception <a 'sun/nio/fs/WindowsException'{0x00000007fe8a8590}> (0x00000007fe8a8590) 
thrown [s\src\hotspot\share\prims\jni.cpp, line 535]
Event: 8332.941 Thread 0x0000019593c895e0 Exception <a 'sun/nio/fs/WindowsException'{0x00000007fe8a9cb8}> (0x00000007fe8a9cb8) 
thrown [s\src\hotspot\share\prims\jni.cpp, line 535]
Event: 8332.986 Thread 0x0000019593c895e0 Exception <a 'sun/nio/fs/WindowsException'{0x000000071a2adb10}> (0x000000071a2adb10) 
thrown [s\src\hotspot\share\prims\jni.cpp, line 535]
Event: 8332.987 Thread 0x0000019593c895e0 Exception <a 'sun/nio/fs/WindowsException'{0x000000071a2af798}> (0x000000071a2af798) 
thrown [s\src\hotspot\share\prims\jni.cpp, line 535]
Event: 8333.030 Thread 0x0000019593c895e0 Exception <a 'sun/nio/fs/WindowsException'{0x0000000718ce6fe0}> (0x0000000718ce6fe0) 
thrown [s\src\hotspot\share\prims\jni.cpp, line 535]
Event: 8333.030 Thread 0x0000019593c895e0 Exception <a 'sun/nio/fs/WindowsException'{0x0000000718ce8b28}> (0x0000000718ce8b28) 
thrown [s\src\hotspot\share\prims\jni.cpp, line 535]
Event: 8333.139 Thread 0x0000019593c895e0 Exception <a 'sun/nio/fs/WindowsException'{0x0000000718063588}> (0x0000000718063588) 
thrown [s\src\hotspot\share\prims\jni.cpp, line 535]
Event: 8333.139 Thread 0x0000019593c895e0 Exception <a 'sun/nio/fs/WindowsException'{0x00000007180654c0}> (0x00000007180654c0) 
thrown [s\src\hotspot\share\prims\jni.cpp, line 535]
Event: 8333.141 Thread 0x0000019593c895e0 Exception <a 'sun/nio/fs/WindowsException'{0x0000000718086a98}> (0x0000000718086a98) 
thrown [s\src\hotspot\share\prims\jni.cpp, line 535]
Event: 8333.142 Thread 0x0000019593c895e0 Exception <a 'sun/nio/fs/WindowsException'{0x00000007180889d0}> (0x00000007180889d0) 
thrown [s\src\hotspot\share\prims\jni.cpp, line 535]
Event: 8333.204 Thread 0x0000019595f22e90 Exception <a 'sun/nio/fs/WindowsException'{0x0000000717e953e8}> (0x0000000717e953e8) 
thrown [s\src\hotspot\share\prims\jni.cpp, line 535]

VM Operations (20 events):
Event: 8236.089 Executing non-safepoint VM operation: HandshakeAllThreads (HandshakeForDeflation)
Event: 8236.089 Executing non-safepoint VM operation: HandshakeAllThreads (HandshakeForDeflation) done
Event: 8236.089 Executing non-safepoint VM operation: RendezvousGCThreads
Event: 8236.089 Executing non-safepoint VM operation: RendezvousGCThreads done
Event: 8296.288 Executing non-safepoint VM operation: HandshakeAllThreads (HandshakeForDeflation)
Event: 8296.288 Executing non-safepoint VM operation: HandshakeAllThreads (HandshakeForDeflation) done
Event: 8296.288 Executing non-safepoint VM operation: RendezvousGCThreads
Event: 8296.288 Executing non-safepoint VM operation: RendezvousGCThreads done
Event: 8305.232 Executing safepoint VM operation: ForceSafepoint
Event: 8305.232 Executing safepoint VM operation: ForceSafepoint done
Event: 8305.252 Executing safepoint VM operation: RedefineClasses (Heap Inspection Initiated GC)
Event: 8305.370 Executing safepoint VM operation: RedefineClasses (Heap Inspection Initiated GC) done
Event: 8322.544 Executing safepoint VM operation: G1CollectFull (System.gc())
Event: 8322.643 Executing safepoint VM operation: G1CollectFull (System.gc()) done
Event: 8332.845 Executing safepoint VM operation: G1CollectForAllocation (G1 Evacuation Pause)
Event: 8332.857 Executing safepoint VM operation: G1CollectForAllocation (G1 Evacuation Pause) done
Event: 8332.907 Executing safepoint VM operation: G1PauseRemark
Event: 8332.920 Executing safepoint VM operation: G1PauseRemark done
Event: 8332.934 Executing safepoint VM operation: G1PauseCleanup
Event: 8332.934 Executing safepoint VM operation: G1PauseCleanup done

Memory protections (0 events):
No events

Nmethod flushes (20 events):
Event: 8332.917 Thread 0x00000195ff172b60 flushing  nmethod 0x0000019581c36688
Event: 8332.917 Thread 0x00000195ff172b60 flushing  nmethod 0x0000019581c36a88
Event: 8332.917 Thread 0x00000195ff172b60 flushing  nmethod 0x0000019581c36e08
Event: 8332.917 Thread 0x00000195ff172b60 flushing  nmethod 0x0000019581c84b08
Event: 8332.917 Thread 0x00000195ff172b60 flushing  nmethod 0x0000019581c8cf88
Event: 8332.917 Thread 0x00000195ff172b60 flushing  nmethod 0x0000019581c8db88
Event: 8332.917 Thread 0x00000195ff172b60 flushing  nmethod 0x0000019581cb2988
Event: 8332.917 Thread 0x00000195ff172b60 flushing  nmethod 0x0000019581cb3508
Event: 8332.917 Thread 0x00000195ff172b60 flushing  nmethod 0x0000019581cb4308
Event: 8332.917 Thread 0x00000195ff172b60 flushing  nmethod 0x0000019581cb4e08
Event: 8332.917 Thread 0x00000195ff172b60 flushing  nmethod 0x0000019581cb5108
Event: 8332.917 Thread 0x00000195ff172b60 flushing  nmethod 0x0000019581cb5888
Event: 8332.917 Thread 0x00000195ff172b60 flushing  nmethod 0x0000019581ccfe88
Event: 8332.917 Thread 0x00000195ff172b60 flushing  nmethod 0x0000019581cd0d08
Event: 8332.917 Thread 0x00000195ff172b60 flushing  nmethod 0x0000019581cd1288
Event: 8332.917 Thread 0x00000195ff172b60 flushing  nmethod 0x0000019581cd1b88
Event: 8332.917 Thread 0x00000195ff172b60 flushing  nmethod 0x0000019581cd2588
Event: 8332.917 Thread 0x00000195ff172b60 flushing  nmethod 0x0000019581cd2b88
Event: 8332.917 Thread 0x00000195ff172b60 flushing  nmethod 0x0000019581cd4688
Event: 8332.917 Thread 0x00000195ff172b60 flushing  nmethod 0x0000019581cd5108

Events (20 events):
Event: 8324.867 Thread 0x00000195ff1a97c0 Thread added: 0x00000195cddaf500
Event: 8324.976 Thread 0x00000195cddaf500 Thread exited: 0x00000195cddaf500
Event: 8325.470 Thread 0x00000195ff1d18a0 Thread added: 0x00000195cddaecf0
Event: 8326.145 Thread 0x00000195cddaecf0 Thread exited: 0x00000195cddaecf0
Event: 8327.944 Thread 0x00000195ff1d18a0 Thread added: 0x00000195cddadcd0
Event: 8328.147 Thread 0x00000195cddadcd0 Thread exited: 0x00000195cddadcd0
Event: 8329.655 Thread 0x00000195ff1a97c0 Thread added: 0x00000195cddaecf0
Event: 8329.656 Thread 0x00000195ff1d18a0 Thread added: 0x00000195cddaf500
Event: 8329.813 Thread 0x00000195cddaf500 Thread exited: 0x00000195cddaf500
Event: 8330.080 Thread 0x00000195cddaecf0 Thread exited: 0x00000195cddaecf0
Event: 8331.117 Thread 0x00000195ff1d18a0 Thread added: 0x00000195cddb0d30
Event: 8331.117 Thread 0x00000195ff1d18a0 Thread added: 0x00000195cddad4c0
Event: 8332.134 Thread 0x00000195ce4babd0 Thread added: 0x0000019594f740c0
Event: 8332.134 Thread 0x0000019594159720 Thread added: 0x0000019594f72180
Event: 8332.134 Thread 0x00000195ce4babd0 Thread added: 0x0000019594f75060
Event: 8333.055 Loaded shared library C:\Users\yuzha\AppData\Local\composemediaplayer\native\win32-x86-64\NativeVideoPlayer.dll
Event: 8334.045 Thread 0x00000195cddad4c0 Thread exited: 0x00000195cddad4c0
Event: 8334.545 Thread 0x00000195cddb0d30 Thread exited: 0x00000195cddb0d30
Event: 8334.614 Thread 0x00000195ff1d18a0 Thread added: 0x00000195cddb0d30
Event: 8334.614 Thread 0x00000195ff1d18a0 Thread added: 0x00000195cddad4c0


Dynamic libraries:
0x00007ff6466e0000 - 0x00007ff6466ea000 	D:\Program Files\JetBrains\IntelliJ IDEA 2025.3.2\jbr\bin\java.exe
0x00007ffe06240000 - 0x00007ffe064a7000 	C:\WINDOWS\SYSTEM32\ntdll.dll
0x00007ffe047f0000 - 0x00007ffe048b9000 	C:\WINDOWS\System32\KERNEL32.DLL
0x00007ffe03280000 - 0x00007ffe03674000 	C:\WINDOWS\System32\KERNELBASE.dll
0x00007ffe02f50000 - 0x00007ffe0309b000 	C:\WINDOWS\System32\ucrtbase.dll
0x00007ffdf9bd0000 - 0x00007ffdf9bee000 	D:\Program Files\JetBrains\IntelliJ IDEA 2025.3.2\jbr\bin\VCRUNTIME140.dll
0x00007ffdf7e10000 - 0x00007ffdf7e27000 	D:\Program Files\JetBrains\IntelliJ IDEA 2025.3.2\jbr\bin\jli.dll
0x00007ffe04d60000 - 0x00007ffe04f25000 	C:\WINDOWS\System32\USER32.dll
0x00007ffe03680000 - 0x00007ffe036a7000 	C:\WINDOWS\System32\win32u.dll
0x00007ffdeeee0000 - 0x00007ffdef173000 	C:\WINDOWS\WinSxS\amd64_microsoft.windows.common-controls_6595b64144ccf1df_6.0.26100.8115_none_3e075c82e3354f9c\COMCTL32.dll
0x00007ffe04480000 - 0x00007ffe044ab000 	C:\WINDOWS\System32\GDI32.dll
0x00007ffe03150000 - 0x00007ffe0327b000 	C:\WINDOWS\System32\gdi32full.dll
0x00007ffe04740000 - 0x00007ffe047e9000 	C:\WINDOWS\System32\msvcrt.dll
0x00007ffe036b0000 - 0x00007ffe03753000 	C:\WINDOWS\System32\msvcp_win.dll
0x00007ffe044b0000 - 0x00007ffe044e2000 	C:\WINDOWS\System32\IMM32.DLL
0x00007ffdfb940000 - 0x00007ffdfb94c000 	D:\Program Files\JetBrains\IntelliJ IDEA 2025.3.2\jbr\bin\vcruntime140_1.dll
0x00007ffde2490000 - 0x00007ffde2519000 	D:\Program Files\JetBrains\IntelliJ IDEA 2025.3.2\jbr\bin\msvcp140.dll
0x00007ffd18de0000 - 0x00007ffd19d32000 	D:\Program Files\JetBrains\IntelliJ IDEA 2025.3.2\jbr\bin\server\jvm.dll
0x00007ffe04240000 - 0x00007ffe042f6000 	C:\WINDOWS\System32\ADVAPI32.dll
0x00007ffe03fd0000 - 0x00007ffe04077000 	C:\WINDOWS\System32\sechost.dll
0x00007ffe054b0000 - 0x00007ffe055c8000 	C:\WINDOWS\System32\RPCRT4.dll
0x00007ffe04690000 - 0x00007ffe04710000 	C:\WINDOWS\System32\WS2_32.dll
0x00007ffe02970000 - 0x00007ffe029ce000 	C:\WINDOWS\SYSTEM32\POWRPROF.dll
0x00007ffdf0060000 - 0x00007ffdf0096000 	C:\WINDOWS\SYSTEM32\WINMM.dll
0x00007ffdf9540000 - 0x00007ffdf954b000 	C:\WINDOWS\SYSTEM32\VERSION.dll
0x00007ffe02950000 - 0x00007ffe02964000 	C:\WINDOWS\SYSTEM32\UMPDC.dll
0x00007ffe018a0000 - 0x00007ffe018bb000 	C:\WINDOWS\SYSTEM32\kernel.appcore.dll
0x00007ffdfb910000 - 0x00007ffdfb91a000 	D:\Program Files\JetBrains\IntelliJ IDEA 2025.3.2\jbr\bin\jimage.dll
0x00007ffe00b10000 - 0x00007ffe00d52000 	C:\WINDOWS\SYSTEM32\DBGHELP.DLL
0x00007ffe05d70000 - 0x00007ffe060f2000 	C:\WINDOWS\System32\combase.dll
0x00007ffe04f30000 - 0x00007ffe05008000 	C:\WINDOWS\System32\OLEAUT32.dll
0x00007ffde8870000 - 0x00007ffde88ab000 	C:\WINDOWS\SYSTEM32\dbgcore.DLL
0x00007ffe030a0000 - 0x00007ffe03145000 	C:\WINDOWS\System32\bcryptPrimitives.dll
0x00007ffdfb900000 - 0x00007ffdfb910000 	D:\Program Files\JetBrains\IntelliJ IDEA 2025.3.2\jbr\bin\instrument.dll
0x00007ffded850000 - 0x00007ffded86f000 	D:\Program Files\JetBrains\IntelliJ IDEA 2025.3.2\jbr\bin\java.dll
0x00007ffe044f0000 - 0x00007ffe04687000 	C:\WINDOWS\System32\ole32.dll
0x00007ffe05600000 - 0x00007ffe05d67000 	C:\WINDOWS\System32\SHELL32.dll
0x00007ffe02de0000 - 0x00007ffe02f4a000 	C:\WINDOWS\System32\wintypes.dll
0x00007ffe03760000 - 0x00007ffe03fc8000 	C:\WINDOWS\System32\windows.storage.dll
0x00007ffe06100000 - 0x00007ffe061f8000 	C:\WINDOWS\System32\SHCORE.dll
0x00007ffe043c0000 - 0x00007ffe04426000 	C:\WINDOWS\System32\shlwapi.dll
0x00007ffe02a30000 - 0x00007ffe02a59000 	C:\WINDOWS\SYSTEM32\profapi.dll
0x00007ffde8150000 - 0x00007ffde8167000 	D:\Program Files\JetBrains\IntelliJ IDEA 2025.3.2\jbr\bin\zip.dll
0x00007ffde5af0000 - 0x00007ffde5b02000 	D:\Program Files\JetBrains\IntelliJ IDEA 2025.3.2\jbr\bin\net.dll
0x00007ffe01e10000 - 0x00007ffe01e7c000 	C:\WINDOWS\system32\mswsock.dll
0x00007ffde5980000 - 0x00007ffde5996000 	D:\Program Files\JetBrains\IntelliJ IDEA 2025.3.2\jbr\bin\nio.dll
0x00007ffe020f0000 - 0x00007ffe0210b000 	C:\WINDOWS\SYSTEM32\CRYPTSP.dll
0x00007ffe01800000 - 0x00007ffe01839000 	C:\WINDOWS\system32\rsaenh.dll
0x00007ffe01ec0000 - 0x00007ffe01ef3000 	C:\WINDOWS\SYSTEM32\USERENV.dll
0x00007ffe02a00000 - 0x00007ffe02a2a000 	C:\WINDOWS\SYSTEM32\bcrypt.dll
0x00007ffe02110000 - 0x00007ffe0211c000 	C:\WINDOWS\SYSTEM32\CRYPTBASE.dll
0x00007ffe012d0000 - 0x00007ffe01302000 	C:\WINDOWS\SYSTEM32\IPHLPAPI.DLL
0x00007ffe052c0000 - 0x00007ffe052ca000 	C:\WINDOWS\System32\NSI.dll
0x00007ffdfb720000 - 0x00007ffdfb729000 	D:\Program Files\JetBrains\IntelliJ IDEA 2025.3.2\jbr\bin\extnet.dll
0x00007ffdfb830000 - 0x00007ffdfb840000 	D:\Program Files\JetBrains\IntelliJ IDEA 2025.3.2\jbr\bin\verify.dll
0x00007ffdbe3f0000 - 0x00007ffdbe57e000 	D:\Program Files\JetBrains\IntelliJ IDEA 2025.3.2\jbr\bin\awt.dll
0x00007ffddc9d0000 - 0x00007ffddca14000 	D:\Program Files\JetBrains\IntelliJ IDEA 2025.3.2\jbr\bin\nvdaControllerClient64.dll
0x00007ffdd1af0000 - 0x00007ffdd1b66000 	C:\WINDOWS\SYSTEM32\OLEACC.dll
0x00007ffe00530000 - 0x00007ffe0055f000 	C:\WINDOWS\SYSTEM32\dwmapi.dll
0x00007ffe00000000 - 0x00007ffe0009f000 	C:\WINDOWS\SYSTEM32\apphelp.dll
0x00007ffe00270000 - 0x00007ffe00319000 	C:\WINDOWS\system32\uxtheme.dll
0x00007ffe040e0000 - 0x00007ffe0423c000 	C:\WINDOWS\System32\MSCTF.dll
0x00007ffe000c0000 - 0x00007ffe000e9000 	C:\WINDOWS\system32\Wtsapi32.dll
0x00007ffe02c60000 - 0x00007ffe02dd7000 	C:\WINDOWS\System32\CRYPT32.dll
0x00007ffe01b40000 - 0x00007ffe01b89000 	C:\WINDOWS\SYSTEM32\SspiCli.dll
0x00007ffe02710000 - 0x00007ffe02772000 	C:\WINDOWS\SYSTEM32\WINSTA.dll
0x00007ffd54e00000 - 0x00007ffd54f0f000 	C:\WINDOWS\system32\opengl32.dll
0x00007ffd54950000 - 0x00007ffd5497d000 	C:\WINDOWS\SYSTEM32\GLU32.dll
0x00007ffe004c0000 - 0x00007ffe00503000 	C:\WINDOWS\SYSTEM32\dxcore.dll
0x00007ffd41050000 - 0x00007ffd41da3000 	C:\Users\yuzha\.skiko\f6915133061fc00b6d51b8a8277c696dc6313532609dfa23c4c3bec1fc2ee178\skiko-windows-x64.dll
0x00007ffdfbbe0000 - 0x00007ffdfbce3000 	C:\WINDOWS\SYSTEM32\PROPSYS.dll
0x00007ffdfeba0000 - 0x00007ffdfee07000 	C:\WINDOWS\SYSTEM32\dwrite.dll
0x00007ffdf23b0000 - 0x00007ffdf2588000 	C:\WINDOWS\WinSxS\amd64_microsoft.windows.gdiplus_6595b64144ccf1df_1.1.26100.8246_none_6ef5395a3dc52f61\gdiplus.dll
0x00007ffdd72b0000 - 0x00007ffdd7337000 	D:\Program Files\JetBrains\IntelliJ IDEA 2025.3.2\jbr\bin\freetype.dll
0x00007ffdcf580000 - 0x00007ffdcf672000 	D:\Program Files\JetBrains\IntelliJ IDEA 2025.3.2\jbr\bin\fontmanager.dll
0x00007ffe04300000 - 0x00007ffe043ae000 	C:\WINDOWS\System32\clbcatq.dll
0x00007ffdfe960000 - 0x00007ffdfeb8e000 	C:\WINDOWS\SYSTEM32\WindowsCodecs.dll
0x00007ffdc9190000 - 0x00007ffdc91ea000 	C:\WINDOWS\system32\dataexchange.dll
0x00007ffdf9870000 - 0x00007ffdf9abd000 	C:\WINDOWS\system32\twinapi.appcore.dll
0x00007ffdfb820000 - 0x00007ffdfb827000 	D:\Program Files\JetBrains\IntelliJ IDEA 2025.3.2\jbr\bin\jawt.dll
0x00007ffe00370000 - 0x00007ffe004b1000 	C:\WINDOWS\SYSTEM32\Dxgi.dll
0x00007ffde6f10000 - 0x00007ffde6f71000 	C:\WINDOWS\SYSTEM32\directxdatabasehelper.dll
0x00007ffe02680000 - 0x00007ffe026d1000 	C:\WINDOWS\SYSTEM32\cfgmgr32.dll
0x00007ffdefe30000 - 0x00007ffdefe53000 	C:\WINDOWS\SYSTEM32\D3D12.dll
0x00007ffdb9200000 - 0x00007ffdb9558000 	C:\WINDOWS\SYSTEM32\D3D12Core.dll
0x00007ffd03530000 - 0x00007ffd07b09000 	C:\WINDOWS\System32\DriverStore\FileRepository\u0416624.inf_amd64_1eae707b82df6d48\B416495\amdxc64.dll
0x00007ffde2390000 - 0x00007ffde23c5000 	C:\WINDOWS\SYSTEM32\amdihk64.dll
0x00007ffde1d20000 - 0x00007ffde1e05000 	C:\WINDOWS\SYSTEM32\D3DSCache.dll
0x00007ffdfb7c0000 - 0x00007ffdfb7ce000 	D:\Program Files\JetBrains\IntelliJ IDEA 2025.3.2\jbr\bin\sunmscapi.dll
0x00007ffe02310000 - 0x00007ffe02340000 	C:\WINDOWS\SYSTEM32\ncrypt.dll
0x00007ffe022c0000 - 0x00007ffe022ff000 	C:\WINDOWS\SYSTEM32\NTASN1.dll
0x00007ffddf450000 - 0x00007ffddf458000 	C:\WINDOWS\system32\wshunix.dll
0x00007ffdfb5d0000 - 0x00007ffdfb5d9000 	D:\Program Files\JetBrains\IntelliJ IDEA 2025.3.2\jbr\bin\prefs.dll
0x00007ffd5f690000 - 0x00007ffd5fbd7000 	D:\Program Files\JetBrains\IntelliJ IDEA 2025.3.2\jbr\bin\vk_swiftshader.dll
0x00007ffd07b10000 - 0x00007ffd15ff4000 	D:\Program Files\JetBrains\IntelliJ IDEA 2025.3.2\jbr\bin\libcef.dll
0x00007ffe02bd0000 - 0x00007ffe02c52000 	C:\WINDOWS\System32\WINTRUST.dll
0x00007ffe000b0000 - 0x00007ffe000bd000 	C:\WINDOWS\SYSTEM32\Secur32.dll
0x00007ffdfd960000 - 0x00007ffdfda8d000 	C:\WINDOWS\SYSTEM32\WINHTTP.dll
0x00007ffdfdbb0000 - 0x00007ffdfdbd5000 	C:\WINDOWS\SYSTEM32\dhcpcsvc.DLL
0x00007ffdc1040000 - 0x00007ffdc120a000 	D:\Program Files\JetBrains\IntelliJ IDEA 2025.3.2\jbr\bin\chrome_elf.dll
0x00007ffdd28f0000 - 0x00007ffdd29a1000 	C:\WINDOWS\SYSTEM32\WINSPOOL.DRV
0x00007ffe02700000 - 0x00007ffe0270a000 	C:\WINDOWS\SYSTEM32\DPAPI.DLL
0x00007ffe02220000 - 0x00007ffe02233000 	C:\WINDOWS\SYSTEM32\MSASN1.dll
0x00007ffdc0900000 - 0x00007ffdc0a1f000 	D:\Program Files\JetBrains\IntelliJ IDEA 2025.3.2\jbr\bin\jcef.dll
0x00007ffdff6c0000 - 0x00007ffdff8e2000 	C:\WINDOWS\SYSTEM32\dcomp.dll
0x00007ffdfe4b0000 - 0x00007ffdfe4c9000 	C:\WINDOWS\SYSTEM32\Microsoft.Internal.WarpPal.dll
0x00007ffd95020000 - 0x00007ffd954a2000 	D:\Program Files\JetBrains\IntelliJ IDEA 2025.3.2\jbr\bin\d3dcompiler_47.dll
0x00007ffde7140000 - 0x00007ffde7288000 	C:\WINDOWS\SYSTEM32\textinputframework.dll
0x00007ffe01370000 - 0x00007ffe014a2000 	C:\WINDOWS\SYSTEM32\DNSAPI.dll
0x00007ffdfc670000 - 0x00007ffdfc67b000 	C:\Windows\System32\rasadhlp.dll
0x00007ffdfde20000 - 0x00007ffdfdea6000 	C:\WINDOWS\System32\fwpuclnt.dll
0x00007ffdcac30000 - 0x00007ffdcacab000 	C:\WINDOWS\system32\Ninput.dll
0x00007ffdff900000 - 0x00007ffdffa27000 	C:\WINDOWS\SYSTEM32\CoreMessaging.dll
0x00007ffde5030000 - 0x00007ffde5312000 	C:\WINDOWS\SYSTEM32\CoreUIComponents.dll
0x00007ffdedf80000 - 0x00007ffdedf95000 	C:\Users\yuzha\AppData\Local\composemediaplayer\native\win32-x86-64\NativeVideoPlayer.dll
0x00007ffdfd330000 - 0x00007ffdfd3c9000 	C:\WINDOWS\SYSTEM32\MF.dll
0x00007ffdfc9a0000 - 0x00007ffdfcbba000 	C:\WINDOWS\SYSTEM32\MFPlat.DLL
0x00007ffde0d70000 - 0x00007ffde0e46000 	C:\WINDOWS\SYSTEM32\MFReadWrite.dll
0x00007ffdfc950000 - 0x00007ffdfc95b000 	C:\WINDOWS\SYSTEM32\AVRT.dll
0x00007ffdff450000 - 0x00007ffdff6b3000 	C:\WINDOWS\SYSTEM32\d3d11.dll
0x00007ffdfced0000 - 0x00007ffdfd2e9000 	C:\WINDOWS\SYSTEM32\MFCORE.DLL
0x00007ffdfc960000 - 0x00007ffdfc99c000 	C:\WINDOWS\SYSTEM32\RTWorkQ.DLL
0x00007ffde4b40000 - 0x00007ffde4cfb000 	C:\WINDOWS\System32\DriverStore\FileRepository\u0416624.inf_amd64_1eae707b82df6d48\B416495\aticfx64.dll
0x00007ffde4b00000 - 0x00007ffde4b39000 	C:\WINDOWS\System32\DriverStore\FileRepository\u0416624.inf_amd64_1eae707b82df6d48\B416495\atiuxp64.dll
0x00007ffde2b80000 - 0x00007ffde4af2000 	C:\WINDOWS\System32\DriverStore\FileRepository\u0416624.inf_amd64_1eae707b82df6d48\B416495\atidxx64.dll
0x00007ffe048d0000 - 0x00007ffe04d57000 	C:\WINDOWS\System32\SETUPAPI.dll
0x00007ffdf8320000 - 0x00007ffdf83b7000 	C:\WINDOWS\System32\MMDevApi.dll
0x00007ffe02650000 - 0x00007ffe0267d000 	C:\WINDOWS\System32\DEVOBJ.dll

JVMTI agents:
D:\Gradle\caches\modules-2\files-2.1\org.jetbrains.compose.hot-reload\hot-reload-agent\1.0.0\b51a332b8899c060187ace065fef8c8eb62acfcc\hot-reload-agent-1.0.0.jar path:D:\Program Files\JetBrains\IntelliJ IDEA 2025.3.2\jbr\bin\instrument.dll, loaded, initialized, instrumentlib options:none

dbghelp: loaded successfully - version: 4.0.5 - missing functions: none
symbol engine: initialized successfully - sym options: 0x614 - pdb path: .;D:\Program Files\JetBrains\IntelliJ IDEA 2025.3.2\jbr\bin;C:\WINDOWS\SYSTEM32;C:\WINDOWS\WinSxS\amd64_microsoft.windows.common-controls_6595b64144ccf1df_6.0.26100.8115_none_3e075c82e3354f9c;D:\Program Files\JetBrains\IntelliJ IDEA 2025.3.2\jbr\bin\server;C:\Users\yuzha\.skiko\f6915133061fc00b6d51b8a8277c696dc6313532609dfa23c4c3bec1fc2ee178;C:\WINDOWS\WinSxS\amd64_microsoft.windows.gdiplus_6595b64144ccf1df_1.1.26100.8246_none_6ef5395a3dc52f61;C:\WINDOWS\System32\DriverStore\FileRepository\u0416624.inf_amd64_1eae707b82df6d48\B416495;C:\Users\yuzha\AppData\Local\composemediaplayer\native\win32-x86-64

VM Arguments:
jvm_args: -Dcompose.reload.argfile=D:\yuzha\Proyecto_final\Proyecto\Frontend\Maian\enterprise\build\run\desktopMain\desktopMain.argfile -Dcompose.reload.build.continuous=false -Dcompose.reload.build.warmup=true -Dcompose.reload.buildSystem=Gradle -Dcompose.reload.devToolsAnimationsEnabled=true -Dcompose.reload.devToolsClasspath=D:\Gradle\caches\modules-2\files-2.1\org.jetbrains.compose.hot-reload\hot-reload-devtools\1.0.0\8cf7f8a3e0c5ca40edcd31621bb2c54637dad97f\hot-reload-devtools-1.0.0.jar;D:\Gradle\caches\modules-2\files-2.1\org.jetbrains.compose.hot-reload\hot-reload-devtools-api\1.0.0\6f078e0689bb84d71ff62bdb898addec7b9e0c7d\hot-reload-devtools-api-1.0.0.jar;D:\Gradle\caches\modules-2\files-2.1\org.jetbrains.compose.hot-reload\hot-reload-orchestration\1.0.0\c84a13f251d2ba726bffe77f47f2a37fba14d3a\hot-reload-orchestration-1.0.0.jar;D:\Gradle\caches\modules-2\files-2.1\org.jetbrains.compose.hot-reload\hot-reload-core\1.0.0\b9e821084415adea5d981fb5a22a57ad94614fe1\hot-reload-core-1.0.0.jar;D:\Gradle\caches\modules-2\files-2.1\org.jetbrains.compose.hot-reload\hot-reload-runtime-api-jvm\1.0.0\b4c35542b0fe4f3743939f0e7a19739df369fa2e\hot-reload-runtime-api-jvm-1.0.0.jar;D:\Gradle\caches\modules-2\files-2.1\org.jetbrains.compose.desktop\desktop-jvm\1.9.0\760a7f1c3278719f2ab9fa443228956e64a7a18e\desktop-jvm-1.9.0.jar;D:\Gradle\caches\modules-2\files-2.1\org.jetbrains.compose.components\components-resources-desktop\1.9.0\263d44e856cb89a759959eec68dafae6d1931110\library-desktop-1.9.0.jar;D:\Gradle\caches\modules-2\files-2.1\io.sellmair\evas-compose-jvm\1.3.0\1214dcce9040d1b9f856b02b443cf8c2ebe1573a\evas-compose-jvm-1.3.0.jar;D:\Gradle\caches\modules-2\files-2.1\io.sellmair\evas-jvm\1.3.0\74c1f6c46502ffda615a698c02b3166fc7e9b2b2\evas-jvm-1.3.0.jar;D:\Gradle\caches\modules-2\files-2.1\org.jetbrains.skiko\skiko-awt-runtime-windows-x64\0.9.22.2\fe554a74845abbd5710ef36d27421c470bbd996f\skiko-awt-runtime-windows-x64-0.9.22.2.jar;D:\Gradle\caches\modules-2\files-2.1\org.jetbrains.compose.material3\material3-desktop\1.8.2\1f1f838506ceb2c25499517559f120517770b014\material3-desktop-1.8.2.jar;D:\Gradle\caches\modules-2\files-2.1\org.jetbrains.compose.material\material-desktop\1.9.0\67e948eefe3e565d3be2ddf0918a12f676537b0d\material-desktop-1.9.0.jar;D:\Gradle\caches\modu-Dcompose.reload.devToolsDetached=false -Dcompose.reload.devToolsEnabled=true -Dcompose.reload.devToolsHeadless=false -Dcompose.reload.devToolsTransparencyEnabled=true -Dcompose.reload.dirtyResolveDepthLimit=5 -Dcompose.reload.effectsEnabled=true -Dcompose.reload.isActive=true -Dcompose.reload.launchMode=GradleBlocking -Dcompose.reload.logLevel=Info -Dcompose.reload.logStdout=false -Dcompose.reload.mainClass=org.dsqrwym.enterprise.MainKt -Dcompose.reload.pidFile=D:\yuzha\Proyecto_final\Proyecto\Frontend\Maian\enterprise\build\run\desktopMain\desktopMain.pid -Dcompose.reload.virtualMethodResolveEnabled=true -Dgradle.build.project=:enterprise -Dgradle.build.root=D:\yuzha\Proyecto_final\Proyecto\Frontend\Maian -Dgradle.build.task=hotReloadDesktopMain -Dorg.gradle.java.home=D:\Program Files\Android\Android Studio1\jbr -XX:+IgnoreUnrecognizedVMOptions -XX:+AllowEnhancedClassRedefinition -javaagent:D:\Gradle\caches\modules-2\files-2.1\org.jetbrains.compose.hot-reload\hot-reload-agent\1.0.0\b51a332b8899c060187ace065fef8c8eb62acfcc\hot-reload-agent-1.0.0.jar -Dfile.encoding=UTF-8 -Duser.country=CN -Duser.language=zh -Duser.variant 
java_command: org.dsqrwym.enterprise.MainKt
java_class_path (initial): D:\Gradle\.tmp\gradle-javaexec-classpath16037448627987567842.jar
Launcher Type: SUN_STANDARD

[Global flags]
     bool AllowEnhancedClassRedefinition           = true                                      {product} {command line}
     intx CICompilerCount                          = 4                                         {product} {ergonomic}
     uint ConcGCThreads                            = 3                                         {product} {ergonomic}
     uint G1ConcRefinementThreads                  = 10                                        {product} {ergonomic}
   size_t G1HeapRegionSize                         = 2097152                                   {product} {ergonomic}
     bool IgnoreUnrecognizedVMOptions              = true                                      {product} {command line}
   size_t InitialHeapSize                          = 257949696                                 {product} {ergonomic}
   size_t MarkStackSize                            = 4194304                                   {product} {ergonomic}
   size_t MarkStackSizeMax                         = 536870912                                 {product} {ergonomic}
   size_t MaxHeapSize                              = 4112515072                                {product} {ergonomic}
   size_t MaxNewSize                               = 2466250752                                {product} {ergonomic}
   size_t MinHeapDeltaBytes                        = 2097152                                   {product} {ergonomic}
   size_t MinHeapSize                              = 8388608                                   {product} {ergonomic}
    uintx NonNMethodCodeHeapSize                   = 5832704                                {pd product} {ergonomic}
    uintx NonProfiledCodeHeapSize                  = 122945536                              {pd product} {ergonomic}
    uintx ProfiledCodeHeapSize                     = 122880000                              {pd product} {ergonomic}
    uintx ReservedCodeCacheSize                    = 251658240                              {pd product} {ergonomic}
     bool SegmentedCodeCache                       = true                                      {product} {ergonomic}
   size_t SoftMaxHeapSize                          = 4112515072                             {manageable} {ergonomic}
     bool UseCompressedOops                        = true                           {product lp64_product} {ergonomic}
     bool UseG1GC                                  = true                                      {product} {ergonomic}
     bool UseLargePagesIndividualAllocation        = false                                  {pd product} {ergonomic}

Logging:
Log output configuration:
 #0: stdout all=warning uptime,level,tags foldmultilines=false
 #1: stderr all=off uptime,level,tags foldmultilines=false

Release file:
JAVA_VERSION="25.0.2" 
MODULES="java.base java.datatransfer java.xml java.prefs java.desktop gluegen.rt java.compiler java.instrument java.logging java.management java.security.sasl java.naming java.rmi java.management.rmi java.net.http java.scripting java.security.jgss java.transaction.xa java.sql java.sql.rowset java.xml.crypto java.se java.smartcardio jogl.all jcef jdk.accessibility jdk.internal.jvmstat jdk.attach jdk.charsets jdk.internal.opt jdk.zipfs jdk.compiler jdk.crypto.cryptoki jdk.crypto.ec jdk.crypto.mscapi jdk.dynalink jdk.hotspot.agent jdk.httpserver jdk.internal.ed jdk.internal.le jdk.internal.md jdk.internal.vm.ci jdk.javadoc jdk.jcmd jdk.jdwp.agent jdk.jdi jdk.jfr jdk.localedata jdk.management jdk.management.agent jdk.management.jfr jdk.naming.dns jdk.naming.rmi jdk.net jdk.sctp jdk.security.auth jdk.security.jgss jdk.unsupported jdk.unsupported.desktop jdk.xml.dom" 
IMPLEMENTOR="JetBrains s.r.o." 
IMPLEMENTOR_VERSION="JBR-25.0.2+1-329.117-jcef" 
JAVA_RUNTIME_VERSION="25.0.2+1-b329.117" 
LIBC="default" 
OS_ARCH="x86_64" 
OS_NAME="Windows" 
SOURCE=".:git:b692a8ec6ff7+ jcef_git:git:4a605f44671a" 
JCEF_VERSION="137.0.17.1142+g68de80b" 
JCEF_COMMIT_HASH="68de80bc86de497c8d0632ad0f8fe33625b33bff" 
JCEF_VERSION_DETAILED=137.0.17-gf354b0e-chromium-137.0.7151.104-api-1.21-261-b81

Environment Variables:
JAVA_HOME=C:\Program Files\Eclipse Adoptium\jdk-21.0.6.7-hotspot\
PATH=C:\Python314\Scripts\;C:\Python314\;C:\Program Files\Eclipse Adoptium\jdk-21.0.6.7-hotspot\bin;C:\Program Files\Eclipse Adoptium\jdk-17.0.14.7-hotspot\bin;C:\Python312\Scripts\;C:\Python312\;C:\Program Files\Eclipse Adoptium\jdk-21.0.6.7-hotspot\\bin;C:\Program Files\Eclipse Adoptium\jdk-21.0.6.7-hotspot\jre\bin;C:\WINDOWS\system32;C:\WINDOWS;C:\WINDOWS\System32\Wbem;C:\WINDOWS\System32\WindowsPowerShell\v1.0\;C:\WINDOWS\System32\OpenSSH\;C:\Program Files\Microsoft SQL Server\150\Tools\Binn\;D:\yuzha\Documents\XIAOMI\platform-tools;C:\ProgramData\chocolatey\bin;C:\Program Files\Git\cmd;D:\Users\sqlite3;D:\Program Files\AutoFirma\AutoFirma;C:\Program Files\dotnet\;C:\Program Files (x86)\cloudflared\;c:\Users\yuzha\AppData\Local\Programs\cursor\resources\app\bin;C:\Program Files\HP\HP One Agent;C:\Program Files (x86)\Windows Kits\10\Windows Performance Toolkit\;D:\Program Files (x86)\WinSCP\;C:\Program Files\Docker\Docker\resources\bin;D:\Program Files\nodejs\;C:\Users\yuzha\AppData\Local\pnpm;C:\Users\yuzha\AppData\Local\Microsoft\WindowsApps;C:\Users\yuzha\AppData\Local\Programs\Microsoft VS Code\bin;C:\Users\yuzha\.dotnet\tools;D:\Program Files\JetBrains\IntelliJ IDEA Community Edition 2024.2.1\bin;D:\Program Files\nodejs\;D:\Program Files\JetBrains\IntelliJ IDEA 2024.2.3\bin;C:\Users\yuzha\AppData\Local\Microsoft\WindowsApps;C:\Users\yuzha\.dotnet\tools;D:\Program Files\JetBrains\PyCharm Community Edition 2024.3.1.1\bin;C:\Users\yuzha\AppData\Local\Programs\Ollama;D:\Program Files\JetBrains\JetBrains Rider 2024.3.5\bin;D:\npm-global;C:\Users\yuzha\.bun\bin;D:\Users\yuzha\AppData\Local\Programs\cursor\resources\app\bin;D:\Program Files\JetBrains\IntelliJ IDEA 2025.3.2\bin;C:\Users\yuzha\AppData\Roaming\npm
USERNAME=yuzha
OS=Windows_NT
PROCESSOR_IDENTIFIER=AMD64 Family 25 Model 80 Stepping 0, AuthenticAMD
TMP=C:\Users\yuzha\AppData\Local\Temp
TEMP=C:\Users\yuzha\AppData\Local\Temp




Compilation memory statistics disabled.

Periodic native trim disabled

JNI global refs:
JNI global refs: 156, weak refs: 12

JNI global refs memory usage: 2099, weak refs: 1529

Process memory usage:
Resident Set Size: 569288K (3% of 16057404K total physical memory with 1383384K free physical memory)

OOME stack traces (most recent first):
Classloader memory used:
Loader jdk.internal.loader.ClassLoaders$AppClassLoader                                 : 68064 K
Loader bootstrap                                                                       : 14178 K
Loader jdk.internal.loader.ClassLoaders$PlatformClassLoader                            : 164 K

Classes loaded by more than one classloader:
Class org.dsqrwym.enterprise.ui.screens.products.ProductsListScreenKt                 : loaded 11 times (x 73B)
Class org.dsqrwym.enterprise.ui.screens.products.ComposableSingletons$ProductsListScreenKt: loaded 11 times (x 73B)
Class org.dsqrwym.enterprise.ui.screens.products.ProductsListScreenKt$ProductFilterDialog$3$1$2$1: loaded 10 times (x 131B)
Class org.dsqrwym.enterprise.ui.screens.products.ProductsListScreenKt$ProductFilterDialog$3$1$1$1: loaded 10 times (x 131B)
Class org.dsqrwym.enterprise.ui.screens.products.ProductsListScreenKt$ProductsListScreen$5$8$1: loaded 6 times (x 131B)
Class org.dsqrwym.enterprise.ui.screens.products.ProductsListScreenKt$ProductsListScreen$5$7$1: loaded 6 times (x 131B)
Class org.dsqrwym.enterprise.ui.screens.products.ProductsListScreenKt$ProductsListScreen$5$10$1: loaded 6 times (x 131B)
Class org.dsqrwym.enterprise.ui.screens.products.ProductsListScreenKt$ProductsListScreen$5$4$1: loaded 6 times (x 131B)
Class org.dsqrwym.enterprise.ui.screens.products.ProductsListScreenKt$ProductsListScreen$5$2$1: loaded 6 times (x 131B)
Class org.dsqrwym.enterprise.ui.screens.products.ProductsListScreenKt$ProductsListScreen$4$1$1$1$1: loaded 6 times (x 131B)
Class org.dsqrwym.enterprise.ui.screens.products.ProductsListScreenKt$ProductsListScreen$5$6$1: loaded 6 times (x 131B)
Class org.dsqrwym.enterprise.ui.screens.products.ProductsListScreenKt$ProductsListScreen$5$1$1: loaded 6 times (x 131B)
Class org.dsqrwym.enterprise.ui.screens.products.ProductsListScreenKt$ProductsListScreen$5$3$1: loaded 6 times (x 131B)
Class org.dsqrwym.shared.ui.overlay.OverlayHostKt                                     : loaded 2 times (x 73B)
Class org.dsqrwym.shared.ui.overlay.OverlayState                                      : loaded 2 times (x 74B)

---------------  S Y S T E M  ---------------

OS:
 Windows 11 , 64 bit Build 26100 (10.0.26100.8246)
OS uptime: 12 days 3:12 hours
Hyper-V role detected

CPU: total 12 (initial active 12) (12 cores per cpu, 2 threads per core) family 25 model 80 stepping 0 microcode 0xa500014, cx8, cmov, fxsr, ht, mmx, 3dnowpref, sse, sse2, sse3, ssse3, sse4a, sse4.1, sse4.2, popcnt, lzcnt, tsc, tscinvbit, avx, avx2, aes, erms, clmul, bmi1, bmi2, adx, sha, fma, vzeroupper, clflush, clflushopt, clwb, hv, rdtscp, rdpid, fsrm, f16c, cet_ss
Processor Information for the first 12 processors :
  Max Mhz: 2000, Current Mhz: 2000, Mhz Limit: 2000

Memory: 4k page, system-wide physical 15681M (1351M free)
TotalPageFile size 45501M (AvailPageFile size 10218M)
current process WorkingSet (physical memory assigned to process): 556M, peak: 883M
current process commit charge ("private bytes"): 1328M, peak: 1361M

vm_info: OpenJDK 64-Bit Server VM (25.0.2+1-b329.117) for windows-amd64 JRE (25.0.2+1-b329.117), built on 2026-04-20 with MS VC++ 17.14 (VS2022)

END.
