#
# A fatal error has been detected by the Java Runtime Environment:
#
#  Internal Error (os_windows_x86.cpp:97), pid=66552, tid=55532
#  guarantee(result == EXCEPTION_CONTINUE_EXECUTION) failed: Unexpected result from topLevelExceptionFilter
#
# JRE version: OpenJDK Runtime Environment JBR-25.0.2+1-329.72-jcef (25.0.2+1) (build 25.0.2+1-b329.72)
# Java VM: OpenJDK 64-Bit Server VM JBR-25.0.2+1-329.72-jcef (25.0.2+1-b329.72, mixed mode, sharing, tiered, compressed oops, compressed class ptrs, g1 gc, windows-amd64)
# Problematic frame:
# V  [jvm.dll+0x7c0415]
#
# No core dump will be written. Minidumps are not enabled by default on client versions of Windows
#
# If you would like to submit a bug report, please visit:
#   https://youtrack.jetbrains.com/issues/JBR
# The crash happened outside the Java Virtual Machine in native code.
# See problematic frame for where to report the bug.
#

---------------  S U M M A R Y ------------

Command Line: -Dcompose.reload.argfile=D:\yuzha\Proyecto_final\Proyecto\Frontend\Maian\enterprise\build\run\desktopMain\desktopMain.argfile -Dcompose.reload.build.continuous=false -Dcompose.reload.build.warmup=true -Dcompose.reload.buildSystem=Gradle -Dcompose.reload.devToolsAnimationsEnabled=true -Dcompose.reload.devToolsClasspath=D:\Gradle\caches\modules-2\files-2.1\org.jetbrains.compose.hot-reload\hot-reload-devtools\1.0.0\8cf7f8a3e0c5ca40edcd31621bb2c54637dad97f\hot-reload-devtools-1.0.0.jar;D:\Gradle\caches\modules-2\files-2.1\org.jetbrains.compose.hot-reload\hot-reload-devtools-api\1.0.0\6f078e0689bb84d71ff62bdb898addec7b9e0c7d\hot-reload-devtools-api-1.0.0.jar;D:\Gradle\caches\modules-2\files-2.1\org.jetbrains.compose.hot-reload\hot-reload-orchestration\1.0.0\c84a13f251d2ba726bffe77f47f2a37fba14d3a\hot-reload-orchestration-1.0.0.jar;D:\Gradle\caches\modules-2\files-2.1\org.jetbrains.compose.hot-reload\hot-reload-core\1.0.0\b9e821084415adea5d981fb5a22a57ad94614fe1\hot-reload-core-1.0.0.jar;D:\Gradle\caches\modules-2\files-2.1\org.jetbrains.compose.hot-reload\hot-reload-runtime-api-jvm\1.0.0\b4c35542b0fe4f3743939f0e7a19739df369fa2e\hot-reload-runtime-api-jvm-1.0.0.jar;D:\Gradle\caches\modules-2\files-2.1\org.jetbrains.compose.desktop\desktop-jvm\1.9.0\760a7f1c3278719f2ab9fa443228956e64a7a18e\desktop-jvm-1.9.0.jar;D:\Gradle\caches\modules-2\files-2.1\org.jetbrains.compose.components\components-resources-desktop\1.9.0\263d44e856cb89a759959eec68dafae6d1931110\library-desktop-1.9.0.jar;D:\Gradle\caches\modules-2\files-2.1\io.sellmair\evas-compose-jvm\1.3.0\1214dcce9040d1b9f856b02b443cf8c2ebe1573a\evas-compose-jvm-1.3.0.jar;D:\Gradle\caches\modules-2\files-2.1\io.sellmair\evas-jvm\1.3.0\74c1f6c46502ffda615a698c02b3166fc7e9b2b2\evas-jvm-1.3.0.jar;D:\Gradle\caches\modules-2\files-2.1\org.jetbrains.skiko\skiko-awt-runtime-windows-x64\0.9.22.2\fe554a74845abbd5710ef36d27421c470bbd996f\skiko-awt-runtime-windows-x64-0.9.22.2.jar;D:\Gradle\caches\modules-2\files-2.1\org.jetbrains.compose.material3\material3-desktop\1.8.2\1f1f838506ceb2c25499517559f120517770b014\material3-desktop-1.8.2.jar;D:\Gradle\caches\modules-2\files-2.1\org.jetbrains.compose.material\material-desktop\1.9.0\67e948eefe3e565d3be2ddf0918a12f676537b0d\material-desktop-1.9.0.jar;D:\Gradle\caches\modu-Dcompose.reload.devToolsDetached=false -Dcompose.reload.devToolsEnabled=true -Dcompose.reload.devToolsHeadless=false -Dcompose.reload.devToolsTransparencyEnabled=true -Dcompose.reload.dirtyResolveDepthLimit=5 -Dcompose.reload.effectsEnabled=true -Dcompose.reload.isActive=true -Dcompose.reload.launchMode=GradleBlocking -Dcompose.reload.logLevel=Info -Dcompose.reload.logStdout=false -Dcompose.reload.mainClass=org.dsqrwym.enterprise.MainKt -Dcompose.reload.pidFile=D:\yuzha\Proyecto_final\Proyecto\Frontend\Maian\enterprise\build\run\desktopMain\desktopMain.pid -Dcompose.reload.virtualMethodResolveEnabled=true -Dgradle.build.project=:enterprise -Dgradle.build.root=D:\yuzha\Proyecto_final\Proyecto\Frontend\Maian -Dgradle.build.task=hotReloadDesktopMain -Dorg.gradle.java.home=C:\Program Files\Eclipse Adoptium\jdk-21.0.6.7-hotspot -XX:+IgnoreUnrecognizedVMOptions -XX:+AllowEnhancedClassRedefinition -javaagent:D:\Gradle\caches\modules-2\files-2.1\org.jetbrains.compose.hot-reload\hot-reload-agent\1.0.0\b51a332b8899c060187ace065fef8c8eb62acfcc\hot-reload-agent-1.0.0.jar -Dfile.encoding=UTF-8 -Duser.country=CN -Duser.language=zh -Duser.variant org.dsqrwym.enterprise.MainKt

Host: AMD Ryzen 5 7530U with Radeon Graphics         , 12 cores, 15G,  Windows 11 , 64 bit Build 26100 (10.0.26100.7920)
Time: Wed Apr  8 23:18:53 2026 elapsed time: 350.902878 seconds (0d 0h 5m 50s)

---------------  T H R E A D  ---------------

Current thread (0x000001607a5cbb00):  JavaThread "AWT-EventQueue-0"        [_thread_in_native, id=55532, stack(0x00000057e6900000,0x00000057e6a00000) (1024K)]

Stack: [0x00000057e6900000,0x00000057e6a00000],  sp=0x00000057e69f9b00,  free space=998k
Native frames: (J=compiled Java code, j=interpreted, Vv=VM code, C=native code)
V  [jvm.dll+0x7c0415]  (no source info available)
C  [ntdll.dll+0x1661cf]  (no source info available)
C  [ntdll.dll+0x123a7]  (no source info available)
C  [ntdll.dll+0x165b0e]  (no source info available)
C  [libcef.dll+0x757ffb1]  (no source info available)
C  [libcef.dll+0x1637303]  (no source info available)
C  [libcef.dll+0x757ffc9]  (no source info available)
C  [libcef.dll+0x28be7e]  (no source info available)
C  [libcef.dll+0x2334a8]  (no source info available)
C  [libcef.dll+0x286def]  (no source info available)
C  [jcef.dll+0x68ea8]  (no source info available)
C  [jcef.dll+0x183fd]  (no source info available)
C  0x00000160650ecfa3  (no source info available)

The last pc belongs to native method entry point (kind = native) (printed below).
Java frames: (J=compiled Java code, j=interpreted, Vv=VM code)
j  org.cef.browser.CefRequestContext_N.N_CreateContext(Lorg/cef/handler/CefRequestContextHandler;)Lorg/cef/browser/CefRequestContext_N;+0 jcef
j  org.cef.browser.CefRequestContext_N.createNative(Lorg/cef/handler/CefRequestContextHandler;)Lorg/cef/browser/CefRequestContext_N;+3 jcef
j  org.cef.browser.CefRequestContext.createContext(Lorg/cef/handler/CefRequestContextHandler;)Lorg/cef/browser/CefRequestContext;+16 jcef
j  com.multiplatform.webview.web.CefRequestExtKt.createModifiedRequestContext(Lcom/multiplatform/webview/setting/WebSettings;)Lorg/cef/browser/CefRequestContext;+12
j  com.multiplatform.webview.web.WebViewFactoryParam.getRequestContext()Lorg/cef/browser/CefRequestContext;+11
j  com.multiplatform.webview.web.WebView_desktopKt.defaultWebViewFactory(Lcom/multiplatform/webview/web/WebViewFactoryParam;)Ldev/datlag/kcef/KCEFBrowser;+112
j  com.multiplatform.webview.web.WebViewKt$WebView$9$1.invoke(Lcom/multiplatform/webview/web/WebViewFactoryParam;)Ldev/datlag/kcef/KCEFBrowser;+7
j  com.multiplatform.webview.web.WebViewKt$WebView$9$1.invoke(Ljava/lang/Object;)Ljava/lang/Object;+5
j  com.multiplatform.webview.web.WebView_desktopKt.DesktopWebView(Lcom/multiplatform/webview/web/WebViewState;Landroidx/compose/ui/Modifier;Lcom/multiplatform/webview/web/WebViewNavigator;Lcom/multiplatform/webview/jsbridge/WebViewJsBridge;Lkotlin/jvm/functions/Function1;Lkotlin/jvm/functions/Function1;Lkotlin/jvm/functions/Function1;Landroidx/compose/runtime/Composer;I)V+772
j  com.multiplatform.webview.web.WebView_desktopKt.ActualWebView(Lcom/multiplatform/webview/web/WebViewState;Landroidx/compose/ui/Modifier;ZLcom/multiplatform/webview/web/WebViewNavigator;Lcom/multiplatform/webview/jsbridge/WebViewJsBridge;Lkotlin/jvm/functions/Function1;Lkotlin/jvm/functions/Function1;Lcom/multiplatform/webview/web/PlatformWebViewParams;Lkotlin/jvm/functions/Function1;Landroidx/compose/runtime/Composer;II)V+881
j  com.multiplatform.webview.web.WebViewKt.WebView(Lcom/multiplatform/webview/web/WebViewState;Landroidx/compose/ui/Modifier;ZLcom/multiplatform/webview/web/WebViewNavigator;Lcom/multiplatform/webview/jsbridge/WebViewJsBridge;Lkotlin/jvm/functions/Function1;Lkotlin/jvm/functions/Function1;Lcom/multiplatform/webview/web/PlatformWebViewParams;Lkotlin/jvm/functions/Function1;Landroidx/compose/runtime/Composer;II)V+1579
j  com.multiplatform.webview.web.WebViewKt.WebView(Lcom/multiplatform/webview/web/WebViewState;Landroidx/compose/ui/Modifier;ZLcom/multiplatform/webview/web/WebViewNavigator;Lcom/multiplatform/webview/jsbridge/WebViewJsBridge;Lkotlin/jvm/functions/Function0;Lkotlin/jvm/functions/Function0;Lcom/multiplatform/webview/web/PlatformWebViewParams;Landroidx/compose/runtime/Composer;II)V+1082
j  org.dsqrwym.shared.ui.components.SharedWebViewerKt.MyWebView$lambda$2(Lcom/multiplatform/webview/web/WebViewState;Landroidx/compose/runtime/Composer;I)Lkotlin/Unit;+74
j  org.dsqrwym.shared.ui.components.SharedWebViewerKt$$Lambda+0x000000009495c800.invoke(Ljava/lang/Object;Ljava/lang/Object;)Ljava/lang/Object;+15
J 24389 c2 androidx.compose.runtime.internal.ComposableLambdaImpl.invoke(Landroidx/compose/runtime/Composer;I)Ljava/lang/Object; (104 bytes) @ 0x00000160657b9f44 [0x00000160657b9d80+0x00000000000001c4]
J 24557 c2 androidx.compose.runtime.internal.ComposableLambdaImpl.invoke(Ljava/lang/Object;Ljava/lang/Object;)Ljava/lang/Object; (16 bytes) @ 0x000001606570ded0 [0x000001606570de80+0x0000000000000050]
j  org.dsqrwym.shared.ui.components.containers.ProgressIndicatorScaffoldKt.ProgressIndicatorScaffold-3IgeMak(ZJLkotlin/jvm/functions/Function2;Landroidx/compose/runtime/Composer;II)V+689
j  org.dsqrwym.shared.ui.components.SharedWebViewerKt.MyWebView(Ljava/lang/String;Lkotlin/jvm/functions/Function1;Landroidx/compose/runtime/Composer;II)V+433
j  org.dsqrwym.shared.ui.screens.AgreementScreenKt.AgreementScreen(Landroidx/compose/ui/Modifier;Ljava/lang/String;Lkotlin/jvm/functions/Function1;Lkotlin/jvm/functions/Function0;Landroidx/compose/runtime/Composer;II)V+1006
j  org.dsqrwym.enterprise.navigation.naventry.AuthNavEntryKt.authNavEntry$lambda$18(Lorg/dsqrwym/shared/ui/viewmodels/navigation/SharedNavigationState;Lorg/dsqrwym/shared/navigation/SharedUserAgreement;Landroidx/compose/runtime/Composer;I)Lkotlin/Unit;+267
j  org.dsqrwym.enterprise.navigation.naventry.AuthNavEntryKt$$Lambda+0x00000000949104c0.invoke(Ljava/lang/Object;Ljava/lang/Object;Ljava/lang/Object;)Ljava/lang/Object;+19
J 29647 c2 androidx.compose.runtime.internal.ComposableLambdaImpl.invoke(Ljava/lang/Object;Landroidx/compose/runtime/Composer;I)Ljava/lang/Object; (107 bytes) @ 0x000001606574a650 [0x000001606574a480+0x00000000000001d0]
J 29756 c2 androidx.compose.runtime.internal.ComposableLambdaImpl.invoke(Ljava/lang/Object;Ljava/lang/Object;Ljava/lang/Object;)Ljava/lang/Object; (17 bytes) @ 0x0000016065ab8ecc [0x0000016065ab8e80+0x000000000000004c]
J 29755 c1 androidx.navigation3.runtime.NavEntry.Content(Landroidx/compose/runtime/Composer;I)V (145 bytes) @ 0x000001605f06016c [0x000001605f05f480+0x0000000000000cec]
j  androidx.lifecycle.viewmodel.navigation3.ViewModelStoreNavEntryDecorator._init_$lambda$1$1(Landroidx/navigation3/runtime/NavEntry;Landroidx/compose/runtime/Composer;I)Lkotlin/Unit;+50
j  androidx.lifecycle.viewmodel.navigation3.ViewModelStoreNavEntryDecorator$$Lambda+0x00000000944a3738.invoke(Ljava/lang/Object;Ljava/lang/Object;)Ljava/lang/Object;+15
J 24389 c2 androidx.compose.runtime.internal.ComposableLambdaImpl.invoke(Landroidx/compose/runtime/Composer;I)Ljava/lang/Object; (104 bytes) @ 0x00000160657b9f44 [0x00000160657b9d80+0x00000000000001c4]
J 24557 c2 androidx.compose.runtime.internal.ComposableLambdaImpl.invoke(Ljava/lang/Object;Ljava/lang/Object;)Ljava/lang/Object; (16 bytes) @ 0x000001606570ded0 [0x000001606570de80+0x0000000000000050]
J 24537 c1 androidx.compose.runtime.CompositionLocalKt.CompositionLocalProvider(Landroidx/compose/runtime/ProvidedValue;Lkotlin/jvm/functions/Function2;Landroidx/compose/runtime/Composer;I)V (102 bytes) @ 0x000001605e28a904 [0x000001605e289f80+0x0000000000000984]
j  androidx.lifecycle.viewmodel.navigation3.ViewModelStoreNavEntryDecorator._init_$lambda$1(Landroidx/lifecycle/ViewModelStore;Landroidx/navigation3/runtime/NavEntry;Landroidx/compose/runtime/Composer;I)Lkotlin/Unit;+272
j  androidx.lifecycle.viewmodel.navigation3.ViewModelStoreNavEntryDecorator$$Lambda+0x0000000094485050.invoke(Ljava/lang/Object;Ljava/lang/Object;Ljava/lang/Object;)Ljava/lang/Object;+19
J 29647 c2 androidx.compose.runtime.internal.ComposableLambdaImpl.invoke(Ljava/lang/Object;Landroidx/compose/runtime/Composer;I)Ljava/lang/Object; (107 bytes) @ 0x000001606574a650 [0x000001606574a480+0x00000000000001d0]
J 29756 c2 androidx.compose.runtime.internal.ComposableLambdaImpl.invoke(Ljava/lang/Object;Ljava/lang/Object;Ljava/lang/Object;)Ljava/lang/Object; (17 bytes) @ 0x0000016065ab8ecc [0x0000016065ab8e80+0x000000000000004c]
j  androidx.navigation3.runtime.DecoratedNavEntriesKt.decorateEntry$lambda$1$1$0(Landroidx/navigation3/runtime/NavEntryDecorator;Landroidx/navigation3/runtime/NavEntry;Ljava/lang/Object;Landroidx/compose/runtime/Composer;I)Lkotlin/Unit;+63
j  androidx.navigation3.runtime.DecoratedNavEntriesKt$$Lambda+0x000000009449e360.invoke(Ljava/lang/Object;Ljava/lang/Object;Ljava/lang/Object;)Ljava/lang/Object;+20
J 29647 c2 androidx.compose.runtime.internal.ComposableLambdaImpl.invoke(Ljava/lang/Object;Landroidx/compose/runtime/Composer;I)Ljava/lang/Object; (107 bytes) @ 0x000001606574a650 [0x000001606574a480+0x00000000000001d0]
J 29756 c2 androidx.compose.runtime.internal.ComposableLambdaImpl.invoke(Ljava/lang/Object;Ljava/lang/Object;Ljava/lang/Object;)Ljava/lang/Object; (17 bytes) @ 0x0000016065ab8ecc [0x0000016065ab8e80+0x000000000000004c]
J 29755 c1 androidx.navigation3.runtime.NavEntry.Content(Landroidx/compose/runtime/Composer;I)V (145 bytes) @ 0x000001605f06016c [0x000001605f05f480+0x0000000000000cec]
j  androidx.navigation3.runtime.SaveableStateHolderNavEntryDecorator._init_$lambda$1$0(Landroidx/navigation3/runtime/NavEntry;Landroidx/compose/runtime/Composer;I)Lkotlin/Unit;+48
j  androidx.navigation3.runtime.SaveableStateHolderNavEntryDecorator$$Lambda+0x00000000944a6ab8.invoke(Ljava/lang/Object;Ljava/lang/Object;)Ljava/lang/Object;+15
J 24389 c2 androidx.compose.runtime.internal.ComposableLambdaImpl.invoke(Landroidx/compose/runtime/Composer;I)Ljava/lang/Object; (104 bytes) @ 0x00000160657b9f44 [0x00000160657b9d80+0x00000000000001c4]
J 24557 c2 androidx.compose.runtime.internal.ComposableLambdaImpl.invoke(Ljava/lang/Object;Ljava/lang/Object;)Ljava/lang/Object; (16 bytes) @ 0x000001606570ded0 [0x000001606570de80+0x0000000000000050]
J 29485 c1 androidx.compose.runtime.CompositionLocalKt.CompositionLocalProvider([Landroidx/compose/runtime/ProvidedValue;Lkotlin/jvm/functions/Function2;Landroidx/compose/runtime/Composer;I)V (102 bytes) @ 0x000001605e835c04 [0x000001605e835280+0x0000000000000984]
J 25509 c1 androidx.compose.runtime.saveable.SaveableStateHolderImpl.SaveableStateProvider(Ljava/lang/Object;Lkotlin/jvm/functions/Function2;Landroidx/compose/runtime/Composer;I)V (612 bytes) @ 0x000001605ddeba24 [0x000001605dde9180+0x00000000000028a4]
j  androidx.navigation3.runtime.SaveableStateHolderNavEntryDecorator._init_$lambda$1(Landroidx/compose/runtime/saveable/SaveableStateHolder;Landroidx/navigation3/runtime/NavEntry;Landroidx/compose/runtime/Composer;I)Lkotlin/Unit;+106
j  androidx.navigation3.runtime.SaveableStateHolderNavEntryDecorator$$Lambda+0x000000009447f6e0.invoke(Ljava/lang/Object;Ljava/lang/Object;Ljava/lang/Object;)Ljava/lang/Object;+19
J 29647 c2 androidx.compose.runtime.internal.ComposableLambdaImpl.invoke(Ljava/lang/Object;Landroidx/compose/runtime/Composer;I)Ljava/lang/Object; (107 bytes) @ 0x000001606574a650 [0x000001606574a480+0x00000000000001d0]
J 29756 c2 androidx.compose.runtime.internal.ComposableLambdaImpl.invoke(Ljava/lang/Object;Ljava/lang/Object;Ljava/lang/Object;)Ljava/lang/Object; (17 bytes) @ 0x0000016065ab8ecc [0x0000016065ab8e80+0x000000000000004c]
j  androidx.navigation3.runtime.DecoratedNavEntriesKt.decorateEntry$lambda$1$1$0(Landroidx/navigation3/runtime/NavEntryDecorator;Landroidx/navigation3/runtime/NavEntry;Ljava/lang/Object;Landroidx/compose/runtime/Composer;I)Lkotlin/Unit;+63
j  androidx.navigation3.runtime.DecoratedNavEntriesKt$$Lambda+0x000000009449e360.invoke(Ljava/lang/Object;Ljava/lang/Object;Ljava/lang/Object;)Ljava/lang/Object;+20
J 29647 c2 androidx.compose.runtime.internal.ComposableLambdaImpl.invoke(Ljava/lang/Object;Landroidx/compose/runtime/Composer;I)Ljava/lang/Object; (107 bytes) @ 0x000001606574a650 [0x000001606574a480+0x00000000000001d0]
J 29756 c2 androidx.compose.runtime.internal.ComposableLambdaImpl.invoke(Ljava/lang/Object;Ljava/lang/Object;Ljava/lang/Object;)Ljava/lang/Object; (17 bytes) @ 0x0000016065ab8ecc [0x0000016065ab8e80+0x000000000000004c]
J 29755 c1 androidx.navigation3.runtime.NavEntry.Content(Landroidx/compose/runtime/Composer;I)V (145 bytes) @ 0x000001605f06016c [0x000001605f05f480+0x0000000000000cec]
j  androidx.navigation3.runtime.DecoratedNavEntriesKt.decorateEntry$lambda$1(Ljava/util/Set;Ljava/lang/Object;Ljava/util/Set;Landroidx/compose/runtime/State;Ljava/util/List;Landroidx/navigation3/runtime/NavEntry;Ljava/lang/Object;Landroidx/compose/runtime/Composer;I)Lkotlin/Unit;+341
j  androidx.navigation3.runtime.DecoratedNavEntriesKt$$Lambda+0x0000000094488248.invoke(Ljava/lang/Object;Ljava/lang/Object;Ljava/lang/Object;)Ljava/lang/Object;+36
J 29647 c2 androidx.compose.runtime.internal.ComposableLambdaImpl.invoke(Ljava/lang/Object;Landroidx/compose/runtime/Composer;I)Ljava/lang/Object; (107 bytes) @ 0x000001606574a650 [0x000001606574a480+0x00000000000001d0]
J 29756 c2 androidx.compose.runtime.internal.ComposableLambdaImpl.invoke(Ljava/lang/Object;Ljava/lang/Object;Ljava/lang/Object;)Ljava/lang/Object; (17 bytes) @ 0x0000016065ab8ecc [0x0000016065ab8e80+0x000000000000004c]
J 29755 c1 androidx.navigation3.runtime.NavEntry.Content(Landroidx/compose/runtime/Composer;I)V (145 bytes) @ 0x000001605f06016c [0x000001605f05f480+0x0000000000000cec]
j  androidx.navigation3.scene.BackStackAwareLifecycleNavEntryDecoratorKt.rememberBackStackAwareLifecycleNavEntryDecorator$lambda$1$1(Landroidx/navigation3/runtime/NavEntry;Landroidx/compose/runtime/Composer;I)Lkotlin/Unit;+48
j  androidx.navigation3.scene.BackStackAwareLifecycleNavEntryDecoratorKt$$Lambda+0x00000000944a6850.invoke(Ljava/lang/Object;Ljava/lang/Object;)Ljava/lang/Object;+15
J 24389 c2 androidx.compose.runtime.internal.ComposableLambdaImpl.invoke(Landroidx/compose/runtime/Composer;I)Ljava/lang/Object; (104 bytes) @ 0x00000160657b9f44 [0x00000160657b9d80+0x00000000000001c4]
J 24557 c2 androidx.compose.runtime.internal.ComposableLambdaImpl.invoke(Ljava/lang/Object;Ljava/lang/Object;)Ljava/lang/Object; (16 bytes) @ 0x000001606570ded0 [0x000001606570de80+0x0000000000000050]
J 24537 c1 androidx.compose.runtime.CompositionLocalKt.CompositionLocalProvider(Landroidx/compose/runtime/ProvidedValue;Lkotlin/jvm/functions/Function2;Landroidx/compose/runtime/Composer;I)V (102 bytes) @ 0x000001605e28a904 [0x000001605e289f80+0x0000000000000984]
j  androidx.navigation3.scene.BackStackAwareLifecycleNavEntryDecoratorKt.rememberBackStackAwareLifecycleNavEntryDecorator$lambda$1(Landroidx/compose/runtime/State;Landroidx/navigation3/runtime/NavEntry;Landroidx/compose/runtime/Composer;I)Lkotlin/Unit;+252
j  androidx.navigation3.scene.BackStackAwareLifecycleNavEntryDecoratorKt$$Lambda+0x0000000094489770.invoke(Ljava/lang/Object;Ljava/lang/Object;Ljava/lang/Object;)Ljava/lang/Object;+19
J 29647 c2 androidx.compose.runtime.internal.ComposableLambdaImpl.invoke(Ljava/lang/Object;Landroidx/compose/runtime/Composer;I)Ljava/lang/Object; (107 bytes) @ 0x000001606574a650 [0x000001606574a480+0x00000000000001d0]
J 29756 c2 androidx.compose.runtime.internal.ComposableLambdaImpl.invoke(Ljava/lang/Object;Ljava/lang/Object;Ljava/lang/Object;)Ljava/lang/Object; (17 bytes) @ 0x0000016065ab8ecc [0x0000016065ab8e80+0x000000000000004c]
j  androidx.navigation3.runtime.DecoratedNavEntriesKt.decorateEntry$lambda$1$1$0(Landroidx/navigation3/runtime/NavEntryDecorator;Landroidx/navigation3/runtime/NavEntry;Ljava/lang/Object;Landroidx/compose/runtime/Composer;I)Lkotlin/Unit;+63
j  androidx.navigation3.runtime.DecoratedNavEntriesKt$$Lambda+0x000000009449e360.invoke(Ljava/lang/Object;Ljava/lang/Object;Ljava/lang/Object;)Ljava/lang/Object;+20
J 29647 c2 androidx.compose.runtime.internal.ComposableLambdaImpl.invoke(Ljava/lang/Object;Landroidx/compose/runtime/Composer;I)Ljava/lang/Object; (107 bytes) @ 0x000001606574a650 [0x000001606574a480+0x00000000000001d0]
J 29756 c2 androidx.compose.runtime.internal.ComposableLambdaImpl.invoke(Ljava/lang/Object;Ljava/lang/Object;Ljava/lang/Object;)Ljava/lang/Object; (17 bytes) @ 0x0000016065ab8ecc [0x0000016065ab8e80+0x000000000000004c]
J 29755 c1 androidx.navigation3.runtime.NavEntry.Content(Landroidx/compose/runtime/Composer;I)V (145 bytes) @ 0x000001605f06016c [0x000001605f05f480+0x0000000000000cec]
j  androidx.navigation3.scene.SceneSetupNavEntryDecorator._init_$lambda$1$1(Landroidx/navigation3/runtime/NavEntry;Landroidx/compose/runtime/Composer;I)Lkotlin/Unit;+48
j  androidx.navigation3.scene.SceneSetupNavEntryDecorator$$Lambda+0x000000009449ef20.invoke(Ljava/lang/Object;Ljava/lang/Object;)Ljava/lang/Object;+15
J 24389 c2 androidx.compose.runtime.internal.ComposableLambdaImpl.invoke(Landroidx/compose/runtime/Composer;I)Ljava/lang/Object; (104 bytes) @ 0x00000160657b9f44 [0x00000160657b9d80+0x00000000000001c4]
J 24557 c2 androidx.compose.runtime.internal.ComposableLambdaImpl.invoke(Ljava/lang/Object;Ljava/lang/Object;)Ljava/lang/Object; (16 bytes) @ 0x000001606570ded0 [0x000001606570de80+0x0000000000000050]
j  androidx.navigation3.scene.ComposableSingletons$SceneSetupNavEntryDecoratorKt.lambda__51699941$lambda$0(Lkotlin/jvm/functions/Function2;Landroidx/compose/runtime/Composer;I)Lkotlin/Unit;+83
j  androidx.navigation3.scene.ComposableSingletons$SceneSetupNavEntryDecoratorKt$$Lambda+0x000000009449e810.invoke(Ljava/lang/Object;Ljava/lang/Object;Ljava/lang/Object;)Ljava/lang/Object;+15
J 29647 c2 androidx.compose.runtime.internal.ComposableLambdaImpl.invoke(Ljava/lang/Object;Landroidx/compose/runtime/Composer;I)Ljava/lang/Object; (107 bytes) @ 0x000001606574a650 [0x000001606574a480+0x00000000000001d0]
J 29756 c2 androidx.compose.runtime.internal.ComposableLambdaImpl.invoke(Ljava/lang/Object;Ljava/lang/Object;Ljava/lang/Object;)Ljava/lang/Object; (17 bytes) @ 0x0000016065ab8ecc [0x0000016065ab8e80+0x000000000000004c]
j  androidx.compose.runtime.ComposerImpl.invokeMovableContentLambda$lambda$0(Landroidx/compose/runtime/MovableContent;Ljava/lang/Object;Landroidx/compose/runtime/Composer;I)Lkotlin/Unit;+58
j  androidx.compose.runtime.ComposerImpl$$Lambda+0x00000000944a6138.invoke(Ljava/lang/Object;Ljava/lang/Object;)Ljava/lang/Object;+19
J 24389 c2 androidx.compose.runtime.internal.ComposableLambdaImpl.invoke(Landroidx/compose/runtime/Composer;I)Ljava/lang/Object; (104 bytes) @ 0x00000160657b9f44 [0x00000160657b9d80+0x00000000000001c4]
J 24557 c2 androidx.compose.runtime.internal.ComposableLambdaImpl.invoke(Ljava/lang/Object;Ljava/lang/Object;)Ljava/lang/Object; (16 bytes) @ 0x000001606570ded0 [0x000001606570de80+0x0000000000000050]
j  androidx.compose.runtime.internal.Expect_jvmKt.invokeComposable(Landroidx/compose/runtime/Composer;Lkotlin/jvm/functions/Function2;)V+21
j  androidx.compose.runtime.ComposerImpl.invokeMovableContentLambda(Landroidx/compose/runtime/MovableContent;Landroidx/compose/runtime/PersistentCompositionLocalMap;Ljava/lang/Object;Z)V+251
j  androidx.compose.runtime.ComposerImpl.insertMovableContentGuarded$lambda$0$0$0$0(Landroidx/compose/runtime/ComposerImpl;Landroidx/compose/runtime/changelist/ChangeList;Landroidx/compose/runtime/SlotReader;Landroidx/compose/runtime/MovableContentStateReference;)Lkotlin/Unit;+123
j  androidx.compose.runtime.ComposerImpl$$Lambda+0x00000000944a5ed0.invoke()Ljava/lang/Object;+16
j  androidx.compose.runtime.ComposerImpl.recomposeMovableContent(Landroidx/compose/runtime/ControlledComposition;Landroidx/compose/runtime/ControlledComposition;Ljava/lang/Integer;Ljava/util/List;Lkotlin/jvm/functions/Function0;)Ljava/lang/Object;+156
j  androidx.compose.runtime.ComposerImpl.recomposeMovableContent$default(Landroidx/compose/runtime/ComposerImpl;Landroidx/compose/runtime/ControlledComposition;Landroidx/compose/runtime/ControlledComposition;Ljava/lang/Integer;Ljava/util/List;Lkotlin/jvm/functions/Function0;ILjava/lang/Object;)Ljava/lang/Object;+48
j  androidx.compose.runtime.ComposerImpl.insertMovableContentGuarded(Ljava/util/List;)V+247
j  androidx.compose.runtime.ComposerImpl.insertMovableContentReferences(Ljava/util/List;)V+5
j  androidx.compose.runtime.CompositionImpl.insertMovableContent(Ljava/util/List;)V+140
j  androidx.compose.runtime.Recomposer.performInsertValues(Ljava/util/List;Landroidx/collection/MutableScatterSet;)Ljava/util/List;+1394
j  androidx.compose.runtime.Recomposer.access$performInsertValues(Landroidx/compose/runtime/Recomposer;Ljava/util/List;Landroidx/collection/MutableScatterSet;)Ljava/util/List;+3
J 29598 c2 androidx.compose.runtime.Recomposer$runRecomposeAndApplyChanges$2.invokeSuspend$lambda$2(Landroidx/compose/runtime/Recomposer;Landroidx/collection/MutableScatterSet;Landroidx/collection/MutableScatterSet;Ljava/util/List;Ljava/util/List;Landroidx/collection/MutableScatterSet;Ljava/util/List;Landroidx/collection/MutableScatterSet;Ljava/util/Set;J)Lkotlin/Unit; (2016 bytes) @ 0x0000016065b7c168 [0x0000016065b79100+0x0000000000003068]
J 17736 c1 androidx.compose.runtime.Recomposer$runRecomposeAndApplyChanges$2$$Lambda+0x0000000094399610.invoke(Ljava/lang/Object;)Ljava/lang/Object; (47 bytes) @ 0x000001605ee02f64 [0x000001605ee02d80+0x00000000000001e4]
J 16904 c2 androidx.compose.runtime.BroadcastFrameClock$$Lambda+0x000000009439f368.invoke(Ljava/lang/Object;)Ljava/lang/Object; (12 bytes) @ 0x0000016065d9d87c [0x0000016065d9d780+0x00000000000000fc]
J 29795 c2 org.jetbrains.skiko.SkiaLayer.update$skiko(J)V (335 bytes) @ 0x0000016065be5e04 [0x0000016065be4da0+0x0000000000001064]
J 17265 c2 org.jetbrains.skiko.FrameDispatcher$job$1.invokeSuspend(Ljava/lang/Object;)Ljava/lang/Object; (204 bytes) @ 0x0000016065df44c0 [0x0000016065df4180+0x0000000000000340]
J 16405 c2 kotlin.coroutines.jvm.internal.BaseContinuationImpl.resumeWith(Ljava/lang/Object;)V (124 bytes) @ 0x0000016065c30a84 [0x0000016065c30a00+0x0000000000000084]
J 23952 c2 kotlinx.coroutines.DispatchedTask.run()V (387 bytes) @ 0x00000160656ff6b4 [0x00000160656ff400+0x00000000000002b4]
J 17633% c2 java.awt.EventDispatchThread.pumpEventsForFilter(ILjava/awt/Conditional;Ljava/awt/EventFilter;)V java.desktop (47 bytes) @ 0x0000016065e2aabc [0x0000016065e2a380+0x000000000000073c]
j  java.awt.EventDispatchThread.pumpEventsForHierarchy(ILjava/awt/Conditional;Ljava/awt/Component;)V+11 java.desktop
j  java.awt.EventDispatchThread.pumpEvents(ILjava/awt/Conditional;)V+4 java.desktop
j  java.awt.EventDispatchThread.pumpEvents(Ljava/awt/Conditional;)V+3 java.desktop
j  java.awt.EventDispatchThread.run()V+18 java.desktop
v  ~StubRoutines::call_stub 0x00000160650e12ed



Registers:
RAX=0x0000016057630000, RBX=0x00000057e69fa7b0, RCX=0x00007ffd7532fdd0, RDX=0x0000000000000061
RSP=0x00000057e69f9b00, RBP=0x00000057e69fa0d0, RSI=0x0000000000000000, RDI=0x0000000000000000
R8 =0x00007ffd7532fd90, R9 =0x00007ffd7532fd60, R10=0x00007ffd74f003d0, R11=0x00000057e69f9b40
R12=0x00000160650ecfa3, R13=0x00000160650e0370, R14=0x00000057e69f9bd0, R15=0x00000057e69fa2c0
RIP=0x00007ffd74f00415, EFLAGS=0x0000000000010213

XMM[0]=0x0000000000000000 0x0000000000000000
XMM[1]=0x0000000000000000 0x0000b78400123000
XMM[2]=0x0000000000000000 0x0000000000000000
XMM[3]=0x0000000000000000 0x0000000000000000
XMM[4]=0x0000000000000000 0x0000000000000000
XMM[5]=0x0000000000000000 0x0000000000000000
XMM[6]=0x0000000000000000 0x00000000e2a5399c
XMM[7]=0x0000000000000000 0x00000000e2abefa3
XMM[8]=0x0000000000000000 0x0000000000020001
XMM[9]=0xc8255af6c8255af6 0xc8255af6e534b858
XMM[10]=0x0000000000000000 0x000000001d0f5d62
XMM[11]=0xf3856378f3856378 0xf3856378d8ba1bd0
XMM[12]=0x0000000000000000 0x00000000e534b858
XMM[13]=0x0000000000000000 0x3faab1232f514a03
XMM[14]=0x0000000000000000 0x4003333333333333
XMM[15]=0x0000000000000000 0x0000000000000000
  MXCSR=0x00001faf


Register to memory mapping:

RAX=0x0000016057630000 points into unknown readable memory: 0x0000000000000058 | 58 00 00 00 00 00 00 00
RBX=0x00000057e69fa7b0 is pointing into the stack for thread: 0x000001607a5cbb00
RCX=0x00007ffd7532fdd0 jvm.dll
RDX=0x0000000000000061 is an unknown value
RSP=0x00000057e69f9b00 is pointing into the stack for thread: 0x000001607a5cbb00
RBP=0x00000057e69fa0d0 is pointing into the stack for thread: 0x000001607a5cbb00
RSI=0x0 is null
RDI=0x0 is null
R8 =0x00007ffd7532fd90 jvm.dll
R9 =0x00007ffd7532fd60 jvm.dll
R10=0x00007ffd74f003d0 jvm.dll
R11=0x00000057e69f9b40 is pointing into the stack for thread: 0x000001607a5cbb00
R12=0x00000160650ecfa3 is at code_begin+963 in an Interpreter codelet
native method entry point (kind = native)  [0x00000160650ecbe0, 0x00000160650ed6b0]  2768 bytes
R13=0x00000160650e0370 is at code_begin+16 in 
[CodeBlob kind:2 (0x00000160650e0308)]
Framesize: 0
BufferBlob (0x00000160650e0308) used for CodeCache Exception Handler
R14=0x00000057e69f9bd0 is pointing into the stack for thread: 0x000001607a5cbb00
R15=0x00000057e69fa2c0 is pointing into the stack for thread: 0x000001607a5cbb00

Top of Stack: (sp=0x00000057e69f9b00)
0x00000057e69f9b00:   0000016000000004 0000005700000004   ....`.......W...
0x00000057e69f9b10:   00000057e69fa7b0 00007ffd7532fd60   ....W...`.2u....
0x00000057e69f9b20:   00000057e69fa7b0 00000057e69fa2c0   ....W.......W...
0x00000057e69f9b30:   00000057e69f9bd0 00007ffe539c61cf   ....W....a.S....
0x00000057e69f9b40:   00000057e69fa2c0 00000057e69f9bd0   ....W.......W...
0x00000057e69f9b50:   00000160650e0370 00000160650ecfa3   p..e`......e`...
0x00000057e69f9b60:   00000057e69fa120 00007ffe538723a7    ...W....#.S....
0x00000057e69f9b70:   00000057e69fa7b0 000001605dbb0000   ....W......]`...
0x00000057e69f9b80:   00000160650ecfa3 00000160650e0370   ...e`...p..e`...
0x00000057e69f9b90:   00000057e69f9bd0 0000000000000000   ....W...........
0x00000057e69f9ba0:   00000057e69fa0e8 00000057e69fa0d8   ....W.......W...
0x00000057e69f9bb0:   00000057e69fa0e0 00000057e69fa178   ....W...x...W...
0x00000057e69f9bc0:   0000000000000001 0000000000000000   ................
0x00000057e69f9bd0:   00000057e69f9e48 00007ffe539890c5   H...W......S....
0x00000057e69f9be0:   00000057e69f9e48 0000000000000000   H...W...........
0x00000057e69f9bf0:   0000000000000008 0000000000000000   ................
0x00000057e69f9c00:   00001faf0010000f 0000000000000033   ........3.......
0x00000057e69f9c10:   00000246002b0000 0000000800000000   ..+.F...........
0x00000057e69f9c20:   0000000000000000 0000000000000008   ................
0x00000057e69f9c30:   00000057e69fa480 0000002700000000   ....W.......'...
0x00000057e69f9c40:   00000057e69f9ed0 0000000000000001   ....W...........
0x00000057e69f9c50:   0000000000000000 0000000000000000   ................
0x00000057e69f9c60:   000001603f674000 00000057e69fb468   .@g?`...h...W...
0x00000057e69f9c70:   00000057e69fb4d8 0000000000000007   ....W...........
0x00000057e69f9c80:   00000007147eff10 0000000000000000   ..~.............
0x00000057e69f9c90:   0000000000000000 0000000000000000   ................
0x00000057e69f9ca0:   0000000000000000 0000000000000000   ................
0x00000057e69f9cb0:   000001603f66ffb8 00000057e69fb4f8   ..f?`.......W...
0x00000057e69f9cc0:   000001607a5cbb00 000001603f674000   ..\z`....@g?`...
0x00000057e69f9cd0:   000000000000027f 0000000000000000   ................
0x00000057e69f9ce0:   0000000000000000 0002ffff00001faf   ................
0x00000057e69f9cf0:   0000000000000000 0000000000000000   ................

Instructions: (pc=0x00007ffd74f00415)
  0x00007ffd74f00315:   e8 e6 10 28 00 e8 b1 3d 1b 00 b8 01 00 00 00 48
  0x00007ffd74f00325:   83 c4 28 c3 80 3d a7 42 66 00 00 74 0b b9 01 00
  0x00007ffd74f00335:   00 00 ff 15 8b 22 2d 00 b8 01 00 00 00 48 83 c4
  0x00007ffd74f00345:   28 c3 cc cc cc cc cc cc cc cc cc 4c 89 44 24 18
  0x00007ffd74f00355:   4c 89 4c 24 20 53 55 56 57 48 83 ec 38 49 8b f0
  0x00007ffd74f00365:   48 8d 6c 24 78 48 8b da 48 8b f9 e8 6b 00 93 ff
  0x00007ffd74f00375:   48 89 6c 24 28 4c 8b ce 4c 8b c3 48 c7 44 24 20
  0x00007ffd74f00385:   00 00 00 00 48 8b d7 48 8b 08 48 83 c9 01 ff 15
  0x00007ffd74f00395:   a7 24 2d 00 85 c0 b9 ff ff ff ff 0f 48 c1 48 83
  0x00007ffd74f003a5:   c4 38 5f 5e 5d 5b c3 cc cc cc cc 48 ff 25 d9 1d
  0x00007ffd74f003b5:   2d 00 cc cc cc cc cc cc cc cc cc e9 fb 24 02 00
  0x00007ffd74f003c5:   cc cc cc cc cc cc cc cc cc cc cc 48 83 ec 38 48
  0x00007ffd74f003d5:   89 4c 24 20 48 8d 4c 24 20 4c 89 44 24 28 e8 98
  0x00007ffd74f003e5:   ec ff ff 83 f8 ff 75 07 33 c0 48 83 c4 38 c3 48
  0x00007ffd74f003f5:   8b 05 75 61 5f 00 4c 8d 0d 5e f9 42 00 4c 8d 05
  0x00007ffd74f00405:   87 f9 42 00 ba 61 00 00 00 48 8d 0d bb f9 42 00
=>0x00007ffd74f00415:   c6 00 58 e8 53 76 b4 ff cc cc cc 40 53 48 83 ec
  0x00007ffd74f00425:   50 48 8b 05 d3 d6 61 00 48 33 c4 48 89 44 24 48
  0x00007ffd74f00435:   33 db 4c 8d 44 24 38 48 8d 15 b5 e0 42 00 48 89
  0x00007ffd74f00445:   5c 24 40 48 c7 c1 02 00 00 80 ff 15 3b 1c 2d 00
  0x00007ffd74f00455:   85 c0 75 5a 48 8b 4c 24 38 48 8d 44 24 30 48 89
  0x00007ffd74f00465:   44 24 28 48 8d 15 59 fc 42 00 48 8d 44 24 40 c7
  0x00007ffd74f00475:   44 24 30 08 00 00 00 45 33 c9 48 89 44 24 20 45
  0x00007ffd74f00485:   33 c0 ff 15 f3 1b 2d 00 85 c0 75 17 8b 44 24 30
  0x00007ffd74f00495:   83 f8 04 75 06 8b 5c 24 40 eb 08 83 f8 08 0f 44
  0x00007ffd74f004a5:   5c 24 44 48 8b 4c 24 38 ff 15 e5 1b 2d 00 8b c3
  0x00007ffd74f004b5:   48 8b 4c 24 48 48 33 cc e8 4e fb 2c 00 48 83 c4
  0x00007ffd74f004c5:   50 5b c3 cc cc cc cc cc cc cc cc 33 c0 c7 41 20
  0x00007ffd74f004d5:   02 00 00 00 48 89 41 08 48 89 01 48 89 41 30 48
  0x00007ffd74f004e5:   89 41 28 48 89 41 10 48 89 41 18 88 41 24 48 8b
  0x00007ffd74f004f5:   c1 c3 cc cc cc cc cc cc cc cc cc 48 8b 05 81 8a
  0x00007ffd74f00505:   69 00 48 ff e0 cc cc cc cc cc cc e9 6b 99 25 00


Stack slot to memory mapping:

stack at sp + 0 slots: 0x0000016000000004 points into unknown readable memory: ef be ad de
stack at sp + 1 slots: 0x0000005700000004 is an unknown value
stack at sp + 2 slots: 0x00000057e69fa7b0 is pointing into the stack for thread: 0x000001607a5cbb00
stack at sp + 3 slots: 0x00007ffd7532fd60 jvm.dll
stack at sp + 4 slots: 0x00000057e69fa7b0 is pointing into the stack for thread: 0x000001607a5cbb00
stack at sp + 5 slots: 0x00000057e69fa2c0 is pointing into the stack for thread: 0x000001607a5cbb00
stack at sp + 6 slots: 0x00000057e69f9bd0 is pointing into the stack for thread: 0x000001607a5cbb00
stack at sp + 7 slots: 0x00007ffe539c61cf ntdll.dll

Lock stack of current Java thread (top to bottom):
LockStack[0]: androidx.compose.runtime.SynchronizedObject 
{0x000000070b43f0a8} - klass: 'androidx/compose/runtime/SynchronizedObject' - flags: 

 - ---- fields (total size 2 words):

native method entry point (kind = native)  [0x00000160650ecbe0, 0x00000160650ed6b0]  2768 bytes
[MachCode]
  0x00000160650ecbe0: 488b 4b08 | 0fb7 492e | 584c 8d74 | ccf8 6800 | 0000 0068 | 0000 0000 | 5055 488b | ec41 5548 
  0x00000160650ecc00: 8b43 084c | 8d68 3848 | 8b40 0868 | 0000 0000 | 5348 8b50 | 1848 8b52 | 7048 8b12 | 5248 8b53 
  0x00000160650ecc20: 1048 85d2 | 7407 4881 | c2d0 0000 | 0052 488b | 5010 5249 | 8bc6 482b | c548 c1e8 | 0350 6800 
  0x00000160650ecc40: 0000 0068 | f7ff ffff | 41c6 87f1 | 0400 0001 | 488b 4310 | 4885 c074 | 208b 8890 | 0000 0083 
  0x00000160650ecc60: c102 8988 | 9000 0000 | 2388 a400 | 0000 0f84 | 8e09 0000 | e9cf 0000 | 0048 8b43 | 1848 85c0 
  0x00000160650ecc80: 0f85 b000 | 0000 e805 | 0000 00e9 | 9900 0000 | 488b d348 | 8d44 2408 | 4c89 6dc0 | 498b cfc5 
  0x00000160650ecca0: f877 4989 | af38 0400 | 0049 8987 | 2804 0000 | 4883 ec20 | 40f6 c40f | 0f84 1900 | 0000 4883 
  0x00000160650eccc0: ec08 48b8 | f00a bc74 | fd7f 0000 | ffd0 4883 | c408 e90c | 0000 0048 | b8f0 0abc | 74fd 7f00 
  0x00000160650ecce0: 00ff d048 | 83c4 2049 | c787 2804 | 0000 0000 | 0000 49c7 | 8738 0400 | 0000 0000 | 0049 c787 
  0x00000160650ecd00: 3004 0000 | 0000 0000 | c5f8 7749 | 837f 0800 | 0f84 0500 | 0000 e9c5 | 44ff ff4c | 8b6d c04c 
  0x00000160650ecd20: 8b75 c84e | 8d74 f500 | c348 8b43 | 1848 85c0 | 0f84 1200 | 0000 8b48 | 0883 c102 | 8948 0823 
  0x00000160650ecd40: 482c 0f84 | ba08 0000 | 493b a770 | 0500 000f | 8748 0000 | 0089 8424 | 00f0 ffff | 8984 2400 
  0x00000160650ecd60: e0ff ff89 | 8424 00d0 | ffff 8984 | 2400 c0ff | ff89 8424 | 00b0 ffff | 8984 2400 | a0ff ff89 
  0x00000160650ecd80: 8424 0090 | ffff 8984 | 2400 80ff | ff49 3ba7 | 6805 0000 | 7607 4989 | a770 0500 | 0041 c687 
  0x00000160650ecda0: f104 0000 | 0048 8b5d | e84c 8b5b | 0845 0fb7 | 5b2e 41c1 | e303 492b | e348 83ec | 2048 83e4 
  0x00000160650ecdc0: f04c 8b5b | 784d 85db | 0f85 ab00 | 0000 e805 | 0000 00e9 | 9900 0000 | 488b d348 | 8d44 2408 
  0x00000160650ecde0: 4c89 6dc0 | 498b cfc5 | f877 4989 | af38 0400 | 0049 8987 | 2804 0000 | 4883 ec20 | 40f6 c40f 
  0x00000160650ece00: 0f84 1900 | 0000 4883 | ec08 48b8 | 9035 bc74 | fd7f 0000 | ffd0 4883 | c408 e90c | 0000 0048 
  0x00000160650ece20: b890 35bc | 74fd 7f00 | 00ff d048 | 83c4 2049 | c787 2804 | 0000 0000 | 0000 49c7 | 8738 0400 
  0x00000160650ece40: 0000 0000 | 0049 c787 | 3004 0000 | 0000 0000 | c5f8 7749 | 837f 0800 | 0f84 0500 | 0000 e97d 
  0x00000160650ece60: 43ff ff4c | 8b6d c04c | 8b75 c84e | 8d74 f500 | c348 8b5d | e84c 8b5b | 7841 ffd3 | 488b 5de8 
  0x00000160650ece80: 4889 4518 | 440f b75b | 2c41 f6c3 | 080f 841b | 0000 004c | 8b5b 084d | 8b5b 084d | 8b5b 184d 
  0x00000160650ecea0: 8b5b 704d | 8b1b 4c89 | 5d10 488d | 5510 488b | 4370 49ba | d0c0 f774 | fd7f 0000 | 493b c20f 
  0x00000160650ecec0: 85ab 0000 | 00e8 0500 | 0000 e999 | 0000 0048 | 8bd3 488d | 4424 084c | 896d c049 | 8bcf c5f8 
  0x00000160650ecee0: 7749 89af | 3804 0000 | 4989 8728 | 0400 0048 | 83ec 2040 | f6c4 0f0f | 8419 0000 | 0048 83ec 
  0x00000160650ecf00: 0848 b890 | 35bc 74fd | 7f00 00ff | d048 83c4 | 08e9 0c00 | 0000 48b8 | 9035 bc74 | fd7f 0000 
  0x00000160650ecf20: ffd0 4883 | c420 49c7 | 8728 0400 | 0000 0000 | 0049 c787 | 3804 0000 | 0000 0000 | 49c7 8730 
  0x00000160650ecf40: 0400 0000 | 0000 00c5 | f877 4983 | 7f08 000f | 8405 0000 | 00e9 8642 | ffff 4c8b | 6dc0 4c8b 
  0x00000160650ecf60: 75c8 4e8d | 74f5 00c3 | 488b 5de8 | 488b 4370 | 498d 8f48 | 0400 004c | 8d15 b100 | 0000 4d89 
  0x00000160650ecf80: 9730 0400 | 00c5 f877 | 4989 af38 | 0400 0049 | 89a7 2804 | 0000 41c7 | 87d4 0400 | 0004 0000 
  0x00000160650ecfa0: 00ff d0c5 | f877 4883 | ec10 c5fb | 1104 2448 | 83ec 1048 | 8904 2448 | c744 2408 | 0000 0000 
  0x00000160650ecfc0: 41c7 87d4 | 0400 0005 | 0000 00f0 | 8344 24c0 | 0049 3b6f | 280f 870e | 0000 0041 | 83bf d004 
  0x00000160650ecfe0: 0000 000f | 8420 0000 | 0049 8bcf | 4c8b e448 | 83ec 2048 | 83e4 f048 | b8d0 a0bd | 74fd 7f00 
  0x00000160650ed000: 00ff d049 | 8be4 4d33 | e441 c787 | d404 0000 | 0800 0000 | 4d8b 97f0 | 0500 0049 | 83fa 0074 
  0x00000160650ed020: 3549 c787 | f005 0000 | 0000 0000 | 41ff e249 | ba00 0000 | 0000 0000 | 0041 ffd2 | 4883 ec10 
  0x00000160650ed040: c5fb 1104 | 2448 83ec | 1048 8904 | 2448 c744 | 2408 0000 | 0000 49c7 | 8728 0400 | 0000 0000 
  0x00000160650ed060: 0049 c787 | 3804 0000 | 0000 0000 | 49c7 8730 | 0400 0000 | 0000 00c5 | f877 4d8b | 9fb8 0400 
  0x00000160650ed080: 0041 c783 | 0001 0000 | 0000 0000 | 49bb daa6 | 0e65 6001 | 0000 4c3b | 5d18 0f85 | 5501 0000 
  0x00000160650ed0a0: 488b 0424 | 4883 c410 | 4885 c00f | 842f 0100 | 00a8 030f | 8508 0000 | 0048 8b00 | e91f 0100 
  0x00000160650ed0c0: 00a8 010f | 8509 0000 | 0048 8b40 | fee9 0e01 | 0000 488b | 40ff 4180 | 7f48 000f | 84ff 0000 
  0x00000160650ed0e0: 0048 83f8 | 000f 84f5 | 0000 004d | 8b5f 384d | 85db 0f84 | 1400 0000 | 4983 eb08 | 4d89 5f38 
  0x00000160650ed100: 4d03 5f40 | 4989 03e9 | d400 0000 | 4883 ec70 | 4889 0424 | 4889 4c24 | 0848 8954 | 2410 4c89 
  0x00000160650ed120: 4424 184c | 894c 2420 | 4c89 5424 | 284c 895c | 2430 c5fb | 1144 2440 | c5fb 114c | 2448 c5fb 
  0x00000160650ed140: 1154 2450 | c5fb 115c | 2458 c5fb | 1164 2460 | c5fb 116c | 2468 498b | d748 8bc8 | 4883 ec20 
  0x00000160650ed160: 40f6 c40f | 0f84 1900 | 0000 4883 | ec08 48b8 | 1034 b074 | fd7f 0000 | ffd0 4883 | c408 e90c 
  0x00000160650ed180: 0000 0048 | b810 34b0 | 74fd 7f00 | 00ff d048 | 83c4 20c5 | fb10 6c24 | 68c5 fb10 | 6424 60c5 
  0x00000160650ed1a0: fb10 5c24 | 58c5 fb10 | 5424 50c5 | fb10 4c24 | 48c5 fb10 | 4424 404c | 8b5c 2430 | 4c8b 5424 
  0x00000160650ed1c0: 284c 8b4c | 2420 4c8b | 4424 1848 | 8b54 2410 | 488b 4c24 | 0848 8b04 | 2448 83c4 | 70c5 f877 
  0x00000160650ed1e0: 4889 4510 | 4883 ec10 | 4889 0424 | 48c7 4424 | 0800 0000 | 0041 83bf | 5005 0000 | 020f 85bf 
  0x00000160650ed200: 0000 0048 | 81ec 8000 | 0000 4889 | 4424 7848 | 894c 2470 | 4889 5424 | 6848 895c | 2460 4889 
  0x00000160650ed220: 6c24 5048 | 8974 2448 | 4889 7c24 | 404c 8944 | 2438 4c89 | 4c24 304c | 8954 2428 | 4c89 5c24 
  0x00000160650ed240: 204c 8964 | 2418 4c89 | 6c24 104c | 8974 2408 | 4c89 3c24 | 4c8b e448 | 83ec 2048 | 83e4 f048 
  0x00000160650ed260: b8e0 a7f7 | 74fd 7f00 | 00ff d049 | 8be4 4c8b | 3c24 4c8b | 7424 084c | 8b6c 2410 | 4c8b 6424 
  0x00000160650ed280: 184c 8b5c | 2420 4c8b | 5424 284c | 8b4c 2430 | 4c8b 4424 | 3848 8b7c | 2440 488b | 7424 4848 
  0x00000160650ed2a0: 8b6c 2450 | 488b 5c24 | 6048 8b54 | 2468 488b | 4c24 7048 | 8b44 2478 | 4881 c480 | 0000 004d 
  0x00000160650ed2c0: 33e4 488b | 5de8 4c8b | 6b08 4d8d | 6d38 4983 | 7f08 000f | 84bb 0000 | 00e8 0500 | 0000 e996 
  0x00000160650ed2e0: 0000 0048 | 8d44 2408 | 4c89 6dc0 | 498b cfc5 | f877 4989 | af38 0400 | 0049 8987 | 2804 0000 
  0x00000160650ed300: 4883 ec20 | 40f6 c40f | 0f84 1900 | 0000 4883 | ec08 48b8 | e054 bc74 | fd7f 0000 | ffd0 4883 
  0x00000160650ed320: c408 e90c | 0000 0048 | b8e0 54bc | 74fd 7f00 | 00ff d048 | 83c4 2049 | c787 2804 | 0000 0000 
  0x00000160650ed340: 0000 49c7 | 8738 0400 | 0000 0000 | 0049 c787 | 3004 0000 | 0000 0000 | c5f8 7749 | 837f 0800 
  0x00000160650ed360: 0f84 0500 | 0000 e975 | 3eff ff4c | 8b6d c04c | 8b75 c84e | 8d74 f500 | c348 b930 | 9429 75fd 
  0x00000160650ed380: 7f00 0048 | 83e4 f048 | b890 00e4 | 74fd 7f00 | 00ff d0f4 | 440f b75b | 2c41 f6c3 | 200f 8472 
  0x00000160650ed3a0: 0100 0048 | 8d55 a84c | 8b5a 084d | 85db 0f85 | bb00 0000 | e805 0000 | 00e9 9600 | 0000 488d 
  0x00000160650ed3c0: 4424 084c | 896d c049 | 8bcf c5f8 | 7749 89af | 3804 0000 | 4989 8728 | 0400 0048 | 83ec 2040 
  0x00000160650ed3e0: f6c4 0f0f | 8419 0000 | 0048 83ec | 0848 b810 | 54bc 74fd | 7f00 00ff | d048 83c4 | 08e9 0c00 
  0x00000160650ed400: 0000 48b8 | 1054 bc74 | fd7f 0000 | ffd0 4883 | c420 49c7 | 8728 0400 | 0000 0000 | 0049 c787 
  0x00000160650ed420: 3804 0000 | 0000 0000 | 49c7 8730 | 0400 0000 | 0000 00c5 | f877 4983 | 7f08 000f | 8405 0000 
  0x00000160650ed440: 00e9 9a3d | ffff 4c8b | 6dc0 4c8b | 75c8 4e8d | 74f5 00c3 | 48b9 3094 | 2975 fd7f | 0000 4883 
  0x00000160650ed460: e4f0 48b8 | 9000 e474 | fd7f 0000 | ffd0 f44c | 896d c04c | 8b4a 0848 | c742 0800 | 0000 0045 
  0x00000160650ed480: 8b87 e006 | 0000 4f3b | 4c07 f80f | 8542 0000 | 0041 83af | e006 0000 | 084f 3b4c | 07f0 0f84 
  0x00000160650ed4a0: 2a00 0000 | 498b 01a8 | 020f 8512 | 0000 004c | 8bc0 4983 | c801 f04d | 0fb1 010f | 840d 0000 
  0x00000160650ed4c0: 0041 8387 | e006 0000 | 08e9 0500 | 0000 e93e | 0000 004c | 894a 0848 | 8bca 4883 | ec20 40f6 
  0x00000160650ed4e0: c40f 0f84 | 1900 0000 | 4883 ec08 | 48b8 9024 | bc74 fd7f | 0000 ffd0 | 4883 c408 | e90c 0000 
  0x00000160650ed500: 0048 b890 | 24bc 74fd | 7f00 00ff | d048 83c4 | 204c 8b6d | c041 c687 | 9603 0000 | 0149 3b6f 
  0x00000160650ed520: 280f 8705 | 0000 00e9 | ab00 0000 | 4883 ec10 | c5fb 1104 | 2448 83ec | 1048 8904 | 2448 c744 
  0x00000160650ed540: 2408 0000 | 0000 c5f8 | 7749 89af | 3804 0000 | 49ba 46d5 | 0e65 6001 | 0000 4d89 | 9730 0400 
  0x00000160650ed560: 0049 89a7 | 2804 0000 | 498b cf48 | 83ec 2040 | f6c4 0f0f | 8419 0000 | 0048 83ec | 0848 b880 
  0x00000160650ed580: 0abc 74fd | 7f00 00ff | d048 83c4 | 08e9 0c00 | 0000 48b8 | 800a bc74 | fd7f 0000 | ffd0 4883 
  0x00000160650ed5a0: c420 49c7 | 8728 0400 | 0000 0000 | 0049 c787 | 3804 0000 | 0000 0000 | 49c7 8730 | 0400 0000 
  0x00000160650ed5c0: 0000 00c5 | f877 488b | 0424 4883 | c410 c5fb | 1004 2448 | 83c4 1048 | 8b04 2448 | 83c4 10c5 
  0x00000160650ed5e0: fb10 0424 | 4883 c410 | 4c8b 5d18 | 41ff d34c | 8b5d f8c9 | 41c6 8796 | 0300 0000 | 5f49 8be3 
  0x00000160650ed600: ffe7 ba00 | 0000 00e8 | 0500 0000 | e996 0000 | 0048 8d44 | 2408 4c89 | 6dc0 498b | cfc5 f877 
  0x00000160650ed620: 4989 af38 | 0400 0049 | 8987 2804 | 0000 4883 | ec20 40f6 | c40f 0f84 | 1900 0000 | 4883 ec08 
  0x00000160650ed640: 48b8 301a | bc74 fd7f | 0000 ffd0 | 4883 c408 | e90c 0000 | 0048 b830 | 1abc 74fd | 7f00 00ff 
  0x00000160650ed660: d048 83c4 | 2049 c787 | 2804 0000 | 0000 0000 | 49c7 8738 | 0400 0000 | 0000 0049 | c787 3004 
  0x00000160650ed680: 0000 0000 | 0000 c5f8 | 7749 837f | 0800 0f84 | 0500 0000 | e947 3bff | ff4c 8b6d | c04c 8b75 
  0x00000160650ed6a0: c84e 8d74 | f500 c348 | 8b5d e8e9 | 98f6 ffff 
[/MachCode]

Compiled method (c2) 351134 24389       4       androidx.compose.runtime.internal.ComposableLambdaImpl::invoke (104 bytes)
 total in heap  [0x00000160657b9c88,0x00000160657bace0] = 4184
 main code      [0x00000160657b9d80,0x00000160657bac68] = 3816
 stub code      [0x00000160657bac68,0x00000160657bacb8] = 80
 oops           [0x00000160657bacb8,0x00000160657bace0] = 40
 mutable data [0x000001602adf09a0,0x000001602adf0b68] = 456
 relocation     [0x000001602adf09a0,0x000001602adf0ab0] = 272
 metadata       [0x000001602adf0ab0,0x000001602adf0b68] = 184
 immutable data [0x000001607a377a20,0x000001607a377e28] = 1032
 dependencies   [0x000001607a377a20,0x000001607a377a48] = 40
 nul chk table  [0x000001607a377a48,0x000001607a377a68] = 32
 handler table  [0x000001607a377a68,0x000001607a377b28] = 192
 scopes pcs     [0x000001607a377b28,0x000001607a377c68] = 320
 scopes data    [0x000001607a377c68,0x000001607a377e28] = 448

[Constant Pool (empty)]

[MachCode]
[Instructions begin]
  0x00000160657b9d80: 6690 448b | 5208 443b 

  0x00000160657b9d88: ;   {runtime_call Shared Runtime ic_miss_blob}
  0x00000160657b9d88: 5008 0f85 | 504d 97ff 
[Verified Entry Point]
  0x00000160657b9d90: 8984 2400 | 80ff ff55 | 4883 ec40 | 4181 7f20 | 1800 0000 | 0f85 b30e | 0000 4489 | 0c24 4d8b 
  0x00000160657b9db0: d848 8954 | 2408 448b | 420c 458b 

  0x00000160657b9dbc: ;   {metadata('androidx/compose/runtime/ComposerImpl')}
  0x00000160657b9dbc: 5308 4181 | fa28 d20e | 020f 85ed | 0b00 0049 

  0x00000160657b9dcc: ;   {optimized virtual_call}
  0x00000160657b9dcc: 8bd3 90e8 

  0x00000160657b9dd0: ; ImmutableOopMap {[8]=Oop }
                      ;*invokeinterface startRestartGroup {reexecute=0 rethrow=0 return_oop=1}
                      ; - androidx.compose.runtime.internal.ComposableLambdaImpl::invoke@5 (line 119)
  0x00000160657b9dd0: bc83 7400 | 488b e848 | 8b54 2408 

  0x00000160657b9ddc: ;   {optimized virtual_call}
  0x00000160657b9ddc: 4c8b c0e8 

  0x00000160657b9de0: ; ImmutableOopMap {rbp=Oop [8]=Oop }
                      ;*invokespecial trackRead {reexecute=0 rethrow=0 return_oop=0}
                      ; - androidx.compose.runtime.internal.ComposableLambdaImpl::invoke@13 (line 120)
  0x00000160657b9de0: 2cbc 6e00 | 4c8b dd45 

  0x00000160657b9de8: ;   {metadata('androidx/compose/runtime/ComposerImpl')}
  0x00000160657b9de8: 8b53 0841 | 81fa 28d2 | 0e02 0f85 | dc0b 0000 | 4c89 5c24 | 1049 8bd3 | 4c8b 4424 

  0x00000160657b9e04: ;   {optimized virtual_call}
  0x00000160657b9e04: 0866 90e8 

  0x00000160657b9e08: ; ImmutableOopMap {[8]=Oop [16]=Oop }
                      ;*invokeinterface changed {reexecute=0 rethrow=0 return_oop=0}
                      ; - androidx.compose.runtime.internal.ComposableLambdaImpl::invoke@19 (line 121)
  0x00000160657b9e08: 84f0 5c00 | 4c8b 5424 | 0845 8b42 | 1485 c041 | bb04 0000 | 0041 b902 | 0000 0045 | 0f45 cb44 
  0x00000160657b9e28: 0b0c 2444 | 894c 2404 

  0x00000160657b9e30: ; implicit exception: dispatches to 0x00000160657bab28
  0x00000160657b9e30: 478b 4cc4 

  0x00000160657b9e34: ;   {metadata('kotlin/Function')}
  0x00000160657b9e34: 0848 b8e0 | 3604 9400 | 0000 00be | 0000 0092 | 4903 f14c | 8b56 204c | 3bd0 0f85 | e901 0000 
  0x00000160657b9e54: 4b8d 2cc4 

  0x00000160657b9e58: ;   {metadata('kotlin/jvm/internal/FunctionBase')}
  0x00000160657b9e58: 48b8 b049 | 0694 0000 | 0000 4c3b | d00f 853d | 0200 004c | 8954 2420 | 4889 7424 | 1844 8904 
  0x00000160657b9e78: 2448 8bd5 | 9048 b8e0 | f3a1 7d60 

  0x00000160657b9e84: ;   {virtual_call}
  0x00000160657b9e84: 0100 00e8 

  0x00000160657b9e88: ; ImmutableOopMap {rbp=Oop [0]=NarrowOop [8]=Oop [16]=Oop }
                      ;*invokeinterface getArity {reexecute=0 rethrow=0 return_oop=0}
                      ; - kotlin.jvm.internal.TypeIntrinsics::getFunctionArity@11 (line 259)
                      ; - kotlin.jvm.internal.TypeIntrinsics::isFunctionOfArity@8 (line 336)
                      ; - kotlin.jvm.internal.TypeIntrinsics::beforeCheckcastToFunctionOfArity@6 (line 341)
                      ; - androidx.compose.runtime.internal.ComposableLambdaImpl::invoke@52 (line 122)
  0x00000160657b9e88: 5452 97ff | 83f8 020f | 8563 0b00 | 0044 8b04 | 2448 8b74 | 2418 4c8b 

  0x00000160657b9ea0: ;   {metadata('kotlin/jvm/functions/Function2')}
  0x00000160657b9ea0: 5424 2049 | bb70 4706 | 9400 0000 | 004d 3bd3 | 0f85 760a | 0000 448b | 5424 0441 | 81c2 8000 
  0x00000160657b9ec0: 0000 4181 | fa00 0100 | 0072 444d | 8b8f c801 | 0000 4d8b | d149 83c2 | 104d 3b97 | d801 0000 
  0x00000160657b9ee0: 0f83 ba0a | 0000 4d89 | 97c8 0100 | 0041 0f18 | 8200 0100 | 0049 c701 | 0100 0000 

  0x00000160657b9efc: ;   {metadata('java/lang/Integer')}
  0x00000160657b9efc: 41c7 4108 | 8895 3800 | 448b 5424 | 0445 8951 | 0ceb 1b4c | 6354 2404 

  0x00000160657b9f14: ;   {oop(a 'java/lang/Integer'[256] {0x000000070dfecca8})}
  0x00000160657b9f14: 49bb a8cc | fe0d 0700 | 0000 478b | 9c93 1002 | 0000 4f8d | 0cdc 488b | d54c 8b44 | 2410 6666 
  0x00000160657b9f34: 9048 b808 | f4a1 7d60 

  0x00000160657b9f3c: ;   {virtual_call}
  0x00000160657b9f3c: 0100 00e8 

  0x00000160657b9f40: ; ImmutableOopMap {[8]=Oop [16]=Oop }
                      ;*invokeinterface invoke {reexecute=0 rethrow=0 return_oop=1}
                      ; - androidx.compose.runtime.internal.ComposableLambdaImpl::invoke@64 (line 122)
  0x00000160657b9f40: 1cbc a4ff | 4889 0424 | 488b 5424 

  0x00000160657b9f4c: ;   {optimized virtual_call}
  0x00000160657b9f4c: 1066 90e8 

  0x00000160657b9f50: ; ImmutableOopMap {[0]=Oop [8]=Oop }
                      ;*invokeinterface endRestartGroup {reexecute=0 rethrow=0 return_oop=1}
                      ; - androidx.compose.runtime.internal.ComposableLambdaImpl::invoke@72 (line 123)
  0x00000160657b9f50: bc59 7200 | 488b e848 | 85c0 0f84 | c900 0000 | 4d8b 8fc8 | 0100 004d | 8bd1 4983 | c228 4d3b 
  0x00000160657b9f70: 97d8 0100 | 000f 830d | 0a00 004d | 8997 c801 | 0000 410f | 1882 0001 | 0000 49c7 | 0101 0000 
  0x00000160657b9f90: ;   {metadata('androidx/compose/runtime/internal/ComposableLambdaImpl$invoke$1')}
  0x00000160657b9f90: 0041 c741 | 08b0 6419 | 0241 c741 | 0c02 0000 | 0044 8b55 | 0849 c741 | 1004 0000 | 004c 8b5c 
  0x00000160657b9fb0: 2408 4d8b | c349 c1e8 | 0345 8941 

  0x00000160657b9fbc: ;   {oop(a 'java/lang/Class'{0x00000007ffa56870} = 'androidx/compose/runtime/internal/ComposableLambdaImpl')}
  0x00000160657b9fbc: 1841 c741 | 1c0e adf4 

  0x00000160657b9fc4: ;   {oop("invoke"{0x000000070f6b5e18})}
  0x00000160657b9fc4: ff41 c741 | 20c3 6bed 

  0x00000160657b9fcc: ;   {oop("invoke(Landroidx/compose/runtime/Composer;I)Ljava/lang/Object;"{0x000000070b558d50})}
  0x00000160657b9fcc: e141 c741 | 24aa b16a 

  0x00000160657b9fd4: ;   {metadata('androidx/compose/runtime/RecomposeScopeImpl')}
  0x00000160657b9fd4: e141 81fa | 0048 0f02 | 0f85 060a | 0000 4c8d | 551c 4180 | 7f48 000f | 8597 0b00 | 004d 8bd9 
  0x00000160657b9ff4: 49c1 eb03 | 4589 1a4d | 8bc2 4d33 | c149 c1e8 | 150f 841e | 0000 004d | 8bc2 49c1 | e809 49bb 
  0x00000160657ba014: 0090 056a | 6001 0000 | 4d03 c341 | 8038 020f | 85c7 0b00 | 0048 8b04 | 2448 83c4 

  0x00000160657ba030: ;   {poll_return}
  0x00000160657ba030: 405d 493b | 6728 0f87 | 0b0c 0000 | c348 33ff | 4c8b 9ea8 | 0000 0049 | 8bd3 48c1 | e23c 0f89 
  0x00000160657ba050: 2100 0000 | f348 0fb8 | d248 8b5e | 2848 3b04 | d374 1549 | 0fba e304 | 730b 49c1 

  0x00000160657ba06c: ;   {runtime_call Stub::lookup_secondary_supers_table_slow_path}
  0x00000160657ba06c: cb03 e890 | a495 ffeb | 0348 ffc7 | 4885 ff0f | 84d3 fdff | ffba 45ff | ffff 488b | 6c24 0848 
  0x00000160657ba08c: 8944 24f8 | 8b44 2404 | 8904 2448 | 8b44 24f8 | 4489 4424 

  0x00000160657ba0a0: ;   {runtime_call UncommonTrapBlob}
  0x00000160657ba0a0: 0466 90e8 

  0x00000160657ba0a4: ; ImmutableOopMap {rbp=Oop [4]=NarrowOop [16]=Oop }
                      ;*ifne {reexecute=1 rethrow=0 return_oop=0}
                      ; - (reexecute) kotlin.jvm.internal.TypeIntrinsics::beforeCheckcastToFunctionOfArity@9 (line 341)
                      ; - androidx.compose.runtime.internal.ComposableLambdaImpl::invoke@52 (line 122)
  0x00000160657ba0a4: b86b a4ff | 4833 ff4c | 8b9e a800 | 0000 498b | d348 c1e2 | 060f 8921 | 0000 00f3 | 480f b8d2 
  0x00000160657ba0c4: 488b 5e28 | 483b 04d3 | 7415 490f | bae3 3a73 | 0b49 c1cb 

  0x00000160657ba0d8: ;   {runtime_call Stub::lookup_secondary_supers_table_slow_path}
  0x00000160657ba0d8: 39e8 25a4 | 95ff eb03 | 48ff c748 | 85ff 0f84 | 7ffd ffff 

  0x00000160657ba0ec: ;   {metadata('kotlin/jvm/functions/Function0')}
  0x00000160657ba0ec: 48b8 2039 | 0494 0000 | 0000 4c3b | d00f 8405 | 0900 0048 | 33ff 4c8b | 9ea8 0000 | 0049 8bd3 
  0x00000160657ba10c: 4885 d20f | 8921 0000 | 00f3 480f | b8d2 488b | 5e28 483b | 04d3 7415 | 490f bae3 | 0073 0b49 
  0x00000160657ba12c: ;   {runtime_call Stub::lookup_secondary_supers_table_slow_path}
  0x00000160657ba12c: c1cb 3fe8 | cfa3 95ff | eb03 48ff | c748 85ff | 0f84 c208 

  0x00000160657ba140: ;   {metadata('kotlin/jvm/functions/Function1')}
  0x00000160657ba140: 0000 48b8 | 6882 0594 | 0000 0000 | 4c3b d00f | 84d7 0800 | 0048 33ff | 4c8b 9ea8 | 0000 0049 
  0x00000160657ba160: 8bd3 48c1 | e218 0f89 | 2100 0000 | f348 0fb8 | d248 8b5e | 2848 3b04 | d374 1549 | 0fba e328 
  0x00000160657ba180: 730b 49c1 

  0x00000160657ba184: ;   {runtime_call Stub::lookup_secondary_supers_table_slow_path}
  0x00000160657ba184: cb27 e878 | a395 ffeb | 0348 ffc7 | 4885 ff0f | 8493 0800 

  0x00000160657ba198: ;   {metadata('kotlin/jvm/functions/Function2')}
  0x00000160657ba198: 0049 bb70 | 4706 9400 | 0000 004d | 3bd3 0f84 | f7fc ffff 

  0x00000160657ba1ac: ;   {metadata('kotlin/jvm/functions/Function2')}
  0x00000160657ba1ac: 48b8 7047 | 0694 0000 | 0000 4833 | ff4c 8b9e | a800 0000 | 498b d348 | c1e2 310f | 8921 0000 
  0x00000160657ba1cc: 00f3 480f | b8d2 488b | 5e28 483b | 04d3 7415 | 490f bae3 | 0f73 0b49 

  0x00000160657ba1e4: ;   {runtime_call Stub::lookup_secondary_supers_table_slow_path}
  0x00000160657ba1e4: c1cb 0ee8 | 17a3 95ff | eb03 48ff | c748 85ff | 0f84 a9fc 

  0x00000160657ba1f8: ;   {metadata('kotlin/jvm/functions/Function3')}
  0x00000160657ba1f8: ffff 48b8 | d00c 0794 | 0000 0000 | 4c3b d00f | 842a 0800 | 0048 33ff | 4c8b 9ea8 | 0000 0049 
  0x00000160657ba218: 8bd3 48c1 | e209 0f89 | 2100 0000 | f348 0fb8 | d248 8b5e | 2848 3b04 | d374 1549 | 0fba e337 
  0x00000160657ba238: 730b 49c1 

  0x00000160657ba23c: ;   {runtime_call Stub::lookup_secondary_supers_table_slow_path}
  0x00000160657ba23c: cb36 e8c0 | a295 ffeb | 0348 ffc7 | 4885 ff0f | 84e6 0700 

  0x00000160657ba250: ;   {metadata('kotlin/jvm/functions/Function4')}
  0x00000160657ba250: 0048 b878 | a508 9400 | 0000 004c | 3bd0 0f84 | de07 0000 | 4833 ff4c | 8b9e a800 | 0000 498b 
  0x00000160657ba270: d348 c1e2 | 210f 8921 | 0000 00f3 | 480f b8d2 | 488b 5e28 | 483b 04d3 | 7415 490f | bae3 1f73 
  0x00000160657ba290: 0b49 c1cb 

  0x00000160657ba294: ;   {runtime_call Stub::lookup_secondary_supers_table_slow_path}
  0x00000160657ba294: 1ee8 69a2 | 95ff eb03 | 48ff c748 | 85ff 0f84 | 9a07 0000 

  0x00000160657ba2a8: ;   {metadata('org/dsqrwym/enterprise/util/uawwindtablekmp/ExtensionsKt$$Lambda+0x00000000947106c8')}
  0x00000160657ba2a8: 4181 f9c8 | 0671 0274 

  0x00000160657ba2b0: ;   {metadata('ua/wwind/table/component/header/HeaderCellKt$$Lambda+0x0000000094779cc0')}
  0x00000160657ba2b0: 6341 81f9 | c09c 7702 

  0x00000160657ba2b8: ;   {metadata('kotlin/jvm/functions/Function5')}
  0x00000160657ba2b8: 745a 48b8 | b8a7 0894 | 0000 0000 | 4c3b d074 | 4048 33ff | 4c8b 9ea8 | 0000 0049 | 8bd3 48c1 
  0x00000160657ba2d8: e23a 0f89 | 2100 0000 | f348 0fb8 | d248 8b5e | 2848 3b04 | d374 1549 | 0fba e306 | 730b 49c1 
  0x00000160657ba2f8: ;   {runtime_call Stub::lookup_secondary_supers_table_slow_path}
  0x00000160657ba2f8: cb05 e804 | a295 ffeb | 0348 ffc7 | 4885 ff75 | 0b41 ba05 | 0000 00e9 | e205 0000 

  0x00000160657ba314: ;   {metadata('org/dsqrwym/enterprise/util/uawwindtablekmp/ExtensionsKt$$Lambda+0x00000000947106c8')}
  0x00000160657ba314: 4181 f9c8 | 0671 020f | 842c 0700 

  0x00000160657ba320: ;   {metadata('ua/wwind/table/component/header/HeaderCellKt$$Lambda+0x0000000094779cc0')}
  0x00000160657ba320: 0041 81f9 | c09c 7702 | 0f84 1f07 

  0x00000160657ba32c: ;   {metadata('kotlin/jvm/functions/Function6')}
  0x00000160657ba32c: 0000 48b8 | f8a9 0894 | 0000 0000 | 4c3b d00f | 840c 0700 | 0048 33ff | 4c8b 9ea8 | 0000 0049 
  0x00000160657ba34c: 8bd3 48c1 | e212 0f89 | 2100 0000 | f348 0fb8 | d248 8b5e | 2848 3b04 | d374 1549 | 0fba e32e 
  0x00000160657ba36c: 730b 49c1 

  0x00000160657ba370: ;   {runtime_call Stub::lookup_secondary_supers_table_slow_path}
  0x00000160657ba370: cb2d e88c | a195 ffeb | 0348 ffc7 | 4885 ff0f | 84c8 0600 

  0x00000160657ba384: ;   {metadata('kotlin/jvm/functions/Function7')}
  0x00000160657ba384: 0048 b838 | ac08 9400 | 0000 004c | 3bd0 0f84 | c006 0000 | 4833 ff4c | 8b9e a800 | 0000 498b 
  0x00000160657ba3a4: d348 c1e2 | 2b0f 8921 | 0000 00f3 | 480f b8d2 | 488b 5e28 | 483b 04d3 | 7415 490f | bae3 1573 
  0x00000160657ba3c4: 0b49 c1cb 

  0x00000160657ba3c8: ;   {runtime_call Stub::lookup_secondary_supers_table_slow_path}
  0x00000160657ba3c8: 14e8 35a1 | 95ff eb03 | 48ff c748 | 85ff 0f84 | 7c06 0000 

  0x00000160657ba3dc: ;   {metadata('kotlin/jvm/functions/Function8')}
  0x00000160657ba3dc: 48b8 78ae | 0894 0000 | 0000 4c3b | d00f 8474 | 0600 0048 | 33ff 4c8b | 9ea8 0000 | 0049 8bd3 
  0x00000160657ba3fc: 48c1 e203 | 0f89 2100 | 0000 f348 | 0fb8 d248 | 8b5e 2848 | 3b04 d374 | 1549 0fba | e33d 730b 
  0x00000160657ba41c: 49c1 cb3c 

  0x00000160657ba420: ;   {runtime_call Stub::lookup_secondary_supers_table_slow_path}
  0x00000160657ba420: e8de a095 | ffeb 0348 | ffc7 4885 | ff0f 8430 

  0x00000160657ba430: ;   {metadata('kotlin/jvm/functions/Function9')}
  0x00000160657ba430: 0600 0048 | b8b8 b008 | 9400 0000 | 004c 3bd0 | 0f84 2806 | 0000 4833 | ff4c 8b9e | a800 0000 
  0x00000160657ba450: 498b d348 | c1e2 1c0f | 8921 0000 | 00f3 480f | b8d2 488b | 5e28 483b | 04d3 7415 | 490f bae3 
  0x00000160657ba470: 2473 0b49 

  0x00000160657ba474: ;   {runtime_call Stub::lookup_secondary_supers_table_slow_path}
  0x00000160657ba474: c1cb 23e8 | 87a0 95ff | eb03 48ff | c748 85ff | 0f84 e405 

  0x00000160657ba488: ;   {metadata('kotlin/jvm/functions/Function10')}
  0x00000160657ba488: 0000 48b8 | f8b2 0894 | 0000 0000 | 4c3b d00f | 84dc 0500 | 0048 33ff | 4c8b 9ea8 | 0000 0049 
  0x00000160657ba4a8: 8bd3 48c1 | e210 0f89 | 2100 0000 | f348 0fb8 | d248 8b5e | 2848 3b04 | d374 1549 | 0fba e330 
  0x00000160657ba4c8: 730b 49c1 

  0x00000160657ba4cc: ;   {runtime_call Stub::lookup_secondary_supers_table_slow_path}
  0x00000160657ba4cc: cb2f e830 | a095 ffeb | 0348 ffc7 | 4885 ff0f | 8498 0500 

  0x00000160657ba4e0: ;   {metadata('kotlin/jvm/functions/Function11')}
  0x00000160657ba4e0: 0048 b838 | b508 9400 | 0000 004c | 3bd0 0f84 | 9005 0000 | 4833 ff4c | 8b9e a800 | 0000 498b 
  0x00000160657ba500: d348 c1e2 | 290f 8921 | 0000 00f3 | 480f b8d2 | 488b 5e28 | 483b 04d3 | 7415 490f | bae3 1773 
  0x00000160657ba520: 0b49 c1cb 

  0x00000160657ba524: ;   {runtime_call Stub::lookup_secondary_supers_table_slow_path}
  0x00000160657ba524: 16e8 d99f | 95ff eb03 | 48ff c748 | 85ff 0f84 | 4c05 0000 

  0x00000160657ba538: ;   {metadata('kotlin/jvm/functions/Function12')}
  0x00000160657ba538: 48b8 78b7 | 0894 0000 | 0000 4c3b | d00f 8444 | 0500 0048 | 33ff 4c8b | 9ea8 0000 | 0049 8bd3 
  0x00000160657ba558: 48d1 e20f | 8921 0000 | 00f3 480f | b8d2 488b | 5e28 483b | 04d3 7415 | 490f bae3 | 3f73 0b49 
  0x00000160657ba578: ;   {runtime_call Stub::lookup_secondary_supers_table_slow_path}
  0x00000160657ba578: c1cb 3ee8 | 839f 95ff | eb03 48ff | c748 85ff | 0f84 0105 

  0x00000160657ba58c: ;   {metadata('kotlin/jvm/functions/Function13')}
  0x00000160657ba58c: 0000 48b8 | b8b9 0894 | 0000 0000 | 4c3b d00f | 84f9 0400 | 0048 33ff | 4c8b 9ea8 | 0000 0049 
  0x00000160657ba5ac: 8bd3 48c1 | e219 0f89 | 2100 0000 | f348 0fb8 | d248 8b5e | 2848 3b04 | d374 1549 | 0fba e327 
  0x00000160657ba5cc: 730b 49c1 

  0x00000160657ba5d0: ;   {runtime_call Stub::lookup_secondary_supers_table_slow_path}
  0x00000160657ba5d0: cb26 e82c | 9f95 ffeb | 0348 ffc7 | 4885 ff0f | 84b5 0400 

  0x00000160657ba5e4: ;   {metadata('kotlin/jvm/functions/Function14')}
  0x00000160657ba5e4: 0048 b8f8 | bb08 9400 | 0000 004c | 3bd0 0f84 | ad04 0000 | 4833 ff4c | 8b9e a800 | 0000 498b 
  0x00000160657ba604: d348 c1e2 | 320f 8921 | 0000 00f3 | 480f b8d2 | 488b 5e28 | 483b 04d3 | 7415 490f | bae3 0e73 
  0x00000160657ba624: 0b49 c1cb 

  0x00000160657ba628: ;   {runtime_call Stub::lookup_secondary_supers_table_slow_path}
  0x00000160657ba628: 0de8 d59e | 95ff eb03 | 48ff c748 | 85ff 0f84 | 6904 0000 

  0x00000160657ba63c: ;   {metadata('kotlin/jvm/functions/Function15')}
  0x00000160657ba63c: 48b8 38be | 0894 0000 | 0000 4c3b | d00f 8461 | 0400 0048 | 33ff 4c8b | 9ea8 0000 | 0049 8bd3 
  0x00000160657ba65c: 48c1 e20a | 0f89 2100 | 0000 f348 | 0fb8 d248 | 8b5e 2848 | 3b04 d374 | 1549 0fba | e336 730b 
  0x00000160657ba67c: 49c1 cb35 

  0x00000160657ba680: ;   {runtime_call Stub::lookup_secondary_supers_table_slow_path}
  0x00000160657ba680: e87e 9e95 | ffeb 0348 | ffc7 4885 | ff0f 841d 

  0x00000160657ba690: ;   {metadata('kotlin/jvm/functions/Function16')}
  0x00000160657ba690: 0400 0048 | b878 c008 | 9400 0000 | 004c 3bd0 | 0f84 1504 | 0000 4833 | ff4c 8b9e | a800 0000 
  0x00000160657ba6b0: 498b d348 | c1e2 230f | 8921 0000 | 00f3 480f | b8d2 488b | 5e28 483b | 04d3 7415 | 490f bae3 
  0x00000160657ba6d0: 1d73 0b49 

  0x00000160657ba6d4: ;   {runtime_call Stub::lookup_secondary_supers_table_slow_path}
  0x00000160657ba6d4: c1cb 1ce8 | 279e 95ff | eb03 48ff | c748 85ff | 0f84 d103 

  0x00000160657ba6e8: ;   {metadata('kotlin/jvm/functions/Function17')}
  0x00000160657ba6e8: 0000 48b8 | b8c2 0894 | 0000 0000 | 4c3b d00f | 84c9 0300 | 0048 33ff | 4c8b 9ea8 | 0000 0049 
  0x00000160657ba708: 8bd3 48c1 | e23b 0f89 | 2100 0000 | f348 0fb8 | d248 8b5e | 2848 3b04 | d374 1549 | 0fba e305 
  0x00000160657ba728: 730b 49c1 

  0x00000160657ba72c: ;   {runtime_call Stub::lookup_secondary_supers_table_slow_path}
  0x00000160657ba72c: cb04 e8d0 | 9d95 ffeb | 0348 ffc7 | 4885 ff0f | 8485 0300 

  0x00000160657ba740: ;   {metadata('kotlin/jvm/functions/Function18')}
  0x00000160657ba740: 0048 b8f8 | c408 9400 | 0000 004c | 3bd0 0f84 | 7d03 0000 | 4833 ff4c | 8b9e a800 | 0000 498b 
  0x00000160657ba760: d348 c1e2 | 140f 8921 | 0000 00f3 | 480f b8d2 | 488b 5e28 | 483b 04d3 | 7415 490f | bae3 2c73 
  0x00000160657ba780: 0b49 c1cb 

  0x00000160657ba784: ;   {runtime_call Stub::lookup_secondary_supers_table_slow_path}
  0x00000160657ba784: 2be8 799d | 95ff eb03 | 48ff c748 | 85ff 0f84 | 3903 0000 

  0x00000160657ba798: ;   {metadata('kotlin/jvm/functions/Function19')}
  0x00000160657ba798: 48b8 38c7 | 0894 0000 | 0000 4c3b | d00f 8431 | 0300 0048 | 33ff 4c8b | 9ea8 0000 | 0049 8bd3 
  0x00000160657ba7b8: 48c1 e22c | 0f89 2100 | 0000 f348 | 0fb8 d248 | 8b5e 2848 | 3b04 d374 | 1549 0fba | e314 730b 
  0x00000160657ba7d8: 49c1 cb13 

  0x00000160657ba7dc: ;   {runtime_call Stub::lookup_secondary_supers_table_slow_path}
  0x00000160657ba7dc: e822 9d95 | ffeb 0348 | ffc7 4885 | ff0f 84ed 

  0x00000160657ba7ec: ;   {metadata('kotlin/jvm/functions/Function20')}
  0x00000160657ba7ec: 0200 0048 | b878 c908 | 9400 0000 | 004c 3bd0 | 0f84 e502 | 0000 4833 | ff4c 8b9e | a800 0000 
  0x00000160657ba80c: 498b d348 | c1e2 060f | 8921 0000 | 00f3 480f | b8d2 488b | 5e28 483b | 04d3 7415 | 490f bae3 
  0x00000160657ba82c: 3a73 0b49 

  0x00000160657ba830: ;   {runtime_call Stub::lookup_secondary_supers_table_slow_path}
  0x00000160657ba830: c1cb 39e8 | cb9c 95ff | eb03 48ff | c748 85ff | 0f84 a102 

  0x00000160657ba844: ;   {metadata('kotlin/jvm/functions/Function21')}
  0x00000160657ba844: 0000 48b8 | b8cb 0894 | 0000 0000 | 4c3b d00f | 8499 0200 | 0048 33ff | 4c8b 9ea8 | 0000 0049 
  0x00000160657ba864: 8bd3 48c1 | e21e 0f89 | 2100 0000 | f348 0fb8 | d248 8b5e | 2848 3b04 | d374 1549 | 0fba e322 
  0x00000160657ba884: 730b 49c1 

  0x00000160657ba888: ;   {runtime_call Stub::lookup_secondary_supers_table_slow_path}
  0x00000160657ba888: cb21 e874 | 9c95 ffeb | 0348 ffc7 | 4885 ff0f | 8455 0200 

  0x00000160657ba89c: ;   {metadata('kotlin/jvm/functions/Function22')}
  0x00000160657ba89c: 0048 b8f8 | cd08 9400 | 0000 004c | 3bd0 7444 | 4833 ff4c | 8b9e a800 | 0000 498b | d348 c1e2 
  0x00000160657ba8bc: 370f 8921 | 0000 00f3 | 480f b8d2 | 488b 5e28 | 483b 04d3 | 7415 490f | bae3 0973 | 0b49 c1cb 
  0x00000160657ba8dc: ;   {runtime_call Stub::lookup_secondary_supers_table_slow_path}
  0x00000160657ba8dc: 08e8 219c | 95ff eb03 | 48ff c748 | 85ff 0f85 | 0d02 0000 | 41ba 1600 | 0000 ba45 | ffff ff48 
  0x00000160657ba8fc: 8b6c 2408 | 48ff 7424 | 1048 8f44 | 2408 4889 | 4424 f88b | 4424 0489 | 0424 488b | 4424 f844 
  0x00000160657ba91c: 8944 2404 | 4489 5424 

  0x00000160657ba924: ;   {runtime_call UncommonTrapBlob}
  0x00000160657ba924: 1066 90e8 

  0x00000160657ba928: ; ImmutableOopMap {rbp=Oop [4]=NarrowOop [8]=Oop }
                      ;*if_icmpne {reexecute=1 rethrow=0 return_oop=0}
                      ; - (reexecute) kotlin.jvm.internal.TypeIntrinsics::isFunctionOfArity@12 (line 336)
                      ; - kotlin.jvm.internal.TypeIntrinsics::beforeCheckcastToFunctionOfArity@6 (line 341)
                      ; - androidx.compose.runtime.internal.ComposableLambdaImpl::invoke@52 (line 122)
  0x00000160657ba928: 3463 a4ff 

  0x00000160657ba92c: ;   {metadata('kotlin/jvm/functions/Function2')}
  0x00000160657ba92c: 48b8 7047 | 0694 0000 | 0000 4833 | ff4c 8b9e | a800 0000 | 498b d348 | c1e2 310f | 8921 0000 
  0x00000160657ba94c: 00f3 480f | b8d2 488b | 5e28 483b | 04d3 7415 | 490f bae3 | 0f73 0b49 

  0x00000160657ba964: ;   {runtime_call Stub::lookup_secondary_supers_table_slow_path}
  0x00000160657ba964: c1cb 0ee8 | 979b 95ff | eb03 48ff | c748 85ff | 0f84 3cf5 | ffff bade | ffff ff41 

  0x00000160657ba980: ;   {runtime_call UncommonTrapBlob}
  0x00000160657ba980: 8be8 90e8 

  0x00000160657ba984: ; ImmutableOopMap {rbp=NarrowOop }
                      ;*checkcast {reexecute=0 rethrow=0 return_oop=0}
                      ; - androidx.compose.runtime.internal.ComposableLambdaImpl::invoke@55 (line 122)
  0x00000160657ba984: d862 a4ff 

  0x00000160657ba988: ;   {metadata('androidx/compose/runtime/internal/ComposableLambdaImpl$invoke$1')}
  0x00000160657ba988: 48ba b064 | 1994 0000 

  0x00000160657ba990: ;   {runtime_call C2 Runtime new_instance}
  0x00000160657ba990: 0000 90e8 

  0x00000160657ba994: ; ImmutableOopMap {rbp=Oop [0]=Oop [8]=Oop }
                      ;*new {reexecute=0 rethrow=0 return_oop=1}
                      ; - androidx.compose.runtime.internal.ComposableLambdaImpl::invoke@81 (line 123)
  0x00000160657ba994: c8b8 a4ff | 4c8b c8e9 | f9f5 ffff 

  0x00000160657ba9a0: ;   {metadata('java/lang/Integer')}
  0x00000160657ba9a0: 48ba 8895 | 3892 0000 

  0x00000160657ba9a8: ;   {runtime_call C2 Runtime new_instance}
  0x00000160657ba9a8: 0000 90e8 

  0x00000160657ba9ac: ; ImmutableOopMap {rbp=Oop [8]=Oop [16]=Oop }
                      ;*new {reexecute=0 rethrow=0 return_oop=1}
                      ; - java.lang.Integer::valueOf@23 (line 1006)
                      ; - androidx.compose.runtime.internal.ComposableLambdaImpl::invoke@61 (line 122)
  0x00000160657ba9ac: b0b8 a4ff | 4c8b c8e9 | 4cf5 ffff | bade ffff | ff48 8b6c | 2408 4c89 | 5c24 0844 | 8944 2404 
  0x00000160657ba9cc: ;   {runtime_call UncommonTrapBlob}
  0x00000160657ba9cc: 6666 90e8 

  0x00000160657ba9d0: ; ImmutableOopMap {rbp=Oop [8]=Oop }
                      ;*invokeinterface startRestartGroup {reexecute=0 rethrow=0 return_oop=0}
                      ; - androidx.compose.runtime.internal.ComposableLambdaImpl::invoke@5 (line 119)
  0x00000160657ba9d0: 8c62 a4ff | bade ffff | ff48 8b6c | 2408 4c89 

  0x00000160657ba9e0: ;   {runtime_call UncommonTrapBlob}
  0x00000160657ba9e0: 5c24 18e8 

  0x00000160657ba9e4: ; ImmutableOopMap {rbp=Oop [24]=Oop }
                      ;*invokeinterface changed {reexecute=0 rethrow=0 return_oop=0}
                      ; - androidx.compose.runtime.internal.ComposableLambdaImpl::invoke@19 (line 121)
  0x00000160657ba9e4: 7862 a4ff | bade ffff | ff4c 894c 

  0x00000160657ba9f0: ;   {runtime_call UncommonTrapBlob}
  0x00000160657ba9f0: 2408 90e8 

  0x00000160657ba9f4: ; ImmutableOopMap {rbp=Oop [0]=Oop [8]=Oop }
                      ;*invokeinterface updateScope {reexecute=0 rethrow=0 return_oop=0}
                      ; - androidx.compose.runtime.internal.ComposableLambdaImpl::invoke@92 (line 123)
  0x00000160657ba9f4: 6862 a4ff | 448b 0424 | 448b d0e9 | f2fe ffff | ba45 ffff | ff48 8b6c | 2408 4889 | 4424 f88b 
  0x00000160657baa14: 4424 0489 | 0424 488b | 4424 f844 | 8944 2404 

  0x00000160657baa24: ;   {runtime_call UncommonTrapBlob}
  0x00000160657baa24: 6666 90e8 

  0x00000160657baa28: ; ImmutableOopMap {rbp=Oop [4]=NarrowOop [16]=Oop }
                      ;*ifeq {reexecute=1 rethrow=0 return_oop=0}
                      ; - (reexecute) kotlin.jvm.internal.TypeIntrinsics::getFunctionArity@21 (line 261)
                      ; - kotlin.jvm.internal.TypeIntrinsics::isFunctionOfArity@8 (line 336)
                      ; - kotlin.jvm.internal.TypeIntrinsics::beforeCheckcastToFunctionOfArity@6 (line 341)
                      ; - androidx.compose.runtime.internal.ComposableLambdaImpl::invoke@52 (line 122)
  0x00000160657baa28: 3462 a4ff | 41ba 0100 | 0000 e9bf | feff ff41 | ba03 0000 | 00e9 b4fe | ffff 41ba | 0400 0000 
  0x00000160657baa48: e9a9 feff | ff41 ba06 | 0000 00e9 | 9efe ffff | 41ba 0700 | 0000 e993 | feff ff41 | ba08 0000 
  0x00000160657baa68: 00e9 88fe | ffff 41ba | 0900 0000 | e97d feff | ff41 ba0a | 0000 00e9 | 72fe ffff | 41ba 0b00 
  0x00000160657baa88: 0000 e967 | feff ff41 | ba0c 0000 | 00e9 5cfe | ffff 41ba | 0d00 0000 | e951 feff | ff41 ba0e 
  0x00000160657baaa8: 0000 00e9 | 46fe ffff | 41ba 0f00 | 0000 e93b | feff ff41 | ba10 0000 | 00e9 30fe | ffff 41ba 
  0x00000160657baac8: 1100 0000 | e925 feff | ff41 ba12 | 0000 00e9 | 1afe ffff | 41ba 1300 | 0000 e90f | feff ff41 
  0x00000160657baae8: ba14 0000 | 00e9 04fe | ffff 41ba | 1500 0000 | e9f9 fdff | ff41 baff | ffff ffe9 | eefd ffff 
  0x00000160657bab08: baf6 ffff | ff41 8be8 

  0x00000160657bab10: ;   {runtime_call UncommonTrapBlob}
  0x00000160657bab10: 6666 90e8 

  0x00000160657bab14: ; ImmutableOopMap {}
                      ;*invokeinterface startRestartGroup {reexecute=0 rethrow=0 return_oop=0}
                      ; - androidx.compose.runtime.internal.ComposableLambdaImpl::invoke@5 (line 119)
  0x00000160657bab14: 4861 a4ff | baf6 ffff | ff48 8b6c 

  0x00000160657bab20: ;   {runtime_call UncommonTrapBlob}
  0x00000160657bab20: 2408 90e8 

  0x00000160657bab24: ; ImmutableOopMap {rbp=Oop }
                      ;*invokeinterface changed {reexecute=0 rethrow=0 return_oop=0}
                      ; - androidx.compose.runtime.internal.ComposableLambdaImpl::invoke@19 (line 121)
  0x00000160657bab24: 3861 a4ff | ba45 ffff | ff49 8bea | 48ff 7424 | 1048 8f44 | 2408 4889 | 4424 f88b | 4424 0489 
  0x00000160657bab44: 0424 488b | 4424 f844 | 8944 2410 

  0x00000160657bab50: ;   {runtime_call UncommonTrapBlob}
  0x00000160657bab50: 6666 90e8 

  0x00000160657bab54: ; ImmutableOopMap {rbp=Oop [8]=Oop [16]=NarrowOop }
                      ;*ifnonnull {reexecute=1 rethrow=0 return_oop=0}
                      ; - (reexecute) kotlin.jvm.internal.Intrinsics::checkNotNull@1 (line 30)
                      ; - androidx.compose.runtime.internal.ComposableLambdaImpl::invoke@48 (line 122)
  0x00000160657bab54: 0861 a4ff | 488b d0eb | 2148 8bd0 | eb1c 488b | d0eb 1748 | 8bd0 eb12 | 488b d0eb | 0d48 8bd0 
  0x00000160657bab74: eb08 488b | d0eb 0348 | 8bd0 4883 

  0x00000160657bab80: ;   {runtime_call C2 Runtime rethrow}
  0x00000160657bab80: c440 5de9 | 58fd a4ff | 458b 1a49 | c1e3 0349 | 83fb 000f | 8458 f4ff | ff4d 8b47 | 384d 85c0 
  0x00000160657baba0: 0f84 1400 | 0000 4983 | e808 4d89 | 4738 4d03 | 4740 4d89 | 18e9 37f4 | ffff 4883 | ec30 4c89 
  0x00000160657babc0: 5424 284c | 894c 2420 | 498b cb49 

  0x00000160657babcc: ;   {runtime_call}
  0x00000160657babcc: 8bd7 48b8 | 1034 b074 | fd7f 0000 | ffd0 4c8b | 4c24 204c | 8b54 2428 | c5f8 7748 | 83c4 30e9 
  0x00000160657babec: 01f4 ffff | f083 4424 | c000 4180 | 3800 0f84 | 29f4 ffff | 41c6 0000 | 4d8b 5f50 | 4d85 db0f 
  0x00000160657bac0c: 8414 0000 | 0049 83eb | 084d 895f | 504d 035f | 584d 8903 | e904 f4ff | ff48 83ec | 2049 8bc8 
  0x00000160657bac2c: ;   {runtime_call}
  0x00000160657bac2c: 498b d748 | b8f0 33b0 | 74fd 7f00 | 00ff d0c5 | f877 4883 | c420 e9e2 

  0x00000160657bac44: ;   {internal_word}
  0x00000160657bac44: f3ff ff49 | ba32 a07b | 6560 0100 | 004d 8997 | e004 0000 

  0x00000160657bac58: ;   {runtime_call SafepointBlob}
  0x00000160657bac58: e903 6397 

  0x00000160657bac5c: ;   {runtime_call Stub::method_entry_barrier}
  0x00000160657bac5c: ffe8 de96 | 95ff e943 | f1ff fff4 
[Stub Code]
  0x00000160657bac68: ;   {static_stub}
  0x00000160657bac68: 48bb 0000 | 0000 0000 

  0x00000160657bac70: ;   {runtime_call nmethod}
  0x00000160657bac70: 0000 e9fb 

  0x00000160657bac74: ;   {static_stub}
  0x00000160657bac74: ffff ff48 | bb00 0000 | 0000 0000 

  0x00000160657bac80: ;   {runtime_call nmethod}
  0x00000160657bac80: 00e9 fbff 

  0x00000160657bac84: ;   {static_stub}
  0x00000160657bac84: ffff 48bb | 0000 0000 | 0000 0000 

  0x00000160657bac90: ;   {runtime_call nmethod}
  0x00000160657bac90: e9fb ffff 

  0x00000160657bac94: ;   {static_stub}
  0x00000160657bac94: ff48 bb00 | 0000 0000 

  0x00000160657bac9c: ;   {runtime_call nmethod}
  0x00000160657bac9c: 0000 00e9 | fbff ffff 
[Exception Handler]
  0x00000160657baca4: ;   {runtime_call ExceptionBlob}
  0x00000160657baca4: e9b7 62a4 | ffe8 0000 | 0000 4883 

  0x00000160657bacb0: ;   {runtime_call DeoptimizationBlob}
  0x00000160657bacb0: 2c24 05e9 | a865 97ff 
[/MachCode]


Compiled method (c2) 351159 24557       4       androidx.compose.runtime.internal.ComposableLambdaImpl::invoke (16 bytes)
 total in heap  [0x000001606570dd88,0x000001606570df98] = 528
 main code      [0x000001606570de80,0x000001606570df68] = 232
 stub code      [0x000001606570df68,0x000001606570df90] = 40
 oops           [0x000001606570df90,0x000001606570df98] = 8
 mutable data [0x000001602c156390,0x000001602c1563e0] = 80
 relocation     [0x000001602c156390,0x000001602c1563c0] = 48
 metadata       [0x000001602c1563c0,0x000001602c1563e0] = 32
 immutable data [0x000001602aec0ca0,0x000001602aec0d90] = 240
 dependencies   [0x000001602aec0ca0,0x000001602aec0ca8] = 8
 nul chk table  [0x000001602aec0ca8,0x000001602aec0cc0] = 24
 handler table  [0x000001602aec0cc0,0x000001602aec0cd8] = 24
 scopes pcs     [0x000001602aec0cd8,0x000001602aec0d48] = 112
 scopes data    [0x000001602aec0d48,0x000001602aec0d90] = 72

[Constant Pool (empty)]

[MachCode]
[Instructions begin]
  0x000001606570de80: 6690 448b | 5208 443b 

  0x000001606570de88: ;   {runtime_call Shared Runtime ic_miss_blob}
  0x000001606570de88: 5008 0f85 | 500c a2ff 
[Verified Entry Point]
  0x000001606570de90: 8984 2400 | 80ff ff55 | 4883 ec20 | 4181 7f20 | 1800 0000 | 0f85 b000 | 0000 458b 

  0x000001606570deac: ;   {metadata('androidx/compose/runtime/ComposerImpl')}
  0x000001606570deac: 5008 4181 | fa28 d20e | 0275 2945 

  0x000001606570deb8: ;   {metadata('java/lang/Integer')}
  0x000001606570deb8: 8b51 0841 | 81fa 8895 | 3800 7534 | 458b 490c 

  0x000001606570dec8: ;   {optimized virtual_call}
  0x000001606570dec8: 6666 90e8 

  0x000001606570decc: ; ImmutableOopMap {}
                      ;*invokevirtual invoke {reexecute=0 rethrow=0 return_oop=1}
                      ; - androidx.compose.runtime.internal.ComposableLambdaImpl::invoke@12 (line 52)
  0x000001606570decc: c0be 0a00 | 4883 c420 

  0x000001606570ded4: ;   {poll_return}
  0x000001606570ded4: 5d49 3b67 | 280f 8765 | 0000 00c3 | 498b e948 | 8914 244c | 8944 2408 | bade ffff 

  0x000001606570def0: ;   {runtime_call UncommonTrapBlob}
  0x000001606570def0: ff66 90e8 

  0x000001606570def4: ; ImmutableOopMap {rbp=Oop [0]=Oop [8]=Oop }
                      ;*checkcast {reexecute=0 rethrow=0 return_oop=0}
                      ; - androidx.compose.runtime.internal.ComposableLambdaImpl::invoke@2 (line 52)
  0x000001606570def4: 682d afff | 488b ea4c | 8904 244c | 894c 2408 | bade ffff 

  0x000001606570df08: ;   {runtime_call UncommonTrapBlob}
  0x000001606570df08: ff66 90e8 

  0x000001606570df0c: ; ImmutableOopMap {rbp=Oop [0]=Oop [8]=Oop }
                      ;*checkcast {reexecute=0 rethrow=0 return_oop=0}
                      ; - androidx.compose.runtime.internal.ComposableLambdaImpl::invoke@6 (line 52)
  0x000001606570df0c: 502d afff | 488b d048 | 83c4 205d 

  0x000001606570df18: ;   {runtime_call C2 Runtime rethrow}
  0x000001606570df18: e9c3 c9af | ff49 8be9 | 4889 1424 | baf4 ffff 

  0x000001606570df28: ;   {runtime_call UncommonTrapBlob}
  0x000001606570df28: ff66 90e8 

  0x000001606570df2c: ; ImmutableOopMap {rbp=Oop [0]=Oop }
                      ;*checkcast {reexecute=0 rethrow=0 return_oop=0}
                      ; - androidx.compose.runtime.internal.ComposableLambdaImpl::invoke@2 (line 52)
  0x000001606570df2c: 302d afff | 488b ea4c | 8904 24ba | f4ff ffff 

  0x000001606570df3c: ;   {runtime_call UncommonTrapBlob}
  0x000001606570df3c: 6666 90e8 

  0x000001606570df40: ; ImmutableOopMap {rbp=Oop [0]=Oop }
                      ;*checkcast {reexecute=0 rethrow=0 return_oop=0}
                      ; - androidx.compose.runtime.internal.ComposableLambdaImpl::invoke@6 (line 52)
  0x000001606570df40: 1c2d afff 

  0x000001606570df44: ;   {internal_word}
  0x000001606570df44: 49ba d5de | 7065 6001 | 0000 4d89 | 97e0 0400 

  0x000001606570df54: ;   {runtime_call SafepointBlob}
  0x000001606570df54: 00e9 0630 

  0x000001606570df58: ;   {runtime_call Stub::method_entry_barrier}
  0x000001606570df58: a2ff e8e1 | 63a0 ffe9 | 46ff ffff | f4f4 f4f4 
[Stub Code]
  0x000001606570df68: ;   {static_stub}
  0x000001606570df68: 48bb 0000 | 0000 0000 

  0x000001606570df70: ;   {runtime_call nmethod}
  0x000001606570df70: 0000 e9fb 

  0x000001606570df74: ;   {runtime_call ExceptionBlob}
  0x000001606570df74: ffff ffe9 | e42f afff 
[Deopt Handler Code]
  0x000001606570df7c: e800 0000 | 0048 832c 

  0x000001606570df84: ;   {runtime_call DeoptimizationBlob}
  0x000001606570df84: 2405 e9d5 | 32a2 fff4 | f4f4 f4f4 
[/MachCode]


---------------  P R O C E S S  ---------------

Threads class SMR info:
_java_thread_list=0x000001607b1ce320, length=41, elements={
0x00000160597c3990, 0x00000160740e4f50, 0x00000160740ea9a0, 0x00000160740eb800,
0x00000160740efda0, 0x00000160740f22c0, 0x00000160740f2e80, 0x00000160740f3a40,
0x0000016074115780, 0x000001607413bfc0, 0x000001607a0f8d40, 0x000001607a1c38b0,
0x000001607a1e75d0, 0x000001607a197ad0, 0x0000016074100d90, 0x0000016074101560,
0x0000016074102500, 0x000001607a5cb330, 0x000001607a5ce9e0, 0x000001607a5cf1b0,
0x000001607a5cbb00, 0x000001607a71c960, 0x000001607a71b1f0, 0x000001607a721f50,
0x000001607a71f840, 0x000001607a720010, 0x000001607b4c90f0, 0x000001603b62cf20,
0x000001607d631210, 0x0000016034cfe720, 0x0000016034cff6c0, 0x0000016034d03d10,
0x0000016034d00e30, 0x0000016034d00660, 0x0000016034d044e0, 0x000001602c65df40,
0x000001602c65c7d0, 0x000001602c6615f0, 0x000001602c662590, 0x000001607d62ac80,
0x0000016033b404a0
}

Java Threads: ( => current thread )
  0x00000160597c3990 JavaThread "main"                              [_thread_blocked, id=65472, stack(0x00000057e4d00000,0x00000057e4e00000) (1024K)]
  0x00000160740e4f50 JavaThread "Common-Cleaner"             daemon [_thread_blocked, id=59708, stack(0x00000057e5500000,0x00000057e5600000) (1024K)]
  0x00000160740ea9a0 JavaThread "Reference Handler"          daemon [_thread_blocked, id=68396, stack(0x00000057e5600000,0x00000057e5700000) (1024K)]
  0x00000160740eb800 JavaThread "Finalizer"                  daemon [_thread_blocked, id=27824, stack(0x00000057e5700000,0x00000057e5800000) (1024K)]
  0x00000160740efda0 JavaThread "Signal Dispatcher"          daemon [_thread_blocked, id=67544, stack(0x00000057e5800000,0x00000057e5900000) (1024K)]
  0x00000160740f22c0 JavaThread "Attach Listener"            daemon [_thread_blocked, id=41712, stack(0x00000057e5900000,0x00000057e5a00000) (1024K)]
  0x00000160740f2e80 JavaThread "Service Thread"             daemon [_thread_blocked, id=57064, stack(0x00000057e5a00000,0x00000057e5b00000) (1024K)]
  0x00000160740f3a40 JavaThread "Monitor Deflation Thread"   daemon [_thread_blocked, id=17724, stack(0x00000057e5b00000,0x00000057e5c00000) (1024K)]
  0x0000016074115780 JavaThread "C2 CompilerThread0"         daemon [_thread_in_native, id=10676, stack(0x00000057e5c00000,0x00000057e5d00000) (1024K)]
  0x000001607413bfc0 JavaThread "C1 CompilerThread0"         daemon [_thread_blocked, id=45500, stack(0x00000057e5d00000,0x00000057e5e00000) (1024K)]
  0x000001607a0f8d40 JavaThread "DevTools: Stderr"           daemon [_thread_in_native, id=64524, stack(0x00000057e6000000,0x00000057e6100000) (1024K)]
  0x000001607a1c38b0 JavaThread "Hot Reload Main"            daemon [_thread_blocked, id=5740, stack(0x00000057e5e00000,0x00000057e5f00000) (1024K)]
  0x000001607a1e75d0 JavaThread "Orchestration IO: Writer"   daemon [_thread_blocked, id=38336, stack(0x00000057e5f00000,0x00000057e6000000) (1024K)]
  0x000001607a197ad0 JavaThread "Orchestration IO: Reader"   daemon [_thread_in_native, id=69876, stack(0x00000057e6100000,0x00000057e6200000) (1024K)]
  0x0000016074100d90 JavaThread "Logger"                     daemon [_thread_blocked, id=70252, stack(0x00000057e6200000,0x00000057e6300000) (1024K)]
  0x0000016074101560 JavaThread "Notification Thread"        daemon [_thread_blocked, id=39252, stack(0x00000057e6300000,0x00000057e6400000) (1024K)]
  0x0000016074102500 JavaThread "Compose Runtime Analyzer"   daemon [_thread_blocked, id=39272, stack(0x00000057e6400000,0x00000057e6500000) (1024K)]
  0x000001607a5cb330 JavaThread "Java2D Disposer"            daemon [_thread_blocked, id=36956, stack(0x00000057e6600000,0x00000057e6700000) (1024K)]
  0x000001607a5ce9e0 JavaThread "AWT-Shutdown"                      [_thread_blocked, id=49200, stack(0x00000057e6700000,0x00000057e6800000) (1024K)]
  0x000001607a5cf1b0 JavaThread "AWT-Windows"                daemon [_thread_in_native, id=2176, stack(0x00000057e6800000,0x00000057e6900000) (1024K)]
=>0x000001607a5cbb00 JavaThread "AWT-EventQueue-0"                  [_thread_in_native, id=55532, stack(0x00000057e6900000,0x00000057e6a00000) (1024K)]
  0x000001607a71c960 JavaThread "TimerQueue"                 daemon [_thread_blocked, id=60988, stack(0x00000057e7000000,0x00000057e7100000) (1024K)]
  0x000001607a71b1f0 JavaThread "DefaultDispatcher-worker-1" daemon [_thread_blocked, id=64460, stack(0x00000057e7100000,0x00000057e7200000) (1024K)]
  0x000001607a721f50 JavaThread "DefaultDispatcher-worker-3" daemon [_thread_blocked, id=22116, stack(0x00000057e7300000,0x00000057e7400000) (1024K)]
  0x000001607a71f840 JavaThread "kotlinx.coroutines.DefaultExecutor" daemon [_thread_blocked, id=55940, stack(0x00000057e7400000,0x00000057e7500000) (1024K)]
  0x000001607a720010 JavaThread "Reference Cleaner"          daemon [_thread_blocked, id=54908, stack(0x00000057e7500000,0x00000057e7600000) (1024K)]
  0x000001607b4c90f0 JavaThread "skiko-dispatcher-to-block-on" daemon [_thread_blocked, id=28368, stack(0x00000057e4a00000,0x00000057e4b00000) (1024K)]
  0x000001603b62cf20 JavaThread "DefaultDispatcher-worker-4" daemon [_thread_blocked, id=42468, stack(0x00000057e7d00000,0x00000057e7e00000) (1024K)]
  0x000001607d631210 JavaThread "DefaultDispatcher-worker-5" daemon [_thread_blocked, id=24728, stack(0x00000057e8500000,0x00000057e8600000) (1024K)]
  0x0000016034cfe720 JavaThread "DefaultDispatcher-worker-8" daemon [_thread_blocked, id=36332, stack(0x00000057e8b00000,0x00000057e8c00000) (1024K)]
  0x0000016034cff6c0 JavaThread "DefaultDispatcher-worker-10" daemon [_thread_blocked, id=69692, stack(0x00000057e8d00000,0x00000057e8e00000) (1024K)]
  0x0000016034d03d10 JavaThread "DefaultDispatcher-worker-11" daemon [_thread_blocked, id=66204, stack(0x00000057e8e00000,0x00000057e8f00000) (1024K)]
  0x0000016034d00e30 JavaThread "DefaultDispatcher-worker-12" daemon [_thread_blocked, id=7360, stack(0x00000057e8f00000,0x00000057e9000000) (1024K)]
  0x0000016034d00660 JavaThread "DefaultDispatcher-worker-13" daemon [_thread_in_native, id=68488, stack(0x00000057e9000000,0x00000057e9100000) (1024K)]
  0x0000016034d044e0 JavaThread "DefaultDispatcher-worker-14" daemon [_thread_blocked, id=28480, stack(0x00000057e9100000,0x00000057e9200000) (1024K)]
  0x000001602c65df40 JavaThread "DefaultDispatcher-worker-15" daemon [_thread_blocked, id=39716, stack(0x00000057e9300000,0x00000057e9400000) (1024K)]
  0x000001602c65c7d0 JavaThread "DefaultDispatcher-worker-7" daemon [_thread_blocked, id=61428, stack(0x00000057e9400000,0x00000057e9500000) (1024K)]
  0x000001602c6615f0 JavaThread "DefaultDispatcher-worker-9" daemon [_thread_blocked, id=66112, stack(0x00000057e9600000,0x00000057e9700000) (1024K)]
  0x000001602c662590 JavaThread "DefaultDispatcher-worker-6" daemon [_thread_blocked, id=68612, stack(0x00000057e9700000,0x00000057e9800000) (1024K)]
  0x000001607d62ac80 JavaThread "DefaultDispatcher-worker-2" daemon [_thread_blocked, id=56684, stack(0x00000057e9800000,0x00000057e9900000) (1024K)]
  0x0000016033b404a0 JavaThread "C2 CompilerThread1"         daemon [_thread_blocked, id=39292, stack(0x00000057e4b00000,0x00000057e4c00000) (1024K)]
Total: 41

Other Threads:
  0x00000160740d5bc0 VMThread "VM Thread"                           [id=23252, stack(0x00000057e5400000,0x00000057e5500000) (1024K)]
  0x00000160740c4780 WatcherThread "VM Periodic Task Thread"        [id=46360, stack(0x00000057e5300000,0x00000057e5400000) (1024K)]
  0x00000160598293e0 WorkerThread "GC Thread#0"                     [id=67668, stack(0x00000057e4e00000,0x00000057e4f00000) (1024K)]
  0x000001607a449f30 WorkerThread "GC Thread#1"                     [id=19112, stack(0x00000057e6a00000,0x00000057e6b00000) (1024K)]
  0x000001607a447cb0 WorkerThread "GC Thread#2"                     [id=35896, stack(0x00000057e6b00000,0x00000057e6c00000) (1024K)]
  0x000001607a448100 WorkerThread "GC Thread#3"                     [id=30680, stack(0x00000057e6c00000,0x00000057e6d00000) (1024K)]
  0x000001607a446720 WorkerThread "GC Thread#4"                     [id=51572, stack(0x00000057e6d00000,0x00000057e6e00000) (1024K)]
  0x000001607a448550 WorkerThread "GC Thread#5"                     [id=46192, stack(0x00000057e6e00000,0x00000057e6f00000) (1024K)]
  0x000001607b445380 WorkerThread "GC Thread#6"                     [id=40884, stack(0x00000057e6f00000,0x00000057e7000000) (1024K)]
  0x000001607b446070 WorkerThread "GC Thread#7"                     [id=49232, stack(0x00000057e7600000,0x00000057e7700000) (1024K)]
  0x000001607b447a50 WorkerThread "GC Thread#8"                     [id=54864, stack(0x00000057e7700000,0x00000057e7800000) (1024K)]
  0x000001607b4464c0 WorkerThread "GC Thread#9"                     [id=27488, stack(0x00000057e7800000,0x00000057e7900000) (1024K)]
  0x0000016059861380 ConcurrentGCThread "G1 Main Marker"            [id=54880, stack(0x00000057e4f00000,0x00000057e5000000) (1024K)]
  0x0000016059861d20 WorkerThread "G1 Conc#0"                       [id=25244, stack(0x00000057e5000000,0x00000057e5100000) (1024K)]
  0x000001607b447600 WorkerThread "G1 Conc#1"                       [id=32880, stack(0x00000057e7900000,0x00000057e7a00000) (1024K)]
  0x000001607b447ea0 WorkerThread "G1 Conc#2"                       [id=49976, stack(0x00000057e7a00000,0x00000057e7b00000) (1024K)]
  0x0000016073f97a10 ConcurrentGCThread "G1 Refine#0"               [id=52072, stack(0x00000057e5100000,0x00000057e5200000) (1024K)]
  0x0000016073f98420 ConcurrentGCThread "G1 Service"                [id=18748, stack(0x00000057e5200000,0x00000057e5300000) (1024K)]
Total: 18

Threads with active compile tasks:
C2 CompilerThread0  351164 29822 %     4       org.jetbrains.compose.reload.analysis.MutableApplicationInfoImpl::add @ 99 (1147 bytes)
Total: 1

VM state: not at safepoint (normal execution)

VM Mutex/Monitor currently owned by a thread: None

Heap address: 0x000000070ae00000, size: 3922 MB, Compressed Oops mode: Zero based, Oop shift amount: 3

CDS archive(s) mapped at: [0x0000000092000000-0x0000000093cd0000-0x0000000093cd0000), size 30212096, SharedBaseAddress: 0x0000000092000000, ArchiveRelocationMode: 1.
Compressed class space mapped at: 0x0000000094000000-0x00000000d4000000, reserved size: 1073741824
UseCompressedClassPointers 1, UseCompactObjectHeaders 0
Narrow klass pointer bits 32, Max shift 3
Narrow klass base: 0x0000000092000000, Narrow klass shift: 0
Encoding Range: [0x0000000092000000 - 0x0000000192000000), (4294967296 bytes)
Klass Range:    [0x0000000092010000 - 0x00000000d4000000), (1107230720 bytes)
Klass ID Range:  [65536 - 1107296249) (1107230713)
Protection zone: [0x0000000092000000 - 0x0000000092010000), (65536 bytes)

GC Precious Log:
 CardTable entry size: 512
 Card Set container configuration: InlinePtr #cards 4 size 8 Array Of Cards #cards 16 size 48 Howl #buckets 8 coarsen threshold 3686 Howl Bitmap #cards 512 size 80 coarsen threshold 460 Card regions per heap region 1 cards per card region 4096
 CPUs: 12 total, 12 available
 Memory: 15681M
 Large Page Support: Disabled
 NUMA Support: Disabled
 Compressed Oops: Enabled (Zero based)
 Heap Region Size: 2M
 Heap Min Capacity: 8M
 Heap Initial Capacity: 246M
 Heap Max Capacity: 3922M
 Pre-touch: Disabled
 Parallel Workers: 10
 Concurrent Workers: 3
 Concurrent Refinement Workers: 10
 Periodic GC: Disabled

Heap:
 garbage-first heap   total reserved 4016128K, committed 233472K, used 167249K [0x000000070ae00000, 0x0000000800000000)
  region size 2048K, 37 young (75776K), 0 survivors (0K)

Heap Regions: E=young(eden), S=young(survivor), O=old, HS=humongous(starts), HC=humongous(continues), CS=collection set, F=free, TAMS=top-at-mark-start, PB=parsable bottom
|   0|0x000000070ae00000, 0x000000070b000000, 0x000000070b000000|100%|HS|  |TAMS 0x000000070ae00000| PB 0x000000070ae00000| Untracked |  0
|   1|0x000000070b000000, 0x000000070b200000, 0x000000070b200000|100%| O|  |TAMS 0x000000070b000000| PB 0x000000070b000000| Untracked |  0
|   2|0x000000070b200000, 0x000000070b3ffff8, 0x000000070b400000| 99%| O|  |TAMS 0x000000070b200000| PB 0x000000070b200000| Untracked |  0
|   3|0x000000070b400000, 0x000000070b600000, 0x000000070b600000|100%| O|  |TAMS 0x000000070b400000| PB 0x000000070b400000| Untracked |  0
|   4|0x000000070b600000, 0x000000070b7fffe8, 0x000000070b800000| 99%| O|  |TAMS 0x000000070b600000| PB 0x000000070b600000| Untracked |  0
|   5|0x000000070b800000, 0x000000070b9fffc8, 0x000000070ba00000| 99%| O|  |TAMS 0x000000070b800000| PB 0x000000070b800000| Untracked |  0
|   6|0x000000070ba00000, 0x000000070bc00000, 0x000000070bc00000|100%| O|  |TAMS 0x000000070ba00000| PB 0x000000070ba00000| Untracked |  0
|   7|0x000000070bc00000, 0x000000070be00000, 0x000000070be00000|100%| O|  |TAMS 0x000000070bc00000| PB 0x000000070bc00000| Untracked |  0
|   8|0x000000070be00000, 0x000000070c000000, 0x000000070c000000|100%| O|  |TAMS 0x000000070be00000| PB 0x000000070be00000| Untracked |  0
|   9|0x000000070c000000, 0x000000070c1fffd0, 0x000000070c200000| 99%| O|  |TAMS 0x000000070c000000| PB 0x000000070c000000| Untracked |  0
|  10|0x000000070c200000, 0x000000070c3f8bd0, 0x000000070c400000| 98%| O|  |TAMS 0x000000070c200000| PB 0x000000070c200000| Untracked |  0
|  11|0x000000070c400000, 0x000000070c5fffb0, 0x000000070c600000| 99%| O|  |TAMS 0x000000070c400000| PB 0x000000070c400000| Untracked |  0
|  12|0x000000070c600000, 0x000000070c7ffff8, 0x000000070c800000| 99%| O|  |TAMS 0x000000070c600000| PB 0x000000070c600000| Untracked |  0
|  13|0x000000070c800000, 0x000000070ca00000, 0x000000070ca00000|100%| O|  |TAMS 0x000000070c800000| PB 0x000000070c800000| Untracked |  0
|  14|0x000000070ca00000, 0x000000070cc00000, 0x000000070cc00000|100%| O|  |TAMS 0x000000070ca00000| PB 0x000000070ca00000| Untracked |  0
|  15|0x000000070cc00000, 0x000000070ce00000, 0x000000070ce00000|100%| O|  |TAMS 0x000000070cc00000| PB 0x000000070cc00000| Untracked |  0
|  16|0x000000070ce00000, 0x000000070d000000, 0x000000070d000000|100%| O|  |TAMS 0x000000070ce00000| PB 0x000000070ce00000| Untracked |  0
|  17|0x000000070d000000, 0x000000070d200000, 0x000000070d200000|100%| O|  |TAMS 0x000000070d000000| PB 0x000000070d000000| Untracked |  0
|  18|0x000000070d200000, 0x000000070d3fffa8, 0x000000070d400000| 99%| O|  |TAMS 0x000000070d200000| PB 0x000000070d200000| Untracked |  0
|  19|0x000000070d400000, 0x000000070d5fffe8, 0x000000070d600000| 99%| O|  |TAMS 0x000000070d400000| PB 0x000000070d400000| Untracked |  0
|  20|0x000000070d600000, 0x000000070d800000, 0x000000070d800000|100%|HS|  |TAMS 0x000000070d600000| PB 0x000000070d600000| Untracked |  0
|  21|0x000000070d800000, 0x000000070da00000, 0x000000070da00000|100%|HC|  |TAMS 0x000000070d800000| PB 0x000000070d800000| Untracked |  0
|  22|0x000000070da00000, 0x000000070dc00000, 0x000000070dc00000|100%|HC|  |TAMS 0x000000070da00000| PB 0x000000070da00000| Untracked |  0
|  23|0x000000070dc00000, 0x000000070de00000, 0x000000070de00000|100%|HC|  |TAMS 0x000000070dc00000| PB 0x000000070dc00000| Untracked |  0
|  24|0x000000070de00000, 0x000000070e000000, 0x000000070e000000|100%| O|  |TAMS 0x000000070de00000| PB 0x000000070de00000| Untracked |  0
|  25|0x000000070e000000, 0x000000070e200000, 0x000000070e200000|100%|HS|  |TAMS 0x000000070e000000| PB 0x000000070e000000| Untracked |  0
|  26|0x000000070e200000, 0x000000070e400000, 0x000000070e400000|100%|HC|  |TAMS 0x000000070e200000| PB 0x000000070e200000| Untracked |  0
|  27|0x000000070e400000, 0x000000070e600000, 0x000000070e600000|100%|HC|  |TAMS 0x000000070e400000| PB 0x000000070e400000| Untracked |  0
|  28|0x000000070e600000, 0x000000070e800000, 0x000000070e800000|100%|HC|  |TAMS 0x000000070e600000| PB 0x000000070e600000| Untracked |  0
|  29|0x000000070e800000, 0x000000070ea00000, 0x000000070ea00000|100%|HC|  |TAMS 0x000000070e800000| PB 0x000000070e800000| Untracked |  0
|  30|0x000000070ea00000, 0x000000070ec00000, 0x000000070ec00000|100%|HC|  |TAMS 0x000000070ea00000| PB 0x000000070ea00000| Untracked |  0
|  31|0x000000070ec00000, 0x000000070ee00000, 0x000000070ee00000|100%|HC|  |TAMS 0x000000070ec00000| PB 0x000000070ec00000| Untracked |  0
|  32|0x000000070ee00000, 0x000000070f000000, 0x000000070f000000|100%|HC|  |TAMS 0x000000070ee00000| PB 0x000000070ee00000| Untracked |  0
|  33|0x000000070f000000, 0x000000070f200000, 0x000000070f200000|100%|HC|  |TAMS 0x000000070f000000| PB 0x000000070f000000| Untracked |  0
|  34|0x000000070f200000, 0x000000070f400000, 0x000000070f400000|100%|HC|  |TAMS 0x000000070f200000| PB 0x000000070f200000| Untracked |  0
|  35|0x000000070f400000, 0x000000070f5ffff8, 0x000000070f600000| 99%| O|  |TAMS 0x000000070f400000| PB 0x000000070f400000| Untracked |  0
|  36|0x000000070f600000, 0x000000070f7fffe8, 0x000000070f800000| 99%| O|  |TAMS 0x000000070f600000| PB 0x000000070f600000| Untracked |  0
|  37|0x000000070f800000, 0x000000070f9ffff0, 0x000000070fa00000| 99%| O|  |TAMS 0x000000070f800000| PB 0x000000070f800000| Untracked |  0
|  38|0x000000070fa00000, 0x000000070fbfffe0, 0x000000070fc00000| 99%| O|  |TAMS 0x000000070fa00000| PB 0x000000070fa00000| Untracked |  0
|  39|0x000000070fc00000, 0x000000070fdfffe0, 0x000000070fe00000| 99%| O|  |TAMS 0x000000070fc00000| PB 0x000000070fc00000| Untracked |  0
|  40|0x000000070fe00000, 0x000000070ffffff8, 0x0000000710000000| 99%| O|  |TAMS 0x000000070fe00000| PB 0x000000070fe00000| Untracked |  0
|  41|0x0000000710000000, 0x00000007101be9d0, 0x0000000710200000| 87%| O|  |TAMS 0x0000000710000000| PB 0x0000000710000000| Untracked |  0
|  42|0x0000000710200000, 0x00000007102b2ed8, 0x0000000710400000| 34%| O|  |TAMS 0x0000000710200000| PB 0x0000000710200000| Untracked |  0
|  43|0x0000000710400000, 0x000000071043ef48, 0x0000000710600000| 12%| O|  |TAMS 0x0000000710400000| PB 0x0000000710400000| Untracked |  0
|  44|0x0000000710600000, 0x00000007107bdba8, 0x0000000710800000| 87%| O|  |TAMS 0x0000000710600000| PB 0x0000000710600000| Untracked |  0
|  45|0x0000000710800000, 0x00000007108ed908, 0x0000000710a00000| 46%| O|  |TAMS 0x0000000710800000| PB 0x0000000710800000| Untracked |  0
|  46|0x0000000710a00000, 0x0000000710a00000, 0x0000000710c00000|  0%| F|  |TAMS 0x0000000710a00000| PB 0x0000000710a00000| Untracked |  0
|  47|0x0000000710c00000, 0x0000000710c00000, 0x0000000710e00000|  0%| F|  |TAMS 0x0000000710c00000| PB 0x0000000710c00000| Untracked |  0
|  48|0x0000000710e00000, 0x0000000710e00000, 0x0000000711000000|  0%| F|  |TAMS 0x0000000710e00000| PB 0x0000000710e00000| Untracked |  0
|  49|0x0000000711000000, 0x0000000711000000, 0x0000000711200000|  0%| F|  |TAMS 0x0000000711000000| PB 0x0000000711000000| Untracked |  0
|  50|0x0000000711200000, 0x0000000711200000, 0x0000000711400000|  0%| F|  |TAMS 0x0000000711200000| PB 0x0000000711200000| Untracked |  0
|  51|0x0000000711400000, 0x0000000711400000, 0x0000000711600000|  0%| F|  |TAMS 0x0000000711400000| PB 0x0000000711400000| Untracked |  0
|  52|0x0000000711600000, 0x0000000711600000, 0x0000000711800000|  0%| F|  |TAMS 0x0000000711600000| PB 0x0000000711600000| Untracked |  0
|  53|0x0000000711800000, 0x0000000711800000, 0x0000000711a00000|  0%| F|  |TAMS 0x0000000711800000| PB 0x0000000711800000| Untracked |  0
|  54|0x0000000711a00000, 0x0000000711a00000, 0x0000000711c00000|  0%| F|  |TAMS 0x0000000711a00000| PB 0x0000000711a00000| Untracked |  0
|  55|0x0000000711c00000, 0x0000000711c00000, 0x0000000711e00000|  0%| F|  |TAMS 0x0000000711c00000| PB 0x0000000711c00000| Untracked |  0
|  56|0x0000000711e00000, 0x0000000711e00000, 0x0000000712000000|  0%| F|  |TAMS 0x0000000711e00000| PB 0x0000000711e00000| Untracked |  0
|  57|0x0000000712000000, 0x0000000712000000, 0x0000000712200000|  0%| F|  |TAMS 0x0000000712000000| PB 0x0000000712000000| Untracked |  0
|  58|0x0000000712200000, 0x0000000712200000, 0x0000000712400000|  0%| F|  |TAMS 0x0000000712200000| PB 0x0000000712200000| Untracked |  0
|  59|0x0000000712400000, 0x0000000712400000, 0x0000000712600000|  0%| F|  |TAMS 0x0000000712400000| PB 0x0000000712400000| Untracked |  0
|  60|0x0000000712600000, 0x0000000712600000, 0x0000000712800000|  0%| F|  |TAMS 0x0000000712600000| PB 0x0000000712600000| Untracked |  0
|  61|0x0000000712800000, 0x0000000712800000, 0x0000000712a00000|  0%| F|  |TAMS 0x0000000712800000| PB 0x0000000712800000| Untracked |  0
|  62|0x0000000712a00000, 0x0000000712a00000, 0x0000000712c00000|  0%| F|  |TAMS 0x0000000712a00000| PB 0x0000000712a00000| Untracked |  0
|  63|0x0000000712c00000, 0x0000000712c00000, 0x0000000712e00000|  0%| F|  |TAMS 0x0000000712c00000| PB 0x0000000712c00000| Untracked |  0
|  64|0x0000000712e00000, 0x0000000712e00000, 0x0000000713000000|  0%| F|  |TAMS 0x0000000712e00000| PB 0x0000000712e00000| Untracked |  0
|  65|0x0000000713000000, 0x0000000713000000, 0x0000000713200000|  0%| F|  |TAMS 0x0000000713000000| PB 0x0000000713000000| Untracked |  0
|  66|0x0000000713200000, 0x0000000713200000, 0x0000000713400000|  0%| F|  |TAMS 0x0000000713200000| PB 0x0000000713200000| Untracked |  0
|  67|0x0000000713400000, 0x0000000713400000, 0x0000000713600000|  0%| F|  |TAMS 0x0000000713400000| PB 0x0000000713400000| Untracked |  0
|  68|0x0000000713600000, 0x0000000713600000, 0x0000000713800000|  0%| F|  |TAMS 0x0000000713600000| PB 0x0000000713600000| Untracked |  0
|  69|0x0000000713800000, 0x0000000713800000, 0x0000000713a00000|  0%| F|  |TAMS 0x0000000713800000| PB 0x0000000713800000| Untracked |  0
|  70|0x0000000713a00000, 0x0000000713a00000, 0x0000000713c00000|  0%| F|  |TAMS 0x0000000713a00000| PB 0x0000000713a00000| Untracked |  0
|  71|0x0000000713c00000, 0x0000000713c00000, 0x0000000713e00000|  0%| F|  |TAMS 0x0000000713c00000| PB 0x0000000713c00000| Untracked |  0
|  72|0x0000000713e00000, 0x0000000713e00000, 0x0000000714000000|  0%| F|  |TAMS 0x0000000713e00000| PB 0x0000000713e00000| Untracked |  0
|  73|0x0000000714000000, 0x0000000714000000, 0x0000000714200000|  0%| F|  |TAMS 0x0000000714000000| PB 0x0000000714000000| Untracked |  0
|  74|0x0000000714200000, 0x0000000714200000, 0x0000000714400000|  0%| F|  |TAMS 0x0000000714200000| PB 0x0000000714200000| Untracked |  0
|  75|0x0000000714400000, 0x0000000714583588, 0x0000000714600000| 75%| E|  |TAMS 0x0000000714400000| PB 0x0000000714400000| Complete |  0
|  76|0x0000000714600000, 0x0000000714800000, 0x0000000714800000|100%| E|CS|TAMS 0x0000000714600000| PB 0x0000000714600000| Complete |  0
|  77|0x0000000714800000, 0x0000000714a00000, 0x0000000714a00000|100%| E|CS|TAMS 0x0000000714800000| PB 0x0000000714800000| Complete |  0
|  78|0x0000000714a00000, 0x0000000714c00000, 0x0000000714c00000|100%| E|CS|TAMS 0x0000000714a00000| PB 0x0000000714a00000| Complete |  0
|  79|0x0000000714c00000, 0x0000000714e00000, 0x0000000714e00000|100%| E|CS|TAMS 0x0000000714c00000| PB 0x0000000714c00000| Complete |  0
|  80|0x0000000714e00000, 0x0000000715000000, 0x0000000715000000|100%| E|CS|TAMS 0x0000000714e00000| PB 0x0000000714e00000| Complete |  0
|  81|0x0000000715000000, 0x0000000715200000, 0x0000000715200000|100%| E|CS|TAMS 0x0000000715000000| PB 0x0000000715000000| Complete |  0
|  82|0x0000000715200000, 0x0000000715400000, 0x0000000715400000|100%| E|CS|TAMS 0x0000000715200000| PB 0x0000000715200000| Complete |  0
|  83|0x0000000715400000, 0x0000000715600000, 0x0000000715600000|100%| E|CS|TAMS 0x0000000715400000| PB 0x0000000715400000| Complete |  0
|  84|0x0000000715600000, 0x0000000715800000, 0x0000000715800000|100%| E|CS|TAMS 0x0000000715600000| PB 0x0000000715600000| Complete |  0
|  85|0x0000000715800000, 0x0000000715a00000, 0x0000000715a00000|100%| E|CS|TAMS 0x0000000715800000| PB 0x0000000715800000| Complete |  0
|  86|0x0000000715a00000, 0x0000000715c00000, 0x0000000715c00000|100%| E|CS|TAMS 0x0000000715a00000| PB 0x0000000715a00000| Complete |  0
|  87|0x0000000715c00000, 0x0000000715e00000, 0x0000000715e00000|100%| E|CS|TAMS 0x0000000715c00000| PB 0x0000000715c00000| Complete |  0
|  88|0x0000000715e00000, 0x0000000716000000, 0x0000000716000000|100%| E|CS|TAMS 0x0000000715e00000| PB 0x0000000715e00000| Complete |  0
|  89|0x0000000716000000, 0x0000000716200000, 0x0000000716200000|100%| E|CS|TAMS 0x0000000716000000| PB 0x0000000716000000| Complete |  0
|  90|0x0000000716200000, 0x0000000716400000, 0x0000000716400000|100%| E|CS|TAMS 0x0000000716200000| PB 0x0000000716200000| Complete |  0
|  91|0x0000000716400000, 0x0000000716600000, 0x0000000716600000|100%| E|CS|TAMS 0x0000000716400000| PB 0x0000000716400000| Complete |  0
|  92|0x0000000716600000, 0x0000000716800000, 0x0000000716800000|100%| E|CS|TAMS 0x0000000716600000| PB 0x0000000716600000| Complete |  0
|  93|0x0000000716800000, 0x0000000716a00000, 0x0000000716a00000|100%| E|CS|TAMS 0x0000000716800000| PB 0x0000000716800000| Complete |  0
|  94|0x0000000716a00000, 0x0000000716c00000, 0x0000000716c00000|100%| E|CS|TAMS 0x0000000716a00000| PB 0x0000000716a00000| Complete |  0
|  95|0x0000000716c00000, 0x0000000716e00000, 0x0000000716e00000|100%| E|CS|TAMS 0x0000000716c00000| PB 0x0000000716c00000| Complete |  0
|  96|0x0000000716e00000, 0x0000000717000000, 0x0000000717000000|100%| E|CS|TAMS 0x0000000716e00000| PB 0x0000000716e00000| Complete |  0
|  97|0x0000000717000000, 0x0000000717200000, 0x0000000717200000|100%| E|CS|TAMS 0x0000000717000000| PB 0x0000000717000000| Complete |  0
|  98|0x0000000717200000, 0x0000000717400000, 0x0000000717400000|100%| E|CS|TAMS 0x0000000717200000| PB 0x0000000717200000| Complete |  0
|  99|0x0000000717400000, 0x0000000717600000, 0x0000000717600000|100%| E|CS|TAMS 0x0000000717400000| PB 0x0000000717400000| Complete |  0
| 100|0x0000000717600000, 0x0000000717800000, 0x0000000717800000|100%| E|CS|TAMS 0x0000000717600000| PB 0x0000000717600000| Complete |  0
| 101|0x0000000717800000, 0x0000000717a00000, 0x0000000717a00000|100%| E|CS|TAMS 0x0000000717800000| PB 0x0000000717800000| Complete |  0
| 102|0x0000000717a00000, 0x0000000717c00000, 0x0000000717c00000|100%| E|CS|TAMS 0x0000000717a00000| PB 0x0000000717a00000| Complete |  0
| 121|0x000000071a000000, 0x000000071a200000, 0x000000071a200000|100%| E|CS|TAMS 0x000000071a000000| PB 0x000000071a000000| Complete |  0
| 122|0x000000071a200000, 0x000000071a400000, 0x000000071a400000|100%| E|CS|TAMS 0x000000071a200000| PB 0x000000071a200000| Complete |  0
|1952|0x00000007fee00000, 0x00000007ff000000, 0x00000007ff000000|100%| E|CS|TAMS 0x00000007fee00000| PB 0x00000007fee00000| Complete |  0
|1953|0x00000007ff000000, 0x00000007ff200000, 0x00000007ff200000|100%| E|CS|TAMS 0x00000007ff000000| PB 0x00000007ff000000| Complete |  0
|1954|0x00000007ff200000, 0x00000007ff400000, 0x00000007ff400000|100%| E|CS|TAMS 0x00000007ff200000| PB 0x00000007ff200000| Complete |  0
|1955|0x00000007ff400000, 0x00000007ff600000, 0x00000007ff600000|100%| E|CS|TAMS 0x00000007ff400000| PB 0x00000007ff400000| Complete |  0
|1956|0x00000007ff600000, 0x00000007ff800000, 0x00000007ff800000|100%| E|CS|TAMS 0x00000007ff600000| PB 0x00000007ff600000| Complete |  0
|1957|0x00000007ff800000, 0x00000007ffa00000, 0x00000007ffa00000|100%| O|  |TAMS 0x00000007ff800000| PB 0x00000007ff800000| Untracked |  0
|1958|0x00000007ffa00000, 0x00000007ffc00000, 0x00000007ffc00000|100%| O|  |TAMS 0x00000007ffa00000| PB 0x00000007ffa00000| Untracked |  0
|1959|0x00000007ffc00000, 0x00000007ffe00000, 0x00000007ffe00000|100%| E|CS|TAMS 0x00000007ffc00000| PB 0x00000007ffc00000| Complete |  0
|1960|0x00000007ffe00000, 0x0000000800000000, 0x0000000800000000|100%| E|CS|TAMS 0x00000007ffe00000| PB 0x00000007ffe00000| Complete |  0

Card table byte_map: [0x000001606d8b0000,0x000001606e060000] _byte_map_base: 0x000001606a059000

Marking Bits: (CMBitMap*) 0x000001605982ba80
 Bits: [0x000001606e060000, 0x0000016071da8000)

Polling page: 0x0000016057640000

Metaspace:
Metaspace        used 79744K, committed 81024K, reserved 1179648K
 class space     used 9064K, committed 9536K, reserved 1048576K

Usage:
  Non-class:     69.02 MB used.
      Class:      8.85 MB used.
       Both:     77.88 MB used.

Virtual space:
  Non-class space:      128.00 MB reserved,      69.81 MB ( 55%) committed,  2 nodes.
      Class space:        1.00 GB reserved,       9.31 MB ( <1%) committed,  1 nodes.
             Both:        1.12 GB reserved,      79.12 MB (  7%) committed. 

Chunk freelists:
   Non-Class:  9.54 MB
       Class:  6.58 MB
        Both:  16.12 MB

MaxMetaspaceSize: unlimited
CompressedClassSpaceSize: 1.00 GB
Initial GC threshold: 21.00 MB
Current GC threshold: 128.88 MB
CDS: on
 - commit_granule_bytes: 65536.
 - commit_granule_words: 8192.
 - virtual_space_node_default_size: 8388608.
 - enlarge_chunks_in_place: 1.
UseCompressedClassPointers 1, UseCompactObjectHeaders 0
Narrow klass pointer bits 32, Max shift 3
Narrow klass base: 0x0000000092000000, Narrow klass shift: 0
Encoding Range: [0x0000000092000000 - 0x0000000192000000), (4294967296 bytes)
Klass Range:    [0x0000000092010000 - 0x00000000d4000000), (1107230720 bytes)
Klass ID Range:  [65536 - 1107296249) (1107230713)
Protection zone: [0x0000000092000000 - 0x0000000092010000), (65536 bytes)


Internal statistics:

num_allocs_failed_limit: 8.
num_arena_births: 2036.
num_arena_deaths: 0.
num_vsnodes_births: 3.
num_vsnodes_deaths: 0.
num_space_committed: 1266.
num_space_uncommitted: 0.
num_chunks_returned_to_freelist: 8.
num_chunks_taken_from_freelist: 5012.
num_chunk_merges: 8.
num_chunk_splits: 3507.
num_chunks_enlarged: 2728.
num_inconsistent_stats: 0.

CodeHeap 'non-profiled nmethods': size=120064Kb used=9070Kb max_used=10288Kb free=110993Kb
 bounds [0x0000016065670000, 0x0000016066080000, 0x000001606cbb0000]
CodeHeap 'profiled nmethods': size=120000Kb used=18581Kb max_used=24047Kb free=101419Kb
 bounds [0x000001605dbb0000, 0x000001605f330000, 0x00000160650e0000]
CodeHeap 'non-nmethods': size=5696Kb used=4396Kb max_used=4507Kb free=1300Kb
 bounds [0x00000160650e0000, 0x0000016065560000, 0x0000016065670000]
CodeCache: size=245760Kb, used=32047Kb, max_used=38842Kb, free=213712Kb
 total_blobs=17083, nmethods=13761, adapters=3225, full_count=0
Compilation: enabled, stopped_count=0, restarted_count=0

Compilation events (20 events):
Event: 350.858 Thread 0x000001607413bfc0 nmethod 29824 0x000001605dec2808 code [0x000001605dec2900, 0x000001605dec30d8]
Event: 350.858 Thread 0x000001607413bfc0 29826       3       java.util.Arrays::sort (37 bytes)
Event: 350.858 Thread 0x000001607413bfc0 nmethod 29826 0x000001605f2d5608 code [0x000001605f2d5700, 0x000001605f2d58d8]
Event: 350.858 Thread 0x0000016074115780 nmethod 29817 0x0000016065be2f08 code [0x0000016065be3000, 0x0000016065be4c28]
Event: 350.858 Thread 0x0000016074115780 29822 %     4       org.jetbrains.compose.reload.analysis.MutableApplicationInfoImpl::add @ 99 (1147 bytes)
Event: 350.859 Thread 0x000001607413bfc0 29828       3       jdk.internal.jimage.ImageLocation::getAttribute (44 bytes)
Event: 350.860 Thread 0x000001607413bfc0 nmethod 29828 0x000001605ef50808 code [0x000001605ef50900, 0x000001605ef51158]
Event: 350.861 Thread 0x000001607413bfc0 29829       3       java.nio.ByteBuffer::wrap (8 bytes)
Event: 350.861 Thread 0x000001607413bfc0 nmethod 29829 0x000001605f2df408 code [0x000001605f2df500, 0x000001605f2df620]
Event: 350.862 Thread 0x000001607413bfc0 29832   !   2       jdk.internal.misc.ScopedMemoryAccess::getIntUnaligned (18 bytes)
Event: 350.862 Thread 0x000001607413bfc0 nmethod 29832 0x000001605ef16388 code [0x000001605ef16480, 0x000001605ef16690]
Event: 350.862 Thread 0x000001607413bfc0 29833   !   2       jdk.internal.misc.ScopedMemoryAccess::getIntUnalignedInternal (36 bytes)
Event: 350.863 Thread 0x000001607413bfc0 nmethod 29833 0x000001605f2f6288 code [0x000001605f2f6380, 0x000001605f2f6520]
Event: 350.863 Thread 0x000001607413bfc0 29831       3       java.nio.HeapByteBuffer::getInt (30 bytes)
Event: 350.863 Thread 0x0000016033b404a0 29830       4       jdk.internal.jimage.ImageStringsReader::unmaskedHashCode (166 bytes)
Event: 350.863 Thread 0x000001607413bfc0 nmethod 29831 0x000001605ed8fe88 code [0x000001605ed8ff80, 0x000001605ed909a8]
Event: 350.864 Thread 0x000001607413bfc0 29835       3       java.util.concurrent.ConcurrentHashMap::sumCount (60 bytes)
Event: 350.864 Thread 0x000001607413bfc0 nmethod 29835 0x000001605ef4fe88 code [0x000001605ef4ff80, 0x000001605ef501c0]
Event: 350.868 Thread 0x0000016033b404a0 nmethod 29830 0x0000016065be2988 code [0x0000016065be2a80, 0x0000016065be2ea8]
Event: 350.868 Thread 0x0000016033b404a0 29818 %     4       org.jetbrains.compose.reload.analysis.ClassInfoKt::ClassInfo @ 71 (733 bytes)

GC Heap Usage History (20 events):
Event: 282.248 {heap Before GC invocations=32 (full 2):
 garbage-first heap   total reserved 4016128K, committed 192512K, used 159123K [0x000000070ae00000, 0x0000000800000000)
  region size 2048K, 39 young (79872K), 0 survivors (0K)
}
Event: 282.262 {heap After GC invocations=33 (full 2):
 garbage-first heap   total reserved 4016128K, committed 192512K, used 101013K [0x000000070ae00000, 0x0000000800000000)
  region size 2048K, 5 young (10240K), 5 survivors (10240K)
}
Event: 284.384 {heap Before GC invocations=34 (full 2):
 garbage-first heap   total reserved 4016128K, committed 192512K, used 152213K [0x000000070ae00000, 0x0000000800000000)
  region size 2048K, 31 young (63488K), 5 survivors (10240K)
}
Event: 284.393 {heap After GC invocations=35 (full 2):
 garbage-first heap   total reserved 4016128K, committed 192512K, used 105334K [0x000000070ae00000, 0x0000000800000000)
  region size 2048K, 3 young (6144K), 3 survivors (6144K)
}
Event: 284.549 {heap Before GC invocations=35 (full 2):
 garbage-first heap   total reserved 4016128K, committed 192512K, used 158582K [0x000000070ae00000, 0x0000000800000000)
  region size 2048K, 29 young (59392K), 3 survivors (6144K)
}
Event: 284.555 {heap After GC invocations=36 (full 2):
 garbage-first heap   total reserved 4016128K, committed 192512K, used 110645K [0x000000070ae00000, 0x0000000800000000)
  region size 2048K, 3 young (6144K), 3 survivors (6144K)
}
Event: 287.341 {heap Before GC invocations=36 (full 2):
 garbage-first heap   total reserved 4016128K, committed 192512K, used 161845K [0x000000070ae00000, 0x0000000800000000)
  region size 2048K, 28 young (57344K), 3 survivors (6144K)
}
Event: 287.352 {heap After GC invocations=37 (full 2):
 garbage-first heap   total reserved 4016128K, committed 192512K, used 121227K [0x000000070ae00000, 0x0000000800000000)
  region size 2048K, 4 young (8192K), 4 survivors (8192K)
}
Event: 296.539 {heap Before GC invocations=38 (full 2):
 garbage-first heap   total reserved 4016128K, committed 212992K, used 162187K [0x000000070ae00000, 0x0000000800000000)
  region size 2048K, 25 young (51200K), 4 survivors (8192K)
}
Event: 296.549 {heap After GC invocations=39 (full 2):
 garbage-first heap   total reserved 4016128K, committed 212992K, used 128577K [0x000000070ae00000, 0x0000000800000000)
  region size 2048K, 4 young (8192K), 4 survivors (8192K)
}
Event: 308.210 {heap Before GC invocations=39 (full 2):
 garbage-first heap   total reserved 4016128K, committed 212992K, used 177729K [0x000000070ae00000, 0x0000000800000000)
  region size 2048K, 28 young (57344K), 4 survivors (8192K)
}
Event: 308.215 {heap After GC invocations=40 (full 2):
 garbage-first heap   total reserved 4016128K, committed 212992K, used 119495K [0x000000070ae00000, 0x0000000800000000)
  region size 2048K, 2 young (4096K), 2 survivors (4096K)
}
Event: 318.236 {heap Before GC invocations=40 (full 2):
 garbage-first heap   total reserved 4016128K, committed 212992K, used 176839K [0x000000070ae00000, 0x0000000800000000)
  region size 2048K, 30 young (61440K), 2 survivors (4096K)
}
Event: 318.248 {heap After GC invocations=41 (full 2):
 garbage-first heap   total reserved 4016128K, committed 212992K, used 134726K [0x000000070ae00000, 0x0000000800000000)
  region size 2048K, 4 young (8192K), 4 survivors (8192K)
}
Event: 321.221 {heap Before GC invocations=42 (full 2):
 garbage-first heap   total reserved 4016128K, committed 233472K, used 177734K [0x000000070ae00000, 0x0000000800000000)
  region size 2048K, 25 young (51200K), 4 survivors (8192K)
}
Event: 321.232 {heap After GC invocations=43 (full 2):
 garbage-first heap   total reserved 4016128K, committed 233472K, used 150371K [0x000000070ae00000, 0x0000000800000000)
  region size 2048K, 4 young (8192K), 4 survivors (8192K)
}
Event: 332.455 {heap Before GC invocations=43 (full 2):
 garbage-first heap   total reserved 4016128K, committed 233472K, used 193379K [0x000000070ae00000, 0x0000000800000000)
  region size 2048K, 25 young (51200K), 4 survivors (8192K)
}
Event: 332.462 {heap After GC invocations=44 (full 2):
 garbage-first heap   total reserved 4016128K, committed 233472K, used 141446K [0x000000070ae00000, 0x0000000800000000)
  region size 2048K, 4 young (8192K), 4 survivors (8192K)
}
Event: 332.576 {heap Before GC invocations=44 (full 2):
 garbage-first heap   total reserved 4016128K, committed 233472K, used 153734K [0x000000070ae00000, 0x0000000800000000)
  region size 2048K, 12 young (24576K), 4 survivors (8192K)
}
Event: 332.646 {heap After GC invocations=45 (full 3):
 garbage-first heap   total reserved 4016128K, committed 233472K, used 93521K [0x000000070ae00000, 0x0000000800000000)
  region size 2048K, 0 young (0K), 0 survivors (0K)
}

Metaspace Usage History (20 events):
Event: 282.248 {metaspace Before GC invocations=32 (full 2):
 Metaspace       used 71974K, committed 73088K, reserved 1114112K
  class space    used 8113K, committed 8576K, reserved 1048576K
}
Event: 282.262 {metaspace After GC invocations=33 (full 2):
 Metaspace       used 71974K, committed 73088K, reserved 1114112K
  class space    used 8113K, committed 8576K, reserved 1048576K
}
Event: 284.384 {metaspace Before GC invocations=34 (full 2):
 Metaspace       used 73265K, committed 74368K, reserved 1179648K
  class space    used 8300K, committed 8768K, reserved 1048576K
}
Event: 284.393 {metaspace After GC invocations=35 (full 2):
 Metaspace       used 73265K, committed 74368K, reserved 1179648K
  class space    used 8300K, committed 8768K, reserved 1048576K
}
Event: 284.549 {metaspace Before GC invocations=35 (full 2):
 Metaspace       used 74812K, committed 75904K, reserved 1179648K
  class space    used 8481K, committed 8896K, reserved 1048576K
}
Event: 284.555 {metaspace After GC invocations=36 (full 2):
 Metaspace       used 74812K, committed 75904K, reserved 1179648K
  class space    used 8481K, committed 8896K, reserved 1048576K
}
Event: 287.341 {metaspace Before GC invocations=36 (full 2):
 Metaspace       used 75199K, committed 76352K, reserved 1179648K
  class space    used 8522K, committed 8960K, reserved 1048576K
}
Event: 287.352 {metaspace After GC invocations=37 (full 2):
 Metaspace       used 75199K, committed 76352K, reserved 1179648K
  class space    used 8522K, committed 8960K, reserved 1048576K
}
Event: 296.539 {metaspace Before GC invocations=38 (full 2):
 Metaspace       used 75719K, committed 76864K, reserved 1179648K
  class space    used 8576K, committed 9024K, reserved 1048576K
}
Event: 296.549 {metaspace After GC invocations=39 (full 2):
 Metaspace       used 75719K, committed 76864K, reserved 1179648K
  class space    used 8576K, committed 9024K, reserved 1048576K
}
Event: 308.210 {metaspace Before GC invocations=39 (full 2):
 Metaspace       used 76480K, committed 77696K, reserved 1179648K
  class space    used 8676K, committed 9152K, reserved 1048576K
}
Event: 308.215 {metaspace After GC invocations=40 (full 2):
 Metaspace       used 76480K, committed 77696K, reserved 1179648K
  class space    used 8676K, committed 9152K, reserved 1048576K
}
Event: 318.236 {metaspace Before GC invocations=40 (full 2):
 Metaspace       used 76772K, committed 77952K, reserved 1179648K
  class space    used 8690K, committed 9152K, reserved 1048576K
}
Event: 318.248 {metaspace After GC invocations=41 (full 2):
 Metaspace       used 76772K, committed 77952K, reserved 1179648K
  class space    used 8690K, committed 9152K, reserved 1048576K
}
Event: 321.221 {metaspace Before GC invocations=42 (full 2):
 Metaspace       used 76855K, committed 78080K, reserved 1179648K
  class space    used 8691K, committed 9152K, reserved 1048576K
}
Event: 321.232 {metaspace After GC invocations=43 (full 2):
 Metaspace       used 76855K, committed 78080K, reserved 1179648K
  class space    used 8691K, committed 9152K, reserved 1048576K
}
Event: 332.455 {metaspace Before GC invocations=43 (full 2):
 Metaspace       used 77204K, committed 78336K, reserved 1179648K
  class space    used 8719K, committed 9152K, reserved 1048576K
}
Event: 332.462 {metaspace After GC invocations=44 (full 2):
 Metaspace       used 77204K, committed 78336K, reserved 1179648K
  class space    used 8719K, committed 9152K, reserved 1048576K
}
Event: 332.576 {metaspace Before GC invocations=44 (full 2):
 Metaspace       used 78016K, committed 79168K, reserved 1179648K
  class space    used 8849K, committed 9280K, reserved 1048576K
}
Event: 332.646 {metaspace After GC invocations=45 (full 3):
 Metaspace       used 78016K, committed 79168K, reserved 1179648K
  class space    used 8849K, committed 9280K, reserved 1048576K
}

Dll operation events (3 events):
Event: 0.060 Loaded shared library D:\Program Files\JetBrains\IntelliJ IDEA 2025.3.2\jbr\bin\java.dll
Event: 0.096 Loaded shared library D:\Program Files\JetBrains\IntelliJ IDEA 2025.3.2\jbr\bin\zip.dll
Event: 1.290 Loaded shared library D:\Program Files\JetBrains\IntelliJ IDEA 2025.3.2\jbr\bin\verify.dll

Deoptimization events (20 events):
Event: 346.679 Thread 0x000001607a5cbb00 DEOPT PACKING pc=0x0000016065e31234 sp=0x00000057e69ff0e0
Event: 346.679 Thread 0x000001607a5cbb00 DEOPT UNPACKING pc=0x0000016065200d02 sp=0x00000057e69ff088 mode 2
Event: 346.679 Thread 0x000001607a5cbb00 Uncommon trap: trap_request=0xffffff45 fr.pc=0x0000016065dbc0a4 relative=0x0000000000001a24
Event: 346.679 Thread 0x000001607a5cbb00 Uncommon trap: reason=unstable_if action=reinterpret pc=0x0000016065dbc0a4 method=androidx.compose.runtime.snapshots.SnapshotKt.overwriteUnusedRecordsLocked(Landroidx/compose/runtime/snapshots/StateObject;)Z @ 41 c2
Event: 346.679 Thread 0x000001607a5cbb00 DEOPT PACKING pc=0x0000016065dbc0a4 sp=0x00000057e69fefb0
Event: 346.679 Thread 0x000001607a5cbb00 DEOPT UNPACKING pc=0x0000016065200d02 sp=0x00000057e69fed60 mode 2
Event: 346.695 Thread 0x000001607a5cbb00 Uncommon trap: trap_request=0xffffff45 fr.pc=0x00000160659c2c8c relative=0x000000000000024c
Event: 346.695 Thread 0x000001607a5cbb00 Uncommon trap: reason=unstable_if action=reinterpret pc=0x00000160659c2c8c method=androidx.compose.animation.core.SpringEstimationKt.estimateDurationInternal(DDDDDDD)J @ 19 c2
Event: 346.695 Thread 0x000001607a5cbb00 DEOPT PACKING pc=0x00000160659c2c8c sp=0x00000057e69fdc10
Event: 346.695 Thread 0x000001607a5cbb00 DEOPT UNPACKING pc=0x0000016065200d02 sp=0x00000057e69fd910 mode 2
Event: 346.695 Thread 0x000001607a5cbb00 Uncommon trap: trap_request=0xffffff45 fr.pc=0x0000016065a9936c relative=0x000000000000456c
Event: 346.695 Thread 0x000001607a5cbb00 Uncommon trap: reason=unstable_if action=reinterpret pc=0x0000016065a9936c method=androidx.compose.runtime.SlotWriter$Companion.moveGroup(Landroidx/compose/runtime/SlotWriter;ILandroidx/compose/runtime/SlotWriter;ZZZ)Ljava/util/List; @ 64 c2
Event: 346.695 Thread 0x000001607a5cbb00 DEOPT PACKING pc=0x0000016065a9936c sp=0x00000057e69fdf50
Event: 346.695 Thread 0x000001607a5cbb00 DEOPT UNPACKING pc=0x0000016065200d02 sp=0x00000057e69fdee8 mode 2
Event: 347.899 Thread 0x000001607a5cbb00 Uncommon trap: trap_request=0xffffff45 fr.pc=0x00000160659516a4 relative=0x0000000000001824
Event: 347.899 Thread 0x000001607a5cbb00 Uncommon trap: reason=unstable_if action=reinterpret pc=0x00000160659516a4 method=androidx.compose.runtime.snapshots.MutableSnapshot.apply()Landroidx/compose/runtime/snapshots/SnapshotApplyResult; @ 112 c2
Event: 347.899 Thread 0x000001607a5cbb00 DEOPT PACKING pc=0x00000160659516a4 sp=0x00000057e69fe430
Event: 347.899 Thread 0x000001607a5cbb00 DEOPT UNPACKING pc=0x0000016065200d02 sp=0x00000057e69fe310 mode 2
Event: 350.861 Thread 0x000001607a5cbb00 DEOPT PACKING pc=0x000001605f1b6edd sp=0x00000057e69fa170
Event: 350.861 Thread 0x000001607a5cbb00 DEOPT UNPACKING pc=0x0000016065131702 sp=0x00000057e69f9658 mode 0

Classes loaded (20 events):
Event: 296.529 Loading class java/text/Annotation
Event: 296.529 Loading class java/text/Annotation done
Event: 296.529 Loading class java/awt/im/InputMethodHighlight
Event: 296.529 Loading class java/awt/im/InputMethodHighlight done
Event: 296.529 Loading class java/awt/font/TextHitInfo
Event: 296.530 Loading class java/awt/font/TextHitInfo done
Event: 296.530 Loading class sun/awt/windows/WInputMethod$1
Event: 296.530 Loading class sun/awt/im/CompositionArea
Event: 296.530 Loading class sun/awt/windows/WInputMethod$1 done
Event: 296.531 Loading class sun/awt/im/CompositionArea done
Event: 332.440 Loading class java/lang/classfile/instruction/ExceptionCatch
Event: 332.440 Loading class java/lang/classfile/instruction/ExceptionCatch done
Event: 332.440 Loading class jdk/internal/classfile/impl/AbstractPseudoInstruction$ExceptionCatchImpl
Event: 332.440 Loading class jdk/internal/classfile/impl/AbstractPseudoInstruction
Event: 332.440 Loading class jdk/internal/classfile/impl/AbstractPseudoInstruction done
Event: 332.440 Loading class jdk/internal/classfile/impl/AbstractPseudoInstruction$ExceptionCatchImpl done
Event: 332.441 Loading class jdk/internal/classfile/impl/StackCounter
Event: 332.441 Loading class jdk/internal/classfile/impl/StackCounter done
Event: 332.442 Loading class jdk/internal/classfile/impl/StackCounter$Target
Event: 332.442 Loading class jdk/internal/classfile/impl/StackCounter$Target done

Classes unloaded (0 events):
No events

Classes redefined (15 events):
Event: 277.435 Thread 0x00000160740d5bc0 redefined class name=org.dsqrwym.shared.data.auth.SharedAuthApi, count=1
Event: 277.435 Thread 0x00000160740d5bc0 redefined class name=org.dsqrwym.enterprise.data.category.CategoryRepository$getCategoriesByLevel$2$1, count=1
Event: 277.435 Thread 0x00000160740d5bc0 redefined class name=org.dsqrwym.enterprise.data.category.CategoryRepository$getCategories$2$1, count=1
Event: 277.435 Thread 0x00000160740d5bc0 redefined class name=org.dsqrwym.enterprise.data.product.ProductRepository$getProducts$2$1, count=1
Event: 277.435 Thread 0x00000160740d5bc0 redefined class name=org.dsqrwym.shared.data.products.dto.SharedProductFile, count=1
Event: 277.435 Thread 0x00000160740d5bc0 redefined class name=org.dsqrwym.enterprise.data.product.ProductApi, count=1
Event: 277.435 Thread 0x00000160740d5bc0 redefined class name=org.dsqrwym.business.data.category.BusinessCategoryApi, count=1
Event: 277.435 Thread 0x00000160740d5bc0 redefined class name=org.dsqrwym.enterprise.ui.viewmodels.auth.RegisterViewModel, count=1
Event: 277.435 Thread 0x00000160740d5bc0 redefined class name=org.dsqrwym.enterprise.data.auth.AuthApi, count=1
Event: 277.435 Thread 0x00000160740d5bc0 redefined class name=org.dsqrwym.shared.data.products.SharedProductApi, count=1
Event: 277.435 Thread 0x00000160740d5bc0 redefined class name=org.dsqrwym.shared.data.user.SharedUserApi, count=1
Event: 277.435 Thread 0x00000160740d5bc0 redefined class name=org.dsqrwym.shared.data.category.SharedCategoryApi, count=1
Event: 277.435 Thread 0x00000160740d5bc0 redefined class name=org.dsqrwym.shared.data.location.SharedLocationsApi, count=1
Event: 277.435 Thread 0x00000160740d5bc0 redefined class name=org.dsqrwym.shared.data.file.SharedUploadApi, count=1
Event: 277.435 Thread 0x00000160740d5bc0 redefined class name=org.dsqrwym.shared.ui.viewmodels.auth.SharedResetPasswordViewModel, count=1

Internal exceptions (20 events):
Event: 343.769 Thread 0x000001607a5cbb00 Exception <a 'sun/nio/fs/WindowsException'{0x0000000716ffd1f8}> (0x0000000716ffd1f8) 
thrown [s\src\hotspot\share\prims\jni.cpp, line 535]
Event: 343.769 Thread 0x000001607a5cbb00 Exception <a 'sun/nio/fs/WindowsException'{0x0000000716ffebd0}> (0x0000000716ffebd0) 
thrown [s\src\hotspot\share\prims\jni.cpp, line 535]
Event: 343.770 Thread 0x000001607a5cbb00 Exception <a 'sun/nio/fs/WindowsException'{0x0000000716d3c288}> (0x0000000716d3c288) 
thrown [s\src\hotspot\share\prims\jni.cpp, line 535]
Event: 343.770 Thread 0x000001607a5cbb00 Exception <a 'sun/nio/fs/WindowsException'{0x0000000716d3d9b0}> (0x0000000716d3d9b0) 
thrown [s\src\hotspot\share\prims\jni.cpp, line 535]
Event: 343.773 Thread 0x000001607a5cbb00 Exception <a 'java/lang/NoSuchMethodError'{0x0000000716d6bef8}: 'java.lang.Object java.lang.invoke.DirectMethodHandle$Holder.invokeStatic(java.lang.Object, float, float, float, java.lang.Object)'> (0x0000000716d6bef8) 
thrown [s\src\hotspot\share\interpreter\linkResolver.cpp, line 815]
Event: 343.775 Thread 0x000001607a5cbb00 Exception <a 'sun/nio/fs/WindowsException'{0x0000000716db8b38}> (0x0000000716db8b38) 
thrown [s\src\hotspot\share\prims\jni.cpp, line 535]
Event: 343.775 Thread 0x000001607a5cbb00 Exception <a 'sun/nio/fs/WindowsException'{0x0000000716dba260}> (0x0000000716dba260) 
thrown [s\src\hotspot\share\prims\jni.cpp, line 535]
Event: 343.775 Thread 0x000001607a5cbb00 Exception <a 'sun/nio/fs/WindowsException'{0x0000000716dbfe60}> (0x0000000716dbfe60) 
thrown [s\src\hotspot\share\prims\jni.cpp, line 535]
Event: 343.784 Thread 0x000001607a5cbb00 Exception <a 'java/lang/NoSuchMethodError'{0x0000000716be17b0}: 'java.lang.Object java.lang.invoke.DirectMethodHandle$Holder.invokeStatic(java.lang.Object, java.lang.Object, java.lang.Object, java.lang.Object, java.lang.Object, java.lang.Object, java.lang.Object, java.lang.Object, java.lang.Object, java.lang.Object)'> (0x0000000716be17b0) 
thrown [s\src\hotspot\share\interpreter\linkResolver.cpp, line 815]
Event: 343.784 Thread 0x000001607a5cbb00 Exception <a 'java/lang/NoSuchMethodError'{0x0000000716808648}: 'java.lang.Object java.lang.invoke.DirectMethodHandle$Holder.newInvokeSpecial(java.lang.Object, int, java.lang.Object, java.lang.Object, java.lang.Object, java.lang.Object, java.lang.Object, int)'> (0x0000000716808648) 
thrown [s\src\hotspot\share\interpreter\linkResolver.cpp, line 815]
Event: 343.785 Thread 0x000001607a5cbb00 Exception <a 'sun/nio/fs/WindowsException'{0x0000000716822e30}> (0x0000000716822e30) 
thrown [s\src\hotspot\share\prims\jni.cpp, line 535]
Event: 343.785 Thread 0x000001607a5cbb00 Exception <a 'sun/nio/fs/WindowsException'{0x0000000716824558}> (0x0000000716824558) 
thrown [s\src\hotspot\share\prims\jni.cpp, line 535]
Event: 343.786 Thread 0x000001607a5cbb00 Exception <a 'sun/nio/fs/WindowsException'{0x000000071682a0e8}> (0x000000071682a0e8) 
thrown [s\src\hotspot\share\prims\jni.cpp, line 535]
Event: 343.786 Thread 0x000001607a5cbb00 Exception <a 'sun/nio/fs/WindowsException'{0x000000071682b810}> (0x000000071682b810) 
thrown [s\src\hotspot\share\prims\jni.cpp, line 535]
Event: 343.786 Thread 0x000001607a5cbb00 Exception <a 'sun/nio/fs/WindowsException'{0x0000000716830a08}> (0x0000000716830a08) 
thrown [s\src\hotspot\share\prims\jni.cpp, line 535]
Event: 343.786 Thread 0x000001607a5cbb00 Exception <a 'sun/nio/fs/WindowsException'{0x0000000716832130}> (0x0000000716832130) 
thrown [s\src\hotspot\share\prims\jni.cpp, line 535]
Event: 343.788 Thread 0x000001607a5cbb00 Exception <a 'java/lang/NoSuchMethodError'{0x0000000716878018}: 'java.lang.Object java.lang.invoke.DirectMethodHandle$Holder.invokeSpecial(java.lang.Object, java.lang.Object, int, java.lang.Object, java.lang.Object, java.lang.Object, java.lang.Object, int, int)'> (0x0000000716878018) 
thrown [s\src\hotspot\share\interpreter\linkResolver.cpp, line 815]
Event: 350.832 Thread 0x000001607a5cbb00 Exception <a 'java/lang/NoSuchMethodError'{0x0000000715284430}: 'java.lang.Object java.lang.invoke.DirectMethodHandle$Holder.invokeStatic(java.lang.Object, java.lang.Object, java.lang.Object, int, java.lang.Object, java.lang.Object)'> (0x0000000715284430) 
thrown [s\src\hotspot\share\interpreter\linkResolver.cpp, line 815]
Event: 350.836 Thread 0x000001607a5cbb00 Exception <a 'java/lang/NoSuchMethodError'{0x00000007152d8788}: 'java.lang.Object java.lang.invoke.DirectMethodHandle$Holder.invokeStaticInit(java.lang.Object, java.lang.Object, java.lang.Object, java.lang.Object, java.lang.Object, java.lang.Object)'> (0x00000007152d8788) 
thrown [s\src\hotspot\share\interpreter\linkResolver.cpp, line 815]
Event: 350.863 Thread 0x000001607a5cbb00 Exception <a 'java/lang/NoSuchMethodError'{0x00000007147df5e0}: 'java.lang.Object java.lang.invoke.DirectMethodHandle$Holder.invokeStatic(java.lang.Object, java.lang.Object, java.lang.Object, java.lang.Object, java.lang.Object, int, int, java.lang.Object, java.lang.Object)'> (0x00000007147df5e0) 
thrown [s\src\hotspot\share\interpreter\linkResolver.cpp, line 815]

VM Operations (20 events):
Event: 296.539 Executing safepoint VM operation: G1CollectForAllocation (G1 Evacuation Pause)
Event: 296.549 Executing safepoint VM operation: G1CollectForAllocation (G1 Evacuation Pause) done
Event: 300.915 Executing non-safepoint VM operation: HandshakeAllThreads (HandshakeForDeflation)
Event: 300.915 Executing non-safepoint VM operation: HandshakeAllThreads (HandshakeForDeflation) done
Event: 300.915 Executing non-safepoint VM operation: RendezvousGCThreads
Event: 300.915 Executing non-safepoint VM operation: RendezvousGCThreads done
Event: 308.210 Executing safepoint VM operation: G1CollectForAllocation (G1 Evacuation Pause)
Event: 308.215 Executing safepoint VM operation: G1CollectForAllocation (G1 Evacuation Pause) done
Event: 318.236 Executing safepoint VM operation: G1CollectForAllocation (G1 Evacuation Pause)
Event: 318.248 Executing safepoint VM operation: G1CollectForAllocation (G1 Evacuation Pause) done
Event: 318.291 Executing safepoint VM operation: G1PauseRemark
Event: 318.297 Executing safepoint VM operation: G1PauseRemark done
Event: 318.310 Executing safepoint VM operation: G1PauseCleanup
Event: 318.310 Executing safepoint VM operation: G1PauseCleanup done
Event: 321.221 Executing safepoint VM operation: G1CollectForAllocation (G1 Evacuation Pause)
Event: 321.232 Executing safepoint VM operation: G1CollectForAllocation (G1 Evacuation Pause) done
Event: 332.455 Executing safepoint VM operation: G1CollectForAllocation (G1 Evacuation Pause)
Event: 332.462 Executing safepoint VM operation: G1CollectForAllocation (G1 Evacuation Pause) done
Event: 332.576 Executing safepoint VM operation: G1CollectFull (System.gc())
Event: 332.646 Executing safepoint VM operation: G1CollectFull (System.gc()) done

Memory protections (0 events):
No events

Nmethod flushes (20 events):
Event: 332.613 Thread 0x00000160740d5bc0 flushing  nmethod 0x000001605f106488
Event: 332.613 Thread 0x00000160740d5bc0 flushing  nmethod 0x000001605f106988
Event: 332.613 Thread 0x00000160740d5bc0 flushing  nmethod 0x000001605f10b408
Event: 332.613 Thread 0x00000160740d5bc0 flushing  nmethod 0x000001605f12fa08
Event: 332.613 Thread 0x00000160740d5bc0 flushing  nmethod 0x000001605f138e08
Event: 332.613 Thread 0x00000160740d5bc0 flushing  nmethod 0x000001605f139408
Event: 332.613 Thread 0x00000160740d5bc0 flushing  nmethod 0x000001605f170a88
Event: 332.613 Thread 0x00000160740d5bc0 flushing  nmethod 0x000001605f176708
Event: 332.613 Thread 0x00000160740d5bc0 flushing  nmethod 0x000001605f196108
Event: 332.613 Thread 0x00000160740d5bc0 flushing  nmethod 0x000001605f1be108
Event: 332.613 Thread 0x00000160740d5bc0 flushing  nmethod 0x000001605f1f2188
Event: 332.613 Thread 0x00000160740d5bc0 flushing  nmethod 0x000001605f1f3208
Event: 332.613 Thread 0x00000160740d5bc0 flushing  nmethod 0x000001605f1f3e08
Event: 332.613 Thread 0x00000160740d5bc0 flushing  nmethod 0x000001605f222608
Event: 332.613 Thread 0x00000160740d5bc0 flushing  nmethod 0x000001605f222e88
Event: 332.613 Thread 0x00000160740d5bc0 flushing  nmethod 0x000001605f232408
Event: 332.613 Thread 0x00000160740d5bc0 flushing  nmethod 0x000001605f248d08
Event: 332.613 Thread 0x00000160740d5bc0 flushing  nmethod 0x000001605f24a308
Event: 332.613 Thread 0x00000160740d5bc0 flushing  nmethod 0x000001605f24b708
Event: 332.613 Thread 0x00000160740d5bc0 flushing  nmethod 0x000001605f270408

Events (20 events):
Event: 313.561 Thread 0x0000016074115780 Thread added: 0x000001602c0d36e0
Event: 314.206 Thread 0x000001602c0d36e0 Thread exited: 0x000001602c0d36e0
Event: 317.352 Thread 0x0000016074115780 Thread added: 0x000001603c298eb0
Event: 317.456 Thread 0x000001603c298eb0 Thread exited: 0x000001603c298eb0
Event: 320.776 Thread 0x000001607413bfc0 Thread added: 0x0000016079e22550
Event: 320.887 Thread 0x000001607b4cd740 Thread exited: 0x000001607b4cd740
Event: 320.957 Thread 0x0000016079e22550 Thread exited: 0x0000016079e22550
Event: 332.471 Thread 0x000001607413bfc0 Thread added: 0x000001603c2a88a0
Event: 332.477 Thread 0x000001607413bfc0 Thread added: 0x000001603c2a90b0
Event: 332.667 Thread 0x000001603c2a90b0 Thread exited: 0x000001603c2a90b0
Event: 332.916 Thread 0x000001603c2a88a0 Thread exited: 0x000001603c2a88a0
Event: 338.296 Thread 0x000001607413bfc0 Thread added: 0x0000016034f910e0
Event: 338.913 Thread 0x0000016034f910e0 Thread exited: 0x0000016034f910e0
Event: 347.947 Thread 0x000001607a71aa20 Thread exited: 0x000001607a71aa20
Event: 347.948 Thread 0x0000016034cf9900 Thread exited: 0x0000016034cf9900
Event: 347.948 Thread 0x0000016034d02d70 Thread exited: 0x0000016034d02d70
Event: 347.952 Thread 0x000001602c660650 Thread exited: 0x000001602c660650
Event: 347.952 Thread 0x0000016034cfeef0 Thread exited: 0x0000016034cfeef0
Event: 347.953 Thread 0x0000016034d04cb0 Thread exited: 0x0000016034d04cb0
Event: 350.862 Thread 0x000001607413bfc0 Thread added: 0x0000016033b404a0


Dynamic libraries:
0x00007ff60f980000 - 0x00007ff60f98a000 	D:\Program Files\JetBrains\IntelliJ IDEA 2025.3.2\jbr\bin\java.exe
0x00007ffe53860000 - 0x00007ffe53ac7000 	C:\WINDOWS\SYSTEM32\ntdll.dll
0x00007ffe52f40000 - 0x00007ffe53009000 	C:\WINDOWS\System32\KERNEL32.DLL
0x00007ffe50760000 - 0x00007ffe50b51000 	C:\WINDOWS\System32\KERNELBASE.dll
0x00007ffe50b90000 - 0x00007ffe50cdb000 	C:\WINDOWS\System32\ucrtbase.dll
0x00007ffe33da0000 - 0x00007ffe33dbe000 	D:\Program Files\JetBrains\IntelliJ IDEA 2025.3.2\jbr\bin\VCRUNTIME140.dll
0x00007ffe36c60000 - 0x00007ffe36c77000 	D:\Program Files\JetBrains\IntelliJ IDEA 2025.3.2\jbr\bin\jli.dll
0x00007ffe51f80000 - 0x00007ffe52145000 	C:\WINDOWS\System32\USER32.dll
0x00007ffe50b60000 - 0x00007ffe50b87000 	C:\WINDOWS\System32\win32u.dll
0x00007ffe35b80000 - 0x00007ffe35e13000 	C:\WINDOWS\WinSxS\amd64_microsoft.windows.common-controls_6595b64144ccf1df_6.0.26100.8037_none_3e092faae333b53b\COMCTL32.dll
0x00007ffe52580000 - 0x00007ffe525ab000 	C:\WINDOWS\System32\GDI32.dll
0x00007ffe50410000 - 0x00007ffe5053b000 	C:\WINDOWS\System32\gdi32full.dll
0x00007ffe536e0000 - 0x00007ffe53789000 	C:\WINDOWS\System32\msvcrt.dll
0x00007ffe50ce0000 - 0x00007ffe50d83000 	C:\WINDOWS\System32\msvcp_win.dll
0x00007ffe52ab0000 - 0x00007ffe52ae1000 	C:\WINDOWS\System32\IMM32.DLL
0x00007ffe46790000 - 0x00007ffe4679c000 	D:\Program Files\JetBrains\IntelliJ IDEA 2025.3.2\jbr\bin\vcruntime140_1.dll
0x00007ffe2b120000 - 0x00007ffe2b1a9000 	D:\Program Files\JetBrains\IntelliJ IDEA 2025.3.2\jbr\bin\msvcp140.dll
0x00007ffd74740000 - 0x00007ffd75692000 	D:\Program Files\JetBrains\IntelliJ IDEA 2025.3.2\jbr\bin\server\jvm.dll
0x00007ffe52e80000 - 0x00007ffe52f3b000 	C:\WINDOWS\System32\ADVAPI32.dll
0x00007ffe52170000 - 0x00007ffe52217000 	C:\WINDOWS\System32\sechost.dll
0x00007ffe52320000 - 0x00007ffe52438000 	C:\WINDOWS\System32\RPCRT4.dll
0x00007ffe53790000 - 0x00007ffe53804000 	C:\WINDOWS\System32\WS2_32.dll
0x00007ffe4fdf0000 - 0x00007ffe4fe4e000 	C:\WINDOWS\SYSTEM32\POWRPROF.dll
0x00007ffe48c70000 - 0x00007ffe48ca5000 	C:\WINDOWS\SYSTEM32\WINMM.dll
0x00007ffe49530000 - 0x00007ffe4953b000 	C:\WINDOWS\SYSTEM32\VERSION.dll
0x00007ffe4fdd0000 - 0x00007ffe4fde4000 	C:\WINDOWS\SYSTEM32\UMPDC.dll
0x00007ffe4eed0000 - 0x00007ffe4eeeb000 	C:\WINDOWS\SYSTEM32\kernel.appcore.dll
0x00007ffe45710000 - 0x00007ffe4571a000 	D:\Program Files\JetBrains\IntelliJ IDEA 2025.3.2\jbr\bin\jimage.dll
0x00007ffe4e0c0000 - 0x00007ffe4e302000 	C:\WINDOWS\SYSTEM32\DBGHELP.DLL
0x00007ffe52af0000 - 0x00007ffe52e72000 	C:\WINDOWS\System32\combase.dll
0x00007ffe52440000 - 0x00007ffe52517000 	C:\WINDOWS\System32\OLEAUT32.dll
0x00007ffe2cad0000 - 0x00007ffe2cb0b000 	C:\WINDOWS\SYSTEM32\dbgcore.DLL
0x00007ffe50540000 - 0x00007ffe505e5000 	C:\WINDOWS\System32\bcryptPrimitives.dll
0x00007ffe2cc10000 - 0x00007ffe2cc20000 	D:\Program Files\JetBrains\IntelliJ IDEA 2025.3.2\jbr\bin\instrument.dll
0x00007ffe2fa90000 - 0x00007ffe2faaf000 	D:\Program Files\JetBrains\IntelliJ IDEA 2025.3.2\jbr\bin\java.dll
0x00007ffe530a0000 - 0x00007ffe53235000 	C:\WINDOWS\System32\ole32.dll
0x00007ffe51630000 - 0x00007ffe51d8f000 	C:\WINDOWS\System32\SHELL32.dll
0x00007ffe505f0000 - 0x00007ffe5075a000 	C:\WINDOWS\System32\wintypes.dll
0x00007ffe50d90000 - 0x00007ffe515f4000 	C:\WINDOWS\System32\windows.storage.dll
0x00007ffe52220000 - 0x00007ffe52317000 	C:\WINDOWS\System32\SHCORE.dll
0x00007ffe532c0000 - 0x00007ffe53327000 	C:\WINDOWS\System32\shlwapi.dll
0x00007ffe50060000 - 0x00007ffe50089000 	C:\WINDOWS\SYSTEM32\profapi.dll
0x00007ffe2b5a0000 - 0x00007ffe2b5b7000 	D:\Program Files\JetBrains\IntelliJ IDEA 2025.3.2\jbr\bin\zip.dll
0x00007ffe2b540000 - 0x00007ffe2b552000 	D:\Program Files\JetBrains\IntelliJ IDEA 2025.3.2\jbr\bin\net.dll
0x00007ffe4f440000 - 0x00007ffe4f4ab000 	C:\WINDOWS\system32\mswsock.dll
0x00007ffe2a4b0000 - 0x00007ffe2a4c6000 	D:\Program Files\JetBrains\IntelliJ IDEA 2025.3.2\jbr\bin\nio.dll
0x00007ffe4f730000 - 0x00007ffe4f74b000 	C:\WINDOWS\SYSTEM32\CRYPTSP.dll
0x00007ffe4ee30000 - 0x00007ffe4ee69000 	C:\WINDOWS\system32\rsaenh.dll
0x00007ffe4f4f0000 - 0x00007ffe4f522000 	C:\WINDOWS\SYSTEM32\USERENV.dll
0x00007ffe50030000 - 0x00007ffe5005a000 	C:\WINDOWS\SYSTEM32\bcrypt.dll
0x00007ffe4f720000 - 0x00007ffe4f72c000 	C:\WINDOWS\SYSTEM32\CRYPTBASE.dll
0x00007ffe4e970000 - 0x00007ffe4e9a3000 	C:\WINDOWS\SYSTEM32\IPHLPAPI.DLL
0x00007ffe52160000 - 0x00007ffe5216a000 	C:\WINDOWS\System32\NSI.dll
0x00007ffe4b800000 - 0x00007ffe4b809000 	D:\Program Files\JetBrains\IntelliJ IDEA 2025.3.2\jbr\bin\extnet.dll
0x00007ffe4ba00000 - 0x00007ffe4ba10000 	D:\Program Files\JetBrains\IntelliJ IDEA 2025.3.2\jbr\bin\verify.dll
0x00007ffe256e0000 - 0x00007ffe2586e000 	D:\Program Files\JetBrains\IntelliJ IDEA 2025.3.2\jbr\bin\awt.dll
0x00007ffe2b900000 - 0x00007ffe2b944000 	D:\Program Files\JetBrains\IntelliJ IDEA 2025.3.2\jbr\bin\nvdaControllerClient64.dll
0x00007ffe4db10000 - 0x00007ffe4db3e000 	C:\WINDOWS\SYSTEM32\dwmapi.dll
0x00007ffe0f340000 - 0x00007ffe0f3b6000 	C:\WINDOWS\SYSTEM32\OLEACC.dll
0x00007ffe4d5f0000 - 0x00007ffe4d68f000 	C:\WINDOWS\SYSTEM32\apphelp.dll
0x00007ffe4d850000 - 0x00007ffe4d8fa000 	C:\WINDOWS\system32\uxtheme.dll
0x00007ffe53430000 - 0x00007ffe5358d000 	C:\WINDOWS\System32\MSCTF.dll
0x00007ffe4d6b0000 - 0x00007ffe4d6d9000 	C:\WINDOWS\system32\Wtsapi32.dll
0x00007ffe50290000 - 0x00007ffe50407000 	C:\WINDOWS\System32\CRYPT32.dll
0x00007ffe4f170000 - 0x00007ffe4f1b9000 	C:\WINDOWS\SYSTEM32\SspiCli.dll
0x00007ffe4f8f0000 - 0x00007ffe4f953000 	C:\WINDOWS\SYSTEM32\WINSTA.dll
0x00007ffdbcc90000 - 0x00007ffdbcd9e000 	C:\WINDOWS\system32\opengl32.dll
0x00007ffdbc3b0000 - 0x00007ffdbc3dd000 	C:\WINDOWS\SYSTEM32\GLU32.dll
0x00007ffe4d950000 - 0x00007ffe4d993000 	C:\WINDOWS\SYSTEM32\dxcore.dll
0x00007ffd93c00000 - 0x00007ffd94953000 	C:\Users\yuzha\.skiko\f6915133061fc00b6d51b8a8277c696dc6313532609dfa23c4c3bec1fc2ee178\skiko-windows-x64.dll
0x00007ffe4b010000 - 0x00007ffe4b113000 	C:\WINDOWS\SYSTEM32\PROPSYS.dll
0x00007ffe4ca50000 - 0x00007ffe4ccb7000 	C:\WINDOWS\SYSTEM32\dwrite.dll
0x00007ffe3a2e0000 - 0x00007ffe3a4b8000 	C:\WINDOWS\WinSxS\amd64_microsoft.windows.gdiplus_6595b64144ccf1df_1.1.26100.8036_none_6ef439583dc61568\gdiplus.dll
0x00007ffe29e40000 - 0x00007ffe29ec7000 	D:\Program Files\JetBrains\IntelliJ IDEA 2025.3.2\jbr\bin\freetype.dll
0x00007ffe25930000 - 0x00007ffe25a22000 	D:\Program Files\JetBrains\IntelliJ IDEA 2025.3.2\jbr\bin\fontmanager.dll
0x00007ffe53620000 - 0x00007ffe536ce000 	C:\WINDOWS\System32\clbcatq.dll
0x00007ffe4bf70000 - 0x00007ffe4c19d000 	C:\WINDOWS\SYSTEM32\WindowsCodecs.dll
0x00007ffe17e20000 - 0x00007ffe17e7a000 	C:\WINDOWS\system32\dataexchange.dll
0x00007ffe44260000 - 0x00007ffe444a4000 	C:\WINDOWS\system32\twinapi.appcore.dll
0x00007ffe2cbc0000 - 0x00007ffe2cbc7000 	D:\Program Files\JetBrains\IntelliJ IDEA 2025.3.2\jbr\bin\jawt.dll
0x00007ffe4d9a0000 - 0x00007ffe4dade000 	C:\WINDOWS\SYSTEM32\Dxgi.dll
0x00007ffe49e60000 - 0x00007ffe49ec0000 	C:\WINDOWS\SYSTEM32\directxdatabasehelper.dll
0x00007ffe4fd20000 - 0x00007ffe4fd77000 	C:\WINDOWS\SYSTEM32\cfgmgr32.dll
0x00007ffe25f30000 - 0x00007ffe25f53000 	C:\WINDOWS\SYSTEM32\D3D12.dll
0x00007ffda6800000 - 0x00007ffda6b58000 	C:\WINDOWS\SYSTEM32\D3D12Core.dll
0x00007ffd11350000 - 0x00007ffd15929000 	C:\WINDOWS\System32\DriverStore\FileRepository\u0416624.inf_amd64_1eae707b82df6d48\B416495\amdxc64.dll
0x00007ffe460c0000 - 0x00007ffe460f5000 	C:\WINDOWS\SYSTEM32\amdihk64.dll
0x00007ffe45c30000 - 0x00007ffe45d15000 	C:\WINDOWS\SYSTEM32\D3DSCache.dll
0x00007ffe4b9f0000 - 0x00007ffe4b9fe000 	D:\Program Files\JetBrains\IntelliJ IDEA 2025.3.2\jbr\bin\sunmscapi.dll
0x00007ffe4f9b0000 - 0x00007ffe4f9e0000 	C:\WINDOWS\SYSTEM32\ncrypt.dll
0x00007ffe4f960000 - 0x00007ffe4f99f000 	C:\WINDOWS\SYSTEM32\NTASN1.dll
0x00007ffe1e9d0000 - 0x00007ffe1e9d8000 	C:\WINDOWS\system32\wshunix.dll
0x00007ffe4b810000 - 0x00007ffe4b819000 	D:\Program Files\JetBrains\IntelliJ IDEA 2025.3.2\jbr\bin\prefs.dll
0x00007ffd977b0000 - 0x00007ffd97cf7000 	D:\Program Files\JetBrains\IntelliJ IDEA 2025.3.2\jbr\bin\vk_swiftshader.dll
0x00007ffd02e60000 - 0x00007ffd11344000 	D:\Program Files\JetBrains\IntelliJ IDEA 2025.3.2\jbr\bin\libcef.dll
0x00007ffe50200000 - 0x00007ffe50281000 	C:\WINDOWS\System32\WINTRUST.dll
0x00007ffe4d6a0000 - 0x00007ffe4d6ad000 	C:\WINDOWS\SYSTEM32\Secur32.dll
0x00007ffe49400000 - 0x00007ffe49527000 	C:\WINDOWS\SYSTEM32\WINHTTP.dll
0x00007ffe21320000 - 0x00007ffe213cf000 	C:\WINDOWS\SYSTEM32\WINSPOOL.DRV
0x00007ffe49c20000 - 0x00007ffe49c43000 	C:\WINDOWS\SYSTEM32\dhcpcsvc.DLL
0x00007ffe0bf10000 - 0x00007ffe0c0da000 	D:\Program Files\JetBrains\IntelliJ IDEA 2025.3.2\jbr\bin\chrome_elf.dll
0x00007ffe4fda0000 - 0x00007ffe4fdaa000 	C:\WINDOWS\SYSTEM32\DPAPI.DLL
0x00007ffe4f850000 - 0x00007ffe4f863000 	C:\WINDOWS\SYSTEM32\MSASN1.dll
0x00007ffe0ae00000 - 0x00007ffe0af23000 	D:\Program Files\JetBrains\IntelliJ IDEA 2025.3.2\jbr\bin\jcef.dll
0x00007ffe4ccc0000 - 0x00007ffe4cee0000 	C:\WINDOWS\SYSTEM32\dcomp.dll
0x00007ffe4bac0000 - 0x00007ffe4bad9000 	C:\WINDOWS\SYSTEM32\Microsoft.Internal.WarpPal.dll
0x00007ffd95580000 - 0x00007ffd95a02000 	D:\Program Files\JetBrains\IntelliJ IDEA 2025.3.2\jbr\bin\d3dcompiler_47.dll
0x00007ffe42f90000 - 0x00007ffe430d8000 	C:\WINDOWS\SYSTEM32\textinputframework.dll
0x00007ffe4d330000 - 0x00007ffe4d457000 	C:\WINDOWS\SYSTEM32\CoreMessaging.dll
0x00007ffe49560000 - 0x00007ffe49842000 	C:\WINDOWS\SYSTEM32\CoreUIComponents.dll
0x00007ffe4e9b0000 - 0x00007ffe4eada000 	C:\WINDOWS\SYSTEM32\DNSAPI.dll
0x00007ffe44a80000 - 0x00007ffe44a8b000 	C:\Windows\System32\rasadhlp.dll
0x00007ffe49dd0000 - 0x00007ffe49e56000 	C:\WINDOWS\System32\fwpuclnt.dll
0x00007ffe182b0000 - 0x00007ffe18363000 	C:\WINDOWS\SYSTEM32\TextShaping.dll

JVMTI agents:
D:\Gradle\caches\modules-2\files-2.1\org.jetbrains.compose.hot-reload\hot-reload-agent\1.0.0\b51a332b8899c060187ace065fef8c8eb62acfcc\hot-reload-agent-1.0.0.jar path:D:\Program Files\JetBrains\IntelliJ IDEA 2025.3.2\jbr\bin\instrument.dll, loaded, initialized, instrumentlib options:none

dbghelp: loaded successfully - version: 4.0.5 - missing functions: none
symbol engine: initialized successfully - sym options: 0x614 - pdb path: .;D:\Program Files\JetBrains\IntelliJ IDEA 2025.3.2\jbr\bin;C:\WINDOWS\SYSTEM32;C:\WINDOWS\WinSxS\amd64_microsoft.windows.common-controls_6595b64144ccf1df_6.0.26100.8037_none_3e092faae333b53b;D:\Program Files\JetBrains\IntelliJ IDEA 2025.3.2\jbr\bin\server;C:\Users\yuzha\.skiko\f6915133061fc00b6d51b8a8277c696dc6313532609dfa23c4c3bec1fc2ee178;C:\WINDOWS\WinSxS\amd64_microsoft.windows.gdiplus_6595b64144ccf1df_1.1.26100.8036_none_6ef439583dc61568;C:\WINDOWS\System32\DriverStore\FileRepository\u0416624.inf_amd64_1eae707b82df6d48\B416495

VM Arguments:
jvm_args: -Dcompose.reload.argfile=D:\yuzha\Proyecto_final\Proyecto\Frontend\Maian\enterprise\build\run\desktopMain\desktopMain.argfile -Dcompose.reload.build.continuous=false -Dcompose.reload.build.warmup=true -Dcompose.reload.buildSystem=Gradle -Dcompose.reload.devToolsAnimationsEnabled=true -Dcompose.reload.devToolsClasspath=D:\Gradle\caches\modules-2\files-2.1\org.jetbrains.compose.hot-reload\hot-reload-devtools\1.0.0\8cf7f8a3e0c5ca40edcd31621bb2c54637dad97f\hot-reload-devtools-1.0.0.jar;D:\Gradle\caches\modules-2\files-2.1\org.jetbrains.compose.hot-reload\hot-reload-devtools-api\1.0.0\6f078e0689bb84d71ff62bdb898addec7b9e0c7d\hot-reload-devtools-api-1.0.0.jar;D:\Gradle\caches\modules-2\files-2.1\org.jetbrains.compose.hot-reload\hot-reload-orchestration\1.0.0\c84a13f251d2ba726bffe77f47f2a37fba14d3a\hot-reload-orchestration-1.0.0.jar;D:\Gradle\caches\modules-2\files-2.1\org.jetbrains.compose.hot-reload\hot-reload-core\1.0.0\b9e821084415adea5d981fb5a22a57ad94614fe1\hot-reload-core-1.0.0.jar;D:\Gradle\caches\modules-2\files-2.1\org.jetbrains.compose.hot-reload\hot-reload-runtime-api-jvm\1.0.0\b4c35542b0fe4f3743939f0e7a19739df369fa2e\hot-reload-runtime-api-jvm-1.0.0.jar;D:\Gradle\caches\modules-2\files-2.1\org.jetbrains.compose.desktop\desktop-jvm\1.9.0\760a7f1c3278719f2ab9fa443228956e64a7a18e\desktop-jvm-1.9.0.jar;D:\Gradle\caches\modules-2\files-2.1\org.jetbrains.compose.components\components-resources-desktop\1.9.0\263d44e856cb89a759959eec68dafae6d1931110\library-desktop-1.9.0.jar;D:\Gradle\caches\modules-2\files-2.1\io.sellmair\evas-compose-jvm\1.3.0\1214dcce9040d1b9f856b02b443cf8c2ebe1573a\evas-compose-jvm-1.3.0.jar;D:\Gradle\caches\modules-2\files-2.1\io.sellmair\evas-jvm\1.3.0\74c1f6c46502ffda615a698c02b3166fc7e9b2b2\evas-jvm-1.3.0.jar;D:\Gradle\caches\modules-2\files-2.1\org.jetbrains.skiko\skiko-awt-runtime-windows-x64\0.9.22.2\fe554a74845abbd5710ef36d27421c470bbd996f\skiko-awt-runtime-windows-x64-0.9.22.2.jar;D:\Gradle\caches\modules-2\files-2.1\org.jetbrains.compose.material3\material3-desktop\1.8.2\1f1f838506ceb2c25499517559f120517770b014\material3-desktop-1.8.2.jar;D:\Gradle\caches\modules-2\files-2.1\org.jetbrains.compose.material\material-desktop\1.9.0\67e948eefe3e565d3be2ddf0918a12f676537b0d\material-desktop-1.9.0.jar;D:\Gradle\caches\modu-Dcompose.reload.devToolsDetached=false -Dcompose.reload.devToolsEnabled=true -Dcompose.reload.devToolsHeadless=false -Dcompose.reload.devToolsTransparencyEnabled=true -Dcompose.reload.dirtyResolveDepthLimit=5 -Dcompose.reload.effectsEnabled=true -Dcompose.reload.isActive=true -Dcompose.reload.launchMode=GradleBlocking -Dcompose.reload.logLevel=Info -Dcompose.reload.logStdout=false -Dcompose.reload.mainClass=org.dsqrwym.enterprise.MainKt -Dcompose.reload.pidFile=D:\yuzha\Proyecto_final\Proyecto\Frontend\Maian\enterprise\build\run\desktopMain\desktopMain.pid -Dcompose.reload.virtualMethodResolveEnabled=true -Dgradle.build.project=:enterprise -Dgradle.build.root=D:\yuzha\Proyecto_final\Proyecto\Frontend\Maian -Dgradle.build.task=hotReloadDesktopMain -Dorg.gradle.java.home=C:\Program Files\Eclipse Adoptium\jdk-21.0.6.7-hotspot -XX:+IgnoreUnrecognizedVMOptions -XX:+AllowEnhancedClassRedefinition -javaagent:D:\Gradle\caches\modules-2\files-2.1\org.jetbrains.compose.hot-reload\hot-reload-agent\1.0.0\b51a332b8899c060187ace065fef8c8eb62acfcc\hot-reload-agent-1.0.0.jar -Dfile.encoding=UTF-8 -Duser.country=CN -Duser.language=zh -Duser.variant 
java_command: org.dsqrwym.enterprise.MainKt
java_class_path (initial): D:\Gradle\.tmp\gradle-javaexec-classpath951373722849703777.jar
Launcher Type: SUN_STANDARD

[Global flags]
     bool AllowEnhancedClassRedefinition           = true                                      {product} {command line}
     intx CICompilerCount                          = 4                                         {product} {ergonomic}
     uint ConcGCThreads                            = 3                                         {product} {ergonomic}
     uint G1ConcRefinementThreads                  = 10                                        {product} {ergonomic}
   size_t G1HeapRegionSize                         = 2097152                                   {product} {ergonomic}
     bool IgnoreUnrecognizedVMOptions              = true                                      {product} {command line}
   size_t InitialHeapSize                          = 257949696                                 {product} {ergonomic}
   size_t MarkStackSize                            = 4194304                                   {product} {ergonomic}
   size_t MarkStackSizeMax                         = 536870912                                 {product} {ergonomic}
   size_t MaxHeapSize                              = 4112515072                                {product} {ergonomic}
   size_t MaxNewSize                               = 2466250752                                {product} {ergonomic}
   size_t MinHeapDeltaBytes                        = 2097152                                   {product} {ergonomic}
   size_t MinHeapSize                              = 8388608                                   {product} {ergonomic}
    uintx NonNMethodCodeHeapSize                   = 5832704                                {pd product} {ergonomic}
    uintx NonProfiledCodeHeapSize                  = 122945536                              {pd product} {ergonomic}
    uintx ProfiledCodeHeapSize                     = 122880000                              {pd product} {ergonomic}
    uintx ReservedCodeCacheSize                    = 251658240                              {pd product} {ergonomic}
     bool SegmentedCodeCache                       = true                                      {product} {ergonomic}
   size_t SoftMaxHeapSize                          = 4112515072                             {manageable} {ergonomic}
     bool UseCompressedOops                        = true                           {product lp64_product} {ergonomic}
     bool UseG1GC                                  = true                                      {product} {ergonomic}
     bool UseLargePagesIndividualAllocation        = false                                  {pd product} {ergonomic}

Logging:
Log output configuration:
 #0: stdout all=warning uptime,level,tags foldmultilines=false
 #1: stderr all=off uptime,level,tags foldmultilines=false

Release file:
JAVA_VERSION="25.0.2" 
MODULES="java.base java.datatransfer java.xml java.prefs java.desktop gluegen.rt java.compiler java.instrument java.logging java.management java.security.sasl java.naming java.rmi java.management.rmi java.net.http java.scripting java.security.jgss java.transaction.xa java.sql java.sql.rowset java.xml.crypto java.se java.smartcardio jogl.all jcef jdk.accessibility jdk.internal.jvmstat jdk.attach jdk.charsets jdk.internal.opt jdk.zipfs jdk.compiler jdk.crypto.cryptoki jdk.crypto.ec jdk.crypto.mscapi jdk.dynalink jdk.hotspot.agent jdk.httpserver jdk.internal.ed jdk.internal.le jdk.internal.md jdk.internal.vm.ci jdk.javadoc jdk.jcmd jdk.jdwp.agent jdk.jdi jdk.jfr jdk.localedata jdk.management jdk.management.agent jdk.management.jfr jdk.naming.dns jdk.naming.rmi jdk.net jdk.sctp jdk.security.auth jdk.security.jgss jdk.unsupported jdk.unsupported.desktop jdk.xml.dom" 
IMPLEMENTOR="JetBrains s.r.o." 
IMPLEMENTOR_VERSION="JBR-25.0.2+1-329.72-jcef" 
JAVA_RUNTIME_VERSION="25.0.2+1-b329.72" 
LIBC="default" 
OS_ARCH="x86_64" 
OS_NAME="Windows" 
SOURCE=".:git:80f896300e04+ jcef_git:git:4a605f44671a" 
JCEF_VERSION="137.0.17.1131+ga492f5c" 
JCEF_COMMIT_HASH="a492f5c1bbe877d2f58d4b066d0a1c89ab579b84" 
JCEF_VERSION_DETAILED=137.0.17-gf354b0e-chromium-137.0.7151.104-api-1.21-261-b65

Environment Variables:
JAVA_HOME=C:\Program Files\Eclipse Adoptium\jdk-21.0.6.7-hotspot\
PATH=C:\Python314\Scripts\;C:\Python314\;C:\Program Files\Eclipse Adoptium\jdk-21.0.6.7-hotspot\bin;C:\Program Files\Eclipse Adoptium\jdk-17.0.14.7-hotspot\bin;C:\Python312\Scripts\;C:\Python312\;C:\Program Files\Eclipse Adoptium\jdk-21.0.6.7-hotspot\\bin;C:\Program Files\Eclipse Adoptium\jdk-21.0.6.7-hotspot\jre\bin;C:\WINDOWS\system32;C:\WINDOWS;C:\WINDOWS\System32\Wbem;C:\WINDOWS\System32\WindowsPowerShell\v1.0\;C:\WINDOWS\System32\OpenSSH\;C:\Program Files\Microsoft SQL Server\150\Tools\Binn\;D:\yuzha\Documents\XIAOMI\platform-tools;C:\ProgramData\chocolatey\bin;C:\Program Files\Git\cmd;D:\Users\sqlite3;D:\Program Files\AutoFirma\AutoFirma;C:\Program Files\dotnet\;C:\Program Files (x86)\cloudflared\;c:\Users\yuzha\AppData\Local\Programs\cursor\resources\app\bin;C:\Program Files\HP\HP One Agent;D:\Program Files\nodejs\;C:\Program Files (x86)\Windows Kits\10\Windows Performance Toolkit\;D:\Program Files (x86)\WinSCP\;C:\Program Files\Docker\Docker\resources\bin;C:\Users\yuzha\AppData\Local\pnpm;C:\Users\yuzha\AppData\Local\Microsoft\WindowsApps;C:\Users\yuzha\AppData\Local\Programs\Microsoft VS Code\bin;C:\Users\yuzha\.dotnet\tools;D:\Program Files\JetBrains\IntelliJ IDEA Community Edition 2024.2.1\bin;D:\Program Files\nodejs\;D:\Program Files\JetBrains\IntelliJ IDEA 2024.2.3\bin;C:\Users\yuzha\AppData\Local\Microsoft\WindowsApps;C:\Users\yuzha\.dotnet\tools;D:\Program Files\JetBrains\PyCharm Community Edition 2024.3.1.1\bin;C:\Users\yuzha\AppData\Local\Programs\Ollama;D:\Program Files\JetBrains\JetBrains Rider 2024.3.5\bin;D:\npm-global;C:\Users\yuzha\.bun\bin;D:\Users\yuzha\AppData\Local\Programs\cursor\resources\app\bin;C:\Users\yuzha\AppData\Roaming\npm;D:\Program Files\JetBrains\IntelliJ IDEA 2025.3.2\bin
USERNAME=yuzha
OS=Windows_NT
PROCESSOR_IDENTIFIER=AMD64 Family 25 Model 80 Stepping 0, AuthenticAMD
TMP=C:\Users\yuzha\AppData\Local\Temp
TEMP=C:\Users\yuzha\AppData\Local\Temp




Compilation memory statistics disabled.

Periodic native trim disabled

JNI global refs:
JNI global refs: 160, weak refs: 12

JNI global refs memory usage: 2099, weak refs: 833

Process memory usage:
Resident Set Size: 707176K (4% of 16057404K total physical memory with 1314860K free physical memory)

OOME stack traces (most recent first):
Classloader memory used:
Loader jdk.internal.loader.ClassLoaders$AppClassLoader                                 : 65946 K
Loader bootstrap                                                                       : 13641 K
Loader jdk.internal.loader.ClassLoaders$PlatformClassLoader                            : 156 K

Classes loaded by more than one classloader:
Class org.dsqrwym.enterprise.data.product.ProductApi                                  : loaded 2 times (x 74B)
Class org.dsqrwym.shared.data.products.SharedProductApi                               : loaded 2 times (x 74B)
Class org.dsqrwym.enterprise.data.category.CategoryRepository$getCategoriesByLevel$2$1: loaded 2 times (x 97B)
Class org.dsqrwym.shared.data.user.SharedUserApi                                      : loaded 2 times (x 74B)
Class org.dsqrwym.shared.data.location.SharedLocationsApi                             : loaded 2 times (x 74B)
Class org.dsqrwym.enterprise.data.category.CategoryRepository$getCategories$2$1       : loaded 2 times (x 97B)
Class org.dsqrwym.enterprise.ui.viewmodels.auth.RegisterViewModel                     : loaded 2 times (x 86B)
Class org.dsqrwym.enterprise.data.auth.AuthApi                                        : loaded 2 times (x 74B)
Class org.dsqrwym.business.data.category.BusinessCategoryApi                          : loaded 2 times (x 74B)
Class org.dsqrwym.shared.data.products.dto.SharedProductFile                          : loaded 2 times (x 74B)
Class org.dsqrwym.shared.data.category.SharedCategoryApi                              : loaded 2 times (x 74B)
Class org.dsqrwym.shared.data.auth.SharedAuthApi                                      : loaded 2 times (x 74B)
Class org.dsqrwym.shared.data.file.SharedUploadApi                                    : loaded 2 times (x 74B)
Class org.dsqrwym.enterprise.data.product.ProductRepository$getProducts$2$1           : loaded 2 times (x 97B)
Class org.dsqrwym.shared.ui.viewmodels.auth.SharedResetPasswordViewModel              : loaded 2 times (x 86B)

---------------  S Y S T E M  ---------------

OS:
 Windows 11 , 64 bit Build 26100 (10.0.26100.7920)
OS uptime: 15 days 20:30 hours
Hyper-V role detected

CPU: total 12 (initial active 12) (12 cores per cpu, 2 threads per core) family 25 model 80 stepping 0 microcode 0xa500014, cx8, cmov, fxsr, ht, mmx, 3dnowpref, sse, sse2, sse3, ssse3, sse4a, sse4.1, sse4.2, popcnt, lzcnt, tsc, tscinvbit, avx, avx2, aes, erms, clmul, bmi1, bmi2, adx, sha, fma, vzeroupper, clflush, clflushopt, clwb, hv, rdtscp, rdpid, fsrm, f16c, cet_ss
Processor Information for the first 12 processors :
  Max Mhz: 2000, Current Mhz: 2000, Mhz Limit: 2000

Memory: 4k page, system-wide physical 15681M (1285M free)
TotalPageFile size 44003M (AvailPageFile size 6279M)
current process WorkingSet (physical memory assigned to process): 687M, peak: 693M
current process commit charge ("private bytes"): 975M, peak: 996M

vm_info: OpenJDK 64-Bit Server VM (25.0.2+1-b329.72) for windows-amd64 JRE (25.0.2+1-b329.72), built on 2026-03-02 with MS VC++ 17.14 (VS2022)

END.
