#
# There is insufficient memory for the Java Runtime Environment to continue.
# Native memory allocation (malloc) failed to allocate 1452176 bytes. Error detail: Chunk::new
# Possible reasons:
#   The system is out of physical RAM or swap space
#   This process is running with CompressedOops enabled, and the Java Heap may be blocking the growth of the native heap
# Possible solutions:
#   Reduce memory load on the system
#   Increase physical memory or swap space
#   Check if swap backing store is full
#   Decrease Java heap size (-Xmx/-Xms)
#   Decrease number of Java threads
#   Decrease Java thread stack sizes (-Xss)
#   Set larger code cache with -XX:ReservedCodeCacheSize=
#   JVM is running with Zero Based Compressed Oops mode in which the Java heap is
#     placed in the first 32GB address space. The Java Heap base address is the
#     maximum limit for the native heap growth. Please use -XX:HeapBaseMinAddress
#     to set the Java Heap base and to place the Java Heap above 32GB virtual address.
# This output file may be truncated or incomplete.
#
#  Out of Memory Error (arena.cpp:168), pid=15084, tid=52404
#
# JRE version: OpenJDK Runtime Environment (21.0.10) (build 21.0.10+-14961533-b1163.108)
# Java VM: OpenJDK 64-Bit Server VM (21.0.10+-14961533-b1163.108, mixed mode, tiered, compressed oops, compressed class ptrs, g1 gc, windows-amd64)
# No core dump will be written. Minidumps are not enabled by default on client versions of Windows
#

---------------  S U M M A R Y ------------

Command Line: --add-opens=java.base/java.lang=ALL-UNNAMED --add-opens=java.base/java.lang.invoke=ALL-UNNAMED --add-opens=java.base/java.util=ALL-UNNAMED --add-opens=java.prefs/java.util.prefs=ALL-UNNAMED --add-exports=jdk.compiler/com.sun.tools.javac.api=ALL-UNNAMED --add-exports=jdk.compiler/com.sun.tools.javac.util=ALL-UNNAMED --add-opens=java.base/java.nio.charset=ALL-UNNAMED --add-opens=java.base/java.net=ALL-UNNAMED --add-opens=java.base/java.util.concurrent=ALL-UNNAMED --add-opens=java.base/java.util.concurrent.atomic=ALL-UNNAMED --add-opens=java.xml/javax.xml.namespace=ALL-UNNAMED --add-opens=java.base/java.time=ALL-UNNAMED -XX:MaxMetaspaceSize=1024m -Xmx4096M -Dfile.encoding=UTF-8 -Duser.country=CN -Duser.language=zh -Duser.variant -javaagent:D:\Gradle\wrapper\dists\gradle-9.5.1-bin\iq79hdu3mqx29lgffhp8bfmx\gradle-9.5.1\lib\agents\gradle-instrumentation-agent-9.5.1.jar org.gradle.launcher.daemon.bootstrap.GradleDaemon 9.5.1

Host: AMD Ryzen 5 7530U with Radeon Graphics         , 12 cores, 15G,  Windows 11 , 64 bit Build 26100 (10.0.26100.8328)
Time: Mon Jun  1 23:38:48 2026 elapsed time: 560.083973 seconds (0d 0h 9m 20s)

---------------  T H R E A D  ---------------

Current thread (0x000001e0fa2635c0):  JavaThread "C2 CompilerThread0" daemon [_thread_in_native, id=52404, stack(0x0000007cdc600000,0x0000007cdc700000) (1024K)]


Current CompileTask:
C2:560084 45977       4       org.jetbrains.kotlin.fir.scopes.impl.FirActualizingScope::processCallableSymbolsByName (183 bytes)

Stack: [0x0000007cdc600000,0x0000007cdc700000]
Native frames: (J=compiled Java code, j=interpreted, Vv=VM code, C=native code)
V  [jvm.dll+0x6d78a9]
V  [jvm.dll+0x8665b3]
V  [jvm.dll+0x868bde]
V  [jvm.dll+0x8692c3]
V  [jvm.dll+0x280ee6]
V  [jvm.dll+0xc07cd]
V  [jvm.dll+0xc0d03]
V  [jvm.dll+0x3ba091]
V  [jvm.dll+0x385df7]
V  [jvm.dll+0x38526a]
V  [jvm.dll+0x249bd2]
V  [jvm.dll+0x2491a1]
V  [jvm.dll+0x1c76e4]
V  [jvm.dll+0x25891e]
V  [jvm.dll+0x256e66]
V  [jvm.dll+0x3f513e]
V  [jvm.dll+0x80fd28]
V  [jvm.dll+0x6d60fd]
C  [ucrtbase.dll+0x37b0]
C  [KERNEL32.DLL+0x2e957]
C  [ntdll.dll+0x427c]


---------------  P R O C E S S  ---------------

Threads class SMR info:
_java_thread_list=0x000001e09af8a8b0, length=91, elements={
0x000001e0ec978e80, 0x000001e0fa2003b0, 0x000001e0fa2041b0, 0x000001e0fa237230,
0x000001e0fa240400, 0x000001e0fa243bd0, 0x000001e0fa241e00, 0x000001e0fa261ec0,
0x000001e0fa2635c0, 0x000001e0fa292880, 0x000001e0fa5fa100, 0x000001e0908d3700,
0x000001e090546030, 0x000001e090b0b010, 0x000001e090919250, 0x000001e090919f70,
0x000001e090917ea0, 0x000001e09091b320, 0x000001e09091cd60, 0x000001e09091c6d0,
0x000001e0909198e0, 0x000001e09091e110, 0x000001e09091e7a0, 0x000001e09091d3f0,
0x000001e09091ee30, 0x000001e09091da80, 0x000001e09091f4c0, 0x000001e0915a7450,
0x000001e0915a7ae0, 0x000001e0915a8800, 0x000001e0915a6dc0, 0x000001e0915a8170,
0x000001e093d95520, 0x000001e09a6d89d0, 0x000001e09dbbdda0, 0x000001e0a3a56650,
0x000001e0a3a57370, 0x000001e09ad45e30, 0x000001e09a9cb510, 0x000001e09a9ca7f0,
0x000001e09a9cae80, 0x000001e09a9c8090, 0x000001e09a9c8720, 0x000001e09a9c9440,
0x000001e09210b690, 0x000001e09210ddf0, 0x000001e09210c3b0, 0x000001e09210d0d0,
0x000001e09210bd20, 0x000001e09210b000, 0x000001e09210ca40, 0x000001e09210a970,
0x000001e09210d760, 0x000001e091a1a150, 0x000001e091a18710, 0x000001e091a19430,
0x000001e09aa6ed10, 0x000001e09aa6fa30, 0x000001e09ad932a0, 0x000001e0a3a58db0,
0x000001e0a3a59440, 0x000001e0a3a55fc0, 0x000001e09aa6f3a0, 0x000001e099e00bc0,
0x000001e09af0e740, 0x000001e09dcc6930, 0x000001e09db22b60, 0x000001e099e01250,
0x000001e099654f00, 0x000001e09ad94ce0, 0x000001e09ad91ef0, 0x000001e09ad95370,
0x000001e09ad92580, 0x000001e08fd94a00, 0x000001e08fd95090, 0x000001e08fd95720,
0x000001e09af5e620, 0x000001e09af5d900, 0x000001e09b473a20, 0x000001e09b4740b0,
0x000001e09dbbd080, 0x000001e09dcc8370, 0x000001e091b94c90, 0x000001e091b98110,
0x000001e091b95320, 0x000001e091b959b0, 0x000001e091b96040, 0x000001e09a8c7860,
0x000001e091b966d0, 0x000001e0acbf5f70, 0x000001e09e267810
}

Java Threads: ( => current thread )
  0x000001e0ec978e80 JavaThread "main"                              [_thread_blocked, id=16880, stack(0x0000007cdb700000,0x0000007cdb800000) (1024K)]
  0x000001e0fa2003b0 JavaThread "Common-Cleaner"             daemon [_thread_blocked, id=33516, stack(0x0000007cdbf00000,0x0000007cdc000000) (1024K)]
  0x000001e0fa2041b0 JavaThread "Reference Handler"          daemon [_thread_blocked, id=11292, stack(0x0000007cdc000000,0x0000007cdc100000) (1024K)]
  0x000001e0fa237230 JavaThread "Finalizer"                  daemon [_thread_blocked, id=78240, stack(0x0000007cdc100000,0x0000007cdc200000) (1024K)]
  0x000001e0fa240400 JavaThread "Signal Dispatcher"          daemon [_thread_blocked, id=15364, stack(0x0000007cdc200000,0x0000007cdc300000) (1024K)]
  0x000001e0fa243bd0 JavaThread "Attach Listener"            daemon [_thread_blocked, id=60616, stack(0x0000007cdc300000,0x0000007cdc400000) (1024K)]
  0x000001e0fa241e00 JavaThread "Service Thread"             daemon [_thread_in_vm, id=45944, stack(0x0000007cdc400000,0x0000007cdc500000) (1024K)]
  0x000001e0fa261ec0 JavaThread "Monitor Deflation Thread"   daemon [_thread_blocked, id=60476, stack(0x0000007cdc500000,0x0000007cdc600000) (1024K)]
=>0x000001e0fa2635c0 JavaThread "C2 CompilerThread0"         daemon [_thread_in_native, id=52404, stack(0x0000007cdc600000,0x0000007cdc700000) (1024K)]
  0x000001e0fa292880 JavaThread "C1 CompilerThread0"         daemon [_thread_in_native, id=46056, stack(0x0000007cdc700000,0x0000007cdc800000) (1024K)]
  0x000001e0fa5fa100 JavaThread "Notification Thread"        daemon [_thread_blocked, id=43844, stack(0x0000007cdc800000,0x0000007cdc900000) (1024K)]
  0x000001e0908d3700 JavaThread "Daemon health stats"               [_thread_blocked, id=75124, stack(0x0000007cdca00000,0x0000007cdcb00000) (1024K)]
  0x000001e090546030 JavaThread "Incoming local TCP Connector on port 58980"        [_thread_in_native, id=87020, stack(0x0000007cdcf00000,0x0000007cdd000000) (1024K)]
  0x000001e090b0b010 JavaThread "Daemon periodic checks"            [_thread_blocked, id=32024, stack(0x0000007cdd000000,0x0000007cdd100000) (1024K)]
  0x000001e090919250 JavaThread "Cache worker for journal cache (D:\Gradle\caches\journal-1)"        [_thread_blocked, id=20040, stack(0x0000007cddf00000,0x0000007cde000000) (1024K)]
  0x000001e090919f70 JavaThread "File lock request listener"        [_thread_in_native, id=34804, stack(0x0000007cde000000,0x0000007cde100000) (1024K)]
  0x000001e090917ea0 JavaThread "Cache worker for file hash cache (D:\Gradle\caches\9.5.1\fileHashes)"        [_thread_blocked, id=28696, stack(0x0000007cde100000,0x0000007cde200000) (1024K)]
  0x000001e09091b320 JavaThread "File watcher server"        daemon [_thread_in_native, id=82140, stack(0x0000007cde400000,0x0000007cde500000) (1024K)]
  0x000001e09091cd60 JavaThread "File watcher consumer"      daemon [_thread_blocked, id=31860, stack(0x0000007cde500000,0x0000007cde600000) (1024K)]
  0x000001e09091c6d0 JavaThread "jar transforms"                    [_thread_blocked, id=25532, stack(0x0000007cde600000,0x0000007cde700000) (1024K)]
  0x000001e0909198e0 JavaThread "jar transforms Thread 2"           [_thread_blocked, id=6912, stack(0x0000007cde700000,0x0000007cde800000) (1024K)]
  0x000001e09091e110 JavaThread "jar transforms Thread 3"           [_thread_blocked, id=34516, stack(0x0000007cde800000,0x0000007cde900000) (1024K)]
  0x000001e09091e7a0 JavaThread "jar transforms Thread 4"           [_thread_blocked, id=48336, stack(0x0000007cde900000,0x0000007cdea00000) (1024K)]
  0x000001e09091d3f0 JavaThread "jar transforms Thread 5"           [_thread_blocked, id=68124, stack(0x0000007cdea00000,0x0000007cdeb00000) (1024K)]
  0x000001e09091ee30 JavaThread "jar transforms Thread 6"           [_thread_blocked, id=40232, stack(0x0000007cdeb00000,0x0000007cdec00000) (1024K)]
  0x000001e09091da80 JavaThread "jar transforms Thread 7"           [_thread_blocked, id=64564, stack(0x0000007cdec00000,0x0000007cded00000) (1024K)]
  0x000001e09091f4c0 JavaThread "jar transforms Thread 8"           [_thread_blocked, id=68824, stack(0x0000007cded00000,0x0000007cdee00000) (1024K)]
  0x000001e0915a7450 JavaThread "jar transforms Thread 9"           [_thread_blocked, id=77488, stack(0x0000007cdee00000,0x0000007cdef00000) (1024K)]
  0x000001e0915a7ae0 JavaThread "jar transforms Thread 10"          [_thread_blocked, id=53296, stack(0x0000007cdef00000,0x0000007cdf000000) (1024K)]
  0x000001e0915a8800 JavaThread "jar transforms Thread 11"          [_thread_blocked, id=15776, stack(0x0000007cdf000000,0x0000007cdf100000) (1024K)]
  0x000001e0915a6dc0 JavaThread "jar transforms Thread 12"          [_thread_blocked, id=67452, stack(0x0000007cdf100000,0x0000007cdf200000) (1024K)]
  0x000001e0915a8170 JavaThread "Cache worker for file content cache (D:\Gradle\caches\9.5.1\fileContent)"        [_thread_blocked, id=69996, stack(0x0000007cdf200000,0x0000007cdf300000) (1024K)]
  0x000001e093d95520 JavaThread "Memory manager"                    [_thread_blocked, id=30612, stack(0x0000007cdf600000,0x0000007cdf700000) (1024K)]
  0x000001e09a6d89d0 JavaThread "pool-3-thread-1"                   [_thread_blocked, id=52072, stack(0x0000007ce0500000,0x0000007ce0600000) (1024K)]
  0x000001e09dbbdda0 JavaThread "Daemon Thread 2"                   [_thread_blocked, id=68796, stack(0x0000007cdb400000,0x0000007cdb500000) (1024K)]
  0x000001e0a3a56650 JavaThread "Handler for socket connection from /127.0.0.1:58980 to /127.0.0.1:54293"        [_thread_in_native, id=19772, stack(0x0000007cdb500000,0x0000007cdb600000) (1024K)]
  0x000001e0a3a57370 JavaThread "Cancel handler"                    [_thread_blocked, id=84864, stack(0x0000007cdb600000,0x0000007cdb700000) (1024K)]
  0x000001e09ad45e30 JavaThread "Daemon worker Thread 2"            [_thread_blocked, id=46156, stack(0x0000007cdc900000,0x0000007cdca00000) (1024K)]
  0x000001e09a9cb510 JavaThread "Asynchronous log dispatcher for DefaultDaemonConnection: socket connection from /127.0.0.1:58980 to /127.0.0.1:54293"        [_thread_blocked, id=61280, stack(0x0000007cdd100000,0x0000007cdd200000) (1024K)]
  0x000001e09a9ca7f0 JavaThread "Stdin handler"                     [_thread_blocked, id=69136, stack(0x0000007cdd200000,0x0000007cdd300000) (1024K)]
  0x000001e09a9cae80 JavaThread "Daemon client event forwarder"        [_thread_blocked, id=59548, stack(0x0000007cdda00000,0x0000007cddb00000) (1024K)]
  0x000001e09a9c8090 JavaThread "Cache worker for file hash cache (D:\yuzha\Proyecto_final\Proyecto\Frontend\Maian\.gradle\9.5.1\fileHashes)"        [_thread_blocked, id=32576, stack(0x0000007cddb00000,0x0000007cddc00000) (1024K)]
  0x000001e09a9c8720 JavaThread "Cache worker for checksums cache (D:\yuzha\Proyecto_final\Proyecto\Frontend\Maian\.gradle\9.5.1\checksums)"        [_thread_blocked, id=2220, stack(0x0000007cddc00000,0x0000007cddd00000) (1024K)]
  0x000001e09a9c9440 JavaThread "Cache worker for Build Output Cleanup Cache (D:\yuzha\Proyecto_final\Proyecto\Frontend\Maian\.gradle\buildOutputCleanup)"        [_thread_blocked, id=34716, stack(0x0000007cddd00000,0x0000007cdde00000) (1024K)]
  0x000001e09210b690 JavaThread "Cache worker for cache directory md-supplier (D:\Gradle\caches\9.5.1\md-supplier)"        [_thread_blocked, id=76868, stack(0x0000007cdde00000,0x0000007cddf00000) (1024K)]
  0x000001e09210ddf0 JavaThread "Cache worker for cache directory md-rule (D:\Gradle\caches\9.5.1\md-rule)"        [_thread_blocked, id=70528, stack(0x0000007cde200000,0x0000007cde300000) (1024K)]
  0x000001e09210c3b0 JavaThread "Build operations"                  [_thread_blocked, id=29996, stack(0x0000007cde300000,0x0000007cde400000) (1024K)]
  0x000001e09210d0d0 JavaThread "Build operations Thread 2"         [_thread_blocked, id=90664, stack(0x0000007cdf300000,0x0000007cdf400000) (1024K)]
  0x000001e09210bd20 JavaThread "Build operations Thread 3"         [_thread_blocked, id=75028, stack(0x0000007cdf400000,0x0000007cdf500000) (1024K)]
  0x000001e09210b000 JavaThread "Build operations Thread 4"         [_thread_blocked, id=24652, stack(0x0000007cdf500000,0x0000007cdf600000) (1024K)]
  0x000001e09210ca40 JavaThread "Build operations Thread 5"         [_thread_blocked, id=51988, stack(0x0000007cdf700000,0x0000007cdf800000) (1024K)]
  0x000001e09210a970 JavaThread "Build operations Thread 6"         [_thread_blocked, id=18828, stack(0x0000007cdf800000,0x0000007cdf900000) (1024K)]
  0x000001e09210d760 JavaThread "Build operations Thread 7"         [_thread_blocked, id=54352, stack(0x0000007cdf900000,0x0000007cdfa00000) (1024K)]
  0x000001e091a1a150 JavaThread "Build operations Thread 8"         [_thread_blocked, id=48084, stack(0x0000007cdfa00000,0x0000007cdfb00000) (1024K)]
  0x000001e091a18710 JavaThread "Build operations Thread 9"         [_thread_blocked, id=38228, stack(0x0000007cdfb00000,0x0000007cdfc00000) (1024K)]
  0x000001e091a19430 JavaThread "Build operations Thread 10"        [_thread_blocked, id=83024, stack(0x0000007cdfc00000,0x0000007cdfd00000) (1024K)]
  0x000001e09aa6ed10 JavaThread "Build operations Thread 11"        [_thread_blocked, id=30436, stack(0x0000007cdff00000,0x0000007ce0000000) (1024K)]
  0x000001e09aa6fa30 JavaThread "Build operations Thread 12"        [_thread_blocked, id=65376, stack(0x0000007ce0000000,0x0000007ce0100000) (1024K)]
  0x000001e09ad932a0 JavaThread "Configuration cache report writer"        [_thread_blocked, id=13300, stack(0x0000007cdfd00000,0x0000007cdfe00000) (1024K)]
  0x000001e0a3a58db0 JavaThread "build event listener"              [_thread_blocked, id=72912, stack(0x0000007cdfe00000,0x0000007cdff00000) (1024K)]
  0x000001e0a3a59440 JavaThread "build event listener"              [_thread_blocked, id=55088, stack(0x0000007ce0100000,0x0000007ce0200000) (1024K)]
  0x000001e0a3a55fc0 JavaThread "build event listener"              [_thread_blocked, id=81764, stack(0x0000007ce0200000,0x0000007ce0300000) (1024K)]
  0x000001e09aa6f3a0 JavaThread "Problems report writer"            [_thread_blocked, id=25292, stack(0x0000007ce0300000,0x0000007ce0400000) (1024K)]
  0x000001e099e00bc0 JavaThread "Exec process"               daemon [_thread_blocked, id=46388, stack(0x0000007ce1100000,0x0000007ce1200000) (1024K)]
  0x000001e09af0e740 JavaThread "Exec process Thread 2"      daemon [_thread_blocked, id=50156, stack(0x0000007ce1200000,0x0000007ce1300000) (1024K)]
  0x000001e09dcc6930 JavaThread "Exec process Thread 3"      daemon [_thread_blocked, id=70392, stack(0x0000007ce1300000,0x0000007ce1400000) (1024K)]
  0x000001e09db22b60 JavaThread "pool-6-thread-1"                   [_thread_blocked, id=64724, stack(0x0000007ce0600000,0x0000007ce0700000) (1024K)]
  0x000001e099e01250 JavaThread "build event listener"              [_thread_blocked, id=19988, stack(0x0000007ce1400000,0x0000007ce1500000) (1024K)]
  0x000001e099654f00 JavaThread "included builds"                   [_thread_blocked, id=54832, stack(0x0000007ce0c00000,0x0000007ce0d00000) (1024K)]
  0x000001e09ad94ce0 JavaThread "Execution worker"                  [_thread_blocked, id=75452, stack(0x0000007ce1500000,0x0000007ce1600000) (1024K)]
  0x000001e09ad91ef0 JavaThread "Execution worker Thread 2"         [_thread_blocked, id=29428, stack(0x0000007ce1600000,0x0000007ce1700000) (1024K)]
  0x000001e09ad95370 JavaThread "Execution worker Thread 3"         [_thread_blocked, id=17184, stack(0x0000007ce1700000,0x0000007ce1800000) (1024K)]
  0x000001e09ad92580 JavaThread "Execution worker Thread 4"         [_thread_blocked, id=47540, stack(0x0000007ce1800000,0x0000007ce1900000) (1024K)]
  0x000001e08fd94a00 JavaThread "Execution worker Thread 5"         [_thread_blocked, id=22700, stack(0x0000007ce1900000,0x0000007ce1a00000) (1024K)]
  0x000001e08fd95090 JavaThread "Execution worker Thread 6"         [_thread_blocked, id=69164, stack(0x0000007ce1a00000,0x0000007ce1b00000) (1024K)]
  0x000001e08fd95720 JavaThread "Execution worker Thread 7"         [_thread_blocked, id=36004, stack(0x0000007ce1b00000,0x0000007ce1c00000) (1024K)]
  0x000001e09af5e620 JavaThread "Execution worker Thread 8"         [_thread_blocked, id=20304, stack(0x0000007ce1c00000,0x0000007ce1d00000) (1024K)]
  0x000001e09af5d900 JavaThread "Execution worker Thread 9"         [_thread_blocked, id=61852, stack(0x0000007ce1d00000,0x0000007ce1e00000) (1024K)]
  0x000001e09b473a20 JavaThread "Execution worker Thread 10"        [_thread_blocked, id=7968, stack(0x0000007ce1e00000,0x0000007ce1f00000) (1024K)]
  0x000001e09b4740b0 JavaThread "Execution worker Thread 11"        [_thread_blocked, id=91660, stack(0x0000007ce1f00000,0x0000007ce2000000) (1024K)]
  0x000001e09dbbd080 JavaThread "Cache worker for execution history cache (D:\yuzha\Proyecto_final\Proyecto\Frontend\Maian\.gradle\9.5.1\executionHistory)"        [_thread_blocked, id=85440, stack(0x0000007ce2000000,0x0000007ce2100000) (1024K)]
  0x000001e09dcc8370 JavaThread "WorkerExecutor Queue"              [_thread_blocked, id=81476, stack(0x0000007ce0e00000,0x0000007ce0f00000) (1024K)]
  0x000001e091b94c90 JavaThread "RMI Scheduler(0)"           daemon [_thread_blocked, id=26152, stack(0x0000007ce0900000,0x0000007ce0a00000) (1024K)]
  0x000001e091b98110 JavaThread "RMI RenewClean-[127.0.0.1:17374,org.jetbrains.kotlin.daemon.common.LoopbackNetworkInterface$ClientLoopbackSocketFactory@5cc703a3]" daemon [_thread_blocked, id=58568, stack(0x0000007ce2100000,0x0000007ce2200000) (1024K)]
  0x000001e091b95320 JavaThread "RMI GC Daemon"              daemon [_thread_blocked, id=73924, stack(0x0000007ce2200000,0x0000007ce2300000) (1024K)]
  0x000001e091b959b0 JavaThread "RMI TCP Accept-0"           daemon [_thread_in_native, id=48172, stack(0x0000007ce2300000,0x0000007ce2400000) (1024K)]
  0x000001e091b96040 JavaThread "RMI Reaper"                        [_thread_blocked, id=63972, stack(0x0000007ce2400000,0x0000007ce2500000) (1024K)]
  0x000001e09a8c7860 JavaThread "RMI TCP Connection(idle)"   daemon [_thread_blocked, id=86976, stack(0x0000007ce2500000,0x0000007ce2600000) (1024K)]
  0x000001e091b966d0 JavaThread "pool-7-thread-1"                   [_thread_in_Java, id=51148, stack(0x0000007ce0700000,0x0000007ce0800000) (1024K)]
  0x000001e0acbf5f70 JavaThread "C2 CompilerThread1"         daemon [_thread_in_vm, id=7672, stack(0x0000007ce0800000,0x0000007ce0900000) (1024K)]
  0x000001e09e267810 JavaThread "C2 CompilerThread2"         daemon [_thread_in_native, id=91160, stack(0x0000007ce0a00000,0x0000007ce0b00000) (1024K)]
Total: 91

Other Threads:
  0x000001e0fa06eb70 VMThread "VM Thread"                           [id=71308, stack(0x0000007cdbe00000,0x0000007cdbf00000) (1024K)]
  0x000001e0fa0003a0 WatcherThread "VM Periodic Task Thread"        [id=53608, stack(0x0000007cdbd00000,0x0000007cdbe00000) (1024K)]
  0x000001e0eed87030 WorkerThread "GC Thread#0"                     [id=39208, stack(0x0000007cdb800000,0x0000007cdb900000) (1024K)]
  0x000001e0ff008fa0 WorkerThread "GC Thread#1"                     [id=23240, stack(0x0000007cdcb00000,0x0000007cdcc00000) (1024K)]
  0x000001e0ff379910 WorkerThread "GC Thread#2"                     [id=91156, stack(0x0000007cdcc00000,0x0000007cdcd00000) (1024K)]
  0x000001e0ff379cc0 WorkerThread "GC Thread#3"                     [id=65688, stack(0x0000007cdcd00000,0x0000007cdce00000) (1024K)]
  0x000001e0ff37a070 WorkerThread "GC Thread#4"                     [id=61848, stack(0x0000007cdce00000,0x0000007cdcf00000) (1024K)]
  0x000001e0fff7c020 WorkerThread "GC Thread#5"                     [id=75032, stack(0x0000007cdd300000,0x0000007cdd400000) (1024K)]
  0x000001e08f22b560 WorkerThread "GC Thread#6"                     [id=77704, stack(0x0000007cdd400000,0x0000007cdd500000) (1024K)]
  0x000001e08f2505f0 WorkerThread "GC Thread#7"                     [id=16460, stack(0x0000007cdd500000,0x0000007cdd600000) (1024K)]
  0x000001e08f2509a0 WorkerThread "GC Thread#8"                     [id=70940, stack(0x0000007cdd600000,0x0000007cdd700000) (1024K)]
  0x000001e08f250d50 WorkerThread "GC Thread#9"                     [id=27428, stack(0x0000007cdd700000,0x0000007cdd800000) (1024K)]
  0x000001e0eed98d70 ConcurrentGCThread "G1 Main Marker"            [id=15932, stack(0x0000007cdb900000,0x0000007cdba00000) (1024K)]
  0x000001e0eed99f30 WorkerThread "G1 Conc#0"                       [id=75708, stack(0x0000007cdba00000,0x0000007cdbb00000) (1024K)]
  0x000001e08f251100 WorkerThread "G1 Conc#1"                       [id=49644, stack(0x0000007cdd800000,0x0000007cdd900000) (1024K)]
  0x000001e08f2514b0 WorkerThread "G1 Conc#2"                       [id=80312, stack(0x0000007cdd900000,0x0000007cdda00000) (1024K)]
  0x000001e0f9ed31f0 ConcurrentGCThread "G1 Refine#0"               [id=86444, stack(0x0000007cdbb00000,0x0000007cdbc00000) (1024K)]
  0x000001e0f9ed4a30 ConcurrentGCThread "G1 Service"                [id=88772, stack(0x0000007cdbc00000,0x0000007cdbd00000) (1024K)]
Total: 18

Threads with active compile tasks:
C2 CompilerThread0  560185 45977       4       org.jetbrains.kotlin.fir.scopes.impl.FirActualizingScope::processCallableSymbolsByName (183 bytes)
C2 CompilerThread1  560185 46012       4       org.jetbrains.kotlin.fir.resolve.TypeExpansionUtilsKt::directExpansionType (155 bytes)
C2 CompilerThread2  560185 46038       4       org.jetbrains.kotlin.types.AbstractTypeChecker::checkSubtypeForSpecialCases (716 bytes)
Total: 3

VM state: not at safepoint (normal execution)

VM Mutex/Monitor currently owned by a thread: None

Heap address: 0x0000000700000000, size: 4096 MB, Compressed Oops mode: Zero based, Oop shift amount: 3

CDS archive(s) not mapped
Compressed class space mapped at: 0x0000000800000000-0x0000000834000000, reserved size: 872415232
Narrow klass base: 0x0000000800000000, Narrow klass shift: 0, Narrow klass range: 0x34000000

GC Precious Log:
 CardTable entry size: 512
 Card Set container configuration: InlinePtr #cards 4 size 8 Array Of Cards #cards 16 size 48 Howl #buckets 8 coarsen threshold 3686 Howl Bitmap #cards 512 size 80 coarsen threshold 460 Card regions per heap region 1 cards per card region 4096
 CPUs: 12 total, 12 available
 Memory: 15681M
 Large Page Support: Disabled
 NUMA Support: Disabled
 Compressed Oops: Enabled (Zero based)
 Heap Region Size: 2M
 Heap Min Capacity: 8M
 Heap Initial Capacity: 246M
 Heap Max Capacity: 4G
 Pre-touch: Disabled
 Parallel Workers: 10
 Concurrent Workers: 3
 Concurrent Refinement Workers: 10
 Periodic GC: Disabled

Heap:
 garbage-first heap   total 1079296K, used 641021K [0x0000000700000000, 0x0000000800000000)
  region size 2048K, 25 young (51200K), 23 survivors (47104K)
 Metaspace       used 273877K, committed 277568K, reserved 1114112K
  class space    used 35642K, committed 37504K, reserved 851968K

Heap Regions: E=young(eden), S=young(survivor), O=old, HS=humongous(starts), HC=humongous(continues), CS=collection set, F=free, TAMS=top-at-mark-start, PB=parsable bottom
|   0|0x0000000700000000, 0x0000000700200000, 0x0000000700200000|100%|HS|  |TAMS 0x0000000700000000| PB 0x0000000700000000| Complete 
|   1|0x0000000700200000, 0x0000000700400000, 0x0000000700400000|100%|HC|  |TAMS 0x0000000700200000| PB 0x0000000700200000| Complete 
|   2|0x0000000700400000, 0x0000000700600000, 0x0000000700600000|100%| O|  |TAMS 0x0000000700400000| PB 0x0000000700400000| Untracked 
|   3|0x0000000700600000, 0x0000000700800000, 0x0000000700800000|100%| O|  |TAMS 0x0000000700600000| PB 0x0000000700600000| Untracked 
|   4|0x0000000700800000, 0x0000000700a00000, 0x0000000700a00000|100%| O|  |TAMS 0x0000000700800000| PB 0x0000000700800000| Untracked 
|   5|0x0000000700a00000, 0x0000000700c00000, 0x0000000700c00000|100%| O|  |TAMS 0x0000000700a00000| PB 0x0000000700a00000| Untracked 
|   6|0x0000000700c00000, 0x0000000700e00000, 0x0000000700e00000|100%| O|  |TAMS 0x0000000700c00000| PB 0x0000000700c00000| Untracked 
|   7|0x0000000700e00000, 0x0000000701000000, 0x0000000701000000|100%| O|  |TAMS 0x0000000700e00000| PB 0x0000000700e00000| Untracked 
|   8|0x0000000701000000, 0x0000000701200000, 0x0000000701200000|100%| O|  |TAMS 0x0000000701000000| PB 0x0000000701000000| Untracked 
|   9|0x0000000701200000, 0x0000000701400000, 0x0000000701400000|100%| O|  |TAMS 0x0000000701200000| PB 0x0000000701200000| Untracked 
|  10|0x0000000701400000, 0x0000000701600000, 0x0000000701600000|100%| O|  |TAMS 0x0000000701400000| PB 0x0000000701400000| Untracked 
|  11|0x0000000701600000, 0x0000000701800000, 0x0000000701800000|100%| O|  |TAMS 0x0000000701600000| PB 0x0000000701600000| Untracked 
|  12|0x0000000701800000, 0x0000000701a00000, 0x0000000701a00000|100%|HS|  |TAMS 0x0000000701800000| PB 0x0000000701800000| Complete 
|  13|0x0000000701a00000, 0x0000000701c00000, 0x0000000701c00000|100%|HC|  |TAMS 0x0000000701a00000| PB 0x0000000701a00000| Complete 
|  14|0x0000000701c00000, 0x0000000701e00000, 0x0000000701e00000|100%|HC|  |TAMS 0x0000000701c00000| PB 0x0000000701c00000| Complete 
|  15|0x0000000701e00000, 0x0000000702000000, 0x0000000702000000|100%|HS|  |TAMS 0x0000000701e00000| PB 0x0000000701e00000| Complete 
|  16|0x0000000702000000, 0x0000000702200000, 0x0000000702200000|100%|HS|  |TAMS 0x0000000702000000| PB 0x0000000702000000| Complete 
|  17|0x0000000702200000, 0x0000000702400000, 0x0000000702400000|100%|HC|  |TAMS 0x0000000702200000| PB 0x0000000702200000| Complete 
|  18|0x0000000702400000, 0x0000000702600000, 0x0000000702600000|100%|HC|  |TAMS 0x0000000702400000| PB 0x0000000702400000| Complete 
|  19|0x0000000702600000, 0x0000000702800000, 0x0000000702800000|100%|HS|  |TAMS 0x0000000702600000| PB 0x0000000702600000| Complete 
|  20|0x0000000702800000, 0x0000000702a00000, 0x0000000702a00000|100%| O|  |TAMS 0x0000000702800000| PB 0x0000000702800000| Untracked 
|  21|0x0000000702a00000, 0x0000000702c00000, 0x0000000702c00000|100%| O|  |TAMS 0x0000000702a00000| PB 0x0000000702a00000| Untracked 
|  22|0x0000000702c00000, 0x0000000702e00000, 0x0000000702e00000|100%| O|  |TAMS 0x0000000702c00000| PB 0x0000000702c00000| Untracked 
|  23|0x0000000702e00000, 0x0000000703000000, 0x0000000703000000|100%| O|  |TAMS 0x0000000702e00000| PB 0x0000000702e00000| Untracked 
|  24|0x0000000703000000, 0x0000000703200000, 0x0000000703200000|100%| O|  |TAMS 0x0000000703000000| PB 0x0000000703000000| Untracked 
|  25|0x0000000703200000, 0x0000000703400000, 0x0000000703400000|100%| O|  |TAMS 0x0000000703200000| PB 0x0000000703200000| Untracked 
|  26|0x0000000703400000, 0x0000000703600000, 0x0000000703600000|100%| O|  |TAMS 0x0000000703400000| PB 0x0000000703400000| Untracked 
|  27|0x0000000703600000, 0x0000000703800000, 0x0000000703800000|100%|HS|  |TAMS 0x0000000703600000| PB 0x0000000703600000| Complete 
|  28|0x0000000703800000, 0x0000000703a00000, 0x0000000703a00000|100%| O|  |TAMS 0x0000000703800000| PB 0x0000000703800000| Untracked 
|  29|0x0000000703a00000, 0x0000000703c00000, 0x0000000703c00000|100%| O|  |TAMS 0x0000000703a00000| PB 0x0000000703a00000| Untracked 
|  30|0x0000000703c00000, 0x0000000703e00000, 0x0000000703e00000|100%| O|  |TAMS 0x0000000703c00000| PB 0x0000000703c00000| Untracked 
|  31|0x0000000703e00000, 0x0000000704000000, 0x0000000704000000|100%| O|  |TAMS 0x0000000703e00000| PB 0x0000000703e00000| Untracked 
|  32|0x0000000704000000, 0x0000000704200000, 0x0000000704200000|100%| O|  |TAMS 0x0000000704000000| PB 0x0000000704000000| Untracked 
|  33|0x0000000704200000, 0x0000000704400000, 0x0000000704400000|100%| O|  |TAMS 0x0000000704200000| PB 0x0000000704200000| Untracked 
|  34|0x0000000704400000, 0x0000000704600000, 0x0000000704600000|100%| O|  |TAMS 0x0000000704400000| PB 0x0000000704400000| Untracked 
|  35|0x0000000704600000, 0x0000000704800000, 0x0000000704800000|100%| O|  |TAMS 0x0000000704600000| PB 0x0000000704600000| Untracked 
|  36|0x0000000704800000, 0x0000000704a00000, 0x0000000704a00000|100%|HS|  |TAMS 0x0000000704800000| PB 0x0000000704800000| Complete 
|  37|0x0000000704a00000, 0x0000000704c00000, 0x0000000704c00000|100%| O|  |TAMS 0x0000000704a00000| PB 0x0000000704a00000| Untracked 
|  38|0x0000000704c00000, 0x0000000704e00000, 0x0000000704e00000|100%| O|  |TAMS 0x0000000704c00000| PB 0x0000000704c00000| Untracked 
|  39|0x0000000704e00000, 0x0000000705000000, 0x0000000705000000|100%| O|  |TAMS 0x0000000704e00000| PB 0x0000000704e00000| Untracked 
|  40|0x0000000705000000, 0x0000000705200000, 0x0000000705200000|100%| O|  |TAMS 0x0000000705000000| PB 0x0000000705000000| Untracked 
|  41|0x0000000705200000, 0x0000000705400000, 0x0000000705400000|100%| O|  |TAMS 0x0000000705200000| PB 0x0000000705200000| Untracked 
|  42|0x0000000705400000, 0x0000000705600000, 0x0000000705600000|100%| O|  |TAMS 0x0000000705400000| PB 0x0000000705400000| Untracked 
|  43|0x0000000705600000, 0x0000000705800000, 0x0000000705800000|100%|HS|  |TAMS 0x0000000705600000| PB 0x0000000705600000| Complete 
|  44|0x0000000705800000, 0x0000000705a00000, 0x0000000705a00000|100%| O|  |TAMS 0x0000000705800000| PB 0x0000000705800000| Untracked 
|  45|0x0000000705a00000, 0x0000000705c00000, 0x0000000705c00000|100%| O|  |TAMS 0x0000000705a00000| PB 0x0000000705a00000| Untracked 
|  46|0x0000000705c00000, 0x0000000705e00000, 0x0000000705e00000|100%| O|  |TAMS 0x0000000705c00000| PB 0x0000000705c00000| Untracked 
|  47|0x0000000705e00000, 0x0000000706000000, 0x0000000706000000|100%| O|  |TAMS 0x0000000705e00000| PB 0x0000000705e00000| Untracked 
|  48|0x0000000706000000, 0x0000000706200000, 0x0000000706200000|100%| O|  |TAMS 0x0000000706000000| PB 0x0000000706000000| Untracked 
|  49|0x0000000706200000, 0x0000000706400000, 0x0000000706400000|100%| O|  |TAMS 0x0000000706200000| PB 0x0000000706200000| Untracked 
|  50|0x0000000706400000, 0x0000000706600000, 0x0000000706600000|100%| O|  |TAMS 0x0000000706400000| PB 0x0000000706400000| Untracked 
|  51|0x0000000706600000, 0x0000000706800000, 0x0000000706800000|100%| O|  |TAMS 0x0000000706600000| PB 0x0000000706600000| Untracked 
|  52|0x0000000706800000, 0x0000000706a00000, 0x0000000706a00000|100%| O|  |TAMS 0x0000000706800000| PB 0x0000000706800000| Untracked 
|  53|0x0000000706a00000, 0x0000000706c00000, 0x0000000706c00000|100%| O|  |TAMS 0x0000000706a00000| PB 0x0000000706a00000| Untracked 
|  54|0x0000000706c00000, 0x0000000706e00000, 0x0000000706e00000|100%| O|  |TAMS 0x0000000706c00000| PB 0x0000000706c00000| Untracked 
|  55|0x0000000706e00000, 0x0000000707000000, 0x0000000707000000|100%| O|  |TAMS 0x0000000706e00000| PB 0x0000000706e00000| Untracked 
|  56|0x0000000707000000, 0x0000000707200000, 0x0000000707200000|100%| O|  |TAMS 0x0000000707000000| PB 0x0000000707000000| Untracked 
|  57|0x0000000707200000, 0x0000000707400000, 0x0000000707400000|100%| O|  |TAMS 0x0000000707200000| PB 0x0000000707200000| Untracked 
|  58|0x0000000707400000, 0x0000000707600000, 0x0000000707600000|100%| O|Cm|TAMS 0x0000000707400000| PB 0x0000000707400000| Complete 
|  59|0x0000000707600000, 0x0000000707800000, 0x0000000707800000|100%| O|Cm|TAMS 0x0000000707600000| PB 0x0000000707600000| Complete 
|  60|0x0000000707800000, 0x0000000707a00000, 0x0000000707a00000|100%| O|  |TAMS 0x0000000707800000| PB 0x0000000707800000| Untracked 
|  61|0x0000000707a00000, 0x0000000707c00000, 0x0000000707c00000|100%| O|  |TAMS 0x0000000707a00000| PB 0x0000000707a00000| Untracked 
|  62|0x0000000707c00000, 0x0000000707e00000, 0x0000000707e00000|100%| O|  |TAMS 0x0000000707c00000| PB 0x0000000707c00000| Untracked 
|  63|0x0000000707e00000, 0x0000000708000000, 0x0000000708000000|100%| O|Cm|TAMS 0x0000000707e00000| PB 0x0000000707e00000| Complete 
|  64|0x0000000708000000, 0x0000000708200000, 0x0000000708200000|100%|HS|  |TAMS 0x0000000708000000| PB 0x0000000708000000| Complete 
|  65|0x0000000708200000, 0x0000000708400000, 0x0000000708400000|100%| O|  |TAMS 0x0000000708200000| PB 0x0000000708200000| Untracked 
|  66|0x0000000708400000, 0x0000000708600000, 0x0000000708600000|100%| O|Cm|TAMS 0x0000000708400000| PB 0x0000000708400000| Complete 
|  67|0x0000000708600000, 0x0000000708800000, 0x0000000708800000|100%| O|Cm|TAMS 0x0000000708600000| PB 0x0000000708600000| Complete 
|  68|0x0000000708800000, 0x0000000708a00000, 0x0000000708a00000|100%| O|Cm|TAMS 0x0000000708800000| PB 0x0000000708800000| Complete 
|  69|0x0000000708a00000, 0x0000000708c00000, 0x0000000708c00000|100%| O|Cm|TAMS 0x0000000708a00000| PB 0x0000000708a00000| Complete 
|  70|0x0000000708c00000, 0x0000000708e00000, 0x0000000708e00000|100%| O|Cm|TAMS 0x0000000708c00000| PB 0x0000000708c00000| Complete 
|  71|0x0000000708e00000, 0x0000000709000000, 0x0000000709000000|100%| O|Cm|TAMS 0x0000000708e00000| PB 0x0000000708e00000| Complete 
|  72|0x0000000709000000, 0x0000000709200000, 0x0000000709200000|100%| O|  |TAMS 0x0000000709000000| PB 0x0000000709000000| Untracked 
|  73|0x0000000709200000, 0x0000000709400000, 0x0000000709400000|100%| O|  |TAMS 0x0000000709200000| PB 0x0000000709200000| Untracked 
|  74|0x0000000709400000, 0x0000000709600000, 0x0000000709600000|100%| O|  |TAMS 0x0000000709400000| PB 0x0000000709400000| Untracked 
|  75|0x0000000709600000, 0x0000000709800000, 0x0000000709800000|100%| O|Cm|TAMS 0x0000000709600000| PB 0x0000000709600000| Complete 
|  76|0x0000000709800000, 0x0000000709a00000, 0x0000000709a00000|100%| O|Cm|TAMS 0x0000000709800000| PB 0x0000000709800000| Complete 
|  77|0x0000000709a00000, 0x0000000709c00000, 0x0000000709c00000|100%| O|Cm|TAMS 0x0000000709a00000| PB 0x0000000709a00000| Complete 
|  78|0x0000000709c00000, 0x0000000709e00000, 0x0000000709e00000|100%| O|  |TAMS 0x0000000709c00000| PB 0x0000000709c00000| Untracked 
|  79|0x0000000709e00000, 0x000000070a000000, 0x000000070a000000|100%| O|  |TAMS 0x0000000709e00000| PB 0x0000000709e00000| Untracked 
|  80|0x000000070a000000, 0x000000070a200000, 0x000000070a200000|100%| O|Cm|TAMS 0x000000070a000000| PB 0x000000070a000000| Complete 
|  81|0x000000070a200000, 0x000000070a400000, 0x000000070a400000|100%| O|Cm|TAMS 0x000000070a200000| PB 0x000000070a200000| Complete 
|  82|0x000000070a400000, 0x000000070a600000, 0x000000070a600000|100%| O|  |TAMS 0x000000070a400000| PB 0x000000070a400000| Untracked 
|  83|0x000000070a600000, 0x000000070a800000, 0x000000070a800000|100%| O|  |TAMS 0x000000070a600000| PB 0x000000070a600000| Untracked 
|  84|0x000000070a800000, 0x000000070aa00000, 0x000000070aa00000|100%| O|  |TAMS 0x000000070a800000| PB 0x000000070a800000| Untracked 
|  85|0x000000070aa00000, 0x000000070ac00000, 0x000000070ac00000|100%| O|  |TAMS 0x000000070aa00000| PB 0x000000070aa00000| Untracked 
|  86|0x000000070ac00000, 0x000000070ae00000, 0x000000070ae00000|100%| O|  |TAMS 0x000000070ac00000| PB 0x000000070ac00000| Untracked 
|  87|0x000000070ae00000, 0x000000070b000000, 0x000000070b000000|100%| O|  |TAMS 0x000000070ae00000| PB 0x000000070ae00000| Untracked 
|  88|0x000000070b000000, 0x000000070b200000, 0x000000070b200000|100%| O|  |TAMS 0x000000070b000000| PB 0x000000070b000000| Untracked 
|  89|0x000000070b200000, 0x000000070b400000, 0x000000070b400000|100%| O|  |TAMS 0x000000070b200000| PB 0x000000070b200000| Untracked 
|  90|0x000000070b400000, 0x000000070b600000, 0x000000070b600000|100%| O|  |TAMS 0x000000070b400000| PB 0x000000070b400000| Untracked 
|  91|0x000000070b600000, 0x000000070b800000, 0x000000070b800000|100%| O|  |TAMS 0x000000070b600000| PB 0x000000070b600000| Untracked 
|  92|0x000000070b800000, 0x000000070ba00000, 0x000000070ba00000|100%| O|  |TAMS 0x000000070b800000| PB 0x000000070b800000| Untracked 
|  93|0x000000070ba00000, 0x000000070bc00000, 0x000000070bc00000|100%| O|  |TAMS 0x000000070ba00000| PB 0x000000070ba00000| Untracked 
|  94|0x000000070bc00000, 0x000000070be00000, 0x000000070be00000|100%| O|Cm|TAMS 0x000000070bc00000| PB 0x000000070bc00000| Complete 
|  95|0x000000070be00000, 0x000000070c000000, 0x000000070c000000|100%| O|  |TAMS 0x000000070be00000| PB 0x000000070be00000| Untracked 
|  96|0x000000070c000000, 0x000000070c200000, 0x000000070c200000|100%| O|Cm|TAMS 0x000000070c000000| PB 0x000000070c000000| Complete 
|  97|0x000000070c200000, 0x000000070c400000, 0x000000070c400000|100%| O|  |TAMS 0x000000070c200000| PB 0x000000070c200000| Untracked 
|  98|0x000000070c400000, 0x000000070c600000, 0x000000070c600000|100%| O|Cm|TAMS 0x000000070c400000| PB 0x000000070c400000| Complete 
|  99|0x000000070c600000, 0x000000070c800000, 0x000000070c800000|100%| O|  |TAMS 0x000000070c600000| PB 0x000000070c600000| Untracked 
| 100|0x000000070c800000, 0x000000070ca00000, 0x000000070ca00000|100%| O|  |TAMS 0x000000070c800000| PB 0x000000070c800000| Untracked 
| 101|0x000000070ca00000, 0x000000070cc00000, 0x000000070cc00000|100%| O|  |TAMS 0x000000070ca00000| PB 0x000000070ca00000| Untracked 
| 102|0x000000070cc00000, 0x000000070ce00000, 0x000000070ce00000|100%| O|  |TAMS 0x000000070cc00000| PB 0x000000070cc00000| Untracked 
| 103|0x000000070ce00000, 0x000000070d000000, 0x000000070d000000|100%| O|  |TAMS 0x000000070ce00000| PB 0x000000070ce00000| Untracked 
| 104|0x000000070d000000, 0x000000070d200000, 0x000000070d200000|100%| O|  |TAMS 0x000000070d000000| PB 0x000000070d000000| Untracked 
| 105|0x000000070d200000, 0x000000070d400000, 0x000000070d400000|100%| O|Cm|TAMS 0x000000070d200000| PB 0x000000070d200000| Complete 
| 106|0x000000070d400000, 0x000000070d600000, 0x000000070d600000|100%| O|  |TAMS 0x000000070d400000| PB 0x000000070d400000| Untracked 
| 107|0x000000070d600000, 0x000000070d800000, 0x000000070d800000|100%| O|  |TAMS 0x000000070d600000| PB 0x000000070d600000| Untracked 
| 108|0x000000070d800000, 0x000000070da00000, 0x000000070da00000|100%| O|  |TAMS 0x000000070d800000| PB 0x000000070d800000| Untracked 
| 109|0x000000070da00000, 0x000000070dc00000, 0x000000070dc00000|100%| O|  |TAMS 0x000000070da00000| PB 0x000000070da00000| Untracked 
| 110|0x000000070dc00000, 0x000000070de00000, 0x000000070de00000|100%| O|  |TAMS 0x000000070dc00000| PB 0x000000070dc00000| Untracked 
| 111|0x000000070de00000, 0x000000070e000000, 0x000000070e000000|100%| O|  |TAMS 0x000000070de00000| PB 0x000000070de00000| Untracked 
| 112|0x000000070e000000, 0x000000070e200000, 0x000000070e200000|100%| O|  |TAMS 0x000000070e000000| PB 0x000000070e000000| Untracked 
| 113|0x000000070e200000, 0x000000070e400000, 0x000000070e400000|100%| O|Cm|TAMS 0x000000070e200000| PB 0x000000070e200000| Complete 
| 114|0x000000070e400000, 0x000000070e600000, 0x000000070e600000|100%| O|  |TAMS 0x000000070e400000| PB 0x000000070e400000| Untracked 
| 115|0x000000070e600000, 0x000000070e800000, 0x000000070e800000|100%| O|  |TAMS 0x000000070e600000| PB 0x000000070e600000| Untracked 
| 116|0x000000070e800000, 0x000000070ea00000, 0x000000070ea00000|100%| O|  |TAMS 0x000000070e800000| PB 0x000000070e800000| Untracked 
| 117|0x000000070ea00000, 0x000000070ec00000, 0x000000070ec00000|100%| O|  |TAMS 0x000000070ea00000| PB 0x000000070ea00000| Untracked 
| 118|0x000000070ec00000, 0x000000070ee00000, 0x000000070ee00000|100%| O|Cm|TAMS 0x000000070ec00000| PB 0x000000070ec00000| Complete 
| 119|0x000000070ee00000, 0x000000070f000000, 0x000000070f000000|100%| O|Cm|TAMS 0x000000070ee00000| PB 0x000000070ee00000| Complete 
| 120|0x000000070f000000, 0x000000070f200000, 0x000000070f200000|100%| O|Cm|TAMS 0x000000070f000000| PB 0x000000070f000000| Complete 
| 121|0x000000070f200000, 0x000000070f400000, 0x000000070f400000|100%| O|Cm|TAMS 0x000000070f200000| PB 0x000000070f200000| Complete 
| 122|0x000000070f400000, 0x000000070f600000, 0x000000070f600000|100%| O|  |TAMS 0x000000070f400000| PB 0x000000070f400000| Untracked 
| 123|0x000000070f600000, 0x000000070f800000, 0x000000070f800000|100%| O|  |TAMS 0x000000070f600000| PB 0x000000070f600000| Untracked 
| 124|0x000000070f800000, 0x000000070fa00000, 0x000000070fa00000|100%| O|  |TAMS 0x000000070f800000| PB 0x000000070f800000| Untracked 
| 125|0x000000070fa00000, 0x000000070fc00000, 0x000000070fc00000|100%| O|  |TAMS 0x000000070fa00000| PB 0x000000070fa00000| Untracked 
| 126|0x000000070fc00000, 0x000000070fe00000, 0x000000070fe00000|100%| O|  |TAMS 0x000000070fc00000| PB 0x000000070fc00000| Untracked 
| 127|0x000000070fe00000, 0x0000000710000000, 0x0000000710000000|100%| O|  |TAMS 0x000000070fe00000| PB 0x000000070fe00000| Untracked 
| 128|0x0000000710000000, 0x0000000710200000, 0x0000000710200000|100%| O|  |TAMS 0x0000000710000000| PB 0x0000000710000000| Untracked 
| 129|0x0000000710200000, 0x0000000710400000, 0x0000000710400000|100%| O|Cm|TAMS 0x0000000710200000| PB 0x0000000710200000| Complete 
| 130|0x0000000710400000, 0x0000000710600000, 0x0000000710600000|100%| O|Cm|TAMS 0x0000000710400000| PB 0x0000000710400000| Complete 
| 131|0x0000000710600000, 0x0000000710800000, 0x0000000710800000|100%| O|  |TAMS 0x0000000710600000| PB 0x0000000710600000| Untracked 
| 132|0x0000000710800000, 0x0000000710a00000, 0x0000000710a00000|100%| O|Cm|TAMS 0x0000000710800000| PB 0x0000000710800000| Complete 
| 133|0x0000000710a00000, 0x0000000710c00000, 0x0000000710c00000|100%| O|Cm|TAMS 0x0000000710a00000| PB 0x0000000710a00000| Complete 
| 134|0x0000000710c00000, 0x0000000710e00000, 0x0000000710e00000|100%| O|  |TAMS 0x0000000710c00000| PB 0x0000000710c00000| Untracked 
| 135|0x0000000710e00000, 0x0000000711000000, 0x0000000711000000|100%| O|Cm|TAMS 0x0000000710e00000| PB 0x0000000710e00000| Complete 
| 136|0x0000000711000000, 0x0000000711200000, 0x0000000711200000|100%| O|Cm|TAMS 0x0000000711000000| PB 0x0000000711000000| Complete 
| 137|0x0000000711200000, 0x0000000711400000, 0x0000000711400000|100%| O|  |TAMS 0x0000000711200000| PB 0x0000000711200000| Untracked 
| 138|0x0000000711400000, 0x0000000711600000, 0x0000000711600000|100%| O|Cm|TAMS 0x0000000711400000| PB 0x0000000711400000| Complete 
| 139|0x0000000711600000, 0x0000000711800000, 0x0000000711800000|100%| O|  |TAMS 0x0000000711600000| PB 0x0000000711600000| Untracked 
| 140|0x0000000711800000, 0x0000000711a00000, 0x0000000711a00000|100%| O|  |TAMS 0x0000000711800000| PB 0x0000000711800000| Untracked 
| 141|0x0000000711a00000, 0x0000000711c00000, 0x0000000711c00000|100%| O|Cm|TAMS 0x0000000711a00000| PB 0x0000000711a00000| Complete 
| 142|0x0000000711c00000, 0x0000000711e00000, 0x0000000711e00000|100%| O|Cm|TAMS 0x0000000711c00000| PB 0x0000000711c00000| Complete 
| 143|0x0000000711e00000, 0x0000000712000000, 0x0000000712000000|100%| O|  |TAMS 0x0000000711e00000| PB 0x0000000711e00000| Untracked 
| 144|0x0000000712000000, 0x0000000712200000, 0x0000000712200000|100%| O|  |TAMS 0x0000000712000000| PB 0x0000000712000000| Untracked 
| 145|0x0000000712200000, 0x0000000712400000, 0x0000000712400000|100%| O|  |TAMS 0x0000000712200000| PB 0x0000000712200000| Untracked 
| 146|0x0000000712400000, 0x0000000712600000, 0x0000000712600000|100%| O|Cm|TAMS 0x0000000712400000| PB 0x0000000712400000| Complete 
| 147|0x0000000712600000, 0x0000000712800000, 0x0000000712800000|100%| O|  |TAMS 0x0000000712600000| PB 0x0000000712600000| Untracked 
| 148|0x0000000712800000, 0x0000000712a00000, 0x0000000712a00000|100%| O|Cm|TAMS 0x0000000712800000| PB 0x0000000712800000| Complete 
| 149|0x0000000712a00000, 0x0000000712c00000, 0x0000000712c00000|100%| O|  |TAMS 0x0000000712a00000| PB 0x0000000712a00000| Untracked 
| 150|0x0000000712c00000, 0x0000000712e00000, 0x0000000712e00000|100%| O|  |TAMS 0x0000000712c00000| PB 0x0000000712c00000| Untracked 
| 151|0x0000000712e00000, 0x0000000713000000, 0x0000000713000000|100%| O|  |TAMS 0x0000000712e00000| PB 0x0000000712e00000| Untracked 
| 152|0x0000000713000000, 0x0000000713200000, 0x0000000713200000|100%| O|  |TAMS 0x0000000713000000| PB 0x0000000713000000| Untracked 
| 153|0x0000000713200000, 0x0000000713400000, 0x0000000713400000|100%| O|  |TAMS 0x0000000713200000| PB 0x0000000713200000| Untracked 
| 154|0x0000000713400000, 0x0000000713600000, 0x0000000713600000|100%| O|  |TAMS 0x0000000713400000| PB 0x0000000713400000| Untracked 
| 155|0x0000000713600000, 0x0000000713800000, 0x0000000713800000|100%| O|  |TAMS 0x0000000713600000| PB 0x0000000713600000| Untracked 
| 156|0x0000000713800000, 0x0000000713a00000, 0x0000000713a00000|100%| O|Cm|TAMS 0x0000000713800000| PB 0x0000000713800000| Complete 
| 157|0x0000000713a00000, 0x0000000713c00000, 0x0000000713c00000|100%| O|  |TAMS 0x0000000713a00000| PB 0x0000000713a00000| Untracked 
| 158|0x0000000713c00000, 0x0000000713e00000, 0x0000000713e00000|100%| O|  |TAMS 0x0000000713c00000| PB 0x0000000713c00000| Untracked 
| 159|0x0000000713e00000, 0x0000000714000000, 0x0000000714000000|100%| O|Cm|TAMS 0x0000000713e00000| PB 0x0000000713e00000| Complete 
| 160|0x0000000714000000, 0x0000000714200000, 0x0000000714200000|100%| O|Cm|TAMS 0x0000000714000000| PB 0x0000000714000000| Complete 
| 161|0x0000000714200000, 0x0000000714400000, 0x0000000714400000|100%| O|  |TAMS 0x0000000714200000| PB 0x0000000714200000| Untracked 
| 162|0x0000000714400000, 0x0000000714600000, 0x0000000714600000|100%| O|  |TAMS 0x0000000714400000| PB 0x0000000714400000| Untracked 
| 163|0x0000000714600000, 0x0000000714800000, 0x0000000714800000|100%| O|  |TAMS 0x0000000714600000| PB 0x0000000714600000| Untracked 
| 164|0x0000000714800000, 0x0000000714a00000, 0x0000000714a00000|100%| O|  |TAMS 0x0000000714800000| PB 0x0000000714800000| Untracked 
| 165|0x0000000714a00000, 0x0000000714c00000, 0x0000000714c00000|100%| O|Cm|TAMS 0x0000000714a00000| PB 0x0000000714a00000| Complete 
| 166|0x0000000714c00000, 0x0000000714e00000, 0x0000000714e00000|100%| O|  |TAMS 0x0000000714c00000| PB 0x0000000714c00000| Untracked 
| 167|0x0000000714e00000, 0x0000000715000000, 0x0000000715000000|100%| O|  |TAMS 0x0000000714e00000| PB 0x0000000714e00000| Untracked 
| 168|0x0000000715000000, 0x0000000715200000, 0x0000000715200000|100%| O|  |TAMS 0x0000000715000000| PB 0x0000000715000000| Untracked 
| 169|0x0000000715200000, 0x0000000715400000, 0x0000000715400000|100%| O|  |TAMS 0x0000000715200000| PB 0x0000000715200000| Untracked 
| 170|0x0000000715400000, 0x0000000715600000, 0x0000000715600000|100%| O|  |TAMS 0x0000000715400000| PB 0x0000000715400000| Untracked 
| 171|0x0000000715600000, 0x0000000715800000, 0x0000000715800000|100%| O|  |TAMS 0x0000000715600000| PB 0x0000000715600000| Untracked 
| 172|0x0000000715800000, 0x0000000715a00000, 0x0000000715a00000|100%| O|  |TAMS 0x0000000715800000| PB 0x0000000715800000| Untracked 
| 173|0x0000000715a00000, 0x0000000715c00000, 0x0000000715c00000|100%| O|  |TAMS 0x0000000715a00000| PB 0x0000000715a00000| Untracked 
| 174|0x0000000715c00000, 0x0000000715e00000, 0x0000000715e00000|100%| O|  |TAMS 0x0000000715c00000| PB 0x0000000715c00000| Untracked 
| 175|0x0000000715e00000, 0x0000000716000000, 0x0000000716000000|100%| O|Cm|TAMS 0x0000000715e00000| PB 0x0000000715e00000| Complete 
| 176|0x0000000716000000, 0x0000000716200000, 0x0000000716200000|100%| O|  |TAMS 0x0000000716000000| PB 0x0000000716000000| Untracked 
| 177|0x0000000716200000, 0x0000000716400000, 0x0000000716400000|100%| O|  |TAMS 0x0000000716200000| PB 0x0000000716200000| Untracked 
| 178|0x0000000716400000, 0x0000000716600000, 0x0000000716600000|100%| O|  |TAMS 0x0000000716400000| PB 0x0000000716400000| Untracked 
| 179|0x0000000716600000, 0x0000000716800000, 0x0000000716800000|100%| O|  |TAMS 0x0000000716600000| PB 0x0000000716600000| Untracked 
| 180|0x0000000716800000, 0x0000000716a00000, 0x0000000716a00000|100%| O|  |TAMS 0x0000000716800000| PB 0x0000000716800000| Untracked 
| 181|0x0000000716a00000, 0x0000000716c00000, 0x0000000716c00000|100%| O|  |TAMS 0x0000000716a00000| PB 0x0000000716a00000| Untracked 
| 182|0x0000000716c00000, 0x0000000716e00000, 0x0000000716e00000|100%| O|  |TAMS 0x0000000716c00000| PB 0x0000000716c00000| Untracked 
| 183|0x0000000716e00000, 0x0000000717000000, 0x0000000717000000|100%| O|  |TAMS 0x0000000716e00000| PB 0x0000000716e00000| Untracked 
| 184|0x0000000717000000, 0x0000000717200000, 0x0000000717200000|100%| O|  |TAMS 0x0000000717000000| PB 0x0000000717000000| Untracked 
| 185|0x0000000717200000, 0x0000000717400000, 0x0000000717400000|100%| O|  |TAMS 0x0000000717200000| PB 0x0000000717200000| Untracked 
| 186|0x0000000717400000, 0x0000000717600000, 0x0000000717600000|100%| O|  |TAMS 0x0000000717400000| PB 0x0000000717400000| Untracked 
| 187|0x0000000717600000, 0x0000000717800000, 0x0000000717800000|100%| O|Cm|TAMS 0x0000000717600000| PB 0x0000000717600000| Complete 
| 188|0x0000000717800000, 0x0000000717a00000, 0x0000000717a00000|100%| O|Cm|TAMS 0x0000000717800000| PB 0x0000000717800000| Complete 
| 189|0x0000000717a00000, 0x0000000717c00000, 0x0000000717c00000|100%| O|  |TAMS 0x0000000717a00000| PB 0x0000000717a00000| Untracked 
| 190|0x0000000717c00000, 0x0000000717e00000, 0x0000000717e00000|100%| O|  |TAMS 0x0000000717c00000| PB 0x0000000717c00000| Untracked 
| 191|0x0000000717e00000, 0x0000000718000000, 0x0000000718000000|100%| O|  |TAMS 0x0000000717e00000| PB 0x0000000717e00000| Untracked 
| 192|0x0000000718000000, 0x0000000718200000, 0x0000000718200000|100%| O|Cm|TAMS 0x0000000718000000| PB 0x0000000718000000| Complete 
| 193|0x0000000718200000, 0x0000000718400000, 0x0000000718400000|100%| O|Cm|TAMS 0x0000000718200000| PB 0x0000000718200000| Complete 
| 194|0x0000000718400000, 0x0000000718600000, 0x0000000718600000|100%| O|Cm|TAMS 0x0000000718400000| PB 0x0000000718400000| Complete 
| 195|0x0000000718600000, 0x0000000718800000, 0x0000000718800000|100%| O|  |TAMS 0x0000000718600000| PB 0x0000000718600000| Untracked 
| 196|0x0000000718800000, 0x0000000718a00000, 0x0000000718a00000|100%| O|  |TAMS 0x0000000718800000| PB 0x0000000718800000| Untracked 
| 197|0x0000000718a00000, 0x0000000718c00000, 0x0000000718c00000|100%| O|  |TAMS 0x0000000718a00000| PB 0x0000000718a00000| Untracked 
| 198|0x0000000718c00000, 0x0000000718e00000, 0x0000000718e00000|100%| O|  |TAMS 0x0000000718c00000| PB 0x0000000718c00000| Untracked 
| 199|0x0000000718e00000, 0x0000000719000000, 0x0000000719000000|100%| O|  |TAMS 0x0000000718e00000| PB 0x0000000718e00000| Untracked 
| 200|0x0000000719000000, 0x0000000719200000, 0x0000000719200000|100%| O|  |TAMS 0x0000000719000000| PB 0x0000000719000000| Untracked 
| 201|0x0000000719200000, 0x0000000719400000, 0x0000000719400000|100%| O|Cm|TAMS 0x0000000719200000| PB 0x0000000719200000| Complete 
| 202|0x0000000719400000, 0x0000000719600000, 0x0000000719600000|100%| O|  |TAMS 0x0000000719400000| PB 0x0000000719400000| Untracked 
| 203|0x0000000719600000, 0x0000000719800000, 0x0000000719800000|100%| O|Cm|TAMS 0x0000000719600000| PB 0x0000000719600000| Complete 
| 204|0x0000000719800000, 0x0000000719a00000, 0x0000000719a00000|100%| O|Cm|TAMS 0x0000000719800000| PB 0x0000000719800000| Complete 
| 205|0x0000000719a00000, 0x0000000719c00000, 0x0000000719c00000|100%| O|  |TAMS 0x0000000719a00000| PB 0x0000000719a00000| Untracked 
| 206|0x0000000719c00000, 0x0000000719e00000, 0x0000000719e00000|100%| O|  |TAMS 0x0000000719c00000| PB 0x0000000719c00000| Untracked 
| 207|0x0000000719e00000, 0x000000071a000000, 0x000000071a000000|100%| O|  |TAMS 0x0000000719e00000| PB 0x0000000719e00000| Untracked 
| 208|0x000000071a000000, 0x000000071a200000, 0x000000071a200000|100%| O|Cm|TAMS 0x000000071a000000| PB 0x000000071a000000| Complete 
| 209|0x000000071a200000, 0x000000071a400000, 0x000000071a400000|100%| O|Cm|TAMS 0x000000071a200000| PB 0x000000071a200000| Complete 
| 210|0x000000071a400000, 0x000000071a600000, 0x000000071a600000|100%| O|  |TAMS 0x000000071a400000| PB 0x000000071a400000| Untracked 
| 211|0x000000071a600000, 0x000000071a800000, 0x000000071a800000|100%| O|Cm|TAMS 0x000000071a600000| PB 0x000000071a600000| Complete 
| 212|0x000000071a800000, 0x000000071aa00000, 0x000000071aa00000|100%| O|  |TAMS 0x000000071a800000| PB 0x000000071a800000| Untracked 
| 213|0x000000071aa00000, 0x000000071ac00000, 0x000000071ac00000|100%| O|Cm|TAMS 0x000000071aa00000| PB 0x000000071aa00000| Complete 
| 214|0x000000071ac00000, 0x000000071ae00000, 0x000000071ae00000|100%| O|  |TAMS 0x000000071ac00000| PB 0x000000071ac00000| Untracked 
| 215|0x000000071ae00000, 0x000000071b000000, 0x000000071b000000|100%| O|  |TAMS 0x000000071ae00000| PB 0x000000071ae00000| Untracked 
| 216|0x000000071b000000, 0x000000071b200000, 0x000000071b200000|100%| O|  |TAMS 0x000000071b000000| PB 0x000000071b000000| Untracked 
| 217|0x000000071b200000, 0x000000071b400000, 0x000000071b400000|100%| O|  |TAMS 0x000000071b200000| PB 0x000000071b200000| Untracked 
| 218|0x000000071b400000, 0x000000071b600000, 0x000000071b600000|100%| O|  |TAMS 0x000000071b400000| PB 0x000000071b400000| Untracked 
| 219|0x000000071b600000, 0x000000071b800000, 0x000000071b800000|100%| O|  |TAMS 0x000000071b600000| PB 0x000000071b600000| Untracked 
| 220|0x000000071b800000, 0x000000071ba00000, 0x000000071ba00000|100%| O|  |TAMS 0x000000071b800000| PB 0x000000071b800000| Untracked 
| 221|0x000000071ba00000, 0x000000071bc00000, 0x000000071bc00000|100%| O|  |TAMS 0x000000071ba00000| PB 0x000000071ba00000| Untracked 
| 222|0x000000071bc00000, 0x000000071be00000, 0x000000071be00000|100%| O|  |TAMS 0x000000071bc00000| PB 0x000000071bc00000| Untracked 
| 223|0x000000071be00000, 0x000000071c000000, 0x000000071c000000|100%| O|  |TAMS 0x000000071be00000| PB 0x000000071be00000| Untracked 
| 224|0x000000071c000000, 0x000000071c200000, 0x000000071c200000|100%| O|  |TAMS 0x000000071c000000| PB 0x000000071c000000| Untracked 
| 225|0x000000071c200000, 0x000000071c400000, 0x000000071c400000|100%| O|  |TAMS 0x000000071c200000| PB 0x000000071c200000| Untracked 
| 226|0x000000071c400000, 0x000000071c600000, 0x000000071c600000|100%| O|Cm|TAMS 0x000000071c400000| PB 0x000000071c400000| Complete 
| 227|0x000000071c600000, 0x000000071c7ff4c8, 0x000000071c800000| 99%| O|  |TAMS 0x000000071c600000| PB 0x000000071c600000| Untracked 
| 228|0x000000071c800000, 0x000000071ca00000, 0x000000071ca00000|100%| O|Cm|TAMS 0x000000071c800000| PB 0x000000071c800000| Complete 
| 229|0x000000071ca00000, 0x000000071cc00000, 0x000000071cc00000|100%| O|  |TAMS 0x000000071ca00000| PB 0x000000071ca00000| Untracked 
| 230|0x000000071cc00000, 0x000000071ce00000, 0x000000071ce00000|100%| O|  |TAMS 0x000000071cc00000| PB 0x000000071cc00000| Untracked 
| 231|0x000000071ce00000, 0x000000071d000000, 0x000000071d000000|100%| O|  |TAMS 0x000000071ce00000| PB 0x000000071ce00000| Untracked 
| 232|0x000000071d000000, 0x000000071d000000, 0x000000071d200000|  0%| F|  |TAMS 0x000000071d000000| PB 0x000000071d000000| Untracked 
| 233|0x000000071d200000, 0x000000071d200000, 0x000000071d400000|  0%| F|  |TAMS 0x000000071d200000| PB 0x000000071d200000| Untracked 
| 234|0x000000071d400000, 0x000000071d400000, 0x000000071d600000|  0%| F|  |TAMS 0x000000071d400000| PB 0x000000071d400000| Untracked 
| 235|0x000000071d600000, 0x000000071d800000, 0x000000071d800000|100%| O|  |TAMS 0x000000071d600000| PB 0x000000071d600000| Untracked 
| 236|0x000000071d800000, 0x000000071da00000, 0x000000071da00000|100%| O|Cm|TAMS 0x000000071d800000| PB 0x000000071d800000| Complete 
| 237|0x000000071da00000, 0x000000071dc00000, 0x000000071dc00000|100%| O|Cm|TAMS 0x000000071da00000| PB 0x000000071da00000| Complete 
| 238|0x000000071dc00000, 0x000000071de00000, 0x000000071de00000|100%| O|Cm|TAMS 0x000000071dc00000| PB 0x000000071dc00000| Complete 
| 239|0x000000071de00000, 0x000000071e000000, 0x000000071e000000|100%| O|Cm|TAMS 0x000000071de00000| PB 0x000000071de00000| Complete 
| 240|0x000000071e000000, 0x000000071e200000, 0x000000071e200000|100%| O|Cm|TAMS 0x000000071e000000| PB 0x000000071e000000| Complete 
| 241|0x000000071e200000, 0x000000071e200000, 0x000000071e400000|  0%| F|  |TAMS 0x000000071e200000| PB 0x000000071e200000| Untracked 
| 242|0x000000071e400000, 0x000000071e600000, 0x000000071e600000|100%| O|Cm|TAMS 0x000000071e400000| PB 0x000000071e400000| Complete 
| 243|0x000000071e600000, 0x000000071e600000, 0x000000071e800000|  0%| F|  |TAMS 0x000000071e600000| PB 0x000000071e600000| Untracked 
| 244|0x000000071e800000, 0x000000071e800000, 0x000000071ea00000|  0%| F|  |TAMS 0x000000071e800000| PB 0x000000071e800000| Untracked 
| 245|0x000000071ea00000, 0x000000071ec00000, 0x000000071ec00000|100%| O|  |TAMS 0x000000071ea00000| PB 0x000000071ea00000| Untracked 
| 246|0x000000071ec00000, 0x000000071ec00000, 0x000000071ee00000|  0%| F|  |TAMS 0x000000071ec00000| PB 0x000000071ec00000| Untracked 
| 247|0x000000071ee00000, 0x000000071f000000, 0x000000071f000000|100%| O|Cm|TAMS 0x000000071ee00000| PB 0x000000071ee00000| Complete 
| 248|0x000000071f000000, 0x000000071f200000, 0x000000071f200000|100%| O|Cm|TAMS 0x000000071f000000| PB 0x000000071f000000| Complete 
| 249|0x000000071f200000, 0x000000071f200000, 0x000000071f400000|  0%| F|  |TAMS 0x000000071f200000| PB 0x000000071f200000| Untracked 
| 250|0x000000071f400000, 0x000000071f400000, 0x000000071f600000|  0%| F|  |TAMS 0x000000071f400000| PB 0x000000071f400000| Untracked 
| 251|0x000000071f600000, 0x000000071f600000, 0x000000071f800000|  0%| F|  |TAMS 0x000000071f600000| PB 0x000000071f600000| Untracked 
| 252|0x000000071f800000, 0x000000071f800000, 0x000000071fa00000|  0%| F|  |TAMS 0x000000071f800000| PB 0x000000071f800000| Untracked 
| 253|0x000000071fa00000, 0x000000071fa00000, 0x000000071fc00000|  0%| F|  |TAMS 0x000000071fa00000| PB 0x000000071fa00000| Untracked 
| 254|0x000000071fc00000, 0x000000071fc00000, 0x000000071fe00000|  0%| F|  |TAMS 0x000000071fc00000| PB 0x000000071fc00000| Untracked 
| 255|0x000000071fe00000, 0x000000071fe00000, 0x0000000720000000|  0%| F|  |TAMS 0x000000071fe00000| PB 0x000000071fe00000| Untracked 
| 256|0x0000000720000000, 0x0000000720000000, 0x0000000720200000|  0%| F|  |TAMS 0x0000000720000000| PB 0x0000000720000000| Untracked 
| 257|0x0000000720200000, 0x0000000720200000, 0x0000000720400000|  0%| F|  |TAMS 0x0000000720200000| PB 0x0000000720200000| Untracked 
| 258|0x0000000720400000, 0x0000000720600000, 0x0000000720600000|100%| O|  |TAMS 0x0000000720400000| PB 0x0000000720400000| Untracked 
| 259|0x0000000720600000, 0x0000000720600000, 0x0000000720800000|  0%| F|  |TAMS 0x0000000720600000| PB 0x0000000720600000| Untracked 
| 260|0x0000000720800000, 0x0000000720a00000, 0x0000000720a00000|100%| O|  |TAMS 0x0000000720800000| PB 0x0000000720800000| Untracked 
| 261|0x0000000720a00000, 0x0000000720c00000, 0x0000000720c00000|100%| O|  |TAMS 0x0000000720a00000| PB 0x0000000720a00000| Untracked 
| 262|0x0000000720c00000, 0x0000000720e00000, 0x0000000720e00000|100%| O|  |TAMS 0x0000000720c00000| PB 0x0000000720c00000| Untracked 
| 263|0x0000000720e00000, 0x0000000721000000, 0x0000000721000000|100%| O|  |TAMS 0x0000000720e00000| PB 0x0000000720e00000| Untracked 
| 264|0x0000000721000000, 0x0000000721200000, 0x0000000721200000|100%| O|  |TAMS 0x0000000721000000| PB 0x0000000721000000| Untracked 
| 265|0x0000000721200000, 0x0000000721400000, 0x0000000721400000|100%| O|  |TAMS 0x0000000721200000| PB 0x0000000721200000| Untracked 
| 266|0x0000000721400000, 0x0000000721400000, 0x0000000721600000|  0%| F|  |TAMS 0x0000000721400000| PB 0x0000000721400000| Untracked 
| 267|0x0000000721600000, 0x0000000721600000, 0x0000000721800000|  0%| F|  |TAMS 0x0000000721600000| PB 0x0000000721600000| Untracked 
| 268|0x0000000721800000, 0x0000000721800000, 0x0000000721a00000|  0%| F|  |TAMS 0x0000000721800000| PB 0x0000000721800000| Untracked 
| 269|0x0000000721a00000, 0x0000000721a00000, 0x0000000721c00000|  0%| F|  |TAMS 0x0000000721a00000| PB 0x0000000721a00000| Untracked 
| 270|0x0000000721c00000, 0x0000000721c00000, 0x0000000721e00000|  0%| F|  |TAMS 0x0000000721c00000| PB 0x0000000721c00000| Untracked 
| 271|0x0000000721e00000, 0x0000000721e00000, 0x0000000722000000|  0%| F|  |TAMS 0x0000000721e00000| PB 0x0000000721e00000| Untracked 
| 272|0x0000000722000000, 0x0000000722000000, 0x0000000722200000|  0%| F|  |TAMS 0x0000000722000000| PB 0x0000000722000000| Untracked 
| 273|0x0000000722200000, 0x0000000722200000, 0x0000000722400000|  0%| F|  |TAMS 0x0000000722200000| PB 0x0000000722200000| Untracked 
| 274|0x0000000722400000, 0x0000000722400000, 0x0000000722600000|  0%| F|  |TAMS 0x0000000722400000| PB 0x0000000722400000| Untracked 
| 275|0x0000000722600000, 0x0000000722800000, 0x0000000722800000|100%| O|  |TAMS 0x0000000722600000| PB 0x0000000722600000| Untracked 
| 276|0x0000000722800000, 0x0000000722800000, 0x0000000722a00000|  0%| F|  |TAMS 0x0000000722800000| PB 0x0000000722800000| Untracked 
| 277|0x0000000722a00000, 0x0000000722c00000, 0x0000000722c00000|100%| O|Cm|TAMS 0x0000000722a00000| PB 0x0000000722a00000| Complete 
| 278|0x0000000722c00000, 0x0000000722e00000, 0x0000000722e00000|100%| O|  |TAMS 0x0000000722c00000| PB 0x0000000722c00000| Untracked 
| 279|0x0000000722e00000, 0x0000000723000000, 0x0000000723000000|100%| O|  |TAMS 0x0000000722e00000| PB 0x0000000722e00000| Untracked 
| 280|0x0000000723000000, 0x0000000723000000, 0x0000000723200000|  0%| F|  |TAMS 0x0000000723000000| PB 0x0000000723000000| Untracked 
| 281|0x0000000723200000, 0x0000000723400000, 0x0000000723400000|100%| O|  |TAMS 0x0000000723200000| PB 0x0000000723200000| Untracked 
| 282|0x0000000723400000, 0x0000000723600000, 0x0000000723600000|100%| O|  |TAMS 0x0000000723400000| PB 0x0000000723400000| Untracked 
| 283|0x0000000723600000, 0x0000000723800000, 0x0000000723800000|100%| O|  |TAMS 0x0000000723600000| PB 0x0000000723600000| Untracked 
| 284|0x0000000723800000, 0x0000000723a00000, 0x0000000723a00000|100%| O|  |TAMS 0x0000000723800000| PB 0x0000000723800000| Untracked 
| 285|0x0000000723a00000, 0x0000000723c00000, 0x0000000723c00000|100%| O|  |TAMS 0x0000000723a00000| PB 0x0000000723a00000| Untracked 
| 286|0x0000000723c00000, 0x0000000723e00000, 0x0000000723e00000|100%| O|  |TAMS 0x0000000723c00000| PB 0x0000000723c00000| Untracked 
| 287|0x0000000723e00000, 0x0000000724000000, 0x0000000724000000|100%| O|Cm|TAMS 0x0000000723e00000| PB 0x0000000723e00000| Complete 
| 288|0x0000000724000000, 0x0000000724200000, 0x0000000724200000|100%| O|Cm|TAMS 0x0000000724000000| PB 0x0000000724000000| Complete 
| 289|0x0000000724200000, 0x0000000724200000, 0x0000000724400000|  0%| F|  |TAMS 0x0000000724200000| PB 0x0000000724200000| Untracked 
| 290|0x0000000724400000, 0x0000000724400000, 0x0000000724600000|  0%| F|  |TAMS 0x0000000724400000| PB 0x0000000724400000| Untracked 
| 291|0x0000000724600000, 0x0000000724800000, 0x0000000724800000|100%| O|  |TAMS 0x0000000724600000| PB 0x0000000724600000| Untracked 
| 292|0x0000000724800000, 0x0000000724a00000, 0x0000000724a00000|100%| O|Cm|TAMS 0x0000000724800000| PB 0x0000000724800000| Complete 
| 293|0x0000000724a00000, 0x0000000724c00000, 0x0000000724c00000|100%| O|  |TAMS 0x0000000724a00000| PB 0x0000000724a00000| Untracked 
| 294|0x0000000724c00000, 0x0000000724e00000, 0x0000000724e00000|100%| O|  |TAMS 0x0000000724c00000| PB 0x0000000724c00000| Untracked 
| 295|0x0000000724e00000, 0x0000000725000000, 0x0000000725000000|100%| O|  |TAMS 0x0000000724e00000| PB 0x0000000724e00000| Untracked 
| 296|0x0000000725000000, 0x0000000725200000, 0x0000000725200000|100%| O|  |TAMS 0x0000000725000000| PB 0x0000000725000000| Untracked 
| 297|0x0000000725200000, 0x0000000725400000, 0x0000000725400000|100%| O|  |TAMS 0x0000000725200000| PB 0x0000000725200000| Untracked 
| 298|0x0000000725400000, 0x0000000725600000, 0x0000000725600000|100%| O|  |TAMS 0x0000000725400000| PB 0x0000000725400000| Untracked 
| 299|0x0000000725600000, 0x0000000725800000, 0x0000000725800000|100%| O|Cm|TAMS 0x0000000725600000| PB 0x0000000725600000| Complete 
| 300|0x0000000725800000, 0x0000000725a00000, 0x0000000725a00000|100%| O|Cm|TAMS 0x0000000725800000| PB 0x0000000725800000| Complete 
| 301|0x0000000725a00000, 0x0000000725c00000, 0x0000000725c00000|100%|HS|  |TAMS 0x0000000725a00000| PB 0x0000000725a00000| Complete 
| 302|0x0000000725c00000, 0x0000000725e00000, 0x0000000725e00000|100%|HC|  |TAMS 0x0000000725c00000| PB 0x0000000725c00000| Complete 
| 303|0x0000000725e00000, 0x0000000725e00000, 0x0000000726000000|  0%| F|  |TAMS 0x0000000725e00000| PB 0x0000000725e00000| Untracked 
| 304|0x0000000726000000, 0x0000000726000000, 0x0000000726200000|  0%| F|  |TAMS 0x0000000726000000| PB 0x0000000726000000| Untracked 
| 305|0x0000000726200000, 0x0000000726200000, 0x0000000726400000|  0%| F|  |TAMS 0x0000000726200000| PB 0x0000000726200000| Untracked 
| 306|0x0000000726400000, 0x0000000726400000, 0x0000000726600000|  0%| F|  |TAMS 0x0000000726400000| PB 0x0000000726400000| Untracked 
| 307|0x0000000726600000, 0x0000000726600000, 0x0000000726800000|  0%| F|  |TAMS 0x0000000726600000| PB 0x0000000726600000| Untracked 
| 308|0x0000000726800000, 0x0000000726800000, 0x0000000726a00000|  0%| F|  |TAMS 0x0000000726800000| PB 0x0000000726800000| Untracked 
| 309|0x0000000726a00000, 0x0000000726a00000, 0x0000000726c00000|  0%| F|  |TAMS 0x0000000726a00000| PB 0x0000000726a00000| Untracked 
| 310|0x0000000726c00000, 0x0000000726e00000, 0x0000000726e00000|100%| S|CS|TAMS 0x0000000726c00000| PB 0x0000000726c00000| Complete 
| 311|0x0000000726e00000, 0x0000000727000000, 0x0000000727000000|100%| O|Cm|TAMS 0x0000000726e00000| PB 0x0000000726e00000| Complete 
| 312|0x0000000727000000, 0x0000000727200000, 0x0000000727200000|100%| O|Cm|TAMS 0x0000000727000000| PB 0x0000000727000000| Complete 
| 313|0x0000000727200000, 0x0000000727400000, 0x0000000727400000|100%| S|CS|TAMS 0x0000000727200000| PB 0x0000000727200000| Complete 
| 314|0x0000000727400000, 0x0000000727600000, 0x0000000727600000|100%| S|CS|TAMS 0x0000000727400000| PB 0x0000000727400000| Complete 
| 315|0x0000000727600000, 0x0000000727800000, 0x0000000727800000|100%| S|CS|TAMS 0x0000000727600000| PB 0x0000000727600000| Complete 
| 316|0x0000000727800000, 0x0000000727a00000, 0x0000000727a00000|100%| S|CS|TAMS 0x0000000727800000| PB 0x0000000727800000| Complete 
| 317|0x0000000727a00000, 0x0000000727c00000, 0x0000000727c00000|100%| S|CS|TAMS 0x0000000727a00000| PB 0x0000000727a00000| Complete 
| 318|0x0000000727c00000, 0x0000000727e00000, 0x0000000727e00000|100%| S|CS|TAMS 0x0000000727c00000| PB 0x0000000727c00000| Complete 
| 319|0x0000000727e00000, 0x0000000728000000, 0x0000000728000000|100%| S|CS|TAMS 0x0000000727e00000| PB 0x0000000727e00000| Complete 
| 320|0x0000000728000000, 0x0000000728200000, 0x0000000728200000|100%| S|CS|TAMS 0x0000000728000000| PB 0x0000000728000000| Complete 
| 321|0x0000000728200000, 0x0000000728400000, 0x0000000728400000|100%| S|CS|TAMS 0x0000000728200000| PB 0x0000000728200000| Complete 
| 322|0x0000000728400000, 0x0000000728600000, 0x0000000728600000|100%| S|CS|TAMS 0x0000000728400000| PB 0x0000000728400000| Complete 
| 323|0x0000000728600000, 0x0000000728800000, 0x0000000728800000|100%| S|CS|TAMS 0x0000000728600000| PB 0x0000000728600000| Complete 
| 324|0x0000000728800000, 0x0000000728a00000, 0x0000000728a00000|100%| S|CS|TAMS 0x0000000728800000| PB 0x0000000728800000| Complete 
| 325|0x0000000728a00000, 0x0000000728c00000, 0x0000000728c00000|100%| S|CS|TAMS 0x0000000728a00000| PB 0x0000000728a00000| Complete 
| 326|0x0000000728c00000, 0x0000000728e00000, 0x0000000728e00000|100%| S|CS|TAMS 0x0000000728c00000| PB 0x0000000728c00000| Complete 
| 327|0x0000000728e00000, 0x0000000729000000, 0x0000000729000000|100%| S|CS|TAMS 0x0000000728e00000| PB 0x0000000728e00000| Complete 
| 328|0x0000000729000000, 0x0000000729200000, 0x0000000729200000|100%| S|CS|TAMS 0x0000000729000000| PB 0x0000000729000000| Complete 
| 329|0x0000000729200000, 0x0000000729400000, 0x0000000729400000|100%| S|CS|TAMS 0x0000000729200000| PB 0x0000000729200000| Complete 
| 330|0x0000000729400000, 0x0000000729600000, 0x0000000729600000|100%| S|CS|TAMS 0x0000000729400000| PB 0x0000000729400000| Complete 
| 331|0x0000000729600000, 0x0000000729800000, 0x0000000729800000|100%| S|CS|TAMS 0x0000000729600000| PB 0x0000000729600000| Complete 
| 332|0x0000000729800000, 0x0000000729a00000, 0x0000000729a00000|100%| S|CS|TAMS 0x0000000729800000| PB 0x0000000729800000| Complete 
| 333|0x0000000729a00000, 0x0000000729c00000, 0x0000000729c00000|100%| S|CS|TAMS 0x0000000729a00000| PB 0x0000000729a00000| Complete 
| 334|0x0000000729c00000, 0x0000000729e00000, 0x0000000729e00000|100%| S|CS|TAMS 0x0000000729c00000| PB 0x0000000729c00000| Complete 
| 335|0x0000000729e00000, 0x0000000729e00000, 0x000000072a000000|  0%| F|  |TAMS 0x0000000729e00000| PB 0x0000000729e00000| Untracked 
| 336|0x000000072a000000, 0x000000072a000000, 0x000000072a200000|  0%| F|  |TAMS 0x000000072a000000| PB 0x000000072a000000| Untracked 
| 337|0x000000072a200000, 0x000000072a200000, 0x000000072a400000|  0%| F|  |TAMS 0x000000072a200000| PB 0x000000072a200000| Untracked 
| 338|0x000000072a400000, 0x000000072a400000, 0x000000072a600000|  0%| F|  |TAMS 0x000000072a400000| PB 0x000000072a400000| Untracked 
| 339|0x000000072a600000, 0x000000072a600000, 0x000000072a800000|  0%| F|  |TAMS 0x000000072a600000| PB 0x000000072a600000| Untracked 
| 340|0x000000072a800000, 0x000000072a800000, 0x000000072aa00000|  0%| F|  |TAMS 0x000000072a800000| PB 0x000000072a800000| Untracked 
| 341|0x000000072aa00000, 0x000000072aa00000, 0x000000072ac00000|  0%| F|  |TAMS 0x000000072aa00000| PB 0x000000072aa00000| Untracked 
| 342|0x000000072ac00000, 0x000000072ac00000, 0x000000072ae00000|  0%| F|  |TAMS 0x000000072ac00000| PB 0x000000072ac00000| Untracked 
| 343|0x000000072ae00000, 0x000000072ae00000, 0x000000072b000000|  0%| F|  |TAMS 0x000000072ae00000| PB 0x000000072ae00000| Untracked 
| 344|0x000000072b000000, 0x000000072b000000, 0x000000072b200000|  0%| F|  |TAMS 0x000000072b000000| PB 0x000000072b000000| Untracked 
| 345|0x000000072b200000, 0x000000072b200000, 0x000000072b400000|  0%| F|  |TAMS 0x000000072b200000| PB 0x000000072b200000| Untracked 
| 346|0x000000072b400000, 0x000000072b400000, 0x000000072b600000|  0%| F|  |TAMS 0x000000072b400000| PB 0x000000072b400000| Untracked 
| 347|0x000000072b600000, 0x000000072b600000, 0x000000072b800000|  0%| F|  |TAMS 0x000000072b600000| PB 0x000000072b600000| Untracked 
| 348|0x000000072b800000, 0x000000072b800000, 0x000000072ba00000|  0%| F|  |TAMS 0x000000072b800000| PB 0x000000072b800000| Untracked 
| 349|0x000000072ba00000, 0x000000072ba00000, 0x000000072bc00000|  0%| F|  |TAMS 0x000000072ba00000| PB 0x000000072ba00000| Untracked 
| 350|0x000000072bc00000, 0x000000072bc00000, 0x000000072be00000|  0%| F|  |TAMS 0x000000072bc00000| PB 0x000000072bc00000| Untracked 
| 351|0x000000072be00000, 0x000000072be00000, 0x000000072c000000|  0%| F|  |TAMS 0x000000072be00000| PB 0x000000072be00000| Untracked 
| 352|0x000000072c000000, 0x000000072c000000, 0x000000072c200000|  0%| F|  |TAMS 0x000000072c000000| PB 0x000000072c000000| Untracked 
| 353|0x000000072c200000, 0x000000072c200000, 0x000000072c400000|  0%| F|  |TAMS 0x000000072c200000| PB 0x000000072c200000| Untracked 
| 354|0x000000072c400000, 0x000000072c400000, 0x000000072c600000|  0%| F|  |TAMS 0x000000072c400000| PB 0x000000072c400000| Untracked 
| 355|0x000000072c600000, 0x000000072c600000, 0x000000072c800000|  0%| F|  |TAMS 0x000000072c600000| PB 0x000000072c600000| Untracked 
| 356|0x000000072c800000, 0x000000072c800000, 0x000000072ca00000|  0%| F|  |TAMS 0x000000072c800000| PB 0x000000072c800000| Untracked 
| 357|0x000000072ca00000, 0x000000072ca00000, 0x000000072cc00000|  0%| F|  |TAMS 0x000000072ca00000| PB 0x000000072ca00000| Untracked 
| 358|0x000000072cc00000, 0x000000072cc00000, 0x000000072ce00000|  0%| F|  |TAMS 0x000000072cc00000| PB 0x000000072cc00000| Untracked 
| 359|0x000000072ce00000, 0x000000072ce00000, 0x000000072d000000|  0%| F|  |TAMS 0x000000072ce00000| PB 0x000000072ce00000| Untracked 
| 360|0x000000072d000000, 0x000000072d000000, 0x000000072d200000|  0%| F|  |TAMS 0x000000072d000000| PB 0x000000072d000000| Untracked 
| 361|0x000000072d200000, 0x000000072d200000, 0x000000072d400000|  0%| F|  |TAMS 0x000000072d200000| PB 0x000000072d200000| Untracked 
| 362|0x000000072d400000, 0x000000072d400000, 0x000000072d600000|  0%| F|  |TAMS 0x000000072d400000| PB 0x000000072d400000| Untracked 
| 363|0x000000072d600000, 0x000000072d600000, 0x000000072d800000|  0%| F|  |TAMS 0x000000072d600000| PB 0x000000072d600000| Untracked 
| 364|0x000000072d800000, 0x000000072d800000, 0x000000072da00000|  0%| F|  |TAMS 0x000000072d800000| PB 0x000000072d800000| Untracked 
| 365|0x000000072da00000, 0x000000072da00000, 0x000000072dc00000|  0%| F|  |TAMS 0x000000072da00000| PB 0x000000072da00000| Untracked 
| 366|0x000000072dc00000, 0x000000072dc00000, 0x000000072de00000|  0%| F|  |TAMS 0x000000072dc00000| PB 0x000000072dc00000| Untracked 
| 367|0x000000072de00000, 0x000000072de00000, 0x000000072e000000|  0%| F|  |TAMS 0x000000072de00000| PB 0x000000072de00000| Untracked 
| 368|0x000000072e000000, 0x000000072e000000, 0x000000072e200000|  0%| F|  |TAMS 0x000000072e000000| PB 0x000000072e000000| Untracked 
| 369|0x000000072e200000, 0x000000072e200000, 0x000000072e400000|  0%| F|  |TAMS 0x000000072e200000| PB 0x000000072e200000| Untracked 
| 370|0x000000072e400000, 0x000000072e400000, 0x000000072e600000|  0%| F|  |TAMS 0x000000072e400000| PB 0x000000072e400000| Untracked 
| 371|0x000000072e600000, 0x000000072e600000, 0x000000072e800000|  0%| F|  |TAMS 0x000000072e600000| PB 0x000000072e600000| Untracked 
| 372|0x000000072e800000, 0x000000072e800000, 0x000000072ea00000|  0%| F|  |TAMS 0x000000072e800000| PB 0x000000072e800000| Untracked 
| 373|0x000000072ea00000, 0x000000072ea00000, 0x000000072ec00000|  0%| F|  |TAMS 0x000000072ea00000| PB 0x000000072ea00000| Untracked 
| 374|0x000000072ec00000, 0x000000072ec00000, 0x000000072ee00000|  0%| F|  |TAMS 0x000000072ec00000| PB 0x000000072ec00000| Untracked 
| 375|0x000000072ee00000, 0x000000072ee00000, 0x000000072f000000|  0%| F|  |TAMS 0x000000072ee00000| PB 0x000000072ee00000| Untracked 
| 376|0x000000072f000000, 0x000000072f000000, 0x000000072f200000|  0%| F|  |TAMS 0x000000072f000000| PB 0x000000072f000000| Untracked 
| 377|0x000000072f200000, 0x000000072f200000, 0x000000072f400000|  0%| F|  |TAMS 0x000000072f200000| PB 0x000000072f200000| Untracked 
| 378|0x000000072f400000, 0x000000072f400000, 0x000000072f600000|  0%| F|  |TAMS 0x000000072f400000| PB 0x000000072f400000| Untracked 
| 379|0x000000072f600000, 0x000000072f600000, 0x000000072f800000|  0%| F|  |TAMS 0x000000072f600000| PB 0x000000072f600000| Untracked 
| 380|0x000000072f800000, 0x000000072f800000, 0x000000072fa00000|  0%| F|  |TAMS 0x000000072f800000| PB 0x000000072f800000| Untracked 
| 381|0x000000072fa00000, 0x000000072fa00000, 0x000000072fc00000|  0%| F|  |TAMS 0x000000072fa00000| PB 0x000000072fa00000| Untracked 
| 382|0x000000072fc00000, 0x000000072fc00000, 0x000000072fe00000|  0%| F|  |TAMS 0x000000072fc00000| PB 0x000000072fc00000| Untracked 
| 383|0x000000072fe00000, 0x000000072fe00000, 0x0000000730000000|  0%| F|  |TAMS 0x000000072fe00000| PB 0x000000072fe00000| Untracked 
| 384|0x0000000730000000, 0x0000000730000000, 0x0000000730200000|  0%| F|  |TAMS 0x0000000730000000| PB 0x0000000730000000| Untracked 
| 385|0x0000000730200000, 0x0000000730200000, 0x0000000730400000|  0%| F|  |TAMS 0x0000000730200000| PB 0x0000000730200000| Untracked 
| 386|0x0000000730400000, 0x0000000730400000, 0x0000000730600000|  0%| F|  |TAMS 0x0000000730400000| PB 0x0000000730400000| Untracked 
| 387|0x0000000730600000, 0x0000000730600000, 0x0000000730800000|  0%| F|  |TAMS 0x0000000730600000| PB 0x0000000730600000| Untracked 
| 388|0x0000000730800000, 0x0000000730800000, 0x0000000730a00000|  0%| F|  |TAMS 0x0000000730800000| PB 0x0000000730800000| Untracked 
| 389|0x0000000730a00000, 0x0000000730a00000, 0x0000000730c00000|  0%| F|  |TAMS 0x0000000730a00000| PB 0x0000000730a00000| Untracked 
| 390|0x0000000730c00000, 0x0000000730c00000, 0x0000000730e00000|  0%| F|  |TAMS 0x0000000730c00000| PB 0x0000000730c00000| Untracked 
| 391|0x0000000730e00000, 0x0000000730e00000, 0x0000000731000000|  0%| F|  |TAMS 0x0000000730e00000| PB 0x0000000730e00000| Untracked 
| 392|0x0000000731000000, 0x0000000731000000, 0x0000000731200000|  0%| F|  |TAMS 0x0000000731000000| PB 0x0000000731000000| Untracked 
| 393|0x0000000731200000, 0x0000000731200000, 0x0000000731400000|  0%| F|  |TAMS 0x0000000731200000| PB 0x0000000731200000| Untracked 
| 394|0x0000000731400000, 0x0000000731400000, 0x0000000731600000|  0%| F|  |TAMS 0x0000000731400000| PB 0x0000000731400000| Untracked 
| 395|0x0000000731600000, 0x0000000731600000, 0x0000000731800000|  0%| F|  |TAMS 0x0000000731600000| PB 0x0000000731600000| Untracked 
| 396|0x0000000731800000, 0x0000000731800000, 0x0000000731a00000|  0%| F|  |TAMS 0x0000000731800000| PB 0x0000000731800000| Untracked 
| 397|0x0000000731a00000, 0x0000000731a00000, 0x0000000731c00000|  0%| F|  |TAMS 0x0000000731a00000| PB 0x0000000731a00000| Untracked 
| 398|0x0000000731c00000, 0x0000000731c00000, 0x0000000731e00000|  0%| F|  |TAMS 0x0000000731c00000| PB 0x0000000731c00000| Untracked 
| 399|0x0000000731e00000, 0x0000000731e00000, 0x0000000732000000|  0%| F|  |TAMS 0x0000000731e00000| PB 0x0000000731e00000| Untracked 
| 400|0x0000000732000000, 0x0000000732000000, 0x0000000732200000|  0%| F|  |TAMS 0x0000000732000000| PB 0x0000000732000000| Untracked 
| 401|0x0000000732200000, 0x0000000732200000, 0x0000000732400000|  0%| F|  |TAMS 0x0000000732200000| PB 0x0000000732200000| Untracked 
| 402|0x0000000732400000, 0x0000000732400000, 0x0000000732600000|  0%| F|  |TAMS 0x0000000732400000| PB 0x0000000732400000| Untracked 
| 403|0x0000000732600000, 0x0000000732600000, 0x0000000732800000|  0%| F|  |TAMS 0x0000000732600000| PB 0x0000000732600000| Untracked 
| 404|0x0000000732800000, 0x0000000732800000, 0x0000000732a00000|  0%| F|  |TAMS 0x0000000732800000| PB 0x0000000732800000| Untracked 
| 405|0x0000000732a00000, 0x0000000732a00000, 0x0000000732c00000|  0%| F|  |TAMS 0x0000000732a00000| PB 0x0000000732a00000| Untracked 
| 406|0x0000000732c00000, 0x0000000732c00000, 0x0000000732e00000|  0%| F|  |TAMS 0x0000000732c00000| PB 0x0000000732c00000| Untracked 
| 407|0x0000000732e00000, 0x0000000732e00000, 0x0000000733000000|  0%| F|  |TAMS 0x0000000732e00000| PB 0x0000000732e00000| Untracked 
| 408|0x0000000733000000, 0x0000000733000000, 0x0000000733200000|  0%| F|  |TAMS 0x0000000733000000| PB 0x0000000733000000| Untracked 
| 409|0x0000000733200000, 0x0000000733200000, 0x0000000733400000|  0%| F|  |TAMS 0x0000000733200000| PB 0x0000000733200000| Untracked 
| 410|0x0000000733400000, 0x0000000733400000, 0x0000000733600000|  0%| F|  |TAMS 0x0000000733400000| PB 0x0000000733400000| Untracked 
| 411|0x0000000733600000, 0x0000000733600000, 0x0000000733800000|  0%| F|  |TAMS 0x0000000733600000| PB 0x0000000733600000| Untracked 
| 412|0x0000000733800000, 0x0000000733800000, 0x0000000733a00000|  0%| F|  |TAMS 0x0000000733800000| PB 0x0000000733800000| Untracked 
| 413|0x0000000733a00000, 0x0000000733a00000, 0x0000000733c00000|  0%| F|  |TAMS 0x0000000733a00000| PB 0x0000000733a00000| Untracked 
| 414|0x0000000733c00000, 0x0000000733c00000, 0x0000000733e00000|  0%| F|  |TAMS 0x0000000733c00000| PB 0x0000000733c00000| Untracked 
| 415|0x0000000733e00000, 0x0000000733e00000, 0x0000000734000000|  0%| F|  |TAMS 0x0000000733e00000| PB 0x0000000733e00000| Untracked 
| 416|0x0000000734000000, 0x0000000734000000, 0x0000000734200000|  0%| F|  |TAMS 0x0000000734000000| PB 0x0000000734000000| Untracked 
| 417|0x0000000734200000, 0x0000000734200000, 0x0000000734400000|  0%| F|  |TAMS 0x0000000734200000| PB 0x0000000734200000| Untracked 
| 418|0x0000000734400000, 0x0000000734400000, 0x0000000734600000|  0%| F|  |TAMS 0x0000000734400000| PB 0x0000000734400000| Untracked 
| 419|0x0000000734600000, 0x0000000734600000, 0x0000000734800000|  0%| F|  |TAMS 0x0000000734600000| PB 0x0000000734600000| Untracked 
| 420|0x0000000734800000, 0x0000000734800000, 0x0000000734a00000|  0%| F|  |TAMS 0x0000000734800000| PB 0x0000000734800000| Untracked 
| 421|0x0000000734a00000, 0x0000000734a00000, 0x0000000734c00000|  0%| F|  |TAMS 0x0000000734a00000| PB 0x0000000734a00000| Untracked 
| 422|0x0000000734c00000, 0x0000000734c00000, 0x0000000734e00000|  0%| F|  |TAMS 0x0000000734c00000| PB 0x0000000734c00000| Untracked 
| 423|0x0000000734e00000, 0x0000000734e00000, 0x0000000735000000|  0%| F|  |TAMS 0x0000000734e00000| PB 0x0000000734e00000| Untracked 
| 424|0x0000000735000000, 0x0000000735000000, 0x0000000735200000|  0%| F|  |TAMS 0x0000000735000000| PB 0x0000000735000000| Untracked 
| 425|0x0000000735200000, 0x0000000735200000, 0x0000000735400000|  0%| F|  |TAMS 0x0000000735200000| PB 0x0000000735200000| Untracked 
| 426|0x0000000735400000, 0x0000000735400000, 0x0000000735600000|  0%| F|  |TAMS 0x0000000735400000| PB 0x0000000735400000| Untracked 
| 427|0x0000000735600000, 0x0000000735600000, 0x0000000735800000|  0%| F|  |TAMS 0x0000000735600000| PB 0x0000000735600000| Untracked 
| 428|0x0000000735800000, 0x0000000735800000, 0x0000000735a00000|  0%| F|  |TAMS 0x0000000735800000| PB 0x0000000735800000| Untracked 
| 429|0x0000000735a00000, 0x0000000735a00000, 0x0000000735c00000|  0%| F|  |TAMS 0x0000000735a00000| PB 0x0000000735a00000| Untracked 
| 430|0x0000000735c00000, 0x0000000735c00000, 0x0000000735e00000|  0%| F|  |TAMS 0x0000000735c00000| PB 0x0000000735c00000| Untracked 
| 431|0x0000000735e00000, 0x0000000735e00000, 0x0000000736000000|  0%| F|  |TAMS 0x0000000735e00000| PB 0x0000000735e00000| Untracked 
| 432|0x0000000736000000, 0x0000000736000000, 0x0000000736200000|  0%| F|  |TAMS 0x0000000736000000| PB 0x0000000736000000| Untracked 
| 433|0x0000000736200000, 0x0000000736200000, 0x0000000736400000|  0%| F|  |TAMS 0x0000000736200000| PB 0x0000000736200000| Untracked 
| 434|0x0000000736400000, 0x0000000736400000, 0x0000000736600000|  0%| F|  |TAMS 0x0000000736400000| PB 0x0000000736400000| Untracked 
| 435|0x0000000736600000, 0x0000000736600000, 0x0000000736800000|  0%| F|  |TAMS 0x0000000736600000| PB 0x0000000736600000| Untracked 
| 436|0x0000000736800000, 0x0000000736800000, 0x0000000736a00000|  0%| F|  |TAMS 0x0000000736800000| PB 0x0000000736800000| Untracked 
| 437|0x0000000736a00000, 0x0000000736a00000, 0x0000000736c00000|  0%| F|  |TAMS 0x0000000736a00000| PB 0x0000000736a00000| Untracked 
| 438|0x0000000736c00000, 0x0000000736c00000, 0x0000000736e00000|  0%| F|  |TAMS 0x0000000736c00000| PB 0x0000000736c00000| Untracked 
| 439|0x0000000736e00000, 0x0000000736e00000, 0x0000000737000000|  0%| F|  |TAMS 0x0000000736e00000| PB 0x0000000736e00000| Untracked 
| 440|0x0000000737000000, 0x0000000737000000, 0x0000000737200000|  0%| F|  |TAMS 0x0000000737000000| PB 0x0000000737000000| Untracked 
| 441|0x0000000737200000, 0x0000000737200000, 0x0000000737400000|  0%| F|  |TAMS 0x0000000737200000| PB 0x0000000737200000| Untracked 
| 442|0x0000000737400000, 0x0000000737400000, 0x0000000737600000|  0%| F|  |TAMS 0x0000000737400000| PB 0x0000000737400000| Untracked 
| 443|0x0000000737600000, 0x0000000737600000, 0x0000000737800000|  0%| F|  |TAMS 0x0000000737600000| PB 0x0000000737600000| Untracked 
| 444|0x0000000737800000, 0x0000000737800000, 0x0000000737a00000|  0%| F|  |TAMS 0x0000000737800000| PB 0x0000000737800000| Untracked 
| 445|0x0000000737a00000, 0x0000000737a00000, 0x0000000737c00000|  0%| F|  |TAMS 0x0000000737a00000| PB 0x0000000737a00000| Untracked 
| 446|0x0000000737c00000, 0x0000000737c00000, 0x0000000737e00000|  0%| F|  |TAMS 0x0000000737c00000| PB 0x0000000737c00000| Untracked 
| 447|0x0000000737e00000, 0x0000000737e00000, 0x0000000738000000|  0%| F|  |TAMS 0x0000000737e00000| PB 0x0000000737e00000| Untracked 
| 448|0x0000000738000000, 0x0000000738000000, 0x0000000738200000|  0%| F|  |TAMS 0x0000000738000000| PB 0x0000000738000000| Untracked 
| 449|0x0000000738200000, 0x0000000738200000, 0x0000000738400000|  0%| F|  |TAMS 0x0000000738200000| PB 0x0000000738200000| Untracked 
| 450|0x0000000738400000, 0x0000000738400000, 0x0000000738600000|  0%| F|  |TAMS 0x0000000738400000| PB 0x0000000738400000| Untracked 
| 451|0x0000000738600000, 0x0000000738600000, 0x0000000738800000|  0%| F|  |TAMS 0x0000000738600000| PB 0x0000000738600000| Untracked 
| 452|0x0000000738800000, 0x0000000738800000, 0x0000000738a00000|  0%| F|  |TAMS 0x0000000738800000| PB 0x0000000738800000| Untracked 
| 453|0x0000000738a00000, 0x0000000738a00000, 0x0000000738c00000|  0%| F|  |TAMS 0x0000000738a00000| PB 0x0000000738a00000| Untracked 
| 454|0x0000000738c00000, 0x0000000738c00000, 0x0000000738e00000|  0%| F|  |TAMS 0x0000000738c00000| PB 0x0000000738c00000| Untracked 
| 455|0x0000000738e00000, 0x0000000738e00000, 0x0000000739000000|  0%| F|  |TAMS 0x0000000738e00000| PB 0x0000000738e00000| Untracked 
| 456|0x0000000739000000, 0x0000000739000000, 0x0000000739200000|  0%| F|  |TAMS 0x0000000739000000| PB 0x0000000739000000| Untracked 
| 457|0x0000000739200000, 0x0000000739200000, 0x0000000739400000|  0%| F|  |TAMS 0x0000000739200000| PB 0x0000000739200000| Untracked 
| 458|0x0000000739400000, 0x0000000739400000, 0x0000000739600000|  0%| F|  |TAMS 0x0000000739400000| PB 0x0000000739400000| Untracked 
| 459|0x0000000739600000, 0x0000000739600000, 0x0000000739800000|  0%| F|  |TAMS 0x0000000739600000| PB 0x0000000739600000| Untracked 
| 460|0x0000000739800000, 0x0000000739800000, 0x0000000739a00000|  0%| F|  |TAMS 0x0000000739800000| PB 0x0000000739800000| Untracked 
| 461|0x0000000739a00000, 0x0000000739a00000, 0x0000000739c00000|  0%| F|  |TAMS 0x0000000739a00000| PB 0x0000000739a00000| Untracked 
| 462|0x0000000739c00000, 0x0000000739c00000, 0x0000000739e00000|  0%| F|  |TAMS 0x0000000739c00000| PB 0x0000000739c00000| Untracked 
| 463|0x0000000739e00000, 0x0000000739e00000, 0x000000073a000000|  0%| F|  |TAMS 0x0000000739e00000| PB 0x0000000739e00000| Untracked 
| 464|0x000000073a000000, 0x000000073a000000, 0x000000073a200000|  0%| F|  |TAMS 0x000000073a000000| PB 0x000000073a000000| Untracked 
| 465|0x000000073a200000, 0x000000073a200000, 0x000000073a400000|  0%| F|  |TAMS 0x000000073a200000| PB 0x000000073a200000| Untracked 
| 466|0x000000073a400000, 0x000000073a400000, 0x000000073a600000|  0%| F|  |TAMS 0x000000073a400000| PB 0x000000073a400000| Untracked 
| 467|0x000000073a600000, 0x000000073a600000, 0x000000073a800000|  0%| F|  |TAMS 0x000000073a600000| PB 0x000000073a600000| Untracked 
| 468|0x000000073a800000, 0x000000073a800000, 0x000000073aa00000|  0%| F|  |TAMS 0x000000073a800000| PB 0x000000073a800000| Untracked 
| 469|0x000000073aa00000, 0x000000073aa00000, 0x000000073ac00000|  0%| F|  |TAMS 0x000000073aa00000| PB 0x000000073aa00000| Untracked 
| 470|0x000000073ac00000, 0x000000073ac00000, 0x000000073ae00000|  0%| F|  |TAMS 0x000000073ac00000| PB 0x000000073ac00000| Untracked 
| 471|0x000000073ae00000, 0x000000073ae00000, 0x000000073b000000|  0%| F|  |TAMS 0x000000073ae00000| PB 0x000000073ae00000| Untracked 
| 472|0x000000073b000000, 0x000000073b000000, 0x000000073b200000|  0%| F|  |TAMS 0x000000073b000000| PB 0x000000073b000000| Untracked 
| 473|0x000000073b200000, 0x000000073b200000, 0x000000073b400000|  0%| F|  |TAMS 0x000000073b200000| PB 0x000000073b200000| Untracked 
| 474|0x000000073b400000, 0x000000073b400000, 0x000000073b600000|  0%| F|  |TAMS 0x000000073b400000| PB 0x000000073b400000| Untracked 
| 475|0x000000073b600000, 0x000000073b600000, 0x000000073b800000|  0%| F|  |TAMS 0x000000073b600000| PB 0x000000073b600000| Untracked 
| 476|0x000000073b800000, 0x000000073b800000, 0x000000073ba00000|  0%| F|  |TAMS 0x000000073b800000| PB 0x000000073b800000| Untracked 
| 477|0x000000073ba00000, 0x000000073ba00000, 0x000000073bc00000|  0%| F|  |TAMS 0x000000073ba00000| PB 0x000000073ba00000| Untracked 
| 478|0x000000073bc00000, 0x000000073bc00000, 0x000000073be00000|  0%| F|  |TAMS 0x000000073bc00000| PB 0x000000073bc00000| Untracked 
| 479|0x000000073be00000, 0x000000073be00000, 0x000000073c000000|  0%| F|  |TAMS 0x000000073be00000| PB 0x000000073be00000| Untracked 
| 480|0x000000073c000000, 0x000000073c000000, 0x000000073c200000|  0%| F|  |TAMS 0x000000073c000000| PB 0x000000073c000000| Untracked 
| 481|0x000000073c200000, 0x000000073c200000, 0x000000073c400000|  0%| F|  |TAMS 0x000000073c200000| PB 0x000000073c200000| Untracked 
| 482|0x000000073c400000, 0x000000073c400000, 0x000000073c600000|  0%| F|  |TAMS 0x000000073c400000| PB 0x000000073c400000| Untracked 
| 483|0x000000073c600000, 0x000000073c600000, 0x000000073c800000|  0%| F|  |TAMS 0x000000073c600000| PB 0x000000073c600000| Untracked 
| 484|0x000000073c800000, 0x000000073c800000, 0x000000073ca00000|  0%| F|  |TAMS 0x000000073c800000| PB 0x000000073c800000| Untracked 
| 485|0x000000073ca00000, 0x000000073ca00000, 0x000000073cc00000|  0%| F|  |TAMS 0x000000073ca00000| PB 0x000000073ca00000| Untracked 
| 486|0x000000073cc00000, 0x000000073cc00000, 0x000000073ce00000|  0%| F|  |TAMS 0x000000073cc00000| PB 0x000000073cc00000| Untracked 
| 487|0x000000073ce00000, 0x000000073ce00000, 0x000000073d000000|  0%| F|  |TAMS 0x000000073ce00000| PB 0x000000073ce00000| Untracked 
| 488|0x000000073d000000, 0x000000073d000000, 0x000000073d200000|  0%| F|  |TAMS 0x000000073d000000| PB 0x000000073d000000| Untracked 
| 489|0x000000073d200000, 0x000000073d200000, 0x000000073d400000|  0%| F|  |TAMS 0x000000073d200000| PB 0x000000073d200000| Untracked 
| 490|0x000000073d400000, 0x000000073d400000, 0x000000073d600000|  0%| F|  |TAMS 0x000000073d400000| PB 0x000000073d400000| Untracked 
| 491|0x000000073d600000, 0x000000073d600000, 0x000000073d800000|  0%| F|  |TAMS 0x000000073d600000| PB 0x000000073d600000| Untracked 
| 492|0x000000073d800000, 0x000000073d800000, 0x000000073da00000|  0%| F|  |TAMS 0x000000073d800000| PB 0x000000073d800000| Untracked 
| 493|0x000000073da00000, 0x000000073da00000, 0x000000073dc00000|  0%| F|  |TAMS 0x000000073da00000| PB 0x000000073da00000| Untracked 
| 494|0x000000073dc00000, 0x000000073dc00000, 0x000000073de00000|  0%| F|  |TAMS 0x000000073dc00000| PB 0x000000073dc00000| Untracked 
| 495|0x000000073de00000, 0x000000073de00000, 0x000000073e000000|  0%| F|  |TAMS 0x000000073de00000| PB 0x000000073de00000| Untracked 
| 496|0x000000073e000000, 0x000000073e000000, 0x000000073e200000|  0%| F|  |TAMS 0x000000073e000000| PB 0x000000073e000000| Untracked 
| 497|0x000000073e200000, 0x000000073e200000, 0x000000073e400000|  0%| F|  |TAMS 0x000000073e200000| PB 0x000000073e200000| Untracked 
|2019|0x00000007fc600000, 0x00000007fc800000, 0x00000007fc800000|100%| O|Cm|TAMS 0x00000007fc600000| PB 0x00000007fc600000| Complete 
|2020|0x00000007fc800000, 0x00000007fca00000, 0x00000007fca00000|100%| O|  |TAMS 0x00000007fc800000| PB 0x00000007fc800000| Untracked 
|2021|0x00000007fca00000, 0x00000007fcc00000, 0x00000007fcc00000|100%| O|Cm|TAMS 0x00000007fca00000| PB 0x00000007fca00000| Complete 
|2022|0x00000007fcc00000, 0x00000007fcc00000, 0x00000007fce00000|  0%| F|  |TAMS 0x00000007fcc00000| PB 0x00000007fcc00000| Untracked 
|2023|0x00000007fce00000, 0x00000007fce00000, 0x00000007fd000000|  0%| F|  |TAMS 0x00000007fce00000| PB 0x00000007fce00000| Untracked 
|2024|0x00000007fd000000, 0x00000007fd000000, 0x00000007fd200000|  0%| F|  |TAMS 0x00000007fd000000| PB 0x00000007fd000000| Untracked 
|2025|0x00000007fd200000, 0x00000007fd200000, 0x00000007fd400000|  0%| F|  |TAMS 0x00000007fd200000| PB 0x00000007fd200000| Untracked 
|2026|0x00000007fd400000, 0x00000007fd600000, 0x00000007fd600000|100%| O|  |TAMS 0x00000007fd400000| PB 0x00000007fd400000| Untracked 
|2027|0x00000007fd600000, 0x00000007fd800000, 0x00000007fd800000|100%| O|  |TAMS 0x00000007fd600000| PB 0x00000007fd600000| Untracked 
|2028|0x00000007fd800000, 0x00000007fda00000, 0x00000007fda00000|100%| O|  |TAMS 0x00000007fd800000| PB 0x00000007fd800000| Untracked 
|2029|0x00000007fda00000, 0x00000007fda00000, 0x00000007fdc00000|  0%| F|  |TAMS 0x00000007fda00000| PB 0x00000007fda00000| Untracked 
|2030|0x00000007fdc00000, 0x00000007fdc00000, 0x00000007fde00000|  0%| F|  |TAMS 0x00000007fdc00000| PB 0x00000007fdc00000| Untracked 
|2031|0x00000007fde00000, 0x00000007fde00000, 0x00000007fe000000|  0%| F|  |TAMS 0x00000007fde00000| PB 0x00000007fde00000| Untracked 
|2032|0x00000007fe000000, 0x00000007fe000000, 0x00000007fe200000|  0%| F|  |TAMS 0x00000007fe000000| PB 0x00000007fe000000| Untracked 
|2033|0x00000007fe200000, 0x00000007fe400000, 0x00000007fe400000|100%| O|  |TAMS 0x00000007fe200000| PB 0x00000007fe200000| Untracked 
|2034|0x00000007fe400000, 0x00000007fe600000, 0x00000007fe600000|100%| O|  |TAMS 0x00000007fe400000| PB 0x00000007fe400000| Untracked 
|2035|0x00000007fe600000, 0x00000007fe800000, 0x00000007fe800000|100%| O|  |TAMS 0x00000007fe600000| PB 0x00000007fe600000| Untracked 
|2036|0x00000007fe800000, 0x00000007fea00000, 0x00000007fea00000|100%| O|  |TAMS 0x00000007fe800000| PB 0x00000007fe800000| Untracked 
|2037|0x00000007fea00000, 0x00000007fec00000, 0x00000007fec00000|100%| O|Cm|TAMS 0x00000007fea00000| PB 0x00000007fea00000| Complete 
|2038|0x00000007fec00000, 0x00000007fec00000, 0x00000007fee00000|  0%| F|  |TAMS 0x00000007fec00000| PB 0x00000007fec00000| Untracked 
|2039|0x00000007fee00000, 0x00000007ff000000, 0x00000007ff000000|100%| O|Cm|TAMS 0x00000007fee00000| PB 0x00000007fee00000| Complete 
|2040|0x00000007ff000000, 0x00000007ff000000, 0x00000007ff200000|  0%| F|  |TAMS 0x00000007ff000000| PB 0x00000007ff000000| Untracked 
|2041|0x00000007ff200000, 0x00000007ff200000, 0x00000007ff400000|  0%| F|  |TAMS 0x00000007ff200000| PB 0x00000007ff200000| Untracked 
|2042|0x00000007ff400000, 0x00000007ff400000, 0x00000007ff600000|  0%| F|  |TAMS 0x00000007ff400000| PB 0x00000007ff400000| Untracked 
|2043|0x00000007ff600000, 0x00000007ff600000, 0x00000007ff800000|  0%| F|  |TAMS 0x00000007ff600000| PB 0x00000007ff600000| Untracked 
|2044|0x00000007ff800000, 0x00000007ffa00000, 0x00000007ffa00000|100%| E|  |TAMS 0x00000007ff800000| PB 0x00000007ff800000| Complete 
|2045|0x00000007ffa00000, 0x00000007ffc00000, 0x00000007ffc00000|100%| E|CS|TAMS 0x00000007ffa00000| PB 0x00000007ffa00000| Complete 
|2046|0x00000007ffc00000, 0x00000007ffe00000, 0x00000007ffe00000|100%| O|  |TAMS 0x00000007ffc00000| PB 0x00000007ffc00000| Untracked 
|2047|0x00000007ffe00000, 0x0000000800000000, 0x0000000800000000|100%| O|  |TAMS 0x00000007ffe00000| PB 0x00000007ffe00000| Untracked 

Card table byte_map: [0x000001e0f2bd0000,0x000001e0f33d0000] _byte_map_base: 0x000001e0ef3d0000

Marking Bits: (CMBitMap*) 0x000001e0eed87650
 Bits: [0x000001e0f33d0000, 0x000001e0f73d0000)

Polling page: 0x000001e0ecc80000

Metaspace:

Usage:
  Non-class:    232.66 MB used.
      Class:     34.81 MB used.
       Both:    267.47 MB used.

Virtual space:
  Non-class space:      256.00 MB reserved,     234.44 MB ( 92%) committed,  4 nodes.
      Class space:      832.00 MB reserved,      36.62 MB (  4%) committed,  1 nodes.
             Both:        1.06 GB reserved,     271.06 MB ( 25%) committed. 

Chunk freelists:
   Non-Class:  5.45 MB
       Class:  11.28 MB
        Both:  16.74 MB

MaxMetaspaceSize: 1.00 GB
CompressedClassSpaceSize: 832.00 MB
Initial GC threshold: 21.00 MB
Current GC threshold: 441.38 MB
CDS: off
 - commit_granule_bytes: 65536.
 - commit_granule_words: 8192.
 - virtual_space_node_default_size: 8388608.
 - enlarge_chunks_in_place: 1.
 - use_allocation_guard: 0.


Internal statistics:

num_allocs_failed_limit: 6.
num_arena_births: 7766.
num_arena_deaths: 380.
num_vsnodes_births: 5.
num_vsnodes_deaths: 0.
num_space_committed: 4332.
num_space_uncommitted: 0.
num_chunks_returned_to_freelist: 583.
num_chunks_taken_from_freelist: 20297.
num_chunk_merges: 188.
num_chunk_splits: 13311.
num_chunks_enlarged: 8570.
num_inconsistent_stats: 0.

CodeHeap 'non-profiled nmethods': size=120000Kb used=26437Kb max_used=26437Kb free=93562Kb
 bounds [0x000001e087ad0000, 0x000001e0894b0000, 0x000001e08f000000]
CodeHeap 'profiled nmethods': size=120000Kb used=72629Kb max_used=72629Kb free=47370Kb
 bounds [0x000001e080000000, 0x000001e084700000, 0x000001e087530000]
CodeHeap 'non-nmethods': size=5760Kb used=2469Kb max_used=2533Kb free=3290Kb
 bounds [0x000001e087530000, 0x000001e0877c0000, 0x000001e087ad0000]
CodeCache: size=245760Kb, used=101535Kb, max_used=101599Kb, free=144222Kb
 total_blobs=29636, nmethods=28363, adapters=1173, full_count=0
Compilation: enabled, stopped_count=0, restarted_count=0

Compilation events (20 events):
Event: 559.037 Thread 0x000001e0fa292880 nmethod 46024 0x000001e0846a4390 code [0x000001e0846a4ae0, 0x000001e0846a8c58]
Event: 559.037 Thread 0x000001e0fa292880 46025       3       org.jetbrains.kotlin.fir.resolve.transformers.body.resolve.BodyResolveUtilsKt$remapArgumentsWithVararg$annotationsRemovingSubstitutor$1::<init> (9 bytes)
Event: 559.038 Thread 0x000001e0fa292880 nmethod 46025 0x000001e0846aa090 code [0x000001e0846aa2e0, 0x000001e0846aab38]
Event: 559.038 Thread 0x000001e0fa292880 46026       3       org.jetbrains.kotlin.fir.resolve.transformers.body.resolve.BodyResolveUtilsKt$remapArgumentsWithVararg$annotationsRemovingSubstitutor$1::substituteType (89 bytes)
Event: 559.040 Thread 0x000001e0fa292880 nmethod 46026 0x000001e0846aae10 code [0x000001e0846ab300, 0x000001e0846ad540]
Event: 559.046 Thread 0x000001e0fa292880 46027       3       org.jetbrains.kotlin.fir.resolve.calls.tower.FirInvokeResolveTowerExtension$enqueueResolveTasksForExpressionReceiver$$inlined$enqueueResolveForExplicitReceiver$1::invokeSuspend (233 bytes)
Event: 559.047 Thread 0x000001e0fa292880 nmethod 46027 0x000001e0846ae010 code [0x000001e0846ae2a0, 0x000001e0846af318]
Event: 559.049 Thread 0x000001e0fa292880 46028       3       org.jetbrains.kotlin.fir.resolve.calls.stages.CollectTypeVariableUsagesInfo$$Lambda/0x0000000802491278::invoke (19 bytes)
Event: 559.050 Thread 0x000001e0fa292880 nmethod 46028 0x000001e0846af790 code [0x000001e0846afaa0, 0x000001e0846b0a30]
Event: 559.050 Thread 0x000001e0fa292880 46029       3       org.jetbrains.kotlin.fir.resolve.calls.stages.CollectTypeVariableUsagesInfo::getDependentTypeParameters$lambda$0$1$0$0 (16 bytes)
Event: 559.051 Thread 0x000001e0fa292880 nmethod 46029 0x000001e0846b0f90 code [0x000001e0846b1260, 0x000001e0846b1f70]
Event: 559.051 Thread 0x000001e0fa292880 46030       3       org.jetbrains.kotlin.resolve.calls.inference.components.TypeVariableDependencyInformationProvider::computeConstraintEdges$addConstraintEdgeForShallowDependency (143 bytes)
Event: 559.052 Thread 0x000001e0fa292880 nmethod 46030 0x000001e0846b2410 code [0x000001e0846b26a0, 0x000001e0846b3150]
Event: 559.053 Thread 0x000001e0fa292880 46031       3       org.jetbrains.kotlin.fir.declarations.FirTowerDataContext::addContextGroups (73 bytes)
Event: 559.054 Thread 0x000001e0fa292880 nmethod 46031 0x000001e0846b3490 code [0x000001e0846b3740, 0x000001e0846b4128]
Event: 559.054 Thread 0x000001e0fa292880 46032       3       org.jetbrains.kotlin.fir.resolve.dfa.cfg.ControlFlowGraphNodeBuilderKt::createFunctionEnterNode (29 bytes)
Event: 559.056 Thread 0x000001e0fa292880 nmethod 46032 0x000001e0846b4510 code [0x000001e0846b4920, 0x000001e0846b6570]
Event: 559.056 Thread 0x000001e0fa292880 46033       3       org.jetbrains.kotlin.fir.resolve.dfa.cfg.FunctionEnterNode::<init> (25 bytes)
Event: 559.057 Thread 0x000001e0fa292880 nmethod 46033 0x000001e0846b7010 code [0x000001e0846b72c0, 0x000001e0846b7e18]
Event: 559.067 Thread 0x000001e0fa292880 46035       3       org.jetbrains.kotlin.fir.resolve.dfa.cfg.ControlFlowGraphBuilder::enterCall$default (16 bytes)

GC Heap History (20 events):
Event: 504.860 GC heap after
{Heap after GC invocations=110 (full 0):
 garbage-first heap   total 1075200K, used 618359K [0x0000000700000000, 0x0000000800000000)
  region size 2048K, 25 young (51200K), 25 survivors (51200K)
 Metaspace       used 204535K, committed 207872K, reserved 1048576K
  class space    used 27406K, committed 29056K, reserved 851968K
}
Event: 504.894 GC heap before
{Heap before GC invocations=110 (full 0):
 garbage-first heap   total 1075200K, used 620407K [0x0000000700000000, 0x0000000800000000)
  region size 2048K, 26 young (53248K), 25 survivors (51200K)
 Metaspace       used 204535K, committed 207872K, reserved 1048576K
  class space    used 27406K, committed 29056K, reserved 851968K
}
Event: 505.002 GC heap after
{Heap after GC invocations=111 (full 0):
 garbage-first heap   total 1075200K, used 628736K [0x0000000700000000, 0x0000000800000000)
  region size 2048K, 3 young (6144K), 3 survivors (6144K)
 Metaspace       used 204535K, committed 207872K, reserved 1048576K
  class space    used 27406K, committed 29056K, reserved 851968K
}
Event: 509.188 GC heap before
{Heap before GC invocations=111 (full 0):
 garbage-first heap   total 1075200K, used 792576K [0x0000000700000000, 0x0000000800000000)
  region size 2048K, 83 young (169984K), 3 survivors (6144K)
 Metaspace       used 204920K, committed 208256K, reserved 1048576K
  class space    used 27450K, committed 29120K, reserved 851968K
}
Event: 509.214 GC heap after
{Heap after GC invocations=112 (full 0):
 garbage-first heap   total 1075200K, used 642374K [0x0000000700000000, 0x0000000800000000)
  region size 2048K, 10 young (20480K), 10 survivors (20480K)
 Metaspace       used 204920K, committed 208256K, reserved 1048576K
  class space    used 27450K, committed 29120K, reserved 851968K
}
Event: 510.570 GC heap before
{Heap before GC invocations=113 (full 0):
 garbage-first heap   total 1075200K, used 795974K [0x0000000700000000, 0x0000000800000000)
  region size 2048K, 86 young (176128K), 10 survivors (20480K)
 Metaspace       used 207165K, committed 210624K, reserved 1048576K
  class space    used 27833K, committed 29568K, reserved 851968K
}
Event: 510.610 GC heap after
{Heap after GC invocations=114 (full 0):
 garbage-first heap   total 1075200K, used 651784K [0x0000000700000000, 0x0000000800000000)
  region size 2048K, 5 young (10240K), 5 survivors (10240K)
 Metaspace       used 207165K, committed 210624K, reserved 1048576K
  class space    used 27833K, committed 29568K, reserved 851968K
}
Event: 512.246 GC heap before
{Heap before GC invocations=114 (full 0):
 garbage-first heap   total 1075200K, used 967176K [0x0000000700000000, 0x0000000800000000)
  region size 2048K, 150 young (307200K), 5 survivors (10240K)
 Metaspace       used 207201K, committed 210688K, reserved 1048576K
  class space    used 27834K, committed 29568K, reserved 851968K
}
Event: 512.277 GC heap after
{Heap after GC invocations=115 (full 0):
 garbage-first heap   total 1075200K, used 645452K [0x0000000700000000, 0x0000000800000000)
  region size 2048K, 6 young (12288K), 6 survivors (12288K)
 Metaspace       used 207201K, committed 210688K, reserved 1048576K
  class space    used 27834K, committed 29568K, reserved 851968K
}
Event: 514.400 GC heap before
{Heap before GC invocations=115 (full 0):
 garbage-first heap   total 1075200K, used 725324K [0x0000000700000000, 0x0000000800000000)
  region size 2048K, 47 young (96256K), 6 survivors (12288K)
 Metaspace       used 208658K, committed 212160K, reserved 1048576K
  class space    used 28062K, committed 29824K, reserved 851968K
}
Event: 514.412 GC heap after
{Heap after GC invocations=116 (full 0):
 garbage-first heap   total 1075200K, used 651430K [0x0000000700000000, 0x0000000800000000)
  region size 2048K, 9 young (18432K), 9 survivors (18432K)
 Metaspace       used 208658K, committed 212160K, reserved 1048576K
  class space    used 28062K, committed 29824K, reserved 851968K
}
Event: 545.845 GC heap before
{Heap before GC invocations=117 (full 0):
 garbage-first heap   total 1075200K, used 914686K [0x0000000700000000, 0x0000000800000000)
  region size 2048K, 164 young (335872K), 9 survivors (18432K)
 Metaspace       used 247534K, committed 251136K, reserved 1114112K
  class space    used 33239K, committed 35072K, reserved 851968K
}
Event: 545.962 GC heap after
{Heap after GC invocations=118 (full 0):
 garbage-first heap   total 1075200K, used 625004K [0x0000000700000000, 0x0000000800000000)
  region size 2048K, 21 young (43008K), 21 survivors (43008K)
 Metaspace       used 247534K, committed 251136K, reserved 1114112K
  class space    used 33239K, committed 35072K, reserved 851968K
}
Event: 551.783 GC heap before
{Heap before GC invocations=118 (full 0):
 garbage-first heap   total 1075200K, used 960876K [0x0000000700000000, 0x0000000800000000)
  region size 2048K, 185 young (378880K), 21 survivors (43008K)
 Metaspace       used 265104K, committed 268736K, reserved 1114112K
  class space    used 34834K, committed 36672K, reserved 851968K
}
Event: 551.985 GC heap after
{Heap after GC invocations=119 (full 0):
 garbage-first heap   total 1079296K, used 591872K [0x0000000700000000, 0x0000000800000000)
  region size 2048K, 24 young (49152K), 24 survivors (49152K)
 Metaspace       used 265104K, committed 268736K, reserved 1114112K
  class space    used 34834K, committed 36672K, reserved 851968K
}
Event: 552.066 GC heap before
{Heap before GC invocations=119 (full 0):
 garbage-first heap   total 1079296K, used 595968K [0x0000000700000000, 0x0000000800000000)
  region size 2048K, 26 young (53248K), 24 survivors (49152K)
 Metaspace       used 265164K, committed 268800K, reserved 1114112K
  class space    used 34839K, committed 36672K, reserved 851968K
}
Event: 552.167 GC heap after
{Heap after GC invocations=120 (full 0):
 garbage-first heap   total 1079296K, used 569110K [0x0000000700000000, 0x0000000800000000)
  region size 2048K, 4 young (8192K), 4 survivors (8192K)
 Metaspace       used 265164K, committed 268800K, reserved 1114112K
  class space    used 34839K, committed 36672K, reserved 851968K
}
Event: 552.861 GC heap before
{Heap before GC invocations=120 (full 0):
 garbage-first heap   total 1079296K, used 636694K [0x0000000700000000, 0x0000000800000000)
  region size 2048K, 38 young (77824K), 4 survivors (8192K)
 Metaspace       used 265726K, committed 269376K, reserved 1114112K
  class space    used 34869K, committed 36736K, reserved 851968K
}
Event: 552.881 GC heap after
{Heap after GC invocations=121 (full 0):
 garbage-first heap   total 1079296K, used 578925K [0x0000000700000000, 0x0000000800000000)
  region size 2048K, 9 young (18432K), 9 survivors (18432K)
 Metaspace       used 265726K, committed 269376K, reserved 1114112K
  class space    used 34869K, committed 36736K, reserved 851968K
}
Event: 559.414 GC heap before
{Heap before GC invocations=122 (full 0):
 garbage-first heap   total 1079296K, used 925037K [0x0000000700000000, 0x0000000800000000)
  region size 2048K, 178 young (364544K), 9 survivors (18432K)
 Metaspace       used 273861K, committed 277568K, reserved 1114112K
  class space    used 35642K, committed 37504K, reserved 851968K
}

Dll operation events (3 events):
Event: 0.058 Loaded shared library D:\Program Files\Android\Android Studio1\jbr\bin\java.dll
Event: 0.068 Loaded shared library D:\Program Files\Android\Android Studio1\jbr\bin\zip.dll
Event: 1.182 Loaded shared library D:\Program Files\Android\Android Studio1\jbr\bin\verify.dll

Deoptimization events (20 events):
Event: 557.831 Thread 0x000001e091b966d0 Uncommon trap: trap_request=0xffffff5c fr.pc=0x000001e08940d2fc relative=0x0000000000004bbc
Event: 557.831 Thread 0x000001e091b966d0 Uncommon trap: reason=speculate_null_check action=make_not_entrant pc=0x000001e08940d2fc method=org.jetbrains.kotlin.fir.scopes.impl.FirPackageMemberScope.processClassifiersByNameWithSubstitution(Lorg/jetbrains/kotlin/name/Name;Lkotlin/jvm/functions/Funct
Event: 557.831 Thread 0x000001e091b966d0 DEOPT PACKING pc=0x000001e08940d2fc sp=0x0000007ce07fab60
Event: 557.831 Thread 0x000001e091b966d0 DEOPT UNPACKING pc=0x000001e087584422 sp=0x0000007ce07fab98 mode 2
Event: 557.842 Thread 0x000001e091b966d0 Uncommon trap: trap_request=0xffffffc6 fr.pc=0x000001e088e75f08 relative=0x0000000000000b48
Event: 557.842 Thread 0x000001e091b966d0 Uncommon trap: reason=bimorphic_or_optimized_type_check action=maybe_recompile pc=0x000001e088e75f08 method=org.jetbrains.kotlin.fir.resolve.transformers.body.resolve.FirAbstractBodyResolveTransformerDispatcher.transformTypeRef(Lorg/jetbrains/kotlin/fir/t
Event: 557.842 Thread 0x000001e091b966d0 DEOPT PACKING pc=0x000001e088e75f08 sp=0x0000007ce07fc970
Event: 557.842 Thread 0x000001e091b966d0 DEOPT UNPACKING pc=0x000001e087584422 sp=0x0000007ce07fc8b0 mode 2
Event: 557.842 Thread 0x000001e091b966d0 Uncommon trap: trap_request=0xffffffc6 fr.pc=0x000001e088e75f08 relative=0x0000000000000b48
Event: 557.842 Thread 0x000001e091b966d0 Uncommon trap: reason=bimorphic_or_optimized_type_check action=maybe_recompile pc=0x000001e088e75f08 method=org.jetbrains.kotlin.fir.resolve.transformers.body.resolve.FirAbstractBodyResolveTransformerDispatcher.transformTypeRef(Lorg/jetbrains/kotlin/fir/t
Event: 557.842 Thread 0x000001e091b966d0 DEOPT PACKING pc=0x000001e088e75f08 sp=0x0000007ce07fc970
Event: 557.842 Thread 0x000001e091b966d0 DEOPT UNPACKING pc=0x000001e087584422 sp=0x0000007ce07fc8b0 mode 2
Event: 557.927 Thread 0x000001e091b966d0 Uncommon trap: trap_request=0xffffffc6 fr.pc=0x000001e088e75f08 relative=0x0000000000000b48
Event: 557.927 Thread 0x000001e091b966d0 Uncommon trap: reason=bimorphic_or_optimized_type_check action=maybe_recompile pc=0x000001e088e75f08 method=org.jetbrains.kotlin.fir.resolve.transformers.body.resolve.FirAbstractBodyResolveTransformerDispatcher.transformTypeRef(Lorg/jetbrains/kotlin/fir/t
Event: 557.927 Thread 0x000001e091b966d0 DEOPT PACKING pc=0x000001e088e75f08 sp=0x0000007ce07fc970
Event: 557.927 Thread 0x000001e091b966d0 DEOPT UNPACKING pc=0x000001e087584422 sp=0x0000007ce07fc8b0 mode 2
Event: 557.964 Thread 0x000001e091b966d0 Uncommon trap: trap_request=0xffffff45 fr.pc=0x000001e0884a04d4 relative=0x0000000000000894
Event: 557.964 Thread 0x000001e091b966d0 Uncommon trap: reason=unstable_if action=reinterpret pc=0x000001e0884a04d4 method=org.jetbrains.kotlin.fir.CopyUtilsKt.computeTypeAttributes(Ljava/util/List;Lorg/jetbrains/kotlin/fir/FirSession;Ljava/util/List;ZZ)Lorg/jetbrains/kotlin/fir/types/ConeAttrib
Event: 557.964 Thread 0x000001e091b966d0 DEOPT PACKING pc=0x000001e0884a04d4 sp=0x0000007ce07f9140
Event: 557.964 Thread 0x000001e091b966d0 DEOPT UNPACKING pc=0x000001e087584422 sp=0x0000007ce07f90e8 mode 2

Classes loaded (20 events):
Event: 544.200 Loading class jdk/internal/access/foreign/UnmapperProxy
Event: 544.200 Loading class jdk/internal/access/foreign/UnmapperProxy done
Event: 544.200 Loading class sun/nio/ch/FileChannelImpl$Unmapper done
Event: 544.200 Loading class sun/nio/ch/FileChannelImpl$DefaultUnmapper done
Event: 544.200 Loading class sun/nio/ch/Util$4
Event: 544.201 Loading class sun/nio/ch/Util$4 done
Event: 544.215 Loading class java/io/UTFDataFormatException
Event: 544.216 Loading class java/io/UTFDataFormatException done
Event: 544.657 Loading class java/nio/channels/NonWritableChannelException
Event: 544.658 Loading class java/nio/channels/NonWritableChannelException done
Event: 545.964 Loading class sun/rmi/transport/DGCClient$EndpointEntry$CleanRequest
Event: 545.964 Loading class sun/rmi/transport/DGCClient$EndpointEntry$CleanRequest done
Event: 545.971 Loading class sun/net/util/SocketExceptions
Event: 545.972 Loading class sun/net/util/SocketExceptions done
Event: 549.869 Loading class java/util/PriorityQueue
Event: 549.870 Loading class java/util/PriorityQueue done
Event: 551.150 Loading class java/text/StringCharacterIterator
Event: 551.151 Loading class java/text/CharacterIterator
Event: 551.151 Loading class java/text/CharacterIterator done
Event: 551.151 Loading class java/text/StringCharacterIterator done

Classes unloaded (20 events):
Event: 514.680 Thread 0x000001e0fa06eb70 Unloading class 0x000000080187c800 'java/lang/invoke/LambdaForm$MH+0x000000080187c800'
Event: 514.680 Thread 0x000001e0fa06eb70 Unloading class 0x000000080187c400 'java/lang/invoke/LambdaForm$MH+0x000000080187c400'
Event: 514.680 Thread 0x000001e0fa06eb70 Unloading class 0x000000080187c000 'java/lang/invoke/LambdaForm$MH+0x000000080187c000'
Event: 514.680 Thread 0x000001e0fa06eb70 Unloading class 0x0000000801874c00 'java/lang/invoke/LambdaForm$MH+0x0000000801874c00'
Event: 514.680 Thread 0x000001e0fa06eb70 Unloading class 0x000000080186c800 'java/lang/invoke/LambdaForm$MH+0x000000080186c800'
Event: 514.680 Thread 0x000001e0fa06eb70 Unloading class 0x000000080186c400 'java/lang/invoke/LambdaForm$MH+0x000000080186c400'
Event: 514.680 Thread 0x000001e0fa06eb70 Unloading class 0x0000000801858000 'java/lang/invoke/LambdaForm$MH+0x0000000801858000'
Event: 514.680 Thread 0x000001e0fa06eb70 Unloading class 0x00000008017c4000 'java/lang/invoke/LambdaForm$MH+0x00000008017c4000'
Event: 514.680 Thread 0x000001e0fa06eb70 Unloading class 0x0000000801780400 'java/lang/invoke/LambdaForm$MH+0x0000000801780400'
Event: 514.680 Thread 0x000001e0fa06eb70 Unloading class 0x00000008016cc400 'java/lang/invoke/LambdaForm$MH+0x00000008016cc400'
Event: 514.680 Thread 0x000001e0fa06eb70 Unloading class 0x00000008013ea400 'java/lang/invoke/LambdaForm$MH+0x00000008013ea400'
Event: 514.680 Thread 0x000001e0fa06eb70 Unloading class 0x00000008013ea000 'java/lang/invoke/LambdaForm$MH+0x00000008013ea000'
Event: 514.680 Thread 0x000001e0fa06eb70 Unloading class 0x00000008013e8c00 'java/lang/invoke/LambdaForm$MH+0x00000008013e8c00'
Event: 514.680 Thread 0x000001e0fa06eb70 Unloading class 0x00000008013e8400 'java/lang/invoke/LambdaForm$MH+0x00000008013e8400'
Event: 514.680 Thread 0x000001e0fa06eb70 Unloading class 0x00000008013bc400 'java/lang/invoke/LambdaForm$MH+0x00000008013bc400'
Event: 514.680 Thread 0x000001e0fa06eb70 Unloading class 0x0000000801356000 'java/lang/invoke/LambdaForm$MH+0x0000000801356000'
Event: 514.680 Thread 0x000001e0fa06eb70 Unloading class 0x000000080134c000 'java/lang/invoke/LambdaForm$MH+0x000000080134c000'
Event: 514.680 Thread 0x000001e0fa06eb70 Unloading class 0x0000000801340000 'java/lang/invoke/LambdaForm$MH+0x0000000801340000'
Event: 514.680 Thread 0x000001e0fa06eb70 Unloading class 0x0000000801320000 'java/lang/invoke/LambdaForm$MH+0x0000000801320000'
Event: 514.680 Thread 0x000001e0fa06eb70 Unloading class 0x00000008011dc000 'java/lang/invoke/LambdaForm$MH+0x00000008011dc000'

Classes redefined (0 events):
No events

Internal exceptions (20 events):
Event: 549.092 Thread 0x000001e091b966d0 Exception <a 'java/lang/NoSuchMethodError'{0x000000073646cce0}: 'java.lang.Object java.lang.invoke.DirectMethodHandle$Holder.newInvokeSpecial(java.lang.Object, int, java.lang.Object, java.lang.Object, java.lang.Object, int)'> (0x000000073646cce0) 
thrown [s\src\hotspot\share\interpreter\linkResolver.cpp, line 784]
Event: 549.983 Thread 0x000001e091b966d0 Exception <a 'sun/nio/fs/WindowsException'{0x0000000732addd40}> (0x0000000732addd40) 
thrown [s\src\hotspot\share\prims\jni.cpp, line 537]
Event: 550.987 Thread 0x000001e091b966d0 Exception <a 'java/lang/NoSuchMethodError'{0x000000072e52b6b0}: 'java.lang.Object java.lang.invoke.DirectMethodHandle$Holder.invokeStatic(java.lang.Object, java.lang.Object, java.lang.Object, int, java.lang.Object, java.lang.Object, java.lang.Object)'> (0x000000072e52b6b0) 
thrown [s\src\hotspot\share\interpreter\linkResolver.cpp, line 784]
Event: 553.170 Thread 0x000001e090b0b010 Exception <a 'sun/nio/fs/WindowsException'{0x00000007fdb05590}> (0x00000007fdb05590) 
thrown [s\src\hotspot\share\prims\jni.cpp, line 537]
Event: 554.225 Thread 0x000001e091b966d0 Exception <a 'java/lang/NoSuchMethodError'{0x000000073c641a80}: 'java.lang.Object java.lang.invoke.DirectMethodHandle$Holder.invokeStatic(java.lang.Object, java.lang.Object, java.lang.Object, java.lang.Object, int, java.lang.Object, java.lang.Object)'> (0x000000073c641a80) 
thrown [s\src\hotspot\share\interpreter\linkResolver.cpp, line 784]
Event: 554.227 Thread 0x000001e091b966d0 Exception <a 'java/lang/NoSuchMethodError'{0x000000073c64a678}: 'java.lang.Object java.lang.invoke.DirectMethodHandle$Holder.newInvokeSpecial(java.lang.Object, java.lang.Object, java.lang.Object, java.lang.Object, int, java.lang.Object, java.lang.Object)'> (0x000000073c64a678) 
thrown [s\src\hotspot\share\interpreter\linkResolver.cpp, line 784]
Event: 554.227 Thread 0x000001e091b966d0 Exception <a 'java/lang/NoSuchMethodError'{0x000000073c64e820}: 'java.lang.Object java.lang.invoke.Invokers$Holder.linkToTargetMethod(java.lang.Object, java.lang.Object, java.lang.Object, int, java.lang.Object, java.lang.Object, java.lang.Object)'> (0x000000073c64e820) 
thrown [s\src\hotspot\share\interpreter\linkResolver.cpp, line 784]
Event: 554.429 Thread 0x000001e091b966d0 Exception <a 'java/lang/NoSuchMethodError'{0x000000073bebf228}: 'void java.lang.invoke.DirectMethodHandle$Holder.invokeStatic(java.lang.Object, java.lang.Object, java.lang.Object, java.lang.Object, int)'> (0x000000073bebf228) 
thrown [s\src\hotspot\share\interpreter\linkResolver.cpp, line 784]
Event: 554.569 Thread 0x000001e091b966d0 Exception <a 'java/lang/NoSuchMethodError'{0x000000073bb91820}: 'java.lang.Object java.lang.invoke.DirectMethodHandle$Holder.invokeStatic(java.lang.Object, java.lang.Object, java.lang.Object, java.lang.Object, java.lang.Object, int)'> (0x000000073bb91820) 
thrown [s\src\hotspot\share\interpreter\linkResolver.cpp, line 784]
Event: 554.588 Thread 0x000001e091b966d0 Exception <a 'java/lang/NoSuchMethodError'{0x000000073b8420b8}: 'java.lang.Object java.lang.invoke.DirectMethodHandle$Holder.newInvokeSpecial(java.lang.Object, java.lang.Object, java.lang.Object, java.lang.Object, java.lang.Object, int)'> (0x000000073b8420b8) 
thrown [s\src\hotspot\share\interpreter\linkResolver.cpp, line 784]
Event: 554.588 Thread 0x000001e091b966d0 Exception <a 'java/lang/NoSuchMethodError'{0x000000073b846340}: 'java.lang.Object java.lang.invoke.DirectMethodHandle$Holder.invokeSpecial(java.lang.Object, java.lang.Object, java.lang.Object, java.lang.Object, java.lang.Object, java.lang.Object, int)'> (0x000000073b846340) 
thrown [s\src\hotspot\share\interpreter\linkResolver.cpp, line 784]
Event: 554.588 Thread 0x000001e091b966d0 Exception <a 'java/lang/NoSuchMethodError'{0x000000073b849bf0}: 'java.lang.Object java.lang.invoke.Invokers$Holder.linkToTargetMethod(java.lang.Object, java.lang.Object, java.lang.Object, java.lang.Object, int, java.lang.Object)'> (0x000000073b849bf0) 
thrown [s\src\hotspot\share\interpreter\linkResolver.cpp, line 784]
Event: 555.429 Thread 0x000001e091b966d0 Exception <a 'java/lang/NoSuchMethodError'{0x0000000738143500}: 'java.lang.Object java.lang.invoke.DirectMethodHandle$Holder.invokeStatic(java.lang.Object, int, java.lang.Object, java.lang.Object, java.lang.Object, java.lang.Object, java.lang.Object)'> (0x0000000738143500) 
thrown [s\src\hotspot\share\interpreter\linkResolver.cpp, line 784]
Event: 555.430 Thread 0x000001e091b966d0 Exception <a 'java/lang/NoSuchMethodError'{0x000000073814c370}: 'java.lang.Object java.lang.invoke.DirectMethodHandle$Holder.newInvokeSpecial(java.lang.Object, int, java.lang.Object, java.lang.Object, java.lang.Object)'> (0x000000073814c370) 
thrown [s\src\hotspot\share\interpreter\linkResolver.cpp, line 784]
Event: 555.430 Thread 0x000001e091b966d0 Exception <a 'java/lang/NoSuchMethodError'{0x0000000738150a30}: 'java.lang.Object java.lang.invoke.DirectMethodHandle$Holder.invokeSpecial(java.lang.Object, java.lang.Object, int, java.lang.Object, java.lang.Object, java.lang.Object)'> (0x0000000738150a30) 
thrown [s\src\hotspot\share\interpreter\linkResolver.cpp, line 784]
Event: 555.430 Thread 0x000001e091b966d0 Exception <a 'java/lang/NoSuchMethodError'{0x0000000738154760}: 'java.lang.Object java.lang.invoke.Invokers$Holder.linkToTargetMethod(int, java.lang.Object, java.lang.Object, java.lang.Object, java.lang.Object)'> (0x0000000738154760) 
thrown [s\src\hotspot\share\interpreter\linkResolver.cpp, line 784]
Event: 555.580 Thread 0x000001e091b966d0 Exception <a 'java/lang/NoSuchMethodError'{0x0000000737a0c358}: 'java.lang.Object java.lang.invoke.DirectMethodHandle$Holder.invokeSpecial(java.lang.Object, java.lang.Object, java.lang.Object, java.lang.Object, java.lang.Object, int, int)'> (0x0000000737a0c358) 
thrown [s\src\hotspot\share\interpreter\linkResolver.cpp, line 784]
Event: 556.382 Thread 0x000001e091b966d0 Exception <a 'java/lang/NoSuchMethodError'{0x00000007361255f0}: 'java.lang.Object java.lang.invoke.DirectMethodHandle$Holder.invokeStatic(java.lang.Object, java.lang.Object, java.lang.Object, int, java.lang.Object, java.lang.Object)'> (0x00000007361255f0) 
thrown [s\src\hotspot\share\interpreter\linkResolver.cpp, line 784]
Event: 556.389 Thread 0x000001e091b966d0 Exception <a 'java/lang/NoSuchMethodError'{0x000000073614f258}: 'int java.lang.invoke.DirectMethodHandle$Holder.invokeStatic(java.lang.Object, java.lang.Object, java.lang.Object, java.lang.Object, java.lang.Object, int, java.lang.Object)'> (0x000000073614f258) 
thrown [s\src\hotspot\share\interpreter\linkResolver.cpp, line 784]
Event: 556.462 Thread 0x000001e091b966d0 Implicit null exception at 0x000001e0881939ee to 0x000001e0881942c8

ZGC Phase Switch (0 events):
No events

VM Operations (20 events):
Event: 556.371 Executing safepoint VM operation: ICBufferFull done
Event: 556.471 Executing non-safepoint VM operation: HandshakeAllThreads (Deoptimize)
Event: 556.471 Executing non-safepoint VM operation: HandshakeAllThreads (Deoptimize) done
Event: 556.622 Executing safepoint VM operation: ICBufferFull
Event: 556.623 Executing safepoint VM operation: ICBufferFull done
Event: 556.816 Executing safepoint VM operation: ICBufferFull
Event: 556.816 Executing safepoint VM operation: ICBufferFull done
Event: 556.897 Executing non-safepoint VM operation: HandshakeAllThreads (Deoptimize)
Event: 556.897 Executing non-safepoint VM operation: HandshakeAllThreads (Deoptimize) done
Event: 556.902 Executing non-safepoint VM operation: HandshakeAllThreads (Deoptimize)
Event: 556.902 Executing non-safepoint VM operation: HandshakeAllThreads (Deoptimize) done
Event: 557.066 Executing safepoint VM operation: ICBufferFull
Event: 557.066 Executing safepoint VM operation: ICBufferFull done
Event: 557.948 Executing safepoint VM operation: ICBufferFull
Event: 557.948 Executing safepoint VM operation: ICBufferFull done
Event: 558.338 Executing safepoint VM operation: ICBufferFull
Event: 558.338 Executing safepoint VM operation: ICBufferFull done
Event: 559.344 Executing safepoint VM operation: Cleanup
Event: 559.345 Executing safepoint VM operation: Cleanup done
Event: 559.414 Executing safepoint VM operation: G1CollectForAllocation (G1 Evacuation Pause)

Memory protections (0 events):
No events

Nmethod flushes (20 events):
Event: 554.151 Thread 0x000001e0fa06eb70 flushing  nmethod 0x000001e081e93210
Event: 554.151 Thread 0x000001e0fa06eb70 flushing  nmethod 0x000001e081ea1790
Event: 554.151 Thread 0x000001e0fa06eb70 flushing  nmethod 0x000001e081ea3990
Event: 554.151 Thread 0x000001e0fa06eb70 flushing  nmethod 0x000001e081ea4410
Event: 554.151 Thread 0x000001e0fa06eb70 flushing  nmethod 0x000001e081edf490
Event: 554.151 Thread 0x000001e0fa06eb70 flushing  nmethod 0x000001e081ee0790
Event: 554.152 Thread 0x000001e0fa06eb70 flushing  nmethod 0x000001e081f1ce10
Event: 554.152 Thread 0x000001e0fa06eb70 flushing  nmethod 0x000001e082190e90
Event: 554.152 Thread 0x000001e0fa06eb70 flushing  nmethod 0x000001e0822aa290
Event: 554.152 Thread 0x000001e0fa06eb70 flushing  nmethod 0x000001e0822ec810
Event: 554.152 Thread 0x000001e0fa06eb70 flushing  nmethod 0x000001e082722690
Event: 554.152 Thread 0x000001e0fa06eb70 flushing  nmethod 0x000001e0828b7310
Event: 554.152 Thread 0x000001e0fa06eb70 flushing  nmethod 0x000001e0828b7b90
Event: 554.152 Thread 0x000001e0fa06eb70 flushing  nmethod 0x000001e0828b8890
Event: 554.152 Thread 0x000001e0fa06eb70 flushing  nmethod 0x000001e082b8c390
Event: 554.152 Thread 0x000001e0fa06eb70 flushing  nmethod 0x000001e082b8cb10
Event: 554.152 Thread 0x000001e0fa06eb70 flushing  nmethod 0x000001e082c76c10
Event: 554.152 Thread 0x000001e0fa06eb70 flushing  nmethod 0x000001e082dd6290
Event: 554.152 Thread 0x000001e0fa06eb70 flushing  nmethod 0x000001e082dd7590
Event: 554.152 Thread 0x000001e0fa06eb70 flushing  nmethod 0x000001e082dd8c90

Events (20 events):
Event: 544.969 Thread 0x000001e09b501e70 Thread exited: 0x000001e09b501e70
Event: 544.969 Thread 0x000001e09b5017a0 Thread exited: 0x000001e09b5017a0
Event: 545.008 Thread 0x000001e0fa2635c0 Thread added: 0x000001e09ad0e620
Event: 545.008 Thread 0x000001e0fa2635c0 Thread added: 0x000001e09ad0ecf0
Event: 545.322 Thread 0x000001e09ad0ecf0 Thread exited: 0x000001e09ad0ecf0
Event: 545.326 Thread 0x000001e09ad0e620 Thread exited: 0x000001e09ad0e620
Event: 545.723 Thread 0x000001e0fa292880 Thread added: 0x000001e09b501e70
Event: 545.733 Thread 0x000001e0fa292880 Thread added: 0x000001e09d8de160
Event: 545.982 Thread 0x000001e09d8de160 Thread exited: 0x000001e09d8de160
Event: 546.071 Thread 0x000001e09b501e70 Thread exited: 0x000001e09b501e70
Event: 546.630 Thread 0x000001e0fa292880 Thread added: 0x000001e09a066870
Event: 546.673 Thread 0x000001e0fa292880 Thread added: 0x000001e09a066f40
Event: 549.931 Thread 0x000001e09a066f40 Thread exited: 0x000001e09a066f40
Event: 549.931 Thread 0x000001e09a066870 Thread exited: 0x000001e09a066870
Event: 549.962 Thread 0x000001e0fa292880 Thread added: 0x000001e0acbf5f70
Event: 550.003 Thread 0x000001e0fa292880 Thread added: 0x000001e0acbf58a0
Event: 550.423 Thread 0x000001e099e018e0 Thread exited: 0x000001e099e018e0
Event: 554.317 Thread 0x000001e0acbf58a0 Thread exited: 0x000001e0acbf58a0
Event: 555.885 Thread 0x000001e099dffea0 Thread exited: 0x000001e099dffea0
Event: 555.974 Thread 0x000001e0fa292880 Thread added: 0x000001e09e267810


Dynamic libraries:
0x00007ff75ed40000 - 0x00007ff75ed4a000 	D:\Program Files\Android\Android Studio1\jbr\bin\java.exe
0x00007ffdbc9c0000 - 0x00007ffdbcc27000 	C:\WINDOWS\SYSTEM32\ntdll.dll
0x00007ffdbae40000 - 0x00007ffdbaf09000 	C:\WINDOWS\System32\KERNEL32.DLL
0x00007ffdb94a0000 - 0x00007ffdb9897000 	C:\WINDOWS\System32\KERNELBASE.dll
0x00007ffdb9ac0000 - 0x00007ffdb9c0b000 	C:\WINDOWS\System32\ucrtbase.dll
0x00007ffd9a6a0000 - 0x00007ffd9a6bb000 	D:\Program Files\Android\Android Studio1\jbr\bin\VCRUNTIME140.dll
0x00007ffd97b20000 - 0x00007ffd97b38000 	D:\Program Files\Android\Android Studio1\jbr\bin\jli.dll
0x00007ffdbb350000 - 0x00007ffdbb516000 	C:\WINDOWS\System32\USER32.dll
0x00007ffdb98a0000 - 0x00007ffdb98c7000 	C:\WINDOWS\System32\win32u.dll
0x00007ffd9f9c0000 - 0x00007ffd9fc52000 	C:\WINDOWS\WinSxS\amd64_microsoft.windows.common-controls_6595b64144ccf1df_6.0.26100.8457_none_3e0b2faee331e92d\COMCTL32.dll
0x00007ffdba800000 - 0x00007ffdba8a9000 	C:\WINDOWS\System32\msvcrt.dll
0x00007ffdbbb90000 - 0x00007ffdbbbbb000 	C:\WINDOWS\System32\GDI32.dll
0x00007ffdb98d0000 - 0x00007ffdb99fc000 	C:\WINDOWS\System32\gdi32full.dll
0x00007ffdb93f0000 - 0x00007ffdb9493000 	C:\WINDOWS\System32\msvcp_win.dll
0x00007ffdba9b0000 - 0x00007ffdba9e2000 	C:\WINDOWS\System32\IMM32.DLL
0x00007ffd9aa10000 - 0x00007ffd9aa1c000 	D:\Program Files\Android\Android Studio1\jbr\bin\vcruntime140_1.dll
0x00007ffd74cd0000 - 0x00007ffd74d5d000 	D:\Program Files\Android\Android Studio1\jbr\bin\msvcp140.dll
0x00007ffce6810000 - 0x00007ffce74a6000 	D:\Program Files\Android\Android Studio1\jbr\bin\server\jvm.dll
0x00007ffdba9f0000 - 0x00007ffdbaaa6000 	C:\WINDOWS\System32\ADVAPI32.dll
0x00007ffdba750000 - 0x00007ffdba7f7000 	C:\WINDOWS\System32\sechost.dll
0x00007ffdbb200000 - 0x00007ffdbb318000 	C:\WINDOWS\System32\RPCRT4.dll
0x00007ffdbb9b0000 - 0x00007ffdbba30000 	C:\WINDOWS\System32\WS2_32.dll
0x00007ffdb90a0000 - 0x00007ffdb90fe000 	C:\WINDOWS\SYSTEM32\POWRPROF.dll
0x00007ffdb2b20000 - 0x00007ffdb2b2b000 	C:\WINDOWS\SYSTEM32\VERSION.dll
0x00007ffdb26e0000 - 0x00007ffdb2716000 	C:\WINDOWS\SYSTEM32\WINMM.dll
0x00007ffdb9080000 - 0x00007ffdb9094000 	C:\WINDOWS\SYSTEM32\UMPDC.dll
0x00007ffdb8180000 - 0x00007ffdb819b000 	C:\WINDOWS\SYSTEM32\kernel.appcore.dll
0x00007ffd9a9c0000 - 0x00007ffd9a9ca000 	D:\Program Files\Android\Android Studio1\jbr\bin\jimage.dll
0x00007ffdb73e0000 - 0x00007ffdb7622000 	C:\WINDOWS\SYSTEM32\DBGHELP.DLL
0x00007ffdbaab0000 - 0x00007ffdbae33000 	C:\WINDOWS\System32\combase.dll
0x00007ffdbbbc0000 - 0x00007ffdbbc99000 	C:\WINDOWS\System32\OLEAUT32.dll
0x00007ffd98e90000 - 0x00007ffd98ecb000 	C:\WINDOWS\SYSTEM32\dbgcore.DLL
0x00007ffdba480000 - 0x00007ffdba528000 	C:\WINDOWS\System32\bcryptPrimitives.dll
0x00007ffd98f00000 - 0x00007ffd98f0e000 	D:\Program Files\Android\Android Studio1\jbr\bin\instrument.dll
0x00007ffd99f30000 - 0x00007ffd99f50000 	D:\Program Files\Android\Android Studio1\jbr\bin\java.dll
0x00007ffd99e40000 - 0x00007ffd99e58000 	D:\Program Files\Android\Android Studio1\jbr\bin\zip.dll
0x00007ffdbc1a0000 - 0x00007ffdbc90e000 	C:\WINDOWS\System32\SHELL32.dll
0x00007ffdb9c10000 - 0x00007ffdba47c000 	C:\WINDOWS\System32\windows.storage.dll
0x00007ffdba8b0000 - 0x00007ffdba9a6000 	C:\WINDOWS\System32\SHCORE.dll
0x00007ffdbc130000 - 0x00007ffdbc196000 	C:\WINDOWS\System32\shlwapi.dll
0x00007ffdb9310000 - 0x00007ffdb9339000 	C:\WINDOWS\SYSTEM32\profapi.dll
0x00007ffd9a240000 - 0x00007ffd9a250000 	D:\Program Files\Android\Android Studio1\jbr\bin\net.dll
0x00007ffdb3c40000 - 0x00007ffdb3d69000 	C:\WINDOWS\SYSTEM32\WINHTTP.dll
0x00007ffdb86f0000 - 0x00007ffdb875c000 	C:\WINDOWS\system32\mswsock.dll
0x00007ffd97e00000 - 0x00007ffd97e16000 	D:\Program Files\Android\Android Studio1\jbr\bin\nio.dll
0x00007ffd99a90000 - 0x00007ffd99aa0000 	D:\Program Files\Android\Android Studio1\jbr\bin\verify.dll
0x00007ffd96320000 - 0x00007ffd96347000 	D:\Gradle\native\660c5614fbf4a5f2a75b1949f50a0caf5cd603558e7d8a26e50b933a0cfb79d1\windows-amd64\native-platform.dll
0x00007ffd82de0000 - 0x00007ffd82e57000 	D:\Gradle\native\0.2.8\x86_64-windows-gnu\gradle-fileevents.dll
0x00007ffd99e80000 - 0x00007ffd99e89000 	D:\Program Files\Android\Android Studio1\jbr\bin\management.dll
0x00007ffd99e70000 - 0x00007ffd99e7b000 	D:\Program Files\Android\Android Studio1\jbr\bin\management_ext.dll
0x00007ffdbbb50000 - 0x00007ffdbbb58000 	C:\WINDOWS\System32\PSAPI.DLL
0x00007ffdb7bc0000 - 0x00007ffdb7bf2000 	C:\WINDOWS\SYSTEM32\IPHLPAPI.DLL
0x00007ffdbc120000 - 0x00007ffdbc12a000 	C:\WINDOWS\System32\NSI.dll
0x00007ffd99e90000 - 0x00007ffd99e99000 	D:\Program Files\Android\Android Studio1\jbr\bin\extnet.dll
0x00007ffdb89d0000 - 0x00007ffdb89eb000 	C:\WINDOWS\SYSTEM32\CRYPTSP.dll
0x00007ffdb80e0000 - 0x00007ffdb8119000 	C:\WINDOWS\system32\rsaenh.dll
0x00007ffdb87a0000 - 0x00007ffdb87d3000 	C:\WINDOWS\SYSTEM32\USERENV.dll
0x00007ffdb92e0000 - 0x00007ffdb930a000 	C:\WINDOWS\SYSTEM32\bcrypt.dll
0x00007ffdb89f0000 - 0x00007ffdb89fc000 	C:\WINDOWS\SYSTEM32\CRYPTBASE.dll
0x00007ffd8a2f0000 - 0x00007ffd8a2f8000 	C:\WINDOWS\system32\wshunix.dll
0x00007ffdb7c60000 - 0x00007ffdb7d92000 	C:\WINDOWS\SYSTEM32\DNSAPI.dll
0x00007ffdb2c50000 - 0x00007ffdb2c5b000 	C:\Windows\System32\rasadhlp.dll
0x00007ffdb45f0000 - 0x00007ffdb4676000 	C:\WINDOWS\System32\fwpuclnt.dll
0x00007ffd9a9d0000 - 0x00007ffd9a9d7000 	D:\Program Files\Android\Android Studio1\jbr\bin\rmi.dll

JVMTI agents:
D:\Gradle\wrapper\dists\gradle-9.5.1-bin\iq79hdu3mqx29lgffhp8bfmx\gradle-9.5.1\lib\agents\gradle-instrumentation-agent-9.5.1.jar path:D:\Program Files\Android\Android Studio1\jbr\bin\instrument.dll, loaded, initialized, instrumentlib options:none

dbghelp: loaded successfully - version: 4.0.5 - missing functions: none
symbol engine: initialized successfully - sym options: 0x614 - pdb path: .;D:\Program Files\Android\Android Studio1\jbr\bin;C:\WINDOWS\SYSTEM32;C:\WINDOWS\WinSxS\amd64_microsoft.windows.common-controls_6595b64144ccf1df_6.0.26100.8457_none_3e0b2faee331e92d;D:\Program Files\Android\Android Studio1\jbr\bin\server;D:\Gradle\native\660c5614fbf4a5f2a75b1949f50a0caf5cd603558e7d8a26e50b933a0cfb79d1\windows-amd64;D:\Gradle\native\0.2.8\x86_64-windows-gnu

VM Arguments:
jvm_args: --add-opens=java.base/java.lang=ALL-UNNAMED --add-opens=java.base/java.lang.invoke=ALL-UNNAMED --add-opens=java.base/java.util=ALL-UNNAMED --add-opens=java.prefs/java.util.prefs=ALL-UNNAMED --add-exports=jdk.compiler/com.sun.tools.javac.api=ALL-UNNAMED --add-exports=jdk.compiler/com.sun.tools.javac.util=ALL-UNNAMED --add-opens=java.base/java.nio.charset=ALL-UNNAMED --add-opens=java.base/java.net=ALL-UNNAMED --add-opens=java.base/java.util.concurrent=ALL-UNNAMED --add-opens=java.base/java.util.concurrent.atomic=ALL-UNNAMED --add-opens=java.xml/javax.xml.namespace=ALL-UNNAMED --add-opens=java.base/java.time=ALL-UNNAMED -XX:MaxMetaspaceSize=1024m -Xmx4096M -Dfile.encoding=UTF-8 -Duser.country=CN -Duser.language=zh -Duser.variant -javaagent:D:\Gradle\wrapper\dists\gradle-9.5.1-bin\iq79hdu3mqx29lgffhp8bfmx\gradle-9.5.1\lib\agents\gradle-instrumentation-agent-9.5.1.jar 
java_command: org.gradle.launcher.daemon.bootstrap.GradleDaemon 9.5.1
java_class_path (initial): D:\Gradle\wrapper\dists\gradle-9.5.1-bin\iq79hdu3mqx29lgffhp8bfmx\gradle-9.5.1\lib\gradle-daemon-main-9.5.1.jar
Launcher Type: SUN_STANDARD

[Global flags]
     intx CICompilerCount                          = 4                                         {product} {ergonomic}
   size_t CompressedClassSpaceSize                 = 872415232                                 {product} {ergonomic}
     uint ConcGCThreads                            = 3                                         {product} {ergonomic}
     uint G1ConcRefinementThreads                  = 10                                        {product} {ergonomic}
   size_t G1HeapRegionSize                         = 2097152                                   {product} {ergonomic}
    uintx GCDrainStackTargetSize                   = 64                                        {product} {ergonomic}
   size_t InitialHeapSize                          = 257949696                                 {product} {ergonomic}
   size_t MarkStackSize                            = 4194304                                   {product} {ergonomic}
   size_t MaxHeapSize                              = 4294967296                                {product} {command line}
   size_t MaxMetaspaceSize                         = 1073741824                                {product} {command line}
   size_t MaxNewSize                               = 2575302656                                {product} {ergonomic}
   size_t MinHeapDeltaBytes                        = 2097152                                   {product} {ergonomic}
   size_t MinHeapSize                              = 8388608                                   {product} {ergonomic}
    uintx NonNMethodCodeHeapSize                   = 5839372                                {pd product} {ergonomic}
    uintx NonProfiledCodeHeapSize                  = 122909434                              {pd product} {ergonomic}
    uintx ProfiledCodeHeapSize                     = 122909434                              {pd product} {ergonomic}
    uintx ReservedCodeCacheSize                    = 251658240                              {pd product} {ergonomic}
     bool SegmentedCodeCache                       = true                                      {product} {ergonomic}
   size_t SoftMaxHeapSize                          = 4294967296                             {manageable} {ergonomic}
     bool UseCompressedOops                        = true                           {product lp64_product} {ergonomic}
     bool UseG1GC                                  = true                                      {product} {ergonomic}
     bool UseLargePagesIndividualAllocation        = false                                  {pd product} {ergonomic}

Logging:
Log output configuration:
 #0: stdout all=warning uptime,level,tags foldmultilines=false
 #1: stderr all=off uptime,level,tags foldmultilines=false

Release file:
JAVA_VERSION="21.0.10" 
MODULES="java.base java.compiler java.datatransfer java.xml java.prefs java.desktop java.instrument java.logging java.management java.security.sasl java.naming java.rmi java.management.rmi java.net.http java.scripting java.security.jgss java.transaction.xa java.sql java.sql.rowset java.xml.crypto java.se java.smartcardio jdk.accessibility jdk.internal.jvmstat jdk.attach jdk.charsets jdk.internal.opt jdk.zipfs jdk.compiler jdk.crypto.ec jdk.crypto.cryptoki jdk.dynalink jdk.hotspot.agent jdk.httpserver jdk.internal.ed jdk.internal.le jdk.internal.vm.ci jdk.jartool jdk.javadoc jdk.jcmd jdk.jdeps jdk.jdwp.agent jdk.jdi jdk.jfr jdk.jlink jdk.jsobject jdk.localedata jdk.management jdk.management.agent jdk.management.jfr jdk.naming.dns jdk.naming.rmi jdk.net jdk.sctp jdk.security.auth jdk.security.jgss jdk.unsupported jdk.unsupported.desktop jdk.xml.dom" 
IMPLEMENTOR="JetBrains s.r.o." 
JAVA_RUNTIME_VERSION="21.0.10+-14961533-b1163.108" 
LIBC="default" 
OS_ARCH="x86_64" 
OS_NAME="Windows" 
SOURCE=".:git:1351622c2ff2" 

Environment Variables:
PATH=C:\Python314\Scripts\;C:\Python314\;C:\Python312\Scripts\;C:\Python312\;C:\Program Files\Eclipse Adoptium\jdk-21.0.6.7-hotspot\\bin;C:\Program Files\Eclipse Adoptium\jdk-21.0.6.7-hotspot\jre\bin;C:\WINDOWS\system32;C:\WINDOWS;C:\WINDOWS\System32\Wbem;C:\WINDOWS\System32\WindowsPowerShell\v1.0\;C:\WINDOWS\System32\OpenSSH\;C:\Program Files\Microsoft SQL Server\150\Tools\Binn\;D:\yuzha\Documents\XIAOMI\platform-tools;C:\ProgramData\chocolatey\bin;C:\Program Files\Git\cmd;D:\Users\sqlite3;D:\Program Files\AutoFirma\AutoFirma;C:\Program Files\dotnet\;C:\Program Files (x86)\cloudflared\;c:\Users\yuzha\AppData\Local\Programs\cursor\resources\app\bin;C:\Program Files\HP\HP One Agent;C:\Program Files (x86)\Windows Kits\10\Windows Performance Toolkit\;D:\Program Files (x86)\WinSCP\;D:\Program Files\nodejs\;D:\Program Files\Tailscale\;C:\Program Files\Docker\Docker\resources\bin;C:\Users\yuzha\AppData\Local\pnpm\bin;C:\Users\yuzha\AppData\Local\pnpm;C:\Users\yuzha\AppData\Local\Microsoft\WindowsApps;C:\Users\yuzha\AppData\Local\Programs\Microsoft VS Code\bin;C:\Users\yuzha\.dotnet\tools;D:\Program Files\JetBrains\IntelliJ IDEA Community Edition 2024.2.1\bin;D:\Program Files\nodejs\;D:\Program Files\JetBrains\IntelliJ IDEA 2024.2.3\bin;C:\Users\yuzha\AppData\Local\Microsoft\WindowsApps;C:\Users\yuzha\.dotnet\tools;D:\Program Files\JetBrains\PyCharm Community Edition 2024.3.1.1\bin;C:\Users\yuzha\AppData\Local\Programs\Ollama;D:\Program Files\JetBrains\JetBrains Rider 2024.3.5\bin;D:\npm-global;C:\Users\yuzha\.bun\bin;D:\Program Files\JetBrains\IntelliJ IDEA 2025.3.2\bin;C:\Users\yuzha\AppData\Roaming\npm
USERNAME=yuzha
OS=Windows_NT
PROCESSOR_IDENTIFIER=AMD64 Family 25 Model 80 Stepping 0, AuthenticAMD
TMP=C:\Users\yuzha\AppData\Local\Temp
TEMP=C:\Users\yuzha\AppData\Local\Temp




Periodic native trim disabled

JNI global refs:
JNI global refs: 29, weak refs: 0

JNI global refs memory usage: 835, weak refs: 833

Process memory usage:
Resident Set Size: 1206988K (7% of 16057404K total physical memory with 522004K free physical memory)

OOME stack traces (most recent first):
Classloader memory used:
Loader org.gradle.internal.classloader.VisitableURLClassLoader$InstrumentingVisitableURLClassLoader: 78623K
Loader java.net.URLClassLoader                                                         : 63464K
Loader org.gradle.internal.classloader.VisitableURLClassLoader                         : 58892K
Loader bootstrap                                                                       : 39436K
Loader org.gradle.initialization.MixInLegacyTypesClassLoader                           : 20257K
Loader org.gradle.internal.classloader.VisitableURLClassLoader                         : 9822K
Loader jdk.internal.reflect.DelegatingClassLoader                                      : 1888K
Loader jdk.internal.loader.ClassLoaders$PlatformClassLoader                            : 760K
Loader jdk.internal.jrtfs.JrtFileSystemProvider$JrtFsLoader                            : 331K
Loader org.gradle.groovy.scripts.internal.DefaultScriptCompilationHandler$ScriptClassLoader: 223K
Loader jdk.internal.loader.ClassLoaders$AppClassLoader                                 : 189K

Classes loaded by more than one classloader:
Class Program                                                                         : loaded 13 times (x 72B)
Class Build_gradle                                                                    : loaded 11 times (x 126B)
Class org.gradle.kotlin.dsl.VersionCatalogAccessorsKt                                 : loaded 6 times (x 71B)
Class Build_gradle$1                                                                  : loaded 5 times (x 74B)
Class Build_gradle$2                                                                  : loaded 5 times (x 75B)
Class org.gradle.kotlin.dsl.Accessors65onlkz7wi9d6j1g3lnezq9mgKt                      : loaded 5 times (x 71B)
Class Build_gradle$2$3$1                                                              : loaded 5 times (x 74B)
Class org.gradle.kotlin.dsl.Accessors78w7ps8iygv9lppzl1qglnp9xKt                      : loaded 5 times (x 71B)
Class Build_gradle$4                                                                  : loaded 5 times (x 74B)
Class org.gradle.kotlin.dsl.DebugImplementationConfigurationAccessorsKt               : loaded 5 times (x 71B)
Class Build_gradle$1$5                                                                : loaded 5 times (x 75B)
Class org.gradle.kotlin.dsl.Accessorsday62rkn635o3axdkt6lf4wsoKt                      : loaded 5 times (x 71B)
Class com.google.common.collect.Iterators$1                                           : loaded 4 times (x 81B)
Class com.google.common.collect.AbstractIndexedListIterator                           : loaded 4 times (x 96B)
Class Build_gradle$1$4$1$1                                                            : loaded 4 times (x 74B)
Class com.google.common.collect.Iterators$5                                           : loaded 4 times (x 82B)
Class com.google.common.collect.AbstractIterator                                      : loaded 4 times (x 82B)
Class com.google.common.collect.ImmutableCollection                                   : loaded 4 times (x 125B)
Class com.google.common.collect.Lists                                                 : loaded 4 times (x 71B)
Class com.google.common.collect.Iterators$9                                           : loaded 4 times (x 81B)
Class com.google.common.base.Function                                                 : loaded 4 times (x 70B)
Class com.google.common.collect.ImmutableList                                         : loaded 4 times (x 206B)
Class com.google.common.collect.Lists$StringAsImmutableList                           : loaded 4 times (x 207B)
Class com.google.common.collect.Iterators$MergingIterator                             : loaded 4 times (x 81B)
Class com.google.common.collect.Iterators                                             : loaded 4 times (x 71B)
Class com.google.common.collect.Iterators$SingletonIterator                           : loaded 4 times (x 81B)
Class com.google.common.collect.Iterators$4                                           : loaded 4 times (x 82B)
Class com.google.common.collect.UnmodifiableIterator                                  : loaded 4 times (x 80B)
Class com.google.common.collect.UnmodifiableListIterator                              : loaded 4 times (x 95B)
Class com.google.common.collect.ImmutableSet                                          : loaded 4 times (x 145B)
Class com.google.common.collect.Iterators$ArrayItr                                    : loaded 4 times (x 97B)
Class com.google.common.base.Preconditions                                            : loaded 4 times (x 71B)
Class com.google.common.collect.PeekingIterator                                       : loaded 4 times (x 70B)
Class kotlin.sequences.FilteringSequence$iterator$1                                   : loaded 3 times (x 79B)
Class kotlin.sequences.SequencesKt__SequenceBuilderKt                                 : loaded 3 times (x 71B)
Class com.google.common.base.CharMatcher$NamedFastMatcher                             : loaded 3 times (x 112B)
Class kotlin.jvm.internal.CollectionToArray                                           : loaded 3 times (x 71B)
Class com.google.common.collect.RangeGwtSerializationDependencies                     : loaded 3 times (x 71B)
Class com.google.common.base.Joiner$2                                                 : loaded 3 times (x 79B)
Class kotlin.collections.ArraysKt__ArraysJVMKt                                        : loaded 3 times (x 71B)
Class com.google.common.base.CharMatcher$1                                            : loaded 3 times (x 113B)
Class com.google.gson.stream.JsonReader                                               : loaded 3 times (x 97B)
Class com.google.common.base.CharMatcher                                              : loaded 3 times (x 111B)
Class com.google.common.base.Joiner$1                                                 : loaded 3 times (x 80B)
Class kotlin.collections.CollectionsKt__ReversedViewsKt                               : loaded 3 times (x 71B)
Class kotlin.collections.SetsKt__SetsKt                                               : loaded 3 times (x 71B)
Class com.google.common.base.CharMatcher$IsEither                                     : loaded 3 times (x 111B)
Class kotlin.coroutines.EmptyCoroutineContext                                         : loaded 3 times (x 77B)
Class kotlin.text.StringsKt__StringBuilderKt                                          : loaded 3 times (x 71B)
Class kotlin.collections.ArraysKt                                                     : loaded 3 times (x 71B)
Class kotlin.text.CharsKt__CharKt                                                     : loaded 3 times (x 71B)
Class kotlin.collections.ArrayDeque$Companion                                         : loaded 3 times (x 71B)
Class com.google.common.base.CharMatcher$Negated                                      : loaded 3 times (x 113B)
Class com.google.common.base.CharMatcher$Is                                           : loaded 3 times (x 111B)
Class kotlin.ranges.RangesKt___RangesKt                                               : loaded 3 times (x 71B)
Class kotlin.KotlinNullPointerException                                               : loaded 3 times (x 83B)
Class kotlin.ranges.OpenEndRange                                                      : loaded 3 times (x 70B)
Class kotlin.jvm.internal.CallableReference$NoReceiver                                : loaded 3 times (x 71B)
Class kotlin.collections.CollectionsKt__IterablesKt                                   : loaded 3 times (x 71B)
Class kotlin.collections.MapsKt                                                       : loaded 3 times (x 71B)
Class kotlin.coroutines.intrinsics.CoroutineSingletons                                : loaded 3 times (x 79B)
Class kotlin.jvm.internal.Intrinsics                                                  : loaded 3 times (x 71B)
Class kotlin.reflect.KAnnotatedElement                                                : loaded 3 times (x 70B)
Class com.google.common.collect.ImmutableEnumSet                                      : loaded 3 times (x 146B)
Class kotlin.collections.EmptyMap                                                     : loaded 3 times (x 108B)
Class kotlin.ranges.IntRange$Companion                                                : loaded 3 times (x 71B)
Class com.google.common.collect.ImmutableList$1                                       : loaded 3 times (x 97B)
Class kotlin.jvm.internal.markers.KMutableCollection                                  : loaded 3 times (x 70B)
Class kotlin.text.MatcherMatchResult$groups$1                                         : loaded 3 times (x 151B)
Class kotlin.coroutines.intrinsics.IntrinsicsKt                                       : loaded 3 times (x 71B)
Class com.google.common.collect.ImmutableSet$RegularSetBuilderImpl                    : loaded 3 times (x 77B)
Class com.google.common.collect.ImmutableRangeSet$ComplementRanges                    : loaded 3 times (x 207B)
Class org.gradle.internal.IoActions                                                   : loaded 3 times (x 71B)
Class org.jetbrains.kotlin.tooling.core.HasMutableExtras                              : loaded 3 times (x 70B)
Class kotlin.collections.CollectionsKt__MutableCollectionsJVMKt                       : loaded 3 times (x 71B)
Class kotlin.enums.EnumEntriesKt                                                      : loaded 3 times (x 71B)
Class kotlin.text.StringsKt___StringsKt                                               : loaded 3 times (x 71B)
Class kotlin.collections.MapsKt__MapWithDefaultKt                                     : loaded 3 times (x 71B)
Class kotlin.ranges.IntProgression$Companion                                          : loaded 3 times (x 71B)
Class com.google.common.collect.SortedMapDifference                                   : loaded 3 times (x 70B)
Class kotlin.collections.ArraysKt___ArraysKt                                          : loaded 3 times (x 71B)
Class kotlin.collections.MapsKt___MapsKt                                              : loaded 3 times (x 71B)
Class kotlin.io.FilesKt                                                               : loaded 3 times (x 71B)
Class com.google.common.collect.CollectPreconditions                                  : loaded 3 times (x 71B)
Class kotlin.reflect.KDeclarationContainer                                            : loaded 3 times (x 70B)
Class kotlin.text.StringsKt___StringsJvmKt                                            : loaded 3 times (x 71B)
Class kotlin.annotation.Retention                                                     : loaded 3 times (x 70B)
Class org.gradle.api.GradleException                                                  : loaded 3 times (x 82B)
Class kotlin.collections.CollectionsKt___CollectionsKt                                : loaded 3 times (x 71B)
Class com.google.gson.stream.MalformedJsonException                                   : loaded 3 times (x 82B)
Class kotlin.jvm.functions.Function4                                                  : loaded 3 times (x 70B)
Class kotlin.collections.EmptySet                                                     : loaded 3 times (x 122B)
Class kotlin.annotation.Target                                                        : loaded 3 times (x 70B)
Class com.google.common.base.CharMatcher$NegatedFastMatcher                           : loaded 3 times (x 113B)
Class com.google.common.collect.AbstractRangeSet                                      : loaded 3 times (x 114B)
Class kotlin.collections.MapsKt___MapsJvmKt                                           : loaded 3 times (x 71B)
Class com.google.common.collect.ImmutableMap                                          : loaded 3 times (x 120B)
Class com.google.common.base.Predicate                                                : loaded 3 times (x 70B)
Class kotlin.jvm.functions.Function2                                                  : loaded 3 times (x 70B)
Class kotlin.KotlinNothingValueException                                              : loaded 3 times (x 82B)
Class com.google.common.base.CharMatcher$FastMatcher                                  : loaded 3 times (x 111B)
Class com.google.common.collect.Sets                                                  : loaded 3 times (x 71B)
Class kotlin.jvm.functions.Function1                                                  : loaded 3 times (x 70B)
Class kotlin.collections.AbstractMutableList                                          : loaded 3 times (x 206B)
Class kotlin.sequences.TransformingSequence                                           : loaded 3 times (x 75B)
Class org.gradle.api.Action                                                           : loaded 3 times (x 70B)
Class org.gradle.internal.Cast                                                        : loaded 3 times (x 71B)
Class kotlin.jvm.functions.Function0                                                  : loaded 3 times (x 70B)
Class kotlin.collections.ArraysUtilJVM                                                : loaded 3 times (x 71B)
Class kotlin.sequences.FlatteningSequence$iterator$1                                  : loaded 3 times (x 79B)
Class kotlin.ranges.RangesKt                                                          : loaded 3 times (x 71B)
Class com.google.common.base.CharMatcher$Or                                           : loaded 3 times (x 112B)
Class kotlin.TuplesKt                                                                 : loaded 3 times (x 71B)
Class kotlin.Unit                                                                     : loaded 3 times (x 71B)
Class kotlin.sequences.SequencesKt___SequencesJvmKt                                   : loaded 3 times (x 71B)
Class kotlin.jvm.internal.markers.KMutableIterable                                    : loaded 3 times (x 70B)
Class kotlin.collections.CollectionsKt___CollectionsJvmKt                             : loaded 3 times (x 71B)
Class kotlin.jvm.internal.FunctionReferenceImpl                                       : loaded 3 times (x 126B)
Class com.google.common.collect.RangeSet                                              : loaded 3 times (x 70B)
Class [Lcom.google.gson.Strictness;                                                   : loaded 3 times (x 69B)
Class com.google.common.base.CharMatcher$BitSetMatcher                                : loaded 3 times (x 112B)
Class Build_gradle$5$1$1                                                              : loaded 3 times (x 75B)
Class kotlin.NoWhenBranchMatchedException                                             : loaded 3 times (x 82B)
Class kotlin.sequences.FilteringSequence                                              : loaded 3 times (x 75B)
Class kotlin.text.CharsKt__CharJVMKt                                                  : loaded 3 times (x 71B)
Class kotlin.Result$Companion                                                         : loaded 3 times (x 71B)
Class kotlin.coroutines.jvm.internal.BaseContinuationImpl                             : loaded 3 times (x 87B)
Class kotlin.comparisons.ComparisonsKt___ComparisonsKt                                : loaded 3 times (x 71B)
Class kotlin.comparisons.ComparisonsKt                                                : loaded 3 times (x 71B)
Class Build_gradle$5                                                                  : loaded 3 times (x 75B)
Class kotlin.collections.SetsKt___SetsKt                                              : loaded 3 times (x 71B)
Class kotlin.ranges.RangesKt__RangesKt                                                : loaded 3 times (x 71B)
Class kotlin.io.FilesKt__FileTreeWalkKt                                               : loaded 3 times (x 71B)
Class kotlin.coroutines.Continuation                                                  : loaded 3 times (x 70B)
Class kotlin.comparisons.ComparisonsKt__ComparisonsKt                                 : loaded 3 times (x 71B)
Class com.google.common.collect.Maps$BiMapConverter                                   : loaded 3 times (x 90B)
Class org.jetbrains.kotlin.tooling.core.Extras                                        : loaded 3 times (x 70B)
Class com.google.common.collect.Sets$SetView                                          : loaded 3 times (x 138B)
Class com.google.common.collect.ImmutableRangeSet$Builder                             : loaded 3 times (x 77B)
Class kotlin.text.Regex                                                               : loaded 3 times (x 72B)
Class kotlin.text.StringsKt__StringBuilderJVMKt                                       : loaded 3 times (x 71B)
Class kotlin.Triple                                                                   : loaded 3 times (x 72B)
Class kotlin.sequences.SequencesKt__SequenceBuilderKt$sequence$$inlined$Sequence$1    : loaded 3 times (x 75B)
Class org.jetbrains.kotlin.tooling.core.Extras$Key                                    : loaded 3 times (x 72B)
Class com.google.common.collect.Maps$8                                                : loaded 3 times (x 82B)
Class com.google.common.base.CharMatcher$InRange                                      : loaded 3 times (x 111B)
Class kotlin.collections.AbstractCollection                                           : loaded 3 times (x 117B)
Class kotlin.collections.AbstractList                                                 : loaded 3 times (x 197B)
Class kotlin.sequences.SequencesKt__SequencesJVMKt                                    : loaded 3 times (x 71B)
Class kotlin.coroutines.jvm.internal.RestrictedSuspendLambda                          : loaded 3 times (x 91B)
Class kotlin.io.FilePathComponents                                                    : loaded 3 times (x 72B)
Class kotlin.jvm.internal.markers.KMappedMarker                                       : loaded 3 times (x 70B)
Class kotlin.text.MatcherMatchResult$groupValues$1                                    : loaded 3 times (x 198B)
Class kotlin.collections.EmptyIterator                                                : loaded 3 times (x 89B)
Class kotlin.text.StringsKt__RegexExtensionsKt                                        : loaded 3 times (x 71B)
Class com.google.common.collect.Maps                                                  : loaded 3 times (x 71B)
Class kotlin.sequences.SequencesKt___SequencesKt                                      : loaded 3 times (x 71B)
Class kotlin.jvm.internal.DefaultConstructorMarker                                    : loaded 3 times (x 71B)
Class org.jetbrains.kotlin.tooling.core.HasExtras                                     : loaded 3 times (x 70B)
Class kotlin.io.FileSystemException                                                   : loaded 3 times (x 82B)
Class com.google.common.collect.RegularImmutableList                                  : loaded 3 times (x 213B)
Class kotlin.coroutines.jvm.internal.SuspendFunction                                  : loaded 3 times (x 70B)
Class kotlin.enums.EnumEntries                                                        : loaded 3 times (x 70B)
Class org.jetbrains.kotlin.tooling.core.MutableExtras                                 : loaded 3 times (x 70B)
Class kotlin.ranges.IntRange                                                          : loaded 3 times (x 93B)
Class com.google.common.collect.RegularImmutableSortedSet                             : loaded 3 times (x 300B)
Class kotlin.collections.AbstractList$Companion                                       : loaded 3 times (x 71B)
Class kotlin.jvm.internal.CallableReference                                           : loaded 3 times (x 110B)
Class kotlin.ranges.IntProgression                                                    : loaded 3 times (x 81B)
Class com.google.common.base.CharMatcher$IsNot                                        : loaded 3 times (x 111B)
Class com.google.common.collect.ImmutableSortedSet                                    : loaded 3 times (x 300B)
Class kotlin.sequences.SequencesKt___SequencesKt$flatMap$2                            : loaded 3 times (x 129B)
Class kotlin.text.StringsKt__StringNumberConversionsKt                                : loaded 3 times (x 71B)
Class [Lkotlin.Pair;                                                                  : loaded 3 times (x 69B)
Class kotlin.io.FilesKt__FileReadWriteKt                                              : loaded 3 times (x 71B)
Class kotlin.text.MatchNamedGroupCollection                                           : loaded 3 times (x 70B)
Class kotlin.jvm.internal.markers.KMutableList                                        : loaded 3 times (x 70B)
Class kotlin.coroutines.jvm.internal.RestrictedContinuationImpl                       : loaded 3 times (x 87B)
Class com.google.common.collect.ImmutableAsList                                       : loaded 3 times (x 209B)
Class com.google.common.collect.ImmutableSet$SetBuilderImpl                           : loaded 3 times (x 76B)
Class com.google.gson.Strictness                                                      : loaded 3 times (x 79B)
Class com.google.common.collect.AbstractMapBasedMultimap                              : loaded 3 times (x 139B)
Class kotlin.text.StringsKt                                                           : loaded 3 times (x 71B)
Class com.google.common.collect.ImmutableSet$CachingAsList                            : loaded 3 times (x 148B)
Class com.google.common.base.Converter                                                : loaded 3 times (x 90B)
Class kotlin.jvm.internal.StringCompanionObject                                       : loaded 3 times (x 71B)
Class kotlin.collections.CollectionsKt__IteratorsKt                                   : loaded 3 times (x 71B)
Class kotlin.sequences.SequencesKt                                                    : loaded 3 times (x 71B)
Class kotlin.jvm.internal.Ref$BooleanRef                                              : loaded 3 times (x 71B)
Class com.google.common.base.CharMatcher$AnyOf                                        : loaded 3 times (x 112B)
Class kotlin.collections.CollectionsKt__CollectionsJVMKt                              : loaded 3 times (x 71B)
Class kotlin.io.FilesKt__UtilsKt                                                      : loaded 3 times (x 71B)
Class com.google.common.base.CharMatcher$ForPredicate                                 : loaded 3 times (x 112B)
Class kotlin.coroutines.intrinsics.IntrinsicsKt__IntrinsicsJvmKt                      : loaded 3 times (x 71B)
Class kotlin.text.RegexKt                                                             : loaded 3 times (x 71B)
Class kotlin.coroutines.intrinsics.IntrinsicsKt__IntrinsicsKt                         : loaded 3 times (x 71B)
Class kotlin.NotImplementedError                                                      : loaded 3 times (x 82B)
Class kotlin.text.StringsKt__StringsKt                                                : loaded 3 times (x 71B)
Class kotlin.text.StringsKt__AppendableKt                                             : loaded 3 times (x 71B)
Class kotlin.coroutines.jvm.internal.CoroutineStackFrame                              : loaded 3 times (x 70B)
Class com.google.common.collect.ImmutableRangeSet                                     : loaded 3 times (x 115B)
Class com.google.common.collect.SortedIterable                                        : loaded 3 times (x 70B)
Class com.google.common.collect.ImmutableEnumMap                                      : loaded 3 times (x 126B)
Class com.google.common.collect.ImmutableMap$IteratorBasedImmutableMap                : loaded 3 times (x 126B)
Class com.google.common.collect.SingletonImmutableSet                                 : loaded 3 times (x 146B)
Class kotlin.UninitializedPropertyAccessException                                     : loaded 3 times (x 82B)
Class kotlin.Metadata                                                                 : loaded 3 times (x 70B)
Class com.google.common.collect.ForwardingObject                                      : loaded 3 times (x 72B)
Class com.google.common.collect.ImmutableList$SubList                                 : loaded 3 times (x 209B)
Class kotlin.collections.MapsKt__MapsKt                                               : loaded 3 times (x 71B)
Class com.google.common.collect.ImmutableList$ReverseImmutableList                    : loaded 3 times (x 209B)
Class kotlin.reflect.KFunction                                                        : loaded 3 times (x 70B)
Class kotlin.collections.ArrayDeque                                                   : loaded 3 times (x 207B)
Class com.google.common.collect.SingletonImmutableList                                : loaded 3 times (x 207B)
Class kotlin.io.NoSuchFileException                                                   : loaded 3 times (x 82B)
Class kotlin.collections.SetsKt                                                       : loaded 3 times (x 71B)
Class kotlin.text.StringsKt__IndentKt                                                 : loaded 3 times (x 71B)
Class com.google.common.base.ExtraObjectsMethodsForWeb                                : loaded 3 times (x 71B)
Class kotlin.collections.CollectionsKt                                                : loaded 3 times (x 71B)
Class kotlin.text.StringsKt__StringsJVMKt                                             : loaded 3 times (x 71B)
Class kotlin.collections.IntIterator                                                  : loaded 3 times (x 82B)
Class com.google.common.collect.Multimap                                              : loaded 3 times (x 70B)
Class kotlin.ranges.ClosedRange                                                       : loaded 3 times (x 70B)
Class com.google.common.collect.Sets$1                                                : loaded 3 times (x 139B)
Class kotlin.internal.ProgressionUtilKt                                               : loaded 3 times (x 71B)
Class kotlin.io.FileAlreadyExistsException                                            : loaded 3 times (x 82B)
Class org.jetbrains.kotlin.tooling.core.Extras$Entry                                  : loaded 3 times (x 72B)
Class kotlin.Function                                                                 : loaded 3 times (x 70B)
Class kotlin.collections.SetsKt__SetsJVMKt                                            : loaded 3 times (x 71B)
Class kotlin.coroutines.jvm.internal.DebugProbesKt                                    : loaded 3 times (x 71B)
Class com.google.common.collect.Multiset                                              : loaded 3 times (x 70B)
Class kotlin.collections.ArraysKt__ArraysKt                                           : loaded 3 times (x 71B)
Class kotlin.Result$Failure                                                           : loaded 3 times (x 72B)
Class kotlin.sequences.FlatteningSequence                                             : loaded 3 times (x 75B)
Class kotlin.text.MatchResult                                                         : loaded 3 times (x 70B)
Class kotlin.ResultKt                                                                 : loaded 3 times (x 71B)
Class com.google.common.collect.BiMap                                                 : loaded 3 times (x 70B)
Class com.google.common.base.Objects                                                  : loaded 3 times (x 71B)
Class kotlin.coroutines.CoroutineContext                                              : loaded 3 times (x 70B)
Class com.google.common.base.CharMatcher$And                                          : loaded 3 times (x 112B)
Class kotlin.sequences.Sequence                                                       : loaded 3 times (x 70B)
Class kotlin.collections.EmptyList                                                    : loaded 3 times (x 174B)
Class kotlin.collections.MapsKt__MapsJVMKt                                            : loaded 3 times (x 71B)
Class kotlin.ranges.IntProgressionIterator                                            : loaded 3 times (x 82B)
Class com.google.common.collect.RegularImmutableSet                                   : loaded 3 times (x 149B)
Class kotlin.text.MatcherMatchResult                                                  : loaded 3 times (x 80B)
Class com.google.common.collect.Range                                                 : loaded 3 times (x 87B)
Class kotlin.text.StringsKt__StringNumberConversionsJVMKt                             : loaded 3 times (x 71B)
Class Build_gradle$5$1                                                                : loaded 3 times (x 75B)
Class org.gradle.kotlin.dsl.Accessors1spejyockt5xtx3uac7st1dloKt                      : loaded 3 times (x 71B)
Class kotlin.text.CharsKt                                                             : loaded 3 times (x 71B)
Class com.google.common.collect.Sets$2                                                : loaded 3 times (x 139B)
Class com.google.common.collect.RegularImmutableAsList                                : loaded 3 times (x 217B)
Class com.google.common.collect.ImmutableRangeSet$1                                   : loaded 3 times (x 210B)
Class kotlin.reflect.KCallable                                                        : loaded 3 times (x 70B)
Class kotlin.io.FilesKt__FilePathComponentsKt                                         : loaded 3 times (x 71B)
Class kotlin.io.TerminateException                                                    : loaded 3 times (x 82B)
Class com.google.common.collect.AbstractMultimap                                      : loaded 3 times (x 123B)
Class com.google.common.collect.ImmutableList$Builder                                 : loaded 3 times (x 77B)
Class kotlin.collections.CollectionsKt__MutableCollectionsKt                          : loaded 3 times (x 71B)
Class kotlin.text.MatchGroupCollection                                                : loaded 3 times (x 70B)
Class com.intellij.gradle.toolingExtension.util.GradleVersionUtil                     : loaded 3 times (x 71B)
Class kotlin.Pair                                                                     : loaded 3 times (x 72B)
Class kotlin.sequences.TransformingSequence$iterator$1                                : loaded 3 times (x 79B)
Class kotlin.sequences.SequencesKt__SequencesKt                                       : loaded 3 times (x 71B)
Class com.google.common.collect.Platform                                              : loaded 3 times (x 71B)
Class kotlin.Result                                                                   : loaded 3 times (x 72B)
Class com.google.common.base.Joiner                                                   : loaded 3 times (x 79B)
Class kotlin.collections.CollectionsKt__IteratorsJVMKt                                : loaded 3 times (x 71B)
Class kotlin.collections.CollectionsKt___CollectionsKt$asSequence$$inlined$Sequence$1 : loaded 3 times (x 75B)
Class kotlin.comparisons.ComparisonsKt___ComparisonsJvmKt                             : loaded 3 times (x 71B)
Class com.google.common.collect.ImmutableCollection$Builder                           : loaded 3 times (x 76B)
Class kotlin.jvm.KotlinReflectionNotSupportedError                                    : loaded 3 times (x 82B)
Class com.google.common.collect.ImmutableRangeSet$AsSet                               : loaded 3 times (x 300B)
Class kotlin.enums.EnumEntriesList                                                    : loaded 3 times (x 223B)
Class kotlin.jvm.internal.FunctionBase                                                : loaded 3 times (x 70B)
Class com.google.common.collect.Sets$3                                                : loaded 3 times (x 139B)
Class kotlin.jvm.internal.FunctionReference                                           : loaded 3 times (x 126B)
Class [Lkotlin.coroutines.intrinsics.CoroutineSingletons;                             : loaded 3 times (x 69B)
Class kotlin.text.Regex$Companion                                                     : loaded 3 times (x 71B)
Class com.google.common.collect.MapDifference                                         : loaded 3 times (x 70B)
Class kotlin.collections.CollectionsKt__CollectionsKt                                 : loaded 3 times (x 71B)
Class kotlin.collections.ArraysKt___ArraysJvmKt                                       : loaded 3 times (x 71B)
Class kotlin.text.StringsKt__RegexExtensionsJVMKt                                     : loaded 3 times (x 71B)
Class com.google.common.collect.Sets$4                                                : loaded 3 times (x 139B)
Class kotlin.reflect.jvm.internal.impl.metadata.ProtoBuf$Annotation$ArgumentOrBuilder : loaded 2 times (x 70B)
Class kotlin.reflect.jvm.internal.impl.resolve.scopes.DescriptorKindFilter            : loaded 2 times (x 72B)
Class [Lkotlin.reflect.jvm.internal.impl.metadata.jvm.JvmProtoBuf$StringTableTypes$Record$Operation;: loaded 2 times (x 69B)
Class kotlin.reflect.jvm.internal.impl.load.java.lazy.descriptors.LazyJavaPackageScope: loaded 2 times (x 104B)
Class kotlin.reflect.jvm.internal.impl.load.java.lazy.descriptors.LazyJavaStaticScope : loaded 2 times (x 104B)
Class [Lkotlin.reflect.jvm.internal.impl.descriptors.deserialization.ClassDescriptorFactory;: loaded 2 times (x 69B)
Class [Lkotlin.reflect.jvm.internal.impl.descriptors.ClassKind;                       : loaded 2 times (x 69B)
Class kotlin.reflect.jvm.internal.impl.descriptors.PackageViewDescriptor              : loaded 2 times (x 70B)
Class kotlin.reflect.jvm.internal.impl.types.TypeSubstitution$Companion               : loaded 2 times (x 71B)
Class kotlin.reflect.jvm.internal.impl.load.java.lazy.TypeParameterResolver$EMPTY     : loaded 2 times (x 74B)
Class kotlin.reflect.jvm.internal.impl.types.KotlinType                               : loaded 2 times (x 81B)
Class kotlin.jvm.functions.Function21                                                 : loaded 2 times (x 70B)
Class kotlin.reflect.jvm.internal.impl.name.ClassId                                   : loaded 2 times (x 72B)
Class com.google.common.io.ByteArrayDataInput                                         : loaded 2 times (x 70B)
Class kotlin.reflect.jvm.internal.impl.serialization.deserialization.ProtoBasedClassDataFinder: loaded 2 times (x 75B)
Class org.objectweb.asm.ModuleVisitor                                                 : loaded 2 times (x 81B)
Class com.google.common.cache.LocalCache$Strength$1                                   : loaded 2 times (x 81B)
Class org.jetbrains.kotlin.idea.gradleTooling.model.kapt.KaptGradleModel              : loaded 2 times (x 70B)
Class org.jetbrains.kotlin.idea.gradleTooling.KotlinDslScriptAdditionalTask           : loaded 2 times (x 70B)
Class org.jetbrains.plugins.gradle.model.ClasspathEntryModel                          : loaded 2 times (x 70B)
Class kotlin.annotation.AnnotationRetention                                           : loaded 2 times (x 79B)
Class kotlin.collections.MapWithDefault                                               : loaded 2 times (x 70B)
Class kotlin.coroutines.jvm.internal.SuspendLambda                                    : loaded 2 times (x 91B)
Class kotlin.coroutines.jvm.internal.ContinuationImpl                                 : loaded 2 times (x 87B)
Class org.jetbrains.kotlin.cli.common.messages.CompilerMessageSeverity                : loaded 2 times (x 79B)
Class kotlin.collections.builders.MapBuilderEntries                                   : loaded 2 times (x 145B)
Class kotlin.reflect.jvm.internal.impl.types.RawType                                  : loaded 2 times (x 70B)
Class kotlin.reflect.jvm.internal.impl.metadata.jvm.deserialization.BitEncoding       : loaded 2 times (x 71B)
Class kotlin.reflect.jvm.internal.impl.serialization.deserialization.ErrorReporter$1  : loaded 2 times (x 75B)
Class kotlin.reflect.jvm.internal.impl.protobuf.Internal$EnumLiteMap                  : loaded 2 times (x 70B)
Class kotlin.reflect.jvm.internal.impl.metadata.ProtoBuf$Constructor$1                : loaded 2 times (x 87B)
Class kotlin.reflect.jvm.internal.impl.protobuf.GeneratedMessageLite                  : loaded 2 times (x 93B)
Class kotlin.reflect.jvm.internal.impl.renderer.ExcludedTypeAnnotations               : loaded 2 times (x 71B)
Class kotlin.reflect.jvm.internal.impl.serialization.deserialization.DeserializationConfiguration$Default: loaded 2 times (x 79B)
Class kotlin.reflect.jvm.internal.impl.load.kotlin.JavaClassDataFinder                : loaded 2 times (x 75B)
Class kotlin.reflect.jvm.internal.impl.load.java.JavaTypeEnhancementState             : loaded 2 times (x 72B)
Class kotlin.reflect.jvm.internal.impl.descriptors.impl.DeclarationDescriptorImpl     : loaded 2 times (x 88B)
Class [Lkotlin.reflect.jvm.internal.impl.storage.LockBasedStorageManager$NotValue;    : loaded 2 times (x 69B)
Class kotlin.reflect.jvm.internal.impl.descriptors.ModuleDescriptor                   : loaded 2 times (x 70B)
Class kotlin.jvm.functions.Function22                                                 : loaded 2 times (x 70B)
Class com.google.common.util.concurrent.SettableFuture                                : loaded 2 times (x 114B)
Class com.google.common.cache.LocalCache$Strength$2                                   : loaded 2 times (x 81B)
Class org.jetbrains.kotlin.idea.gradleTooling.IdeaKotlinDependenciesContainer         : loaded 2 times (x 70B)
Class com.amazon.ion.IonTimestamp                                                     : loaded 2 times (x 70B)
Class com.amazon.ion.impl.bin.PooledBlockAllocatorProvider$PooledBlockAllocator       : loaded 2 times (x 81B)
Class org.jetbrains.plugins.gradle.tooling.serialization.GradleExtensionsSerializationService: loaded 2 times (x 77B)
Class org.gradle.api.JavaVersion                                                      : loaded 2 times (x 79B)
Class org.gradle.tooling.model.Dependency                                             : loaded 2 times (x 70B)
Class kotlin.reflect.jvm.internal.impl.metadata.jvm.deserialization.JvmMemberSignature$Field: loaded 2 times (x 75B)
Class kotlin.reflect.jvm.internal.calls.Caller                                        : loaded 2 times (x 70B)
Class kotlin.reflect.jvm.internal.impl.load.java.JavaDescriptorVisibilities$1         : loaded 2 times (x 76B)
Class kotlin.reflect.jvm.internal.impl.resolve.scopes.receivers.ThisClassReceiver     : loaded 2 times (x 70B)
Class [Lkotlin.reflect.jvm.internal.impl.load.java.typeEnhancement.TypeComponentPosition;: loaded 2 times (x 69B)
Class kotlin.reflect.jvm.internal.impl.load.java.components.JavaAnnotationMapper      : loaded 2 times (x 71B)
Class kotlin.reflect.jvm.internal.impl.serialization.deserialization.MemberDeserializer: loaded 2 times (x 72B)
Class kotlin.reflect.jvm.internal.impl.serialization.deserialization.ClassDeserializer: loaded 2 times (x 72B)
Class kotlin.reflect.jvm.internal.impl.types.KotlinTypeFactory$EMPTY_REFINED_TYPE_FACTORY$1: loaded 2 times (x 78B)
Class kotlin.reflect.jvm.internal.impl.utils.WrappedValues                            : loaded 2 times (x 71B)
Class kotlin.reflect.jvm.internal.impl.descriptors.ModuleCapability                   : loaded 2 times (x 72B)
Class kotlin.reflect.jvm.internal.impl.storage.LockBasedStorageManager$ExceptionHandlingStrategy: loaded 2 times (x 70B)
Class kotlin.reflect.jvm.internal.impl.load.java.descriptors.JavaMethodDescriptor     : loaded 2 times (x 207B)
Class kotlin.reflect.jvm.internal.impl.descriptors.impl.FunctionDescriptorImpl$CopyConfiguration: loaded 2 times (x 137B)
Class kotlin.reflect.KTypeParameter                                                   : loaded 2 times (x 70B)
Class kotlin.reflect.jvm.internal.calls.CallerImpl$Constructor                        : loaded 2 times (x 81B)
Class com.google.common.io.ByteStreams                                                : loaded 2 times (x 71B)
Class com.android.builder.model.v2.ide.AbstractArtifact                               : loaded 2 times (x 70B)
Class com.google.common.cache.LocalCache$Strength$3                                   : loaded 2 times (x 81B)
Class org.gradle.internal.service.UnknownServiceException                             : loaded 2 times (x 83B)
Class com.amazon.ion.IonDatagram                                                      : loaded 2 times (x 70B)
Class com.amazon.ion.impl._Private_RecyclingStack$ElementFactory                      : loaded 2 times (x 70B)
Class com.amazon.ion.impl.bin.IonManagedBinaryWriter$ImportedSymbolResolverMode$1$1   : loaded 2 times (x 78B)
Class com.amazon.ion.impl._Private_ByteTransferSink                                   : loaded 2 times (x 70B)
Class com.intellij.openapi.externalSystem.model.project.dependencies.ResolutionState  : loaded 2 times (x 79B)
Class com.google.common.collect.AllEqualOrdering                                      : loaded 2 times (x 114B)
Class kotlin.reflect.jvm.internal.impl.load.java.JavaDescriptorVisibilities$2         : loaded 2 times (x 76B)
Class kotlin.reflect.jvm.internal.impl.types.TypeCheckerState                         : loaded 2 times (x 75B)
Class kotlin.reflect.jvm.internal.impl.types.IndexedParametersSubstitution            : loaded 2 times (x 78B)
Class kotlin.reflect.jvm.internal.impl.descriptors.impl.AbstractReceiverParameterDescriptor: loaded 2 times (x 137B)
Class kotlin.reflect.jvm.internal.impl.load.java.structure.JavaClass                  : loaded 2 times (x 70B)
Class kotlin.reflect.jvm.internal.impl.descriptors.DescriptorVisibility               : loaded 2 times (x 75B)
Class kotlin.reflect.jvm.internal.impl.descriptors.Modality$Companion                 : loaded 2 times (x 71B)
Class kotlin.reflect.jvm.internal.impl.load.kotlin.DeserializedDescriptorResolver$Companion: loaded 2 times (x 71B)
Class kotlin._Assertions                                                              : loaded 2 times (x 71B)
Class com.amazon.ion.impl.lite.IonBoolLite                                            : loaded 2 times (x 178B)
Class org.objectweb.asm.FieldWriter                                                   : loaded 2 times (x 78B)
Class com.google.common.cache.CacheBuilder$NullListener                               : loaded 2 times (x 82B)
Class com.google.gson.LongSerializationPolicy                                         : loaded 2 times (x 80B)
Class org.jetbrains.kotlin.tooling.core.Extras$Type                                   : loaded 2 times (x 72B)
Class org.jetbrains.plugins.gradle.model.ExternalLibraryDependency                    : loaded 2 times (x 70B)
Class org.apache.commons.lang3.StringUtils                                            : loaded 2 times (x 71B)
Class org.gradle.internal.classpath.TransformedClassPath                              : loaded 2 times (x 96B)
Class org.gradle.internal.classloader.InstrumentingClassLoader                        : loaded 2 times (x 70B)
Class jdk.internal.jrtfs.SystemImage$1                                                : loaded 2 times (x 78B)
Class [Lkotlin.annotation.AnnotationTarget;                                           : loaded 2 times (x 69B)
Class org.jetbrains.kotlin.com.google.common.base.Preconditions                       : loaded 2 times (x 71B)
Class org.jetbrains.plugins.gradle.model.ExternalSourceDirectorySet                   : loaded 2 times (x 70B)
Class kotlin.reflect.jvm.KTypesJvm                                                    : loaded 2 times (x 71B)
Class kotlin.reflect.jvm.internal.impl.load.java.JavaDescriptorVisibilities$3         : loaded 2 times (x 76B)
Class [Lkotlin.reflect.jvm.internal.impl.resolve.OverridingUtil$OverrideCompatibilityInfo$Result;: loaded 2 times (x 69B)
Class kotlin.reflect.jvm.internal.impl.metadata.ProtoBuf$QualifiedNameTable$QualifiedName: loaded 2 times (x 96B)
Class kotlin.reflect.jvm.internal.impl.load.java.lazy.LazyJavaAnnotations             : loaded 2 times (x 85B)
Class kotlin.reflect.jvm.internal.impl.descriptors.deserialization.ClassDescriptorFactory: loaded 2 times (x 70B)
Class kotlin.reflect.jvm.internal.impl.protobuf.GeneratedMessageLite$ExtendableMessage: loaded 2 times (x 99B)
Class [Lkotlin.reflect.jvm.internal.impl.renderer.AnnotationArgumentsRenderingPolicy; : loaded 2 times (x 69B)
Class kotlin.reflect.jvm.internal.impl.load.java.components.SignaturePropagator$1     : loaded 2 times (x 75B)
Class com.google.common.cache.LocalCache$LocalLoadingCache                            : loaded 2 times (x 134B)
Class [Lorg.objectweb.asm.AnnotationVisitor;                                          : loaded 2 times (x 69B)
Class kotlin.jvm.functions.Function20                                                 : loaded 2 times (x 70B)
Class com.google.common.collect.ImmutableListMultimap                                 : loaded 2 times (x 176B)
Class kotlin.reflect.jvm.internal.impl.descriptors.runtime.components.ReflectJavaClassFinder: loaded 2 times (x 77B)
Class com.google.common.cache.CacheLoader$FunctionToCacheLoader                       : loaded 2 times (x 75B)
Class kotlin.reflect.jvm.internal.impl.builtins.KotlinBuiltIns                        : loaded 2 times (x 113B)
Class kotlin.reflect.jvm.internal.impl.serialization.SerializerExtensionProtocol      : loaded 2 times (x 72B)
Class com.amazon.ion.IonValue                                                         : loaded 2 times (x 70B)
Class jdk.internal.jrtfs.SystemImage$2                                                : loaded 2 times (x 76B)
Class kotlin.reflect.jvm.internal.impl.load.java.structure.LightClassOriginKind       : loaded 2 times (x 79B)
Class org.jetbrains.kotlin.incremental.IncrementalCompilationFeatures$Companion       : loaded 2 times (x 71B)
Class kotlin.collections.builders.ListBuilder$Companion                               : loaded 2 times (x 71B)
Class kotlin.collections.builders.ListBuilder                                         : loaded 2 times (x 207B)
Class kotlin.collections.builders.AbstractMapBuilderEntrySet                          : loaded 2 times (x 144B)
Class kotlin.reflect.jvm.internal.impl.descriptors.impl.LazyClassReceiverParameterDescriptor: loaded 2 times (x 137B)
Class kotlin.reflect.jvm.internal.impl.metadata.ProtoBuf$QualifiedNameTable$QualifiedName$Kind$1: loaded 2 times (x 74B)
Class kotlin.reflect.jvm.internal.impl.serialization.deserialization.ClassDeserializer$ClassKey: loaded 2 times (x 72B)
Class kotlin.reflect.jvm.internal.impl.metadata.ProtoBuf$Type$1                       : loaded 2 times (x 87B)
Class kotlin.reflect.jvm.internal.impl.descriptors.PropertySetterDescriptor           : loaded 2 times (x 70B)
Class kotlin.reflect.jvm.internal.impl.descriptors.impl.VariableDescriptorWithInitializerImpl: loaded 2 times (x 143B)
Class kotlin.reflect.jvm.internal.impl.renderer.DescriptorRendererOptionsImpl         : loaded 2 times (x 92B)
Class kotlin.reflect.jvm.internal.impl.load.java.JavaClassesTracker$Default           : loaded 2 times (x 74B)
Class kotlin.reflect.jvm.internal.impl.name.FqNamesUtilKt                             : loaded 2 times (x 71B)
Class kotlin.reflect.jvm.internal.impl.types.model.TypeSystemCommonSuperTypesContext  : loaded 2 times (x 70B)
Class com.google.common.collect.EmptyImmutableListMultimap                            : loaded 2 times (x 176B)
Class com.google.common.collect.BaseImmutableMultimap                                 : loaded 2 times (x 123B)
Class kotlin.reflect.jvm.internal.impl.load.java.SpecialGenericSignatures$TypeSafeBarrierDescription: loaded 2 times (x 79B)
Class com.google.common.base.MoreObjects                                              : loaded 2 times (x 71B)
Class com.google.gson.internal.bind.DefaultDateTypeAdapter                            : loaded 2 times (x 74B)
Class com.google.gson.GsonBuilder                                                     : loaded 2 times (x 72B)
Class com.amazon.ion.impl.bin.IonRawBinaryWriter$ContainerType                        : loaded 2 times (x 79B)
Class com.amazon.ion.impl._Private_IonTextWriterBuilder$Mutable                       : loaded 2 times (x 102B)
Class [Lorg.jetbrains.kotlin.build.report.metrics.BuildAttribute;                     : loaded 2 times (x 69B)
Class org.jetbrains.kotlin.compilerRunner.OutputItemsCollectorImpl                    : loaded 2 times (x 77B)
Class org.jetbrains.kotlin.cli.common.arguments.Argument                              : loaded 2 times (x 70B)
Class [Lorg.jetbrains.kotlin.com.intellij.openapi.diagnostic.LogLevel;                : loaded 2 times (x 69B)
Class org.jetbrains.kotlin.cli.common.arguments.PreprocessCommandLineArgumentsKt      : loaded 2 times (x 71B)
Class kotlin.reflect.jvm.internal.impl.descriptors.java.JavaVisibilities$ProtectedStaticVisibility: loaded 2 times (x 75B)
Class kotlin.reflect.jvm.internal.impl.descriptors.Visibilities                       : loaded 2 times (x 71B)
Class kotlin.reflect.jvm.internal.impl.serialization.deserialization.descriptors.DeserializedClassDescriptor$DeserializedClassMemberScope$generateFakeOverrides$1: loaded 2 times (x 77B)
Class kotlin.reflect.jvm.internal.impl.serialization.deserialization.descriptors.DeserializedClassDescriptor$DeserializedClassTypeConstructor: loaded 2 times (x 97B)
Class kotlin.reflect.jvm.internal.impl.load.kotlin.header.ReadKotlinClassHeaderAnnotationVisitor$KotlinMetadataArgumentVisitor: loaded 2 times (x 86B)
Class kotlin.reflect.jvm.internal.impl.utils.SmartList                                : loaded 2 times (x 199B)
Class [Lkotlin.reflect.jvm.internal.impl.incremental.components.NoLookupLocation;     : loaded 2 times (x 69B)
Class kotlin.reflect.KProperty0                                                       : loaded 2 times (x 70B)
Class ijJvmDebugger1_byn4ji34ujebk2k6zcjholy1r                                        : loaded 2 times (x 171B)
Class com.android.builder.model.v2.ide.TestInfo$Execution                             : loaded 2 times (x 79B)
Class com.google.gson.internal.Primitives                                             : loaded 2 times (x 71B)
Class org.jetbrains.kotlin.cli.common.CompilerSystemProperties                        : loaded 2 times (x 80B)
Class [Lorg.objectweb.asm.Type;                                                       : loaded 2 times (x 69B)
Class com.google.gson.stream.JsonWriter                                               : loaded 2 times (x 98B)
Class jdk.internal.jrtfs.SystemImage                                                  : loaded 2 times (x 74B)
Class org.jetbrains.kotlin.idea.gradleTooling.KotlinSourceSetContainer                : loaded 2 times (x 70B)
Class org.jetbrains.plugins.gradle.model.IntelliJSettings                             : loaded 2 times (x 70B)
Class org.gradle.internal.service.ServiceLocator                                      : loaded 2 times (x 70B)
Class jdk.internal.jrtfs.JrtFileSystemProvider                                        : loaded 2 times (x 101B)
Class [Lkotlin.Function;                                                              : loaded 2 times (x 69B)
Class kotlin.reflect.jvm.internal.impl.load.java.SpecialGenericSignatures$Companion$NameAndSignature: loaded 2 times (x 72B)
Class kotlin.reflect.jvm.internal.impl.descriptors.impl.ValueParameterDescriptorImpl  : loaded 2 times (x 165B)
Class org.gradle.api.internal.ClassPathProvider                                       : loaded 2 times (x 70B)
Class kotlin.reflect.jvm.internal.impl.metadata.deserialization.NameResolverImpl      : loaded 2 times (x 77B)
Class kotlin.reflect.jvm.internal.impl.load.java.structure.JavaTypeParameterListOwner : loaded 2 times (x 70B)
Class kotlin.reflect.jvm.internal.impl.metadata.deserialization.VersionSpecificBehaviorKt: loaded 2 times (x 71B)
Class [Lkotlin.reflect.jvm.internal.impl.descriptors.impl.DeclarationDescriptorImpl;  : loaded 2 times (x 69B)
Class [Lkotlin.reflect.jvm.internal.impl.metadata.ProtoBuf$Annotation$Argument$Value$Type;: loaded 2 times (x 69B)
Class kotlin.reflect.jvm.internal.impl.metadata.jvm.JvmProtoBuf$JvmFieldSignature     : loaded 2 times (x 96B)
Class kotlin.reflect.jvm.internal.impl.protobuf.SmallSortedMap                        : loaded 2 times (x 129B)
Class kotlin.reflect.jvm.internal.impl.protobuf.LazyField                             : loaded 2 times (x 77B)
Class kotlin.reflect.jvm.internal.impl.storage.DefaultSimpleLock                      : loaded 2 times (x 78B)
Class [Lorg.gradle.api.internal.ClassPathProvider;                                    : loaded 2 times (x 69B)
Class kotlin.reflect.KClass                                                           : loaded 2 times (x 70B)
Class kotlin.reflect.KProperty1                                                       : loaded 2 times (x 70B)
Class org.gradle.tooling.ToolingModelContract                                         : loaded 2 times (x 70B)
Class com.google.common.base.Ascii                                                    : loaded 2 times (x 71B)
Class com.google.common.collect.SingletonImmutableBiMap                               : loaded 2 times (x 143B)
Class com.google.common.cache.LocalCache$1                                            : loaded 2 times (x 89B)
Class com.google.gson.internal.bind.TypeAdapterRuntimeTypeWrapper                     : loaded 2 times (x 74B)
Class kotlin.sequences.SequenceScope                                                  : loaded 2 times (x 73B)
Class com.google.common.collect.AbstractMapEntry                                      : loaded 2 times (x 81B)
Class Settings_gradle$1$1$1$1                                                         : loaded 2 times (x 74B)
Class com.amazon.ion.impl.IonWriterSystem                                             : loaded 2 times (x 171B)
Class com.amazon.ion.impl.bin.Symbols$2                                               : loaded 2 times (x 107B)
Class com.amazon.ion.impl.bin._Private_IonManagedWriter                               : loaded 2 times (x 70B)
Class com.android.ide.gradle.model.GradlePropertiesModel                              : loaded 2 times (x 70B)
Class org.gradle.tooling.internal.adapter.ProtocolToModelAdapter$SupportedPropertyInvoker: loaded 2 times (x 76B)
Class org.gradle.tooling.model.UnsupportedMethodException                             : loaded 2 times (x 82B)
Class kotlin.reflect.jvm.internal.impl.serialization.deserialization.descriptors.DescriptorWithContainerSource: loaded 2 times (x 70B)
Class kotlin.sequences.GeneratorSequence$iterator$1                                   : loaded 2 times (x 79B)
Class kotlin.reflect.jvm.internal.impl.load.java.structure.JavaPrimitiveType          : loaded 2 times (x 70B)
Class kotlin.io.CloseableKt                                                           : loaded 2 times (x 71B)
Class kotlin.reflect.jvm.internal.impl.metadata.ProtoBuf$Annotation$Argument$Value$Builder: loaded 2 times (x 92B)
Class kotlin.reflect.jvm.internal.impl.metadata.jvm.JvmProtoBuf$StringTableTypes      : loaded 2 times (x 96B)
Class kotlin.reflect.jvm.internal.impl.descriptors.Visibilities$Inherited             : loaded 2 times (x 75B)
Class kotlin.reflect.jvm.internal.impl.load.java.NullabilityAnnotationStates$Companion: loaded 2 times (x 71B)
Class kotlin.reflect.jvm.internal.impl.load.kotlin.KotlinClassFinder                  : loaded 2 times (x 70B)
Class kotlin.reflect.KProperty2                                                       : loaded 2 times (x 70B)
Class com.google.common.collect.NaturalOrdering                                       : loaded 2 times (x 115B)
Class com.android.builder.model.v2.ide.BytecodeTransformation                         : loaded 2 times (x 79B)
Class com.google.common.collect.Sets$ImprovedAbstractSet                              : loaded 2 times (x 135B)
Class com.amazon.ion.SymbolToken                                                      : loaded 2 times (x 70B)
Class com.amazon.ion.impl.bin.IonRawBinaryWriter                                      : loaded 2 times (x 169B)
Class com.google.common.cache.LocalCache$2                                            : loaded 2 times (x 142B)
Class com.google.common.collect.AbstractSetMultimap                                   : loaded 2 times (x 174B)
Class com.amazon.ion.impl.lite.IonContainerLite                                       : loaded 2 times (x 248B)
Class com.amazon.ion.IonBufferConfiguration$OversizedSymbolTableHandler               : loaded 2 times (x 70B)
Class com.amazon.ion.system.IonWriterBuilder                                          : loaded 2 times (x 74B)
Class org.jetbrains.plugins.gradle.tooling.serialization.ToolingStreamApiUtils        : loaded 2 times (x 71B)
Class com.amazon.ion.facet.Faceted                                                    : loaded 2 times (x 70B)
Class kotlin.coroutines.CoroutineContext$Element                                      : loaded 2 times (x 70B)
Class com.amazon.ion.impl.SharedSymbolTable                                           : loaded 2 times (x 93B)
Class org.jetbrains.kotlin.build.report.metrics.ValueType                             : loaded 2 times (x 79B)
Class com.amazon.ion.impl._Private_RecyclingStack$$Iterator                           : loaded 2 times (x 99B)
Class kotlin.reflect.jvm.internal.impl.resolve.DescriptorFactory                      : loaded 2 times (x 71B)
Class kotlin.reflect.jvm.internal.impl.metadata.ProtoBuf$Annotation$Argument$1        : loaded 2 times (x 87B)
Class kotlin.reflect.jvm.internal.impl.types.SimpleTypeImpl                           : loaded 2 times (x 89B)
Class kotlin.reflect.jvm.internal.impl.renderer.DescriptorRendererImpl                : loaded 2 times (x 99B)
Class kotlin.reflect.jvm.internal.impl.renderer.DescriptorRenderer$Companion          : loaded 2 times (x 71B)
Class kotlin.reflect.jvm.internal.impl.storage.LockBasedStorageManager$MapBasedMemoizedFunctionToNotNull: loaded 2 times (x 84B)
Class kotlin.reflect.jvm.internal.impl.utils.CollectionsKt                            : loaded 2 times (x 71B)
Class [Lorg.jetbrains.kotlin.idea.projectModel.KotlinPlatform;                        : loaded 2 times (x 69B)
Class com.android.builder.model.v2.ide.CodeShrinker                                   : loaded 2 times (x 79B)
Class com.google.gson.FieldNamingStrategy                                             : loaded 2 times (x 70B)
Class com.google.gson.internal.bind.MapTypeAdapterFactory$Adapter                     : loaded 2 times (x 74B)
Class com.google.gson.internal.sql.SqlTimeTypeAdapter$1                               : loaded 2 times (x 75B)
Class com.google.gson.JsonArray                                                       : loaded 2 times (x 100B)
Class org.jetbrains.kotlin.idea.projectModel.KotlinAndroidSourceSetInfo               : loaded 2 times (x 70B)
Class com.amazon.ion.impl.bin.utf8.Poolable                                           : loaded 2 times (x 79B)
Class com.amazon.ion.IonSymbol                                                        : loaded 2 times (x 70B)
Class org.jetbrains.plugins.gradle.tooling.serialization.AnnotationProcessingModelSerializationService$WriteContext: loaded 2 times (x 72B)
Class org.jetbrains.kotlin.metadata.deserialization.MetadataVersion                   : loaded 2 times (x 73B)
Class org.jetbrains.kotlin.build.report.metrics.RUN_COMPILATION_IN_WORKER             : loaded 2 times (x 72B)
Class kotlin.collections.AbstractIterator                                             : loaded 2 times (x 83B)
Class com.android.builder.model.v2.models.BasicAndroidProject                         : loaded 2 times (x 70B)
Class kotlin.reflect.jvm.internal.impl.types.model.TypeSystemInferenceExtensionContext: loaded 2 times (x 70B)
Class [Lkotlin.reflect.jvm.internal.impl.descriptors.TypeParameterDescriptor;         : loaded 2 times (x 69B)
Class kotlin.reflect.jvm.internal.impl.serialization.deserialization.descriptors.DeserializedContainerAbiStability: loaded 2 times (x 79B)
Class [Lkotlin.reflect.jvm.internal.impl.metadata.ProtoBuf$Type$Argument$Projection;  : loaded 2 times (x 69B)
Class kotlin.reflect.jvm.internal.impl.descriptors.runtime.structure.ReflectJavaPackage: loaded 2 times (x 82B)
Class kotlin.reflect.jvm.internal.impl.serialization.deserialization.AnnotationAndConstantLoaderImpl: loaded 2 times (x 84B)
Class kotlin.reflect.jvm.internal.impl.metadata.ProtoBuf$Annotation$1                 : loaded 2 times (x 87B)
Class kotlin.reflect.jvm.internal.impl.resolve.scopes.MemberScope$Empty               : loaded 2 times (x 92B)
Class kotlin.reflect.jvm.internal.impl.storage.LockBasedStorageManager$LockBasedNotNullLazyValue: loaded 2 times (x 84B)
Class kotlin.reflect.jvm.internal.impl.builtins.jvm.JavaToKotlinClassMap$PlatformMutabilityMapping: loaded 2 times (x 72B)
Class kotlin.reflect.jvm.internal.impl.types.checker.KotlinTypePreparator$Default     : loaded 2 times (x 73B)
Class com.google.common.util.concurrent.AbstractFuture$Trusted                        : loaded 2 times (x 70B)
Class kotlin.reflect.jvm.internal.impl.load.java.lazy.types.JavaTypeAttributes        : loaded 2 times (x 72B)
Class com.intellij.compose.ide.plugin.gradleTooling.rt.ComposeResourcesModel          : loaded 2 times (x 70B)
Class org.jetbrains.kotlin.idea.gradleTooling.KotlinGradlePluginVersion               : loaded 2 times (x 70B)
Class com.intellij.gradle.toolingExtension.impl.util.collectionUtil.GradleCollections : loaded 2 times (x 71B)
Class com.amazon.ion.impl.lite.IonStructLite                                          : loaded 2 times (x 298B)
Class com.amazon.ion.impl._Private_ReaderWriter                                       : loaded 2 times (x 70B)
Class com.amazon.ion.impl.bin.AbstractSymbolTable                                     : loaded 2 times (x 107B)
Class com.amazon.ion.Decimal                                                          : loaded 2 times (x 133B)
Class com.amazon.ion.impl.bin._Private_IonManagedBinaryWriterBuilder$AllocatorMode$1  : loaded 2 times (x 80B)
Class org.jetbrains.plugins.gradle.tooling.serialization.ProjectDependenciesSerializationService$WriteContext: loaded 2 times (x 72B)
Class org.jetbrains.plugins.gradle.tooling.serialization.ProjectDependenciesSerializationService: loaded 2 times (x 77B)
Class org.gradle.tooling.model.kotlin.dsl.KotlinDslScriptModel                        : loaded 2 times (x 70B)
Class org.gradle.tooling.internal.adapter.CollectionMapper                            : loaded 2 times (x 73B)
Class jdk.internal.jimage.ImageLocation                                               : loaded 2 times (x 90B)
Class jdk.internal.jrtfs.JrtDirectoryStream$1                                         : loaded 2 times (x 83B)
Class kotlin.collections.MutableMapWithDefault                                        : loaded 2 times (x 70B)
Class org.jetbrains.kotlin.config.Services                                            : loaded 2 times (x 72B)
Class kotlin.coroutines.ContinuationInterceptor$Key                                   : loaded 2 times (x 71B)
Class kotlin.text.DelimitedRangesSequence$iterator$1                                  : loaded 2 times (x 79B)
Class kotlin.reflect.jvm.internal.impl.descriptors.impl.PropertySetterDescriptorImpl  : loaded 2 times (x 191B)
Class kotlin.reflect.jvm.internal.impl.serialization.deserialization.AnnotatedCallableKind: loaded 2 times (x 79B)
Class kotlin.reflect.jvm.internal.impl.serialization.deserialization.ProtoEnumFlagsUtilsKt: loaded 2 times (x 71B)
Class kotlin.reflect.jvm.internal.impl.resolve.scopes.receivers.ReceiverValue         : loaded 2 times (x 70B)
Class kotlin.reflect.jvm.internal.impl.descriptors.impl.ClassDescriptorImpl           : loaded 2 times (x 175B)
Class kotlin.reflect.jvm.internal.impl.descriptors.CallableMemberDescriptor           : loaded 2 times (x 70B)
Class kotlin.reflect.jvm.internal.impl.descriptors.Substitutable                      : loaded 2 times (x 70B)
Class kotlin.reflect.jvm.internal.impl.descriptors.Modality                           : loaded 2 times (x 79B)
Class kotlin.reflect.jvm.internal.impl.storage.LockBasedStorageManager$NotValue       : loaded 2 times (x 79B)
Class kotlin.reflect.jvm.internal.ModuleByClassLoaderKt                               : loaded 2 times (x 71B)
Class kotlin.reflect.jvm.internal.impl.protobuf.FieldSet$FieldDescriptorLite          : loaded 2 times (x 70B)
Class [Lcom.android.builder.model.v2.ide.LibraryType;                                 : loaded 2 times (x 69B)
Class com.android.builder.model.v2.ide.LibraryType                                    : loaded 2 times (x 79B)
Class com.google.common.io.ByteSink$AsCharSink                                        : loaded 2 times (x 80B)
Class org.jetbrains.kotlin.tooling.core.KotlinToolingVersion                          : loaded 2 times (x 75B)
Class kotlin.reflect.jvm.internal.impl.metadata.ProtoBuf$VersionRequirementTable$1    : loaded 2 times (x 87B)
Class com.google.common.util.concurrent.UncheckedExecutionException                   : loaded 2 times (x 82B)
Class com.google.gson.internal.bind.DefaultDateTypeAdapter$DateType                   : loaded 2 times (x 73B)
Class com.amazon.ion.impl.lite.IonFloatLite                                           : loaded 2 times (x 186B)
Class com.amazon.ion.impl._Private_IonTextWriterBuilder                               : loaded 2 times (x 102B)
Class com.amazon.ion.impl.bin._Private_IonManagedBinaryWriterBuilder$AllocatorMode$2  : loaded 2 times (x 80B)
Class com.google.common.collect.ExplicitOrdering                                      : loaded 2 times (x 115B)
Class kotlin.jvm.internal.Ref$IntRef                                                  : loaded 2 times (x 71B)
Class org.jetbrains.kotlin.build.report.metrics.BuildAttribute$Companion              : loaded 2 times (x 71B)
Class kotlin.io.FileTreeWalk$FileTreeWalkIterator$WhenMappings                        : loaded 2 times (x 71B)
Class kotlin.collections.builders.MapBuilder$EntriesItr                               : loaded 2 times (x 81B)
Class kotlin.reflect.jvm.internal.impl.resolve.MemberComparator$NameAndTypeMemberComparator: loaded 2 times (x 91B)
Class kotlin.reflect.jvm.internal.impl.load.java.lazy.descriptors.JavaDescriptorUtilKt: loaded 2 times (x 71B)
Class kotlin.reflect.jvm.internal.impl.descriptors.DescriptorUtilKt                   : loaded 2 times (x 71B)
Class kotlin.reflect.jvm.internal.impl.renderer.DescriptorRendererModifier            : loaded 2 times (x 79B)
Class kotlin.reflect.jvm.internal.impl.resolve.constants.ConstantValue                : loaded 2 times (x 74B)
Class kotlin.reflect.jvm.internal.impl.load.java.lazy.ModuleClassResolver             : loaded 2 times (x 70B)
Class kotlin.reflect.jvm.internal.impl.descriptors.annotations.Annotations            : loaded 2 times (x 70B)
Class kotlin.reflect.jvm.internal.impl.descriptors.annotations.Annotated              : loaded 2 times (x 70B)
Class com.google.gson.internal.bind.ReflectiveTypeAdapterFactory$1                    : loaded 2 times (x 74B)
Class org.jetbrains.plugins.gradle.ExternalDependencyId                               : loaded 2 times (x 70B)
Class com.amazon.ion.impl._Private_RecyclingStack                                     : loaded 2 times (x 79B)
Class com.amazon.ion.impl._Private_IonReaderBuilder                                   : loaded 2 times (x 97B)
Class com.amazon.ion.IonMutableCatalog                                                : loaded 2 times (x 70B)
Class gnu.trove.THash                                                                 : loaded 2 times (x 81B)
Class com.intellij.gradle.toolingExtension.impl.model.buildScriptClasspathModel.GradleBuildScriptClasspathSerializationService$WriteContext: loaded 2 times (x 72B)
Class org.gradle.tooling.internal.adapter.ProtocolToModelAdapter                      : loaded 2 times (x 80B)
Class jdk.internal.jimage.ImageBufferCache$1                                          : loaded 2 times (x 83B)
Class kotlin.DeprecationLevel                                                         : loaded 2 times (x 79B)
Class kotlin.time.DurationUnitKt__DurationUnitJvmKt                                   : loaded 2 times (x 71B)
Class kotlin.reflect.KClasses                                                         : loaded 2 times (x 71B)
Class kotlin.reflect.jvm.internal.impl.load.java.descriptors.JavaCallableMemberDescriptor: loaded 2 times (x 70B)
Class kotlin.collections.ArraysKt___ArraysKt$asSequence$$inlined$Sequence$1           : loaded 2 times (x 75B)
Class kotlin.reflect.jvm.internal.impl.metadata.jvm.JvmProtoBuf$JvmPropertySignature$Builder: loaded 2 times (x 92B)
Class kotlin.reflect.jvm.internal.impl.metadata.jvm.JvmProtoBuf$StringTableTypes$Record$Operation$1: loaded 2 times (x 74B)
Class kotlin.reflect.jvm.internal.impl.protobuf.AbstractMessageLite$Builder$LimitedInputStream: loaded 2 times (x 92B)
Class kotlin.reflect.jvm.internal.impl.load.java.lazy.types.JavaTypeResolver          : loaded 2 times (x 72B)
Class kotlin.reflect.jvm.internal.impl.descriptors.deserialization.AdditionalClassPartsProvider: loaded 2 times (x 70B)
Class kotlin.reflect.jvm.internal.impl.descriptors.runtime.components.RuntimeSourceElementFactory: loaded 2 times (x 74B)
Class kotlin.reflect.jvm.internal.impl.descriptors.DeserializedDescriptor             : loaded 2 times (x 70B)
Class kotlin.reflect.jvm.internal.ReflectionFactoryImpl                               : loaded 2 times (x 91B)
Class kotlin.reflect.jvm.internal.impl.serialization.deserialization.descriptors.DeserializedClassDescriptor$memberScopeHolder$1: loaded 2 times (x 129B)
Class com.android.builder.model.v2.ide.AndroidGradlePluginProjectFlags$BooleanFlag    : loaded 2 times (x 79B)
Class com.google.common.collect.AbstractMapBasedMultimap$KeySet$1                     : loaded 2 times (x 82B)
Class com.android.ide.common.gradle.Separator                                         : loaded 2 times (x 79B)
Class org.objectweb.asm.ClassWriter                                                   : loaded 2 times (x 106B)
Class kotlin.sequences.SequencesKt__SequencesKt$sequenceOf$$inlined$Sequence$1        : loaded 2 times (x 75B)
Class com.google.common.cache.CacheLoader$UnsupportedLoadingOperationException        : loaded 2 times (x 82B)
Class com.google.gson.internal.bind.ReflectiveTypeAdapterFactory$2                    : loaded 2 times (x 79B)
Class org.jetbrains.kotlin.idea.projectModel.KonanRunConfigurationModel               : loaded 2 times (x 70B)
Class com.google.common.collect.HashMultimapGwtSerializationDependencies              : loaded 2 times (x 174B)
Class org.gradle.internal.time.DefaultTimer                                           : loaded 2 times (x 80B)
Class jdk.internal.jimage.ImageBufferCache$2                                          : loaded 2 times (x 91B)
Class kotlin.coroutines.ContinuationKt                                                : loaded 2 times (x 71B)
Class kotlin.reflect.jvm.internal.impl.load.java.SpecialGenericSignatures$TypeSafeBarrierDescription$MAP_GET_OR_DEFAULT: loaded 2 times (x 79B)
Class kotlin.collections.builders.ListBuilderKt                                       : loaded 2 times (x 71B)
Class kotlin.reflect.jvm.internal.impl.descriptors.runtime.structure.ReflectJavaType  : loaded 2 times (x 84B)
Class kotlin.reflect.jvm.internal.impl.descriptors.ParameterDescriptor                : loaded 2 times (x 70B)
Class kotlin.reflect.jvm.internal.impl.serialization.deserialization.ContractDeserializer: loaded 2 times (x 70B)
Class kotlin.reflect.jvm.internal.WeakClassLoaderBox                                  : loaded 2 times (x 72B)
Class kotlin.reflect.jvm.internal.impl.builtins.StandardNames$FqNames                 : loaded 2 times (x 71B)
Class [Lkotlin.reflect.jvm.internal.impl.load.java.typeEnhancement.MutabilityQualifier;: loaded 2 times (x 69B)
Class kotlin.reflect.jvm.internal.impl.types.IntersectionTypeConstructor              : loaded 2 times (x 82B)
Class org.objectweb.asm.FieldVisitor                                                  : loaded 2 times (x 77B)
Class com.google.gson.ToNumberStrategy                                                : loaded 2 times (x 70B)
Class com.google.gson.TypeAdapter                                                     : loaded 2 times (x 73B)
Class com.google.common.collect.IndexedImmutableSet                                   : loaded 2 times (x 152B)
Class com.google.common.collect.ImmutableMap$1                                        : loaded 2 times (x 81B)
Class kotlin.reflect.jvm.internal.impl.descriptors.impl.ModuleAwareClassDescriptorKt  : loaded 2 times (x 71B)
Class com.amazon.ion.impl.bin.PooledBlockAllocatorProvider$PooledBlockAllocator$1     : loaded 2 times (x 79B)
Class com.amazon.ion.impl.lite.IonStringLite                                          : loaded 2 times (x 212B)
Class org.gradle.tooling.internal.adapter.ProtocolToModelAdapter$ViewKey              : loaded 2 times (x 72B)
Class org.gradle.api.internal.classpath.DefaultModuleRegistry$DefaultModule           : loaded 2 times (x 82B)
Class kotlin.collections.builders.MapBuilder$EntryRef                                 : loaded 2 times (x 81B)
Class kotlin.reflect.jvm.internal.impl.types.TypeSubstitutor                          : loaded 2 times (x 79B)
Class kotlin.reflect.jvm.internal.impl.descriptors.impl.PropertyGetterDescriptorImpl  : loaded 2 times (x 191B)
Class kotlin.reflect.jvm.internal.impl.resolve.scopes.receivers.ImplicitReceiver      : loaded 2 times (x 70B)
Class kotlin.reflect.jvm.internal.impl.protobuf.SmallSortedMap$EntryIterator          : loaded 2 times (x 83B)
Class kotlin.reflect.jvm.internal.impl.serialization.deserialization.ProtoEnumFlags   : loaded 2 times (x 71B)
Class kotlin.reflect.jvm.internal.impl.descriptors.runtime.components.ReflectAnnotationSource: loaded 2 times (x 75B)
Class kotlin.reflect.jvm.internal.impl.storage.LockBasedStorageManager$KeyWithComputation: loaded 2 times (x 72B)
Class kotlin.reflect.jvm.internal.impl.metadata.ProtoBuf$Property                     : loaded 2 times (x 102B)
Class kotlin.reflect.jvm.internal.impl.descriptors.SupertypeLoopChecker$EMPTY         : loaded 2 times (x 74B)
Class kotlin.jvm.internal.KotlinGenericDeclaration                                    : loaded 2 times (x 70B)
Class com.android.builder.model.v2.CustomSourceDirectory                              : loaded 2 times (x 70B)
Class com.google.common.primitives.Ints                                               : loaded 2 times (x 71B)
Class kotlin.coroutines.ContinuationInterceptor$DefaultImpls                          : loaded 2 times (x 71B)
Class com.android.ide.common.repository.AgpVersion                                    : loaded 2 times (x 75B)
Class org.jetbrains.kotlin.tooling.core.ExtrasUtilsKt                                 : loaded 2 times (x 71B)
Class com.amazon.ion.impl.bin.Block                                                   : loaded 2 times (x 79B)
Class com.google.common.collect.NullsFirstOrdering                                    : loaded 2 times (x 115B)
Class org.gradle.tooling.internal.adapter.ProtocolToModelAdapter$PropertyCachingMethodInvoker: loaded 2 times (x 76B)
Class org.jetbrains.kotlin.build.report.metrics.BuildAttributeKind$Companion          : loaded 2 times (x 71B)
Class org.gradle.api.internal.DefaultClassPathProvider                                : loaded 2 times (x 76B)
Class kotlin.reflect.jvm.internal.impl.metadata.ProtoBuf$Visibility                   : loaded 2 times (x 82B)
Class kotlin.collections.IndexingIterable                                             : loaded 2 times (x 79B)
Class kotlin.reflect.jvm.internal.impl.builtins.jvm.JvmBuiltInClassDescriptorFactory  : loaded 2 times (x 77B)
Class kotlin.reflect.jvm.internal.impl.metadata.ProtoBuf$ConstructorOrBuilder         : loaded 2 times (x 70B)
Class kotlin.reflect.jvm.internal.impl.types.TypeSubstitution                         : loaded 2 times (x 77B)
Class kotlin.reflect.jvm.internal.impl.load.java.typeEnhancement.SignatureEnhancement : loaded 2 times (x 72B)
Class kotlin.reflect.jvm.internal.impl.load.java.NullabilityAnnotationStatesImpl      : loaded 2 times (x 75B)
Class com.google.common.collect.ComparatorOrdering                                    : loaded 2 times (x 115B)
Class com.android.builder.model.v2.models.ProjectSyncIssues                           : loaded 2 times (x 70B)
Class com.google.common.collect.ObjectArrays                                          : loaded 2 times (x 71B)
Class com.google.common.math.MathPreconditions                                        : loaded 2 times (x 71B)
Class com.intellij.gradle.toolingExtension.impl.model.buildScriptClasspathModel.GradleBuildScriptClasspathSerializationService$ReadContext: loaded 2 times (x 72B)
Class com.google.common.collect.ArrayListMultimapGwtSerializationDependencies         : loaded 2 times (x 172B)
Class com.amazon.ion.impl._Private_IonContainer                                       : loaded 2 times (x 70B)
Class org.jetbrains.kotlin.idea.projectModel.KotlinTarget                             : loaded 2 times (x 70B)
Class com.intellij.openapi.externalSystem.model.ExternalSystemException               : loaded 2 times (x 86B)
Class org.jetbrains.plugins.gradle.model.ExternalTask                                 : loaded 2 times (x 70B)
Class com.amazon.ion.impl.bin.utf8.Utf8StringEncoderPool$1                            : loaded 2 times (x 76B)
Class com.amazon.ion.impl.lite.IonLoaderLite                                          : loaded 2 times (x 82B)
Class com.amazon.ion.impl.lite.IonContext                                             : loaded 2 times (x 70B)
Class com.amazon.ion.impl.IonWriterSystemText                                         : loaded 2 times (x 190B)
Class [Lcom.amazon.ion.impl.bin.IonManagedBinaryWriter$ImportedSymbolResolverMode;    : loaded 2 times (x 69B)
Class com.amazon.ion.ValueFactory                                                     : loaded 2 times (x 70B)
Class org.gradle.internal.time.DefaultCountdownTimer                                  : loaded 2 times (x 88B)
Class kotlin.reflect.jvm.internal.impl.metadata.jvm.JvmProtoBuf$StringTableTypes$Record: loaded 2 times (x 96B)
Class kotlin.reflect.jvm.internal.impl.metadata.ProtoBuf$Annotation$Argument$Value$Type: loaded 2 times (x 82B)
Class kotlin.reflect.jvm.internal.impl.types.ClassTypeConstructorImpl                 : loaded 2 times (x 97B)
Class com.amazon.ion.impl._Private_RecyclingQueue$ElementFactory                      : loaded 2 times (x 70B)
Class kotlin.reflect.jvm.internal.impl.builtins.jvm.JavaToKotlinClassMap              : loaded 2 times (x 71B)
Class kotlin.reflect.jvm.internal.KotlinReflectionInternalError                       : loaded 2 times (x 82B)
Class com.google.gson.FieldNamingPolicy                                               : loaded 2 times (x 83B)
Class com.google.gson.internal.ObjectConstructor                                      : loaded 2 times (x 70B)
Class com.google.common.collect.ImmutableMapEntrySet                                  : loaded 2 times (x 152B)
Class com.google.gson.FormattingStyle                                                 : loaded 2 times (x 78B)
Class org.jetbrains.kotlin.idea.projectModel.KotlinCompilationOutput                  : loaded 2 times (x 70B)
Class com.amazon.ion.impl.bin.IonManagedBinaryWriter$SymbolResolver                   : loaded 2 times (x 70B)
Class com.amazon.ion.impl._Private_SymbolToken                                        : loaded 2 times (x 70B)
Class com.amazon.ion.impl.bin._Private_IonManagedBinaryWriterBuilder$AllocatorMode    : loaded 2 times (x 80B)
Class org.jetbrains.plugins.gradle.model.GradleTaskModel                              : loaded 2 times (x 70B)
Class org.jetbrains.plugins.gradle.tooling.util.ObjectCollector                       : loaded 2 times (x 72B)
Class org.gradle.tooling.internal.adapter.ProtocolToModelAdapter$AdaptingMethodInvoker: loaded 2 times (x 76B)
Class org.gradle.tooling.internal.gradle.DefaultBuildIdentifier                       : loaded 2 times (x 79B)
Class org.gradle.api.internal.classpath.Module                                        : loaded 2 times (x 70B)
Class com.google.gson.internal.bind.TypeAdapters                                      : loaded 2 times (x 71B)
Class kotlin.reflect.jvm.internal.impl.resolve.OverridingStrategy                     : loaded 2 times (x 75B)
Class kotlin.reflect.jvm.internal.impl.metadata.ProtoBuf$QualifiedNameTable$1         : loaded 2 times (x 87B)
Class org.objectweb.asm.AnnotationVisitor                                             : loaded 2 times (x 78B)
Class kotlin.reflect.jvm.internal.impl.protobuf.RopeByteString                        : loaded 2 times (x 99B)
Class kotlin.reflect.jvm.internal.impl.incremental.UtilsKt                            : loaded 2 times (x 71B)
Class kotlin.reflect.jvm.internal.impl.metadata.jvm.JvmProtoBuf$JvmMethodSignatureOrBuilder: loaded 2 times (x 70B)
Class kotlin.reflect.jvm.internal.impl.resolve.sam.SamConversionResolver              : loaded 2 times (x 70B)
Class kotlin.KotlinVersion                                                            : loaded 2 times (x 74B)
Class kotlin.reflect.jvm.internal.impl.builtins.jvm.JvmBuiltIns                       : loaded 2 times (x 113B)
Class kotlin.reflect.KMutableProperty                                                 : loaded 2 times (x 70B)
Class com.google.common.cache.Weigher                                                 : loaded 2 times (x 70B)
Class com.intellij.openapi.externalSystem.model.project.IExternalSystemSourceType     : loaded 2 times (x 70B)
Class [Lcom.amazon.ion.util.GzipStreamInterceptor;                                    : loaded 2 times (x 69B)
Class com.amazon.ion.impl._Private_IonReaderBuilder$Mutable                           : loaded 2 times (x 97B)
Class org.gradle.api.internal.classpath.UnknownModuleException                        : loaded 2 times (x 82B)
Class jdk.internal.jimage.ImageHeader                                                 : loaded 2 times (x 71B)
Class org.jetbrains.kotlin.config.Services$Companion                                  : loaded 2 times (x 71B)
Class kotlin.reflect.jvm.internal.impl.protobuf.CodedOutputStream$OutOfSpaceException : loaded 2 times (x 82B)
Class kotlin.reflect.jvm.internal.impl.load.kotlin.KotlinJvmBinaryClass$AnnotationVisitor: loaded 2 times (x 70B)
Class kotlin.reflect.jvm.internal.impl.protobuf.SmallSortedMap$EmptySet$1             : loaded 2 times (x 78B)
Class kotlin.reflect.jvm.internal.impl.protobuf.FieldSet                              : loaded 2 times (x 72B)
Class kotlin.reflect.jvm.internal.impl.descriptors.ConstructorDescriptor              : loaded 2 times (x 70B)
Class kotlin.reflect.jvm.internal.impl.storage.LockBasedStorageManager$ExceptionHandlingStrategy$1: loaded 2 times (x 74B)
Class kotlin.jvm.internal.PropertyReference                                           : loaded 2 times (x 119B)
Class com.google.common.base.Stopwatch                                                : loaded 2 times (x 72B)
Class com.google.common.cache.LocalCache$Strength                                     : loaded 2 times (x 81B)
Class com.google.common.cache.Cache                                                   : loaded 2 times (x 70B)
Class com.google.gson.stream.JsonReader$1                                             : loaded 2 times (x 72B)
Class com.intellij.openapi.externalSystem.model.project.dependencies.ProjectDependencies: loaded 2 times (x 70B)
Class org.jetbrains.plugins.gradle.tooling.serialization.ProjectDependenciesSerializationService$ReadContext: loaded 2 times (x 72B)
Class kotlin.coroutines.CombinedContext                                               : loaded 2 times (x 78B)
Class org.jetbrains.kotlin.build.report.metrics.BuildMetricsReporter                  : loaded 2 times (x 70B)
Class kotlin.reflect.KProperty1$Getter                                                : loaded 2 times (x 70B)
Class kotlin.reflect.jvm.internal.impl.types.AbstractTypeChecker                      : loaded 2 times (x 71B)
Class [Lkotlin.reflect.jvm.internal.impl.descriptors.DeclarationDescriptorNonRoot;    : loaded 2 times (x 69B)
Class kotlin.reflect.jvm.internal.impl.serialization.deserialization.descriptors.NonEmptyDeserializedAnnotations: loaded 2 times (x 89B)
Class kotlin.reflect.jvm.internal.impl.storage.SingleThreadValue                      : loaded 2 times (x 74B)
Class kotlin.reflect.jvm.internal.impl.serialization.deserialization.ProtoEnumFlags$WhenMappings: loaded 2 times (x 71B)
Class kotlin.collections.IndexingIterator                                             : loaded 2 times (x 79B)
Class kotlin.reflect.jvm.internal.impl.metadata.ProtoBuf$PackageOrBuilder             : loaded 2 times (x 70B)
Class kotlin.reflect.jvm.internal.impl.protobuf.SmallSortedMap$EmptySet$2             : loaded 2 times (x 78B)
Class kotlin.reflect.jvm.internal.impl.descriptors.ClassifierDescriptorWithTypeParameters: loaded 2 times (x 70B)
Class com.google.common.util.concurrent.AbstractFuture$Cancellation                   : loaded 2 times (x 72B)
Class com.google.common.collect.ImmutableMap$Builder                                  : loaded 2 times (x 82B)
Class org.jetbrains.kotlin.build.report.metrics.CLEAR_OUTPUT_ON_REBUILD               : loaded 2 times (x 72B)
Class org.jetbrains.kotlin.incremental.IncrementalModuleInfo                          : loaded 2 times (x 72B)
Class kotlin.reflect.jvm.internal.impl.load.java.typeEnhancement.JavaTypeQualifiers$Companion: loaded 2 times (x 71B)
Class kotlin.reflect.jvm.internal.impl.load.java.typeEnhancement.JavaTypeQualifiers   : loaded 2 times (x 72B)
Class kotlin.reflect.jvm.internal.impl.metadata.deserialization.Flags                 : loaded 2 times (x 71B)
Class kotlin.reflect.jvm.internal.impl.metadata.ProtoBuf$TypeParameter                : loaded 2 times (x 102B)
Class kotlin.reflect.jvm.internal.impl.metadata.ProtoBuf$Annotation                   : loaded 2 times (x 96B)
Class [Lkotlin.reflect.jvm.internal.impl.descriptors.DescriptorVisibility;            : loaded 2 times (x 69B)
Class kotlin.reflect.jvm.internal.impl.descriptors.VariableDescriptor                 : loaded 2 times (x 70B)
Class kotlin.reflect.jvm.internal.impl.descriptors.PackageFragmentProvider            : loaded 2 times (x 70B)
Class kotlin.reflect.jvm.internal.impl.load.java.JavaNullabilityAnnotationsStatus     : loaded 2 times (x 72B)
Class [Lkotlin.reflect.jvm.internal.impl.builtins.PrimitiveType;                      : loaded 2 times (x 69B)
Class kotlin.reflect.jvm.internal.impl.builtins.StandardNames                         : loaded 2 times (x 71B)
Class kotlin.reflect.jvm.internal.ReflectProperties$LazySoftVal                       : loaded 2 times (x 78B)
Class [Lkotlin.reflect.KAnnotatedElement;                                             : loaded 2 times (x 69B)
Class ijKotlinCoroutineJvmDebugInit1_885tz8ol6le0yei68nhgsaj83$_run_closure1          : loaded 2 times (x 139B)
Class com.google.common.cache.RemovalListener                                         : loaded 2 times (x 70B)
Class [Lcom.google.gson.ToNumberPolicy;                                               : loaded 2 times (x 69B)
Class com.google.gson.ToNumberPolicy                                                  : loaded 2 times (x 83B)
Class org.jetbrains.kotlin.idea.projectModel.KotlinNativeCompilationExtensions        : loaded 2 times (x 70B)
Class com.google.common.collect.AbstractMapBasedMultimap$WrappedCollection$WrappedIterator: loaded 2 times (x 84B)
Class com.amazon.ion.IonBufferConfiguration                                           : loaded 2 times (x 73B)
Class com.amazon.ion.impl.bin.Symbols                                                 : loaded 2 times (x 71B)
Class org.jetbrains.plugins.gradle.tooling.serialization.RepositoriesModelSerializationService: loaded 2 times (x 82B)
Class com.android.ide.gradle.model.artifacts.AdditionalClassifierArtifactsModel       : loaded 2 times (x 70B)
Class org.gradle.tooling.internal.gradle.GradleProjectIdentity                        : loaded 2 times (x 70B)
Class org.gradle.api.internal.DefaultClassPathRegistry                                : loaded 2 times (x 76B)
Class kotlin.annotation.AnnotationTarget                                              : loaded 2 times (x 79B)
Class org.jetbrains.kotlin.cli.common.messages.MessageCollector                       : loaded 2 times (x 70B)
Class com.android.ide.common.gradle.Numeric                                           : loaded 2 times (x 77B)
Class kotlin.reflect.jvm.internal.impl.metadata.deserialization.TypeTable             : loaded 2 times (x 72B)
Class kotlin.reflect.jvm.internal.impl.descriptors.runtime.components.ReflectKotlinClass: loaded 2 times (x 79B)
Class [Lkotlin.reflect.jvm.internal.impl.descriptors.PackageFragmentProviderOptimized;: loaded 2 times (x 69B)
Class kotlin.reflect.jvm.internal.impl.metadata.ProtoBuf$ValueParameterOrBuilder      : loaded 2 times (x 70B)
Class kotlin.reflect.jvm.internal.impl.metadata.ProtoBuf$Function                     : loaded 2 times (x 102B)
Class kotlin.reflect.jvm.internal.impl.renderer.RenderingFormat$PLAIN                 : loaded 2 times (x 80B)
Class kotlin.jvm.JvmClassMappingKt                                                    : loaded 2 times (x 71B)
Class kotlin.reflect.KProperty                                                        : loaded 2 times (x 70B)
Class kotlin.jvm.internal.Reflection                                                  : loaded 2 times (x 71B)
Class com.google.common.collect.ImmutableMultimap$Keys                                : loaded 2 times (x 166B)
Class com.android.builder.model.v2.ide.JavaArtifact                                   : loaded 2 times (x 70B)
Class com.google.common.primitives.IntsMethodsForWeb                                  : loaded 2 times (x 71B)
Class com.google.common.collect.ImmutableSet$SerializedForm                           : loaded 2 times (x 73B)
Class [Lcom.amazon.ion.impl.bin.AbstractIonWriter$WriteValueOptimization;             : loaded 2 times (x 69B)
Class org.jetbrains.plugins.gradle.tooling.serialization.RepositoriesModelSerializationService$ReadContext: loaded 2 times (x 72B)
Class org.gradle.internal.classpath.DefaultClassPath$ImmutableUniqueList              : loaded 2 times (x 199B)
Class org.gradle.api.internal.ClassPathRegistry                                       : loaded 2 times (x 70B)
Class jdk.internal.jimage.decompressor.ResourceDecompressor                           : loaded 2 times (x 70B)
Class kotlin.jvm.internal.TypeIntrinsics                                              : loaded 2 times (x 71B)
Class org.jetbrains.kotlin.build.report.metrics.INCREMENTAL_COMPILATION_DAEMON        : loaded 2 times (x 72B)
Class kotlin.reflect.jvm.internal.impl.load.java.JvmAbi                               : loaded 2 times (x 71B)
Class kotlin.reflect.jvm.internal.impl.resolve.DescriptorFactory$DefaultClassConstructorDescriptor: loaded 2 times (x 216B)
Class kotlin.reflect.jvm.internal.impl.metadata.ProtoBuf$QualifiedNameTableOrBuilder  : loaded 2 times (x 70B)
Class [Lkotlin.reflect.KCallable;                                                     : loaded 2 times (x 69B)
Class kotlin.reflect.jvm.internal.impl.resolve.scopes.ChainedMemberScope$Companion    : loaded 2 times (x 71B)
Class kotlin.reflect.jvm.internal.impl.descriptors.impl.SubpackagesScope              : loaded 2 times (x 93B)
Class kotlin.reflect.jvm.internal.impl.protobuf.GeneratedMessageLite$ExtensionDescriptor: loaded 2 times (x 83B)
Class kotlin.reflect.jvm.internal.impl.load.java.lazy.LazyJavaPackageFragmentProvider : loaded 2 times (x 80B)
Class kotlin.reflect.jvm.internal.impl.resolve.jvm.JvmPrimitiveType                   : loaded 2 times (x 79B)
Class kotlin.reflect.KProperty$Accessor                                               : loaded 2 times (x 70B)
Class kotlin.reflect.jvm.internal.impl.types.UnwrappedType                            : loaded 2 times (x 84B)
Class kotlin.reflect.jvm.internal.impl.resolve.ExternalOverridabilityCondition        : loaded 2 times (x 70B)
Class com.amazon.ion.impl.bin.IonManagedBinaryWriter$UserState                        : loaded 2 times (x 85B)
Class com.amazon.ion.impl._Private_IonWriter                                          : loaded 2 times (x 70B)
Class com.amazon.ion.impl.bin._Private_IonManagedBinaryWriterBuilder                  : loaded 2 times (x 72B)
Class com.intellij.gradle.toolingExtension.impl.model.projectModel.GradleExternalProjectSerializationService$WriteContext: loaded 2 times (x 73B)
Class com.google.common.collect.NullnessCasts                                         : loaded 2 times (x 71B)
Class kotlin.time.DurationUnit                                                        : loaded 2 times (x 79B)
Class kotlin.reflect.jvm.internal.impl.builtins.jvm.CloneableClassScope               : loaded 2 times (x 94B)
Class [Lkotlin.reflect.jvm.internal.impl.resolve.ExternalOverridabilityCondition$Result;: loaded 2 times (x 69B)
Class kotlin.reflect.jvm.internal.impl.load.java.AnnotationQualifierApplicabilityType : loaded 2 times (x 79B)
Class kotlin.reflect.jvm.internal.impl.serialization.deserialization.descriptors.DeserializedPackageMemberScope: loaded 2 times (x 103B)
Class kotlin.reflect.jvm.internal.impl.serialization.deserialization.descriptors.DeserializedAnnotations: loaded 2 times (x 89B)
Class kotlin.reflect.jvm.internal.impl.serialization.deserialization.descriptors.DeserializedMemberScope$Implementation: loaded 2 times (x 70B)
Class kotlin.reflect.jvm.internal.impl.load.kotlin.KotlinClassFinder$Result$KotlinClass: loaded 2 times (x 72B)
Class kotlin.reflect.jvm.internal.impl.load.kotlin.header.KotlinClassHeader           : loaded 2 times (x 72B)
Class kotlin.reflect.jvm.internal.impl.protobuf.WireFormat$FieldType$1                : loaded 2 times (x 83B)
Class kotlin.reflect.jvm.internal.impl.descriptors.Visibilities$Protected             : loaded 2 times (x 75B)
Class kotlin.reflect.jvm.internal.impl.renderer.RenderingFormat                       : loaded 2 times (x 80B)
Class kotlin.reflect.jvm.internal.impl.load.kotlin.DeserializationComponentsForJavaKt : loaded 2 times (x 71B)
Class kotlin.reflect.jvm.internal.impl.builtins.KotlinBuiltIns$1                      : loaded 2 times (x 77B)
Class kotlin.reflect.jvm.internal.impl.renderer.DescriptorRenderer                    : loaded 2 times (x 78B)
Class kotlin.reflect.jvm.internal.impl.descriptors.impl.ModuleAwareClassDescriptor$Companion: loaded 2 times (x 71B)
Class org.jetbrains.kotlin.cli.common.arguments.K2JVMCompilerArgumentsConfigurator    : loaded 2 times (x 74B)
Class kotlin.reflect.jvm.internal.impl.metadata.ProtoBuf$TypeParameter$Variance$1     : loaded 2 times (x 74B)
Class com.google.common.io.ByteSink                                                   : loaded 2 times (x 76B)
Class com.android.builder.model.v2.dsl.SigningConfig                                  : loaded 2 times (x 70B)
Class com.android.builder.model.v2.models.AndroidProject                              : loaded 2 times (x 70B)
Class com.android.builder.model.v2.AndroidModel                                       : loaded 2 times (x 70B)
Class com.google.common.cache.CacheBuilder                                            : loaded 2 times (x 72B)
Class com.google.gson.internal.bind.ArrayTypeAdapter$1                                : loaded 2 times (x 75B)
Class com.google.gson.internal.bind.JsonTreeWriter                                    : loaded 2 times (x 98B)
Class kotlin.reflect.jvm.internal.impl.protobuf.ExtensionRegistryLite$ObjectIntPair   : loaded 2 times (x 72B)
Class Settings_gradle$1                                                               : loaded 2 times (x 75B)
Class org.jetbrains.kotlin.idea.projectModel.KotlinCompilation                        : loaded 2 times (x 70B)
Class [Lcom.amazon.ion.SymbolToken;                                                   : loaded 2 times (x 69B)
Class org.gradle.internal.classpath.ClassPath                                         : loaded 2 times (x 70B)
Class kotlin.jvm.internal.ArrayIteratorKt                                             : loaded 2 times (x 71B)
Class kotlin.reflect.jvm.internal.impl.types.DisjointKeysUnionTypeSubstitution        : loaded 2 times (x 78B)
Class kotlin.reflect.jvm.internal.impl.util.collectionUtils.ScopeUtilsKt              : loaded 2 times (x 71B)
Class kotlin.reflect.jvm.internal.impl.protobuf.WireFormat$FieldType$2                : loaded 2 times (x 83B)
Class kotlin.reflect.jvm.internal.impl.descriptors.DescriptorVisibilities             : loaded 2 times (x 71B)
Class kotlin.reflect.jvm.internal.impl.descriptors.ModuleDescriptor$DefaultImpls      : loaded 2 times (x 71B)
Class kotlin.reflect.jvm.internal.impl.renderer.ClassifierNamePolicy$SHORT            : loaded 2 times (x 74B)
Class kotlin.reflect.jvm.internal.impl.builtins.KotlinBuiltIns$2                      : loaded 2 times (x 77B)
Class kotlin.reflect.jvm.internal.impl.storage.StorageManager                         : loaded 2 times (x 70B)
Class kotlin.reflect.jvm.internal.impl.descriptors.runtime.components.RuntimeErrorReporter: loaded 2 times (x 75B)
Class [Lkotlin.reflect.jvm.internal.impl.name.FqName;                                 : loaded 2 times (x 69B)
Class org.jetbrains.kotlin.incremental.ClasspathChanges                               : loaded 2 times (x 71B)
Class com.google.common.io.Files$FileByteSource                                       : loaded 2 times (x 85B)
Class com.google.common.base.JdkPattern                                               : loaded 2 times (x 75B)
Class kotlin.jvm.internal.AdaptedFunctionReference                                    : loaded 2 times (x 77B)
Class org.jetbrains.plugins.gradle.model.ExternalProjectDependency                    : loaded 2 times (x 70B)
Class org.jetbrains.plugins.gradle.tooling.serialization.KotlinDslScriptsModelSerializationService: loaded 2 times (x 81B)
Class sync_studio_tooling_f0fehi88bki1po19rnui5vqla                                   : loaded 2 times (x 171B)
Class kotlin.time.DurationUnitKt__DurationUnitKt                                      : loaded 2 times (x 71B)
Class org.jetbrains.kotlin.com.intellij.openapi.diagnostic.Logger                     : loaded 2 times (x 99B)
Class org.jetbrains.kotlin.daemon.common.MultiModuleICSettings                        : loaded 2 times (x 72B)
Class kotlin.reflect.jvm.internal.impl.utils.SmartSet$Companion                       : loaded 2 times (x 71B)
Class kotlin.reflect.jvm.internal.impl.protobuf.CodedInputStream                      : loaded 2 times (x 72B)
Class kotlin.reflect.jvm.internal.impl.load.java.lazy.descriptors.LazyJavaScope       : loaded 2 times (x 104B)
Class kotlin.reflect.jvm.internal.impl.protobuf.WireFormat$FieldType$3                : loaded 2 times (x 83B)
Class kotlin.reflect.jvm.internal.impl.incremental.components.LookupTracker           : loaded 2 times (x 70B)
Class kotlin.reflect.jvm.internal.impl.storage.LockBasedStorageManager$CacheWithNullableValuesBasedOnMemoizedFunction: loaded 2 times (x 83B)
Class kotlin.reflect.jvm.internal.impl.builtins.KotlinBuiltIns$3                      : loaded 2 times (x 77B)
Class org.gradle.tooling.internal.gradle.DefaultProjectIdentifier                     : loaded 2 times (x 86B)
Class kotlin.jvm.internal.Lambda                                                      : loaded 2 times (x 75B)
Class [Lkotlin.reflect.KDeclarationContainer;                                         : loaded 2 times (x 69B)
Class org.jetbrains.kotlin.cli.common.arguments.Freezable                             : loaded 2 times (x 72B)
Class com.intellij.openapi.externalSystem.model.project.dependencies.DependencyNode   : loaded 2 times (x 70B)
Class org.objectweb.asm.SymbolTable$Entry                                             : loaded 2 times (x 74B)
Class com.google.gson.internal.JsonReaderInternalAccess                               : loaded 2 times (x 72B)
Class com.amazon.ion.system.IonSystemBuilder$Mutable                                  : loaded 2 times (x 75B)
Class com.amazon.ion.impl.bin.IonManagedBinaryWriter$SymbolResolverBuilder            : loaded 2 times (x 70B)
Class org.jetbrains.kotlin.idea.gradleTooling.KotlinGradleModel                       : loaded 2 times (x 70B)
Class org.jetbrains.plugins.gradle.tooling.serialization.ExternalTestsSerializationService$WriteContext: loaded 2 times (x 72B)
Class org.gradle.api.internal.classpath.DefaultModuleRegistry$DefaultModuleAlias      : loaded 2 times (x 80B)
Class jdk.internal.jimage.ImageStringsReader                                          : loaded 2 times (x 80B)
Class kotlin.jvm.internal.markers.KMutableMap$Entry                                   : loaded 2 times (x 70B)
Class kotlin.reflect.jvm.internal.impl.resolve.OverridingUtil$OverrideCompatibilityInfo: loaded 2 times (x 73B)
Class kotlin.reflect.jvm.internal.impl.types.checker.ClassicTypeCheckerStateKt        : loaded 2 times (x 71B)
Class [Lkotlin.reflect.jvm.internal.impl.resolve.scopes.MemberScope;                  : loaded 2 times (x 69B)
Class kotlin.reflect.jvm.internal.impl.protobuf.WireFormat$FieldType$4                : loaded 2 times (x 83B)
Class kotlin.reflect.jvm.internal.impl.descriptors.impl.FunctionDescriptorImpl        : loaded 2 times (x 192B)
Class kotlin.reflect.jvm.internal.impl.types.ClassifierBasedTypeConstructor           : loaded 2 times (x 86B)
Class kotlin.reflect.jvm.internal.impl.renderer.PropertyAccessorRenderingPolicy       : loaded 2 times (x 79B)
Class kotlin.reflect.jvm.internal.impl.load.kotlin.AbstractBinaryClassAnnotationAndConstantLoader: loaded 2 times (x 99B)
Class kotlin.reflect.jvm.internal.impl.incremental.components.LookupTracker$DO_NOTHING: loaded 2 times (x 75B)
Class kotlin.reflect.jvm.internal.impl.builtins.KotlinBuiltIns$4                      : loaded 2 times (x 77B)
Class com.android.builder.model.v2.ide.Variant                                        : loaded 2 times (x 70B)
Class org.objectweb.asm.Edge                                                          : loaded 2 times (x 72B)
Class com.google.common.base.Suppliers$SupplierOfInstance                             : loaded 2 times (x 79B)
Class com.google.gson.internal.bind.ReflectiveTypeAdapterFactory                      : loaded 2 times (x 75B)
Class com.google.gson.internal.sql.SqlTimestampTypeAdapter                            : loaded 2 times (x 76B)
Class com.amazon.ion.IonWriter                                                        : loaded 2 times (x 70B)
Class com.amazon.ion.impl._Private_RecyclingStack$Recycler                            : loaded 2 times (x 70B)
Class com.amazon.ion.impl.bin.IonManagedBinaryWriter$LocalSymbolTableView             : loaded 2 times (x 107B)
Class com.amazon.ion.impl.bin.IonRawBinaryWriter$ThrowingRunnable                     : loaded 2 times (x 70B)
Class ijInit1_1mzwmmf0hig0fwpuqw7gobe4q                                               : loaded 2 times (x 171B)
Class org.gradle.tooling.model.Model                                                  : loaded 2 times (x 70B)
Class org.jetbrains.kotlin.incremental.ClasspathChanges$ClasspathSnapshotEnabled$IncrementalRun$NoChanges: loaded 2 times (x 73B)
Class kotlin.collections.AbstractMutableSet                                           : loaded 2 times (x 142B)
Class kotlin.reflect.jvm.internal.impl.serialization.deserialization.SuspendFunctionTypeUtilKt: loaded 2 times (x 71B)
Class kotlin.reflect.jvm.internal.impl.types.model.TypeSystemContext                  : loaded 2 times (x 70B)
Class kotlin.reflect.jvm.internal.impl.load.java.structure.ListBasedJavaAnnotationOwner: loaded 2 times (x 70B)
Class kotlin.reflect.jvm.internal.impl.metadata.ProtoBuf$QualifiedNameTable$QualifiedName$Kind: loaded 2 times (x 82B)
Class kotlin.reflect.jvm.internal.impl.metadata.ProtoBuf$StringTable$1                : loaded 2 times (x 87B)
Class kotlin.reflect.jvm.internal.impl.descriptors.runtime.components.RuntimeSourceElementFactory$RuntimeSourceElement: loaded 2 times (x 78B)
Class kotlin.reflect.jvm.internal.impl.descriptors.runtime.structure.ReflectJavaClass : loaded 2 times (x 115B)
Class kotlin.reflect.jvm.internal.impl.metadata.deserialization.Flags$EnumLiteFlagField: loaded 2 times (x 76B)
Class com.amazon.ion.impl.bin._Private_IonRawWriter                                   : loaded 2 times (x 70B)
Class kotlin.reflect.jvm.internal.impl.serialization.deserialization.FlexibleTypeDeserializer$ThrowException: loaded 2 times (x 74B)
Class kotlin.reflect.jvm.internal.impl.metadata.jvm.JvmProtoBuf                       : loaded 2 times (x 71B)
Class kotlin.reflect.jvm.internal.impl.descriptors.impl.ClassDescriptorBase           : loaded 2 times (x 175B)
Class kotlin.properties.Delegates                                                     : loaded 2 times (x 71B)
Class kotlin.reflect.jvm.internal.impl.resolve.constants.IntegerValueConstant         : loaded 2 times (x 74B)
Class kotlin.reflect.jvm.internal.impl.types.checker.NewKotlinTypeChecker$Companion   : loaded 2 times (x 71B)
Class kotlin.reflect.jvm.internal.impl.load.java.JavaClassesTracker                   : loaded 2 times (x 70B)
Class kotlin.reflect.jvm.internal.impl.builtins.ReflectionTypes$Companion             : loaded 2 times (x 71B)
Class kotlin.reflect.jvm.internal.impl.descriptors.DeclarationDescriptorNonRoot       : loaded 2 times (x 70B)
Class com.amazon.ion.impl.bin.IonRawBinaryWriter$PreallocationMode                    : loaded 2 times (x 82B)
Class com.android.builder.model.v2.ide.SyncIssue                                      : loaded 2 times (x 70B)
Class com.google.common.cache.LocalCache$ComputingValueReference                      : loaded 2 times (x 96B)
Class com.google.gson.internal.sql.SqlDateTypeAdapter$1                               : loaded 2 times (x 75B)
Class com.amazon.ion.util.InputStreamInterceptor                                      : loaded 2 times (x 70B)
Class com.amazon.ion.impl.lite.IonSystemLite                                          : loaded 2 times (x 275B)
Class com.amazon.ion.UnknownSymbolException                                           : loaded 2 times (x 86B)
Class com.android.ide.gradle.model.composites.BuildMap                                : loaded 2 times (x 70B)
Class kotlin.text.MatchResult$Destructured                                            : loaded 2 times (x 72B)
Class jdk.internal.jimage.ImageReader                                                 : loaded 2 times (x 75B)
Class [Lorg.jetbrains.kotlin.cli.common.messages.CompilerMessageSeverity;             : loaded 2 times (x 69B)
Class kotlin.reflect.jvm.internal.impl.load.java.components.DescriptorResolverUtils$1 : loaded 2 times (x 77B)
Class kotlin.reflect.jvm.internal.impl.load.kotlin.KotlinJvmBinarySourceElement       : loaded 2 times (x 78B)
Class kotlin.reflect.jvm.internal.impl.descriptors.impl.ModuleDependencies            : loaded 2 times (x 70B)
Class kotlin.reflect.jvm.internal.impl.renderer.DescriptorRendererOptions             : loaded 2 times (x 70B)
Class kotlin.reflect.jvm.internal.impl.metadata.deserialization.BinaryVersion         : loaded 2 times (x 72B)
Class kotlin.reflect.KProperty$Getter                                                 : loaded 2 times (x 70B)
Class com.android.builder.model.v2.ide.Library                                        : loaded 2 times (x 70B)
Class com.android.builder.model.v2.ide.ArtifactDependenciesAdjacencyList              : loaded 2 times (x 70B)
Class com.android.builder.model.v2.models.Versions                                    : loaded 2 times (x 70B)
Class com.google.common.cache.LocalCache$Segment                                      : loaded 2 times (x 154B)
Class org.jetbrains.kotlin.tooling.core.AbstractExtras                                : loaded 2 times (x 141B)
Class org.jetbrains.plugins.gradle.model.IntelliJProjectSettings                      : loaded 2 times (x 70B)
Class org.gradle.tooling.internal.adapter.ProtocolToModelAdapter$MethodInvocationCache: loaded 2 times (x 73B)
Class jdk.internal.jimage.ImageReader$SharedImageReader                               : loaded 2 times (x 95B)
Class kotlin.time.DurationJvmKt                                                       : loaded 2 times (x 71B)
Class org.jetbrains.kotlin.cli.jvm.compiler.KotlinCoreEnvironment                     : loaded 2 times (x 72B)
Class org.jetbrains.kotlin.incremental.ClasspathChanges$ClasspathSnapshotEnabled$IncrementalRun: loaded 2 times (x 72B)
Class kotlin.reflect.jvm.internal.impl.types.FlexibleTypesKt                          : loaded 2 times (x 71B)
Class kotlin.reflect.jvm.internal.impl.metadata.jvm.JvmProtoBuf$StringTableTypes$Record$1: loaded 2 times (x 87B)
Class kotlin.reflect.jvm.internal.impl.types.WrappedType                              : loaded 2 times (x 83B)
Class kotlin.SafePublicationLazyImpl                                                  : loaded 2 times (x 76B)
Class kotlin.reflect.jvm.internal.ReflectProperties                                   : loaded 2 times (x 71B)
Class com.google.common.collect.ListMultimap                                          : loaded 2 times (x 70B)
Class com.android.builder.model.v2.models.ndk.NativeModule                            : loaded 2 times (x 70B)
Class com.google.common.collect.AbstractListMultimap                                  : loaded 2 times (x 172B)
Class [Lorg.objectweb.asm.SymbolTable$Entry;                                          : loaded 2 times (x 69B)
Class com.google.common.cache.CacheLoader                                             : loaded 2 times (x 74B)
Class com.google.gson.internal.bind.ReflectiveTypeAdapterFactory$Adapter              : loaded 2 times (x 77B)
Class com.google.gson.internal.bind.TypeAdapters$10                                   : loaded 2 times (x 75B)
Class com.android.builder.model.v2.models.AndroidDsl                                  : loaded 2 times (x 70B)
Class com.google.common.collect.ImmutableBiMap                                        : loaded 2 times (x 143B)
Class org.jetbrains.plugins.gradle.model.ExternalDependency                           : loaded 2 times (x 70B)
Class com.intellij.util.containers.IntObjectHashMap                                   : loaded 2 times (x 72B)
Class com.intellij.openapi.externalSystem.model.project.dependencies.AbstractDependencyNode: loaded 2 times (x 87B)
Class org.gradle.api.internal.classpath.ModuleRegistry                                : loaded 2 times (x 70B)
Class org.gradle.internal.installation.GradleInstallation$1                           : loaded 2 times (x 75B)
Class jdk.internal.jimage.decompressor.ResourceDecompressorFactory                    : loaded 2 times (x 74B)
Class kotlin.reflect.jvm.internal.impl.types.AbstractStubType                         : loaded 2 times (x 91B)
Class kotlin.reflect.jvm.internal.impl.metadata.deserialization.NameResolver          : loaded 2 times (x 70B)
Class kotlin.reflect.jvm.internal.impl.descriptors.FindClassInModuleKt                : loaded 2 times (x 71B)
Class [Lkotlin.reflect.jvm.internal.impl.descriptors.DeclarationDescriptor;           : loaded 2 times (x 69B)
Class kotlin.reflect.jvm.internal.impl.metadata.ProtoBuf$VersionRequirementTableOrBuilder: loaded 2 times (x 70B)
Class kotlin.reflect.jvm.internal.impl.metadata.ProtoBuf$ValueParameter$1             : loaded 2 times (x 87B)
Class kotlin.reflect.jvm.internal.impl.descriptors.FieldDescriptor                    : loaded 2 times (x 70B)
Class kotlin.reflect.jvm.internal.impl.load.java.typeEnhancement.JavaTypeEnhancement  : loaded 2 times (x 72B)
Class com.google.common.collect.ImmutableSet$JdkBackedSetBuilderImpl                  : loaded 2 times (x 76B)
Class com.google.common.util.concurrent.internal.InternalFutureFailureAccess          : loaded 2 times (x 72B)
Class com.google.gson.internal.bind.TypeAdapters$11                                   : loaded 2 times (x 75B)
Class [Lcom.google.gson.FieldNamingPolicy;                                            : loaded 2 times (x 69B)
Class kotlin.reflect.jvm.internal.impl.serialization.deserialization.ContractDeserializer$Companion$DEFAULT$1: loaded 2 times (x 74B)
Class com.android.ide.common.repository.AgpVersion$PreviewKind$Companion              : loaded 2 times (x 71B)
Class com.amazon.ion.impl.bin.IonManagedBinaryWriter$SymbolState$1                    : loaded 2 times (x 80B)
Class com.amazon.ion.impl.LocalSymbolTableAsStruct$Factory                            : loaded 2 times (x 79B)
Class [Lcom.amazon.ion.IonType;                                                       : loaded 2 times (x 69B)
Class org.jetbrains.plugins.gradle.model.VersionCatalogsModel                         : loaded 2 times (x 70B)
Class com.intellij.gradle.toolingExtension.impl.model.sourceSetDependencyModel.GradleSourceSetDependencySerialisationService$SourceSetDependencyModelReadContext: loaded 2 times (x 72B)
Class com.intellij.gradle.toolingExtension.impl.model.dependencyModel.DependencyReadContext: loaded 2 times (x 72B)
Class org.gradle.tooling.internal.adapter.ObjectGraphAdapter                          : loaded 2 times (x 70B)
Class kotlin.time.Duration$Companion                                                  : loaded 2 times (x 71B)
Class kotlin.reflect.jvm.internal.impl.descriptors.Visibility                         : loaded 2 times (x 75B)
Class kotlin.reflect.jvm.internal.impl.metadata.jvm.JvmProtoBuf$JvmFieldSignature$1   : loaded 2 times (x 87B)
Class kotlin.reflect.jvm.internal.impl.serialization.deserialization.descriptors.DeserializedPropertyDescriptor: loaded 2 times (x 211B)
Class kotlin.reflect.jvm.internal.impl.descriptors.runtime.structure.ReflectJavaType$Factory: loaded 2 times (x 71B)
Class kotlin.reflect.jvm.internal.impl.metadata.ProtoBuf$Modality$1                   : loaded 2 times (x 74B)
Class kotlin.reflect.jvm.internal.impl.protobuf.ByteString                            : loaded 2 times (x 97B)
Class kotlin.reflect.jvm.internal.impl.serialization.deserialization.LocalClassifierTypeSettings: loaded 2 times (x 70B)
Class kotlin.reflect.jvm.internal.impl.load.java.ReportLevel$Companion                : loaded 2 times (x 71B)
Class kotlin.reflect.jvm.internal.impl.load.java.ReportLevel                          : loaded 2 times (x 79B)
Class kotlin.reflect.jvm.internal.impl.load.java.JavaClassFinder                      : loaded 2 times (x 70B)
Class kotlin.reflect.jvm.internal.KDeclarationContainerImpl                           : loaded 2 times (x 84B)
Class kotlin.reflect.jvm.internal.impl.builtins.jvm.JvmBuiltInClassDescriptorFactory$Companion: loaded 2 times (x 71B)
Class com.google.common.collect.ImmutableMultimap$Values                              : loaded 2 times (x 126B)
Class com.android.builder.model.v2.ide.Installation                                   : loaded 2 times (x 70B)
Class kotlin.reflect.jvm.internal.impl.load.kotlin.header.ReadKotlinClassHeaderAnnotationVisitor$KotlinMetadataArgumentVisitor$2: loaded 2 times (x 85B)
Class com.google.common.cache.LocalCache$LocalManualCache$1                           : loaded 2 times (x 75B)
Class com.google.gson.internal.bind.TypeAdapters$12                                   : loaded 2 times (x 75B)
Class [Lcom.google.gson.ToNumberStrategy;                                             : loaded 2 times (x 69B)
Class org.jetbrains.plugins.gradle.model.ProjectImportModelProvider                   : loaded 2 times (x 70B)
Class org.jetbrains.plugins.gradle.model.ExternalSourceSet                            : loaded 2 times (x 70B)
Class com.amazon.ion.impl.bin.IonManagedBinaryWriter$SymbolState$2                    : loaded 2 times (x 80B)
Class com.amazon.ion.IonNull                                                          : loaded 2 times (x 70B)
Class com.intellij.gradle.toolingExtension.impl.model.warmUp.GradleTaskWarmUpRequest  : loaded 2 times (x 70B)
Class com.google.common.collect.ImmutableSortedAsList                                 : loaded 2 times (x 221B)
Class jdk.internal.jimage.ImageReader$Node                                            : loaded 2 times (x 84B)
Class kotlin.text.Regex$findAll$2                                                     : loaded 2 times (x 129B)
Class kotlin.reflect.jvm.internal.impl.metadata.jvm.JvmProtoBuf$StringTableTypes$Record$Operation: loaded 2 times (x 82B)
Class kotlin.reflect.jvm.internal.impl.metadata.ProtoBuf$PackageFragment$1            : loaded 2 times (x 87B)
Class kotlin.reflect.jvm.internal.impl.protobuf.SmallSortedMap$EntrySet               : loaded 2 times (x 137B)
Class kotlin.reflect.jvm.internal.impl.protobuf.CodedOutputStream                     : loaded 2 times (x 72B)
Class kotlin.reflect.jvm.internal.impl.load.java.structure.JavaPackage                : loaded 2 times (x 70B)
Class kotlin.reflect.jvm.internal.impl.util.ModuleVisibilityHelper$EMPTY              : loaded 2 times (x 74B)
Class kotlin.reflect.jvm.internal.impl.descriptors.impl.ModuleAwareClassDescriptor    : loaded 2 times (x 172B)
Class kotlin.reflect.jvm.internal.impl.load.java.typeEnhancement.TypeComponentPosition: loaded 2 times (x 79B)
Class com.android.builder.model.v2.models.ModelBuilderParameter                       : loaded 2 times (x 70B)
Class kotlin.coroutines.ContinuationInterceptor                                       : loaded 2 times (x 70B)
Class com.google.gson.internal.bind.TypeAdapters$13                                   : loaded 2 times (x 75B)
Class com.google.common.collect.Ordering                                              : loaded 2 times (x 114B)
Class com.amazon.ion.impl.bin.IonRawBinaryWriter$ContainerInfo                        : loaded 2 times (x 74B)
Class com.amazon.ion.impl.bin.IonManagedBinaryWriter$SymbolState$3                    : loaded 2 times (x 80B)
Class com.amazon.ion.impl.bin.IonRawBinaryWriter$StreamFlushMode                      : loaded 2 times (x 79B)
Class com.amazon.ion.IonBinaryWriter                                                  : loaded 2 times (x 70B)
Class com.intellij.gradle.toolingExtension.impl.model.sourceSetArtifactIndex.GradleSourceSetArtifactBuildRequest: loaded 2 times (x 70B)
Class com.google.common.collect.Lists$TransformingRandomAccessList                    : loaded 2 times (x 199B)
Class org.gradle.tooling.model.idea.BasicIdeaProject                                  : loaded 2 times (x 70B)
Class org.gradle.api.internal.classpath.DefaultModuleRegistry                         : loaded 2 times (x 84B)
Class jdk.internal.jimage.BasicImageReader$1                                          : loaded 2 times (x 77B)
Class kotlin.collections.builders.MapBuilder$Itr                                      : loaded 2 times (x 72B)
Class kotlin.reflect.jvm.internal.impl.name.CallableId$Companion                      : loaded 2 times (x 71B)
Class org.jetbrains.plugins.gradle.tooling.serialization.internal.IdeaProjectSerializationService: loaded 2 times (x 77B)
Class kotlin.reflect.jvm.internal.impl.load.java.lazy.descriptors.DeclaredMemberIndex : loaded 2 times (x 70B)
Class kotlin.reflect.jvm.internal.impl.resolve.scopes.DescriptorKindFilter$Companion$MaskToName: loaded 2 times (x 72B)
Class kotlin.reflect.jvm.internal.impl.metadata.ProtoBuf$Type$Argument$1              : loaded 2 times (x 87B)
Class kotlin.collections.IndexedValue                                                 : loaded 2 times (x 72B)
Class kotlin.reflect.jvm.internal.impl.descriptors.impl.AbstractClassDescriptor$1     : loaded 2 times (x 77B)
Class kotlin.reflect.jvm.internal.impl.types.LazyWrappedType                          : loaded 2 times (x 84B)
Class kotlin.reflect.jvm.internal.impl.load.java.lazy.types.JavaTypeFlexibility       : loaded 2 times (x 79B)
Class kotlin.KotlinVersionCurrentValue                                                : loaded 2 times (x 71B)
Class kotlin.reflect.jvm.internal.impl.storage.MemoizedFunctionToNotNull              : loaded 2 times (x 70B)
Class kotlin.reflect.jvm.internal.impl.descriptors.runtime.components.RuntimeModuleData$Companion: loaded 2 times (x 71B)
Class kotlin.reflect.jvm.internal.impl.name.SpecialNames                              : loaded 2 times (x 71B)
Class org.jetbrains.kotlin.idea.projectModel.KotlinTaskProperties                     : loaded 2 times (x 70B)
Class org.jetbrains.kotlin.tooling.core.TypeUtils                                     : loaded 2 times (x 71B)
Class com.google.common.util.concurrent.ListenableFuture                              : loaded 2 times (x 70B)
Class com.google.common.cache.ReferenceEntry                                          : loaded 2 times (x 70B)
Class com.google.gson.internal.bind.NumberTypeAdapter$1                               : loaded 2 times (x 76B)
Class com.google.gson.internal.bind.TypeAdapters$1                                    : loaded 2 times (x 75B)
Class com.google.gson.internal.bind.TypeAdapters$14                                   : loaded 2 times (x 75B)
Class [Lcom.android.ide.common.repository.AgpVersion$PreviewKind;                     : loaded 2 times (x 69B)
Class [Lcom.google.common.collect.ImmutableMapEntry;                                  : loaded 2 times (x 69B)
Class com.amazon.ion.impl.bin.IonManagedBinaryWriter$SymbolState$4                    : loaded 2 times (x 80B)
Class [Lcom.amazon.ion.util.InputStreamInterceptor;                                   : loaded 2 times (x 69B)
Class org.jetbrains.plugins.gradle.tooling.serialization.internal.IdeaProjectSerializationService$WriteContext$1: loaded 2 times (x 83B)
Class org.jetbrains.plugins.gradle.model.ExternalProject                              : loaded 2 times (x 70B)
Class kotlin.properties.NotNullVar                                                    : loaded 2 times (x 79B)
Class kotlin.io.FileTreeWalk$FileTreeWalkIterator$BottomUpDirectoryState              : loaded 2 times (x 74B)
Class org.jetbrains.kotlin.com.intellij.openapi.diagnostic.Logger$DefaultFactory      : loaded 2 times (x 74B)
Class kotlin.jvm.internal.markers.KMutableSet                                         : loaded 2 times (x 70B)
Class kotlin.reflect.jvm.internal.impl.descriptors.TypeAliasDescriptor                : loaded 2 times (x 70B)
Class kotlin.reflect.jvm.internal.impl.protobuf.Internal$EnumLite                     : loaded 2 times (x 70B)
Class kotlin.reflect.jvm.internal.impl.descriptors.Visibilities$Public                : loaded 2 times (x 75B)
Class kotlin.reflect.jvm.internal.impl.descriptors.SimpleFunctionDescriptor           : loaded 2 times (x 70B)
Class kotlin.reflect.jvm.internal.impl.descriptors.ReceiverParameterDescriptor        : loaded 2 times (x 70B)
Class kotlin.reflect.jvm.internal.impl.descriptors.impl.AbstractClassDescriptor$2     : loaded 2 times (x 77B)
Class kotlin.reflect.jvm.internal.impl.descriptors.SourceElement                      : loaded 2 times (x 70B)
Class com.google.gson.internal.bind.ObjectTypeAdapter                                 : loaded 2 times (x 74B)
Class [Lcom.android.builder.model.v2.ide.CodeShrinker;                                : loaded 2 times (x 69B)
Class org.jetbrains.kotlin.gradle.idea.tcs.IdeaKotlinDependencyCoordinates            : loaded 2 times (x 70B)
Class com.google.common.util.concurrent.AbstractFuture                                : loaded 2 times (x 106B)
Class com.google.common.base.FunctionalEquivalence                                    : loaded 2 times (x 83B)
Class org.jetbrains.kotlin.tooling.core.Interner                                      : loaded 2 times (x 70B)
Class com.google.gson.internal.sql.SqlTypesSupport$1                                  : loaded 2 times (x 74B)
Class com.google.gson.internal.bind.TypeAdapters$2                                    : loaded 2 times (x 75B)
Class com.google.gson.internal.bind.TypeAdapters$15                                   : loaded 2 times (x 75B)
Class kotlin.reflect.jvm.internal.impl.load.kotlin.JavaFlexibleTypeDeserializer       : loaded 2 times (x 74B)
Class [Lkotlin.reflect.jvm.internal.impl.protobuf.WireFormat$FieldType;               : loaded 2 times (x 69B)
Class com.amazon.ion.impl.bin.utf8.Pool                                               : loaded 2 times (x 74B)
Class com.amazon.ion.impl._Private_SymtabExtendsCache                                 : loaded 2 times (x 72B)
Class org.jetbrains.plugins.gradle.tooling.serialization.internal.IdeaProjectSerializationService$WriteContext$2: loaded 2 times (x 83B)
Class kotlin.reflect.jvm.internal.impl.metadata.ProtoBuf$Function$1                   : loaded 2 times (x 87B)
Class kotlin.coroutines.CoroutineContext$Key                                          : loaded 2 times (x 70B)
Class kotlin.reflect.jvm.internal.impl.metadata.ProtoBuf$QualifiedNameTable$QualifiedNameOrBuilder: loaded 2 times (x 70B)
Class kotlin.reflect.jvm.internal.impl.builtins.BuiltInsPackageFragment               : loaded 2 times (x 70B)
Class kotlin.reflect.jvm.internal.impl.serialization.deserialization.descriptors.DeserializedContainerSource: loaded 2 times (x 70B)
Class kotlin.reflect.jvm.internal.impl.metadata.ProtoBuf$Package                      : loaded 2 times (x 102B)
Class kotlin.reflect.jvm.internal.impl.metadata.ProtoBuf$Constructor                  : loaded 2 times (x 102B)
Class kotlin.reflect.jvm.internal.impl.descriptors.impl.AbstractClassDescriptor$3     : loaded 2 times (x 77B)
Class kotlin.reflect.jvm.internal.impl.types.model.TypeConstructorMarker              : loaded 2 times (x 70B)
Class kotlin.reflect.jvm.internal.impl.load.java.ErasedOverridabilityCondition        : loaded 2 times (x 75B)
Class kotlin.LazyKt__LazyJVMKt                                                        : loaded 2 times (x 71B)
Class com.google.common.collect.ImmutableMultiset                                     : loaded 2 times (x 163B)
Class org.objectweb.asm.RecordComponentVisitor                                        : loaded 2 times (x 77B)
Class com.google.common.cache.CacheLoader$SupplierToCacheLoader                       : loaded 2 times (x 75B)
Class com.google.gson.internal.sql.SqlTypesSupport$2                                  : loaded 2 times (x 74B)
Class com.google.gson.internal.bind.TypeAdapters$16                                   : loaded 2 times (x 75B)
Class com.google.gson.internal.bind.TypeAdapters$3                                    : loaded 2 times (x 75B)
Class org.jetbrains.kotlin.idea.projectModel.KotlinSourceSet                          : loaded 2 times (x 70B)
Class com.amazon.ion.impl._Private_IonSymbol                                          : loaded 2 times (x 70B)
Class com.amazon.ion.impl.lite.IonValueLite                                           : loaded 2 times (x 147B)
Class com.amazon.ion.IonContainer                                                     : loaded 2 times (x 70B)
Class com.amazon.ion.impl.bin.PooledBlockAllocatorProvider                            : loaded 2 times (x 73B)
Class org.jetbrains.plugins.gradle.tooling.serialization.AnnotationProcessingModelSerializationService$ReadContext: loaded 2 times (x 72B)
Class org.jetbrains.plugins.gradle.tooling.serialization.internal.IdeaProjectSerializationService$WriteContext$3: loaded 2 times (x 83B)
Class gnu.trove.TObjectHash$NULL                                                      : loaded 2 times (x 71B)
Class org.gradle.util.internal.DefaultGradleVersion$Stage                             : loaded 2 times (x 75B)
Class org.gradle.tooling.model.GradleProject                                          : loaded 2 times (x 70B)
Class jdk.internal.jimage.decompressor.Decompressor                                   : loaded 2 times (x 72B)
Class jdk.internal.jimage.ImageReader$Resource                                        : loaded 2 times (x 84B)
Class kotlin.reflect.jvm.internal.impl.metadata.ProtoBuf$EnumEntry                    : loaded 2 times (x 102B)
Class kotlin.reflect.jvm.internal.impl.load.java.structure.JavaElement                : loaded 2 times (x 70B)
Class kotlin.reflect.jvm.internal.impl.load.kotlin.header.ReadKotlinClassHeaderAnnotationVisitor$KotlinMetadataArgumentVisitor$1: loaded 2 times (x 85B)
Class kotlin.reflect.jvm.internal.impl.descriptors.java.JavaVisibilities$ProtectedAndPackage: loaded 2 times (x 75B)
Class kotlin.reflect.jvm.internal.impl.descriptors.impl.FieldDescriptorImpl           : loaded 2 times (x 78B)
Class kotlin.reflect.jvm.internal.impl.types.model.FlexibleTypeMarker                 : loaded 2 times (x 70B)
Class kotlin.reflect.jvm.internal.impl.load.java.FakePureImplementationsProvider      : loaded 2 times (x 71B)
Class kotlin.reflect.jvm.internal.impl.builtins.jvm.JvmBuiltInsSignatures             : loaded 2 times (x 71B)
Class [Lkotlin.reflect.jvm.internal.impl.metadata.ProtoBuf$Modality;                  : loaded 2 times (x 69B)
Class kotlin.reflect.jvm.internal.impl.metadata.deserialization.Flags$BooleanFlagField: loaded 2 times (x 75B)
Class kotlin.reflect.jvm.internal.impl.metadata.ProtoBuf$Annotation$Argument$Value    : loaded 2 times (x 96B)
Class kotlin.reflect.jvm.internal.impl.protobuf.LazyFieldLite                         : loaded 2 times (x 76B)
Class kotlin.reflect.jvm.internal.impl.descriptors.PropertyGetterDescriptor           : loaded 2 times (x 70B)
Class kotlin.reflect.jvm.internal.impl.descriptors.impl.PackageFragmentDescriptorImpl : loaded 2 times (x 105B)
Class kotlin.reflect.jvm.internal.impl.builtins.jvm.JvmBuiltInsCustomizer             : loaded 2 times (x 81B)
Class [Lkotlin.reflect.jvm.internal.impl.types.model.TypeParameterMarker;             : loaded 2 times (x 69B)
Class kotlin.io.FileTreeWalk$FileTreeWalkIterator                                     : loaded 2 times (x 83B)
Class com.google.gson.internal.bind.TypeAdapters$17                                   : loaded 2 times (x 75B)
Class com.google.gson.internal.bind.TypeAdapters$4                                    : loaded 2 times (x 75B)
Class com.google.common.collect.Maps$EntryTransformer                                 : loaded 2 times (x 70B)
Class org.jetbrains.kotlin.idea.gradleTooling.AndroidAwareGradleModelProvider         : loaded 2 times (x 79B)
Class org.jetbrains.plugins.gradle.tooling.serialization.internal.IdeaProjectSerializationService$WriteContext$4: loaded 2 times (x 83B)
Class com.intellij.gradle.toolingExtension.impl.model.sourceSetDependencyModel.GradleSourceSetDependencySerialisationService$Companion: loaded 2 times (x 71B)
Class com.google.common.collect.UsingToStringOrdering                                 : loaded 2 times (x 114B)
Class org.gradle.internal.time.MonotonicClock                                         : loaded 2 times (x 77B)
Class org.gradle.internal.service.ServiceLookupException                              : loaded 2 times (x 82B)
Class jdk.internal.jrtfs.JrtFileAttributes                                            : loaded 2 times (x 83B)
Class org.jetbrains.kotlin.com.intellij.openapi.diagnostic.LogLevel                   : loaded 2 times (x 79B)
Class org.jetbrains.kotlin.cli.common.CompilerSystemProperties$value$2                : loaded 2 times (x 129B)
Class kotlin.reflect.jvm.internal.impl.load.java.UtilsKt                              : loaded 2 times (x 71B)
Class kotlin.reflect.jvm.internal.impl.resolve.OverridingUtil$OverrideCompatibilityInfo$Result: loaded 2 times (x 79B)
Class [Lkotlin.sequences.Sequence;                                                    : loaded 2 times (x 69B)
Class kotlin.reflect.jvm.internal.impl.descriptors.impl.LazyPackageViewDescriptorImpl : loaded 2 times (x 102B)
Class kotlin.reflect.jvm.internal.impl.metadata.ProtoBuf$TypeTable                    : loaded 2 times (x 96B)
Class kotlin.reflect.jvm.internal.impl.protobuf.MessageLiteOrBuilder                  : loaded 2 times (x 70B)
Class kotlin.jvm.internal.MutablePropertyReference1Impl                               : loaded 2 times (x 141B)
Class kotlin.reflect.jvm.internal.impl.serialization.deserialization.AnnotationAndConstantLoader: loaded 2 times (x 70B)
Class kotlin.reflect.jvm.internal.impl.load.java.components.JavaPropertyInitializerEvaluator$DoNothing: loaded 2 times (x 74B)
Class [Lkotlin.reflect.jvm.internal.impl.load.java.ReportLevel;                       : loaded 2 times (x 69B)
Class kotlin.reflect.jvm.internal.impl.storage.LockBasedStorageManager$MapBasedMemoizedFunction: loaded 2 times (x 82B)
Class kotlin.reflect.jvm.internal.impl.storage.NotNullLazyValue                       : loaded 2 times (x 70B)
Class com.google.gson.annotations.JsonAdapter                                         : loaded 2 times (x 70B)
Class [Lorg.jetbrains.kotlin.tooling.core.KotlinToolingVersion$Maturity;              : loaded 2 times (x 69B)
Class com.google.common.collect.ReverseNaturalOrdering                                : loaded 2 times (x 114B)
Class com.google.common.collect.Lists$ReverseList                                     : loaded 2 times (x 200B)
Class [Lcom.google.common.cache.LocalCache$EntryFactory;                              : loaded 2 times (x 69B)
Class com.google.gson.internal.bind.SerializationDelegatingTypeAdapter                : loaded 2 times (x 74B)
Class com.google.gson.internal.bind.TypeAdapters$18                                   : loaded 2 times (x 75B)
Class com.google.gson.internal.bind.TypeAdapters$5                                    : loaded 2 times (x 75B)
Class com.amazon.ion.BufferConfiguration$Builder                                      : loaded 2 times (x 78B)
Class com.intellij.gradle.toolingExtension.util.GradleVersionSpecificsUtil            : loaded 2 times (x 71B)
Class org.jetbrains.plugins.gradle.tooling.serialization.internal.IdeaProjectSerializationService$WriteContext$5: loaded 2 times (x 83B)
Class com.intellij.gradle.toolingExtension.impl.model.sourceSetDependencyModel.GradleSourceSetDependencySerialisationService$SourceSetDependencyModelWriteContext: loaded 2 times (x 72B)
Class kotlin.sequences.SequencesKt___SequencesKt$sortedWith$1                         : loaded 2 times (x 75B)
Class org.gradle.internal.classloader.ClassLoaderFactory                              : loaded 2 times (x 70B)
Class [Lorg.jetbrains.kotlin.build.report.metrics.ValueType;                          : loaded 2 times (x 69B)
Class kotlin.reflect.jvm.internal.impl.resolve.VisibilityUtilKt                       : loaded 2 times (x 71B)
Class org.jetbrains.kotlin.cli.common.arguments.ArgumentParseErrors                   : loaded 2 times (x 72B)
Class kotlin.reflect.jvm.internal.impl.descriptors.impl.TypeAliasConstructorDescriptor: loaded 2 times (x 70B)
Class kotlin.reflect.jvm.internal.impl.descriptors.impl.PropertyAccessorDescriptorImpl: loaded 2 times (x 187B)
Class [Lkotlin.reflect.jvm.internal.impl.descriptors.Named;                           : loaded 2 times (x 69B)
Class kotlin.reflect.jvm.internal.impl.metadata.ProtoBuf$TypeTable$1                  : loaded 2 times (x 87B)
Class kotlin.reflect.jvm.internal.impl.protobuf.WireFormat$FieldType                  : loaded 2 times (x 83B)
Class kotlin.reflect.jvm.internal.impl.descriptors.FunctionDescriptor$CopyBuilder     : loaded 2 times (x 70B)
Class kotlin.reflect.jvm.internal.impl.renderer.ClassifierNamePolicy$SOURCE_CODE_QUALIFIED: loaded 2 times (x 74B)
Class kotlin.reflect.jvm.internal.impl.builtins.PrimitiveType                         : loaded 2 times (x 79B)
Class com.android.builder.model.v2.ide.LibraryInfo                                    : loaded 2 times (x 70B)
Class com.google.common.base.CommonPattern                                            : loaded 2 times (x 74B)
Class sync_studio_tooling_f0fehi88bki1po19rnui5vqla$_run_closure1                     : loaded 2 times (x 139B)
Class com.google.common.cache.LocalCache$LocalManualCache                             : loaded 2 times (x 99B)
Class com.google.gson.internal.bind.ReflectiveTypeAdapterFactory$FieldReflectionAdapter: loaded 2 times (x 77B)
Class com.google.gson.internal.bind.TypeAdapters$19                                   : loaded 2 times (x 75B)
Class com.google.gson.internal.bind.TypeAdapters$6                                    : loaded 2 times (x 75B)
Class com.amazon.ion.impl.bin.IntList                                                 : loaded 2 times (x 77B)
Class com.amazon.ion.impl._Private_RecyclingQueue$ElementIterator                     : loaded 2 times (x 82B)
Class com.amazon.ion.impl.bin.IonManagedBinaryWriter$ImportedSymbolResolverMode$2     : loaded 2 times (x 80B)
Class com.amazon.ion.IonType                                                          : loaded 2 times (x 79B)
Class org.jetbrains.plugins.gradle.tooling.serialization.internal.IdeaProjectSerializationService$WriteContext$6: loaded 2 times (x 83B)
Class org.jetbrains.plugins.gradle.tooling.util.IntObjectMap                          : loaded 2 times (x 73B)
Class org.gradle.internal.service.CachingServiceLocator                               : loaded 2 times (x 82B)
Class kotlin.jvm.internal.Intrinsics$Kotlin                                           : loaded 2 times (x 71B)
Class kotlin.reflect.jvm.internal.impl.serialization.deserialization.descriptors.DeserializedMemberScope$OptimizedImplementation$computeDescriptors$1$1: loaded 2 times (x 79B)
Class kotlin.reflect.jvm.internal.impl.load.kotlin.KotlinJvmBinaryClass               : loaded 2 times (x 70B)
Class kotlin.reflect.jvm.internal.impl.descriptors.impl.CompositePackageFragmentProvider: loaded 2 times (x 80B)
Class kotlin.reflect.jvm.internal.impl.metadata.ProtoBuf$Contract                     : loaded 2 times (x 96B)
Class kotlin.reflect.jvm.internal.impl.descriptors.impl.PropertyDescriptorImpl        : loaded 2 times (x 199B)
Class kotlin.reflect.jvm.internal.impl.descriptors.Visibilities$Unknown               : loaded 2 times (x 75B)
Class kotlin.reflect.jvm.internal.impl.serialization.deserialization.DeserializationComponents: loaded 2 times (x 72B)
Class kotlin.reflect.jvm.internal.impl.types.checker.KotlinTypeChecker                : loaded 2 times (x 70B)
Class kotlin.reflect.jvm.internal.impl.descriptors.runtime.components.ReflectKotlinClassFinder: loaded 2 times (x 79B)
Class com.google.gson.internal.bind.TypeAdapters$32                                   : loaded 2 times (x 76B)
Class kotlin.collections.AbstractList$IteratorImpl                                    : loaded 2 times (x 82B)
Class ijKotlinCoroutineJvmDebugInit1_885tz8ol6le0yei68nhgsaj83                        : loaded 2 times (x 171B)
Class com.google.common.collect.Streams                                               : loaded 2 times (x 71B)
Class org.jetbrains.kotlin.tooling.core.InternerImpl$Store                            : loaded 2 times (x 70B)
Class com.google.gson.annotations.SerializedName                                      : loaded 2 times (x 70B)
Class org.jetbrains.kotlin.tooling.core.KotlinToolingVersionKt                        : loaded 2 times (x 71B)
Class com.google.common.collect.AbstractMapBasedMultimap$KeySet                       : loaded 2 times (x 137B)
Class kotlin.reflect.jvm.internal.impl.builtins.jvm.JvmBuiltIns$Kind                  : loaded 2 times (x 79B)
Class com.google.common.math.IntMath                                                  : loaded 2 times (x 71B)
Class com.google.gson.internal.bind.TypeAdapters$7                                    : loaded 2 times (x 75B)
Class com.amazon.ion.impl.lite.ValueFactoryLite                                       : loaded 2 times (x 218B)
Class org.jetbrains.plugins.gradle.model.RepositoryModels                             : loaded 2 times (x 70B)
Class org.jetbrains.plugins.gradle.tooling.serialization.internal.IdeaProjectSerializationService$WriteContext$7: loaded 2 times (x 83B)
Class kotlin.collections.AbstractList$SubList                                         : loaded 2 times (x 198B)
Class kotlin.reflect.jvm.internal.impl.builtins.jvm.JvmBuiltIns$Settings              : loaded 2 times (x 72B)
Class kotlin.jvm.internal.markers.KMutableMap                                         : loaded 2 times (x 70B)
Class kotlin.KotlinVersion$Companion                                                  : loaded 2 times (x 71B)
Class kotlin.reflect.jvm.internal.impl.metadata.deserialization.ProtoTypeTableUtilKt  : loaded 2 times (x 71B)
Class kotlin.reflect.jvm.internal.impl.metadata.jvm.JvmProtoBuf$StringTableTypes$1    : loaded 2 times (x 87B)
Class kotlin.reflect.jvm.internal.impl.protobuf.MessageLite$Builder                   : loaded 2 times (x 70B)
Class kotlin.reflect.jvm.internal.impl.descriptors.Visibilities$Local                 : loaded 2 times (x 75B)
Class kotlin.reflect.jvm.internal.impl.descriptors.CallableMemberDescriptor$Kind      : loaded 2 times (x 79B)
Class kotlin.properties.ReadOnlyProperty                                              : loaded 2 times (x 70B)
Class kotlin.reflect.jvm.internal.impl.descriptors.CallableDescriptor                 : loaded 2 times (x 70B)
Class kotlin.reflect.jvm.internal.impl.descriptors.runtime.structure.ReflectClassUtilKt: loaded 2 times (x 71B)
Class com.google.gson.internal.bind.CollectionTypeAdapterFactory$Adapter              : loaded 2 times (x 74B)
Class com.google.gson.internal.bind.TypeAdapters$8                                    : loaded 2 times (x 75B)
Class com.google.common.collect.ImmutableMapEntry                                     : loaded 2 times (x 85B)
Class kotlin.reflect.jvm.internal.impl.types.checker.KotlinTypeChecker$TypeConstructorEquality: loaded 2 times (x 70B)
Class com.amazon.ion.impl.bin.WriteBuffer                                             : loaded 2 times (x 78B)
Class com.amazon.ion.impl.bin.IonManagedBinaryWriter                                  : loaded 2 times (x 166B)
Class org.jetbrains.plugins.gradle.tooling.serialization.internal.IdeaProjectSerializationService$WriteContext$8: loaded 2 times (x 83B)
Class gnu.trove.TObjectIntProcedure                                                   : loaded 2 times (x 70B)
Class [Lorg.gradle.api.JavaVersion;                                                   : loaded 2 times (x 69B)
Class org.gradle.tooling.model.idea.IdeaDependencyScope                               : loaded 2 times (x 70B)
Class org.gradle.internal.time.TimeSource                                             : loaded 2 times (x 70B)
Class org.gradle.tooling.model.kotlin.dsl.KotlinDslScriptsModel                       : loaded 2 times (x 70B)
Class org.jetbrains.kotlin.build.report.metrics.DoNothingBuildMetricsReporter         : loaded 2 times (x 86B)
Class kotlin.reflect.jvm.internal.impl.protobuf.ProtocolStringList                    : loaded 2 times (x 70B)
Class kotlin.reflect.jvm.internal.impl.serialization.deserialization.TypeDeserializer : loaded 2 times (x 72B)
Class kotlin.reflect.jvm.internal.impl.descriptors.PropertyDescriptor                 : loaded 2 times (x 70B)
Class kotlin.reflect.jvm.internal.impl.renderer.DescriptorRenderer$ValueParametersHandler: loaded 2 times (x 70B)
Class kotlin.reflect.jvm.internal.impl.storage.LockBasedStorageManager$LockBasedLazyValue: loaded 2 times (x 81B)
Class kotlin.reflect.jvm.internal.impl.serialization.deserialization.builtins.BuiltInsResourceLoader: loaded 2 times (x 72B)
Class kotlin.reflect.jvm.internal.impl.types.TypeSubstitution$Companion$EMPTY$1       : loaded 2 times (x 77B)
Class com.google.common.collect.ImmutableMultimap                                     : loaded 2 times (x 147B)
Class com.android.builder.model.v2.ide.TestInfo                                       : loaded 2 times (x 70B)
Class com.google.common.base.Equivalence                                              : loaded 2 times (x 82B)
Class com.google.gson.internal.bind.TypeAdapters$9                                    : loaded 2 times (x 75B)
Class [Lkotlin.reflect.jvm.internal.impl.renderer.DescriptorRendererModifier;         : loaded 2 times (x 69B)
Class com.google.common.collect.ImmutableMapEntry$NonTerminalImmutableMapEntry        : loaded 2 times (x 85B)
Class com.amazon.ion.impl.lite.IonBlobLite                                            : loaded 2 times (x 219B)
Class com.amazon.ion.impl.LocalSymbolTable                                            : loaded 2 times (x 121B)
Class org.jetbrains.plugins.gradle.tooling.serialization.SerializationService         : loaded 2 times (x 70B)
Class org.gradle.tooling.internal.gradle.GradleBuildIdentity                          : loaded 2 times (x 70B)
Class kotlin.jvm.internal.markers.KMutableListIterator                                : loaded 2 times (x 70B)
Class [Lorg.jetbrains.kotlin.cli.common.CompilerSystemProperties;                     : loaded 2 times (x 69B)
Class kotlin.reflect.jvm.internal.impl.resolve.scopes.receivers.ImplicitClassReceiver : loaded 2 times (x 82B)
Class kotlin.reflect.jvm.internal.impl.descriptors.runtime.components.PackagePartScopeCache: loaded 2 times (x 72B)
Class kotlin.reflect.jvm.internal.impl.metadata.ProtoBuf$Annotation$Argument$ValueOrBuilder: loaded 2 times (x 70B)
Class kotlin.reflect.jvm.internal.impl.serialization.deserialization.AnnotationDeserializer: loaded 2 times (x 72B)
Class kotlin.reflect.jvm.internal.impl.load.java.components.SignaturePropagator       : loaded 2 times (x 70B)
Class kotlin.reflect.jvm.internal.impl.load.kotlin.DeserializationComponentsForJava$Companion: loaded 2 times (x 71B)
Class com.android.builder.model.v2.ide.JavaCompileOptions                             : loaded 2 times (x 70B)
Class com.google.common.collect.IndexedImmutableSet$1                                 : loaded 2 times (x 213B)
Class com.google.common.cache.CacheBuilder$OneWeigher                                 : loaded 2 times (x 82B)
Class com.google.gson.JsonParseException                                              : loaded 2 times (x 82B)
Class kotlin.reflect.jvm.internal.impl.types.TypeUtils                                : loaded 2 times (x 71B)
Class org.jetbrains.plugins.gradle.model.ExternalFilter                               : loaded 2 times (x 70B)
Class com.amazon.ion.IonList                                                          : loaded 2 times (x 70B)
Class org.jetbrains.plugins.gradle.tooling.serialization.internal.adapter.Supplier    : loaded 2 times (x 70B)
Class org.gradle.tooling.internal.adapter.ProtocolToModelAdapter$MixInMappingAction   : loaded 2 times (x 80B)
Class org.gradle.internal.exceptions.ResolutionProvider                               : loaded 2 times (x 70B)
Class jdk.internal.jimage.ImageBufferCache                                            : loaded 2 times (x 71B)
Class jdk.internal.jrtfs.JrtPath                                                      : loaded 2 times (x 118B)
Class org.jetbrains.kotlin.build.report.metrics.CLEAN_BACKUP_STASH                    : loaded 2 times (x 72B)
Class org.jetbrains.kotlin.com.intellij.openapi.diagnostic.Logger$Factory             : loaded 2 times (x 70B)
Class kotlin.reflect.jvm.internal.impl.resolve.ExternalOverridabilityCondition$Result : loaded 2 times (x 79B)
Class kotlin.reflect.jvm.internal.impl.load.java.structure.JavaClassifierType         : loaded 2 times (x 70B)
Class kotlin.reflect.jvm.internal.impl.metadata.ProtoBuf$Annotation$Argument          : loaded 2 times (x 96B)
Class kotlin.reflect.jvm.internal.impl.resolve.scopes.InnerClassesScopeWrapper        : loaded 2 times (x 93B)
Class [Lkotlin.reflect.jvm.internal.impl.metadata.ProtoBuf$MemberKind;                : loaded 2 times (x 69B)
Class kotlin.reflect.jvm.internal.impl.protobuf.GeneratedMessageLite$Builder          : loaded 2 times (x 89B)
Class kotlin.reflect.jvm.internal.impl.descriptors.runtime.components.ReflectJavaClassFinderKt: loaded 2 times (x 71B)
Class kotlin.reflect.jvm.internal.impl.metadata.ProtoBuf$TypeParameter$Variance       : loaded 2 times (x 82B)
Class kotlin.reflect.jvm.internal.impl.metadata.ProtoBuf$Type                         : loaded 2 times (x 102B)
Class kotlin.reflect.jvm.internal.impl.protobuf.AbstractMessageLite                   : loaded 2 times (x 91B)
Class kotlin.reflect.jvm.internal.impl.descriptors.VariableAccessorDescriptor         : loaded 2 times (x 70B)
Class kotlin.reflect.jvm.internal.impl.load.kotlin.header.KotlinClassHeader$Kind      : loaded 2 times (x 79B)
Class kotlin.reflect.jvm.internal.impl.descriptors.annotations.AnnotatedImpl          : loaded 2 times (x 76B)
Class kotlin.reflect.jvm.internal.impl.types.model.SimpleTypeMarker                   : loaded 2 times (x 70B)
Class kotlin.reflect.jvm.internal.impl.serialization.deserialization.ErrorReporter    : loaded 2 times (x 70B)
Class kotlin.reflect.jvm.internal.KDeclarationContainerImpl$Companion                 : loaded 2 times (x 71B)
Class org.jetbrains.kotlin.gradle.idea.tcs.IdeaKotlinDependency                       : loaded 2 times (x 70B)
Class com.amazon.ion.IonSystem                                                        : loaded 2 times (x 70B)
Class com.amazon.ion.impl.bin.IonManagedBinaryWriter$ImportedSymbolContext            : loaded 2 times (x 72B)
Class kotlin.text.MatchResult$DefaultImpls                                            : loaded 2 times (x 71B)
Class org.gradle.tooling.model.idea.IdeaCompilerOutput                                : loaded 2 times (x 70B)
Class org.gradle.tooling.model.ProjectIdentifier                                      : loaded 2 times (x 70B)
Class org.gradle.internal.classloader.ClasspathUtil                                   : loaded 2 times (x 71B)
Class org.jetbrains.kotlin.build.report.metrics.IC_ANALYZE_CHANGES_IN_ANDROID_LAYOUTS : loaded 2 times (x 72B)
Class kotlin.reflect.jvm.internal.impl.types.TypeProjection                           : loaded 2 times (x 70B)
Class org.jetbrains.kotlin.build.report.metrics.RUN_COMPILATION                       : loaded 2 times (x 72B)
Class org.jetbrains.kotlin.cli.common.arguments.ParseCommandLineArgumentsKt           : loaded 2 times (x 71B)
Class kotlin.reflect.jvm.internal.impl.resolve.ExternalOverridabilityCondition$Contract: loaded 2 times (x 79B)
Class kotlin.sequences.EmptySequence                                                  : loaded 2 times (x 78B)
Class kotlin.reflect.jvm.internal.impl.metadata.ProtoBuf$QualifiedNameTable$QualifiedName$1: loaded 2 times (x 87B)
Class kotlin.reflect.jvm.internal.impl.metadata.ProtoBuf$QualifiedNameTable           : loaded 2 times (x 96B)
Class kotlin.reflect.jvm.internal.impl.load.java.sources.JavaSourceElement            : loaded 2 times (x 70B)
Class kotlin.reflect.jvm.internal.impl.load.java.lazy.descriptors.LazyJavaPackageScope$KotlinClassLookupResult$NotFound: loaded 2 times (x 71B)
Class kotlin.reflect.jvm.internal.impl.load.kotlin.SignatureBuildingComponents        : loaded 2 times (x 71B)
Class kotlin.reflect.jvm.internal.CreateKCallableVisitor                              : loaded 2 times (x 104B)
Class kotlin.reflect.jvm.internal.impl.metadata.jvm.JvmProtoBuf$JvmMethodSignature$Builder: loaded 2 times (x 91B)
Class kotlin.reflect.jvm.internal.impl.metadata.jvm.JvmProtoBuf$JvmFieldSignatureOrBuilder: loaded 2 times (x 70B)
Class kotlin.reflect.jvm.internal.impl.resolve.scopes.MemberScope                     : loaded 2 times (x 70B)
Class kotlin.reflect.jvm.internal.impl.storage.StorageKt                              : loaded 2 times (x 71B)
Class kotlin.jvm.internal.PropertyReference0                                          : loaded 2 times (x 131B)
Class com.android.builder.model.v2.ide.ComponentInfo                                  : loaded 2 times (x 70B)
Class com.google.common.util.concurrent.Uninterruptibles                              : loaded 2 times (x 71B)
Class com.android.builder.model.v2.ide.ProjectType                                    : loaded 2 times (x 79B)
Class [Lkotlin.reflect.jvm.internal.impl.descriptors.annotations.Annotated;           : loaded 2 times (x 69B)
Class org.jetbrains.kotlin.idea.gradleTooling.KotlinMPPGradleModel$Companion          : loaded 2 times (x 71B)
Class com.intellij.gradle.toolingExtension.impl.model.sourceSetModel.GradleSourceSetSerialisationService: loaded 2 times (x 77B)
Class kotlin.reflect.jvm.internal.impl.types.checker.ClassicTypeSystemContext         : loaded 2 times (x 70B)
Class kotlin.reflect.jvm.internal.impl.load.kotlin.header.ReadKotlinClassHeaderAnnotationVisitor$CollectStringArrayAnnotationVisitor: loaded 2 times (x 85B)
Class kotlin.reflect.jvm.internal.impl.descriptors.DelegatedDescriptorVisibility      : loaded 2 times (x 76B)
Class [Lkotlin.reflect.jvm.internal.impl.load.kotlin.header.KotlinClassHeader$Kind;   : loaded 2 times (x 69B)
Class kotlin.reflect.full.IllegalCallableAccessException                              : loaded 2 times (x 82B)
Class kotlin.reflect.jvm.internal.impl.descriptors.runtime.structure.Java16SealedRecordLoader: loaded 2 times (x 71B)
Class kotlin.jvm.internal.PropertyReference1                                          : loaded 2 times (x 131B)
Class com.android.builder.model.v2.dsl.BaseConfig                                     : loaded 2 times (x 70B)
Class com.google.common.util.concurrent.LazyLogger                                    : loaded 2 times (x 72B)
Class kotlin.reflect.jvm.internal.impl.name.CallableId                                : loaded 2 times (x 72B)
Class com.google.common.collect.AbstractMapBasedMultimap$WrappedSet                   : loaded 2 times (x 142B)
Class com.amazon.ion.impl.lite.IonIntLite                                             : loaded 2 times (x 189B)
Class com.amazon.ion.impl._Private_IonReaderBuilder$TwoElementInputStream             : loaded 2 times (x 92B)
Class com.amazon.ion.util._Private_FastAppendable                                     : loaded 2 times (x 70B)
Class [Lcom.amazon.ion.impl.bin.IonRawBinaryWriter$PreallocationMode;                 : loaded 2 times (x 69B)
Class org.gradle.internal.time.TimeSource$1                                           : loaded 2 times (x 77B)
Class org.gradle.api.specs.Spec                                                       : loaded 2 times (x 70B)
Class jdk.internal.jimage.ImageReader$SharedImageReader$LocationVisitor               : loaded 2 times (x 70B)
Class org.jetbrains.kotlin.build.report.metrics.IC_ANALYZE_CHANGES_IN_JAVA_SOURCES    : loaded 2 times (x 72B)
Class kotlin.jvm.internal.KTypeBase                                                   : loaded 2 times (x 70B)
Class kotlin.reflect.jvm.internal.impl.metadata.jvm.JvmProtoBuf$StringTableTypes$RecordOrBuilder: loaded 2 times (x 70B)
Class kotlin.reflect.jvm.internal.impl.metadata.jvm.deserialization.JvmNameResolver   : loaded 2 times (x 77B)
Class kotlin.UnsafeLazyImpl                                                           : loaded 2 times (x 76B)
Class kotlin.reflect.jvm.internal.impl.types.DelegatingSimpleType                     : loaded 2 times (x 91B)
Class kotlin.reflect.jvm.internal.impl.types.AbstractClassTypeConstructor             : loaded 2 times (x 97B)
Class kotlin.reflect.jvm.internal.impl.descriptors.PackageFragmentDescriptor          : loaded 2 times (x 70B)
Class kotlin.reflect.jvm.internal.impl.resolve.constants.UnsignedValueConstant        : loaded 2 times (x 74B)
Class kotlin.LazyKt__LazyJVMKt$WhenMappings                                           : loaded 2 times (x 71B)
Class kotlin.jvm.internal.PropertyReference2                                          : loaded 2 times (x 131B)
Class kotlin.jvm.internal.MutablePropertyReference                                    : loaded 2 times (x 123B)
Class org.jetbrains.kotlin.tooling.core.InternerImpl                                  : loaded 2 times (x 76B)
Class com.google.gson.internal.sql.SqlDateTypeAdapter                                 : loaded 2 times (x 74B)
Class [Lcom.google.common.collect.ImmutableEntry;                                     : loaded 2 times (x 69B)
Class com.amazon.ion.impl.lite.IonSexpLite                                            : loaded 2 times (x 490B)
Class com.amazon.ion.impl.lite.IonListLite                                            : loaded 2 times (x 490B)
Class com.amazon.ion.IonFloat                                                         : loaded 2 times (x 70B)
Class org.jetbrains.kotlin.build.report.metrics.BuildPerformanceMetric                : loaded 2 times (x 72B)
Class kotlin.concurrent.ThreadsKt                                                     : loaded 2 times (x 71B)
Class kotlin.reflect.jvm.internal.impl.metadata.jvm.deserialization.JvmMemberSignature: loaded 2 times (x 74B)
Class kotlin.jvm.internal.ArrayIterator                                               : loaded 2 times (x 79B)
Class kotlin.reflect.jvm.internal.impl.load.java.lazy.descriptors.LazyJavaClassMemberScope: loaded 2 times (x 105B)
Class kotlin.reflect.jvm.internal.impl.types.AbstractTypeRefiner                      : loaded 2 times (x 72B)
Class kotlin.reflect.jvm.internal.impl.load.java.lazy.JavaResolverComponents          : loaded 2 times (x 72B)
Class [Lkotlin.reflect.jvm.internal.impl.builtins.jvm.JavaToKotlinClassMap$PlatformMutabilityMapping;: loaded 2 times (x 69B)
Class kotlin.LazyThreadSafetyMode                                                     : loaded 2 times (x 79B)
Class kotlin.reflect.full.IllegalPropertyDelegateAccessException                      : loaded 2 times (x 82B)
Class com.google.common.cache.LocalCache$LoadingValueReference                        : loaded 2 times (x 96B)
Class com.amazon.ion.impl.LocalSymbolTable$Factory                                    : loaded 2 times (x 77B)
Class com.amazon.ion.impl.bin.IonManagedBinaryWriter$ImportedSymbolResolverMode       : loaded 2 times (x 80B)
Class com.intellij.gradle.toolingExtension.impl.model.buildScriptClasspathModel.GradleBuildScriptClasspathSerializationService: loaded 2 times (x 77B)
Class jdk.internal.jimage.decompressor.ResourceDecompressorRepository                 : loaded 2 times (x 71B)
Class org.jetbrains.kotlin.incremental.ClasspathSnapshotFiles$Companion               : loaded 2 times (x 71B)
Class kotlin.reflect.jvm.internal.impl.descriptors.impl.SimpleFunctionDescriptorImpl  : loaded 2 times (x 199B)
Class kotlin.reflect.jvm.internal.impl.serialization.deserialization.descriptors.DeserializedCallableMemberDescriptor: loaded 2 times (x 70B)
Class kotlin.jvm.internal.SpreadBuilder                                               : loaded 2 times (x 76B)
Class kotlin.reflect.jvm.internal.impl.serialization.deserialization.builtins.BuiltInsPackageFragmentImpl: loaded 2 times (x 111B)
Class kotlin.reflect.jvm.internal.impl.descriptors.runtime.components.ReflectKotlinClassFinderKt: loaded 2 times (x 71B)
Class kotlin.reflect.jvm.internal.impl.descriptors.impl.ModuleDependenciesImpl        : loaded 2 times (x 77B)
Class kotlin.reflect.jvm.internal.impl.resolve.jvm.SyntheticJavaPartsProvider$Companion: loaded 2 times (x 71B)
Class kotlin.reflect.jvm.internal.impl.resolve.jvm.SyntheticJavaPartsProvider         : loaded 2 times (x 70B)
Class kotlin.reflect.jvm.internal.impl.load.java.JavaTypeEnhancementState$Companion   : loaded 2 times (x 71B)
Class kotlin.reflect.jvm.internal.impl.builtins.jvm.JvmBuiltIns$WhenMappings          : loaded 2 times (x 71B)
Class org.jetbrains.kotlin.cli.jvm.compiler.KotlinCoreEnvironment$Companion           : loaded 2 times (x 71B)
Class kotlin.sequences.SequencesKt___SequencesKt$flatMap$1                            : loaded 2 times (x 129B)
Class kotlin.SynchronizedLazyImpl                                                     : loaded 2 times (x 76B)
Class org.gradle.internal.classloader.DefaultClassLoaderFactory                       : loaded 2 times (x 82B)
Class com.google.common.base.Platform                                                 : loaded 2 times (x 71B)
Class com.google.gson.internal.bind.ReflectiveTypeAdapterFactory$RecordAdapter        : loaded 2 times (x 77B)
Class org.jetbrains.plugins.gradle.model.FileCollectionDependency                     : loaded 2 times (x 70B)
Class com.amazon.ion.impl.LocalSymbolTableAsStruct                                    : loaded 2 times (x 126B)
Class com.amazon.ion.impl.lite.IonTimestampLite                                       : loaded 2 times (x 192B)
Class com.intellij.gradle.toolingExtension.impl.model.utilDummyModel.DummyModel       : loaded 2 times (x 70B)
Class org.gradle.internal.time.Clock                                                  : loaded 2 times (x 70B)
Class org.gradle.tooling.model.BuildModel                                             : loaded 2 times (x 70B)
Class jdk.internal.jimage.ImageReader$Directory                                       : loaded 2 times (x 84B)
Class com.intellij.util.containers.IntObjectHashMap$ArrayProducer                     : loaded 2 times (x 70B)
Class com.amazon.ion.impl.bin.IonManagedBinaryWriter$ImportedSymbolResolverMode$1     : loaded 2 times (x 80B)
Class org.jetbrains.kotlin.codegen.CompilationException                               : loaded 2 times (x 95B)
Class [Lorg.jetbrains.kotlin.build.report.metrics.BuildAttributeKind;                 : loaded 2 times (x 69B)
Class org.jetbrains.kotlin.build.report.metrics.GradleBuildTimeMetric                 : loaded 2 times (x 72B)
Class kotlin.reflect.jvm.internal.calls.CallerImpl$Method$Instance                    : loaded 2 times (x 81B)
Class kotlin.reflect.jvm.internal.calls.CallerImpl$Companion                          : loaded 2 times (x 71B)
Class [Lkotlin.reflect.jvm.internal.impl.descriptors.DeclarationDescriptorWithSource; : loaded 2 times (x 69B)
Class com.amazon.ion.impl.lite.IonSymbolLite                                          : loaded 2 times (x 246B)
Class kotlin.reflect.jvm.internal.impl.protobuf.GeneratedMessageLite$ExtendableMessage$ExtensionWriter: loaded 2 times (x 73B)
Class kotlin.reflect.jvm.internal.impl.descriptors.PackageFragmentProviderKt          : loaded 2 times (x 71B)
Class kotlin.reflect.jvm.internal.impl.serialization.deserialization.ClassDeserializer$Companion: loaded 2 times (x 71B)
Class kotlin.reflect.jvm.internal.impl.protobuf.ByteString$ByteIterator               : loaded 2 times (x 70B)
Class kotlin.reflect.jvm.internal.impl.resolve.constants.ShortValue                   : loaded 2 times (x 74B)
Class [Lcom.amazon.ion.impl.bin.IonRawBinaryWriter$StreamCloseMode;                   : loaded 2 times (x 69B)
Class org.jetbrains.kotlin.idea.gradleTooling.AndroidAwareGradleModelProvider$Companion: loaded 2 times (x 71B)
Class com.google.gson.JsonSyntaxException                                             : loaded 2 times (x 82B)
Class com.android.builder.model.v2.dsl.ProductFlavor                                  : loaded 2 times (x 70B)
Class [Lcom.android.builder.model.v2.ide.TestInfo$Execution;                          : loaded 2 times (x 69B)
Class com.google.gson.internal.reflect.ReflectionHelper$RecordNotSupportedHelper      : loaded 2 times (x 78B)
Class [Lorg.objectweb.asm.AnnotationWriter;                                           : loaded 2 times (x 69B)
Class com.google.gson.JsonIOException                                                 : loaded 2 times (x 82B)
Class com.google.gson.internal.bind.TypeAdapters$31                                   : loaded 2 times (x 76B)
Class org.jetbrains.kotlin.tooling.core.Extras$Key$Companion                          : loaded 2 times (x 71B)
Class com.google.gson.internal.bind.JsonAdapterAnnotationTypeAdapterFactory$DummyTypeAdapterFactory: loaded 2 times (x 75B)
Class com.amazon.ion.IonString                                                        : loaded 2 times (x 70B)
Class org.jetbrains.plugins.gradle.model.GradleSourceSetDependencyModel               : loaded 2 times (x 70B)
Class com.google.common.collect.CompoundOrdering                                      : loaded 2 times (x 115B)
Class org.gradle.tooling.internal.adapter.TypeInspector                               : loaded 2 times (x 73B)
Class org.gradle.tooling.internal.adapter.ProtocolToModelAdapter$NoOpDecoration       : loaded 2 times (x 79B)
Class org.gradle.tooling.model.Element                                                : loaded 2 times (x 70B)
Class kotlin.collections.MutableMapWithDefaultImpl                                    : loaded 2 times (x 144B)
Class com.google.common.base.Suppliers                                                : loaded 2 times (x 71B)
Class kotlin.collections.ArraysKt___ArraysKt$asIterable$$inlined$Iterable$1           : loaded 2 times (x 79B)
Class org.jetbrains.kotlin.com.google.common.base.Function                            : loaded 2 times (x 70B)
Class kotlin.collections.ArrayAsCollection                                            : loaded 2 times (x 105B)
Class kotlin.reflect.jvm.internal.impl.utils.SmartSet$SingletonIterator               : loaded 2 times (x 81B)
Class kotlin.reflect.jvm.internal.impl.resolve.calls.inference.CapturedTypeConstructorKt: loaded 2 times (x 71B)
Class kotlin.reflect.jvm.internal.impl.types.model.TypeParameterMarker                : loaded 2 times (x 70B)
Class [Lcom.google.common.cache.CacheBuilder$OneWeigher;                              : loaded 2 times (x 69B)
Class kotlin.reflect.jvm.internal.impl.metadata.deserialization.Flags$FlagField       : loaded 2 times (x 73B)
Class kotlin.reflect.jvm.internal.impl.descriptors.impl.VariableDescriptorImpl        : loaded 2 times (x 141B)
Class kotlin.reflect.jvm.internal.impl.descriptors.ClassConstructorDescriptor         : loaded 2 times (x 70B)
Class kotlin.reflect.jvm.internal.impl.renderer.OverrideRenderingPolicy               : loaded 2 times (x 79B)
Class kotlin.reflect.jvm.internal.impl.utils.WrappedValues$1                          : loaded 2 times (x 71B)
Class kotlin.reflect.jvm.internal.impl.descriptors.deserialization.PlatformDependentDeclarationFilter: loaded 2 times (x 70B)
Class kotlin.reflect.jvm.internal.impl.descriptors.Named                              : loaded 2 times (x 70B)
Class org.objectweb.asm.MethodTooLargeException                                       : loaded 2 times (x 83B)
Class com.google.common.base.Platform$JdkPatternCompiler                              : loaded 2 times (x 75B)
Class kotlin.LazyKt__LazyKt                                                           : loaded 2 times (x 71B)
Class ijJvmDebugger1_byn4ji34ujebk2k6zcjholy1r$_run_closure1                          : loaded 2 times (x 139B)
Class ijJvmDebugger1_byn4ji34ujebk2k6zcjholy1r$_run_closure1$_closure2                : loaded 2 times (x 140B)
Class com.google.common.collect.Lists$ReverseList$1                                   : loaded 2 times (x 99B)
Class [Lkotlin.reflect.KClass;                                                        : loaded 2 times (x 69B)
Class com.google.common.cache.LocalCache$StrongValueReference                         : loaded 2 times (x 90B)
Class kotlin.reflect.jvm.internal.impl.name.FqName                                    : loaded 2 times (x 72B)
Class org.jetbrains.kotlin.idea.projectModel.KotlinCompilationCoordinates             : loaded 2 times (x 70B)
Class com.amazon.ion.BufferConfiguration                                              : loaded 2 times (x 73B)
Class com.amazon.ion.system.SimpleCatalog                                             : loaded 2 times (x 91B)
Class com.intellij.gradle.toolingExtension.impl.model.taskModel.GradleTaskSerialisationService: loaded 2 times (x 76B)
Class com.android.ide.gradle.model.LegacyV1AgpVersionModel                            : loaded 2 times (x 70B)
Class org.jetbrains.kotlin.build.report.metrics.RESTORE_OUTPUT_FROM_BACKUP            : loaded 2 times (x 72B)
Class org.jetbrains.kotlin.metadata.deserialization.BinaryVersion$Companion           : loaded 2 times (x 71B)
Class kotlin.jvm.internal.Ref$ObjectRef                                               : loaded 2 times (x 72B)
Class kotlin.reflect.jvm.internal.JvmFunctionSignature$KotlinFunction                 : loaded 2 times (x 73B)
Class kotlin.reflect.jvm.internal.impl.metadata.jvm.deserialization.ClassMapperLite   : loaded 2 times (x 71B)
Class kotlin.reflect.jvm.internal.impl.descriptors.impl.AbstractLazyTypeParameterDescriptor: loaded 2 times (x 124B)
Class [Lkotlin.reflect.jvm.internal.impl.metadata.ProtoBuf$Visibility;                : loaded 2 times (x 69B)
Class kotlin.reflect.jvm.internal.impl.metadata.jvm.deserialization.UtfEncodingKt     : loaded 2 times (x 71B)
Class kotlin.reflect.jvm.internal.impl.descriptors.runtime.components.ReflectKotlinClass$Factory: loaded 2 times (x 71B)
Class kotlin.reflect.jvm.internal.impl.serialization.deserialization.DeserializationConfiguration: loaded 2 times (x 70B)
Class kotlin.reflect.jvm.internal.impl.load.kotlin.header.KotlinClassHeader$Kind$Companion: loaded 2 times (x 71B)
Class kotlin.jvm.internal.ReflectionFactory                                           : loaded 2 times (x 91B)
Class kotlin.UNINITIALIZED_VALUE                                                      : loaded 2 times (x 71B)
Class kotlin.reflect.jvm.internal.impl.serialization.deserialization.FlexibleTypeDeserializer: loaded 2 times (x 70B)
Class com.google.common.graph.SuccessorsFunction                                      : loaded 2 times (x 70B)
Class [Lcom.google.gson.stream.JsonToken;                                             : loaded 2 times (x 69B)
Class org.objectweb.asm.Type                                                          : loaded 2 times (x 72B)
Class com.google.gson.LongSerializationPolicy$1                                       : loaded 2 times (x 80B)
Class org.jetbrains.plugins.gradle.tooling.util.IntObjectMap$1                        : loaded 2 times (x 77B)
Class org.gradle.tooling.model.internal.ImmutableDomainObjectSet                      : loaded 2 times (x 155B)
Class org.gradle.internal.classloader.VisitableURLClassLoader$InstrumentingVisitableURLClassLoader: loaded 2 times (x 123B)
Class kotlin.reflect.jvm.internal.impl.descriptors.impl.AbstractClassDescriptor       : loaded 2 times (x 174B)
Class kotlin.collections.ReversedListReadOnly$listIterator$1                          : loaded 2 times (x 90B)
Class kotlin.coroutines.CoroutineContext$Element$DefaultImpls                         : loaded 2 times (x 71B)
Class kotlin.reflect.jvm.internal.impl.protobuf.LiteralByteString                     : loaded 2 times (x 102B)
Class kotlin.reflect.jvm.internal.impl.metadata.jvm.deserialization.JvmFlags          : loaded 2 times (x 71B)
Class kotlin.sequences.SequencesKt__SequencesKt$sequenceOf$1$1                        : loaded 2 times (x 79B)
Class kotlin.reflect.jvm.internal.impl.metadata.ProtoBuf$Contract$1                   : loaded 2 times (x 87B)
Class kotlin.reflect.jvm.internal.impl.load.java.lazy.LazyJavaTypeParameterResolver   : loaded 2 times (x 75B)
Class kotlin.reflect.jvm.internal.impl.load.java.structure.JavaModifierListOwner      : loaded 2 times (x 70B)
Class kotlin.reflect.jvm.internal.impl.serialization.deserialization.NameResolverUtilKt: loaded 2 times (x 71B)
Class kotlin.reflect.jvm.internal.impl.metadata.ProtoBuf$EnumEntryOrBuilder           : loaded 2 times (x 70B)
Class kotlin.reflect.jvm.internal.impl.metadata.ProtoBuf$VersionRequirementTable      : loaded 2 times (x 96B)
Class [Lkotlin.reflect.jvm.internal.impl.renderer.PropertyAccessorRenderingPolicy;    : loaded 2 times (x 69B)
Class [Lkotlin.reflect.jvm.internal.impl.renderer.ParameterNameRenderingPolicy;       : loaded 2 times (x 69B)
Class kotlin.reflect.jvm.internal.impl.load.java.lazy.LazyJavaResolverContext         : loaded 2 times (x 72B)
Class kotlin.reflect.jvm.internal.impl.metadata.ProtoBuf$PropertyOrBuilder            : loaded 2 times (x 70B)
Class [Lkotlin.reflect.jvm.internal.impl.resolve.jvm.JvmPrimitiveType;                : loaded 2 times (x 69B)
Class kotlin.reflect.jvm.internal.impl.builtins.jvm.JvmBuiltInsPackageFragmentProvider: loaded 2 times (x 85B)
Class kotlin.jvm.internal.ClassBasedDeclarationContainer                              : loaded 2 times (x 70B)
Class kotlin.reflect.jvm.internal.impl.load.kotlin.KotlinClassFinder$Result           : loaded 2 times (x 71B)
Class com.google.common.io.Files$FileByteSink                                         : loaded 2 times (x 77B)
Class com.android.builder.model.v2.ide.AndroidGradlePluginProjectFlags                : loaded 2 times (x 70B)
Class [Lcom.android.builder.model.v2.ide.AndroidGradlePluginProjectFlags$BooleanFlag; : loaded 2 times (x 69B)
Class com.android.builder.model.v2.ide.BasicVariant                                   : loaded 2 times (x 70B)
Class com.google.common.math.IntMath$1                                                : loaded 2 times (x 71B)
Class org.objectweb.asm.ByteVector                                                    : loaded 2 times (x 79B)
Class [Lcom.google.common.cache.CacheBuilder$NullListener;                            : loaded 2 times (x 69B)
Class com.google.gson.LongSerializationPolicy$2                                       : loaded 2 times (x 80B)
Class [Lcom.amazon.ion.impl.bin.IonRawBinaryWriter$StreamFlushMode;                   : loaded 2 times (x 69B)
Class com.amazon.ion.UnsupportedIonVersionException                                   : loaded 2 times (x 85B)
Class org.gradle.internal.classloader.VisitableURLClassLoader$Spec                    : loaded 2 times (x 74B)
Class org.gradle.internal.classpath.DefaultClassPath                                  : loaded 2 times (x 90B)
Class jdk.internal.jimage.decompressor.ZipDecompressorFactory                         : loaded 2 times (x 74B)
Class kotlin.reflect.jvm.internal.impl.resolve.OverridingUtilTypeSystemContext        : loaded 2 times (x 169B)
Class kotlin.reflect.jvm.internal.impl.resolve.OverridingUtil$8                       : loaded 2 times (x 71B)
Class org.jetbrains.kotlin.compilerRunner.OutputItemsCollector                        : loaded 2 times (x 70B)
Class org.gradle.internal.operations.MultipleBuildOperationFailures                   : loaded 2 times (x 95B)
Class org.gradle.tooling.internal.adapter.MethodInvocation                            : loaded 2 times (x 85B)
Class kotlin.text.MatchGroup                                                          : loaded 2 times (x 72B)
Class ijInit1_1mzwmmf0hig0fwpuqw7gobe4q$_run_closure1                                 : loaded 2 times (x 140B)
Class kotlin.reflect.jvm.internal.impl.types.checker.NewTypeVariableConstructor       : loaded 2 times (x 70B)
Class kotlin.reflect.jvm.internal.impl.types.TypeProjectionImpl                       : loaded 2 times (x 82B)
Class com.intellij.util.ThrowableConsumer                                             : loaded 2 times (x 70B)
Class kotlin.reflect.jvm.internal.impl.protobuf.LazyStringList                        : loaded 2 times (x 70B)
Class kotlin.reflect.jvm.internal.impl.descriptors.runtime.structure.ReflectJavaModifierListOwner: loaded 2 times (x 70B)
Class kotlin.reflect.jvm.internal.impl.protobuf.RopeByteString$RopeInputStream        : loaded 2 times (x 92B)
Class kotlin.reflect.jvm.internal.impl.load.kotlin.KotlinJvmBinaryClass$AnnotationArgumentVisitor: loaded 2 times (x 70B)
Class kotlin.reflect.jvm.internal.impl.renderer.AnnotationArgumentsRenderingPolicy    : loaded 2 times (x 79B)
Class kotlin.reflect.jvm.internal.impl.load.kotlin.PackagePartProvider$Empty          : loaded 2 times (x 74B)
Class kotlin.reflect.jvm.internal.impl.descriptors.annotations.Annotations$Companion$EMPTY$1: loaded 2 times (x 84B)
Class kotlin.reflect.jvm.internal.impl.descriptors.runtime.components.RuntimeModuleData: loaded 2 times (x 72B)
Class com.android.builder.model.v2.ide.BundleInfo                                     : loaded 2 times (x 70B)
Class com.android.builder.model.v2.ide.SourceProvider                                 : loaded 2 times (x 70B)
Class org.objectweb.asm.Symbol                                                        : loaded 2 times (x 73B)
Class com.amazon.ion.impl.bin.IonManagedBinaryWriter$SymbolState                      : loaded 2 times (x 80B)
Class com.amazon.ion.IonStruct                                                        : loaded 2 times (x 70B)
Class org.jetbrains.plugins.gradle.model.GradleBuildScriptClasspathModel              : loaded 2 times (x 70B)
Class org.gradle.util.internal.DefaultGradleVersion                                   : loaded 2 times (x 82B)
Class [Lkotlin.reflect.jvm.internal.impl.resolve.ExternalOverridabilityCondition$Contract;: loaded 2 times (x 69B)
Class kotlin.reflect.jvm.internal.impl.protobuf.LazyStringArrayList                   : loaded 2 times (x 261B)
Class kotlin.reflect.jvm.internal.impl.load.java.JavaClassFinder$Request              : loaded 2 times (x 72B)
Class kotlin.reflect.jvm.internal.impl.metadata.ProtoBuf$Class$Kind$1                 : loaded 2 times (x 74B)
Class kotlin.reflect.jvm.internal.impl.builtins.jvm.JvmBuiltInsCustomizer$createMockJavaIoSerializableType$mockJavaIoPackageFragment$1: loaded 2 times (x 105B)
Class kotlin.reflect.jvm.internal.impl.storage.LockBasedStorageManager$CacheWithNotNullValuesBasedOnMemoizedFunction: loaded 2 times (x 86B)
Class kotlin.reflect.jvm.internal.impl.incremental.components.LookupLocation          : loaded 2 times (x 70B)
Class kotlin.reflect.KType                                                            : loaded 2 times (x 70B)
Class com.google.gson.TypeAdapterFactory                                              : loaded 2 times (x 70B)
Class com.google.common.io.Closer                                                     : loaded 2 times (x 78B)
Class com.google.gson.internal.bind.JsonTreeReader                                    : loaded 2 times (x 98B)
Class com.google.gson.internal.bind.TypeAdapters$30                                   : loaded 2 times (x 76B)
Class com.google.gson.reflect.TypeToken                                               : loaded 2 times (x 75B)
Class com.google.common.collect.RegularImmutableMap$Values                            : loaded 2 times (x 207B)
Class org.objectweb.asm.ClassVisitor                                                  : loaded 2 times (x 88B)
Class org.gradle.internal.classloader.ClassLoaderSpec                                 : loaded 2 times (x 71B)
Class kotlin.collections.ReversedListReadOnly                                         : loaded 2 times (x 198B)
Class org.jetbrains.kotlin.build.report.metrics.BuildAttributeKind                    : loaded 2 times (x 79B)
Class kotlin.text.DelimitedRangesSequence                                             : loaded 2 times (x 75B)
Class [Lorg.objectweb.asm.Symbol;                                                     : loaded 2 times (x 69B)
Class [Lkotlin.reflect.jvm.internal.impl.load.java.AnnotationQualifierApplicabilityType;: loaded 2 times (x 69B)
Class kotlin.reflect.jvm.internal.impl.serialization.deserialization.DeserializedPackageFragmentImpl: loaded 2 times (x 109B)
Class kotlin.reflect.jvm.internal.impl.descriptors.runtime.structure.Java16SealedRecordLoader$Cache: loaded 2 times (x 72B)
Class kotlin.reflect.jvm.internal.impl.metadata.ProtoBuf$EnumEntry$1                  : loaded 2 times (x 87B)
Class kotlin.reflect.jvm.internal.impl.load.java.FieldOverridabilityCondition         : loaded 2 times (x 75B)
Class kotlin.reflect.jvm.internal.impl.types.checker.NewKotlinTypeChecker             : loaded 2 times (x 70B)
Class kotlin.reflect.jvm.internal.impl.load.java.NullabilityAnnotationStates          : loaded 2 times (x 70B)
Class kotlin.reflect.jvm.internal.impl.descriptors.impl.PackageViewDescriptorFactory  : loaded 2 times (x 70B)
Class kotlin.reflect.jvm.internal.ReflectProperties$Val$1                             : loaded 2 times (x 71B)
Class com.android.utils.FileUtils                                                     : loaded 2 times (x 71B)
Class org.jetbrains.kotlin.tooling.core.InternerKt                                    : loaded 2 times (x 71B)
Class org.objectweb.asm.AnnotationWriter                                              : loaded 2 times (x 79B)
Class com.google.common.cache.CacheStats                                              : loaded 2 times (x 71B)
Class com.google.gson.internal.sql.SqlTimestampTypeAdapter$1                          : loaded 2 times (x 75B)
Class com.google.gson.JsonPrimitive                                                   : loaded 2 times (x 93B)
Class com.amazon.ion.impl.IonWriterSystemTextMarkup                                   : loaded 2 times (x 192B)
Class com.amazon.ion.impl.bin.BlockAllocator                                          : loaded 2 times (x 80B)
Class kotlin.time.DurationKt                                                          : loaded 2 times (x 71B)
Class com.android.builder.model.v2.ide.AaptOptions$Namespacing                        : loaded 2 times (x 79B)
Class kotlin.reflect.jvm.internal.impl.load.java.BuiltinSpecialProperties             : loaded 2 times (x 71B)
Class kotlin.reflect.jvm.internal.impl.storage.CacheWithNullableValues                : loaded 2 times (x 70B)
Class kotlin.reflect.jvm.internal.impl.metadata.deserialization.VersionRequirementTable: loaded 2 times (x 72B)
Class kotlin.reflect.jvm.internal.impl.utils.WrappedValues$ThrowableWrapper           : loaded 2 times (x 72B)
Class [Lkotlin.reflect.jvm.internal.impl.renderer.OverrideRenderingPolicy;            : loaded 2 times (x 69B)
Class kotlin.reflect.jvm.internal.impl.storage.SimpleLock$Companion                   : loaded 2 times (x 71B)
Class kotlin.reflect.jvm.internal.impl.builtins.ReflectionTypes                       : loaded 2 times (x 72B)
Class com.google.common.io.Closer$Suppressor                                          : loaded 2 times (x 70B)
Class com.google.common.io.LineProcessor                                              : loaded 2 times (x 70B)
Class com.google.common.collect.ImmutableMultisetGwtSerializationDependencies         : loaded 2 times (x 125B)
Class [Lcom.google.gson.ReflectionAccessFilter$FilterResult;                          : loaded 2 times (x 69B)
Class org.objectweb.asm.RecordComponentWriter                                         : loaded 2 times (x 78B)
Class [Lcom.android.builder.model.v2.ide.ProjectType;                                 : loaded 2 times (x 69B)
Class com.google.common.util.concurrent.AbstractFuture$Listener                       : loaded 2 times (x 72B)
Class kotlin.reflect.jvm.internal.impl.resolve.constants.ByteValue                    : loaded 2 times (x 74B)
Class com.google.gson.JsonElement                                                     : loaded 2 times (x 92B)
Class Settings_gradle$1$1                                                             : loaded 2 times (x 75B)
Class org.jetbrains.kotlin.idea.projectModel.KotlinRunTask                            : loaded 2 times (x 70B)
Class com.amazon.ion.impl._Private_RecyclingQueue                                     : loaded 2 times (x 80B)
Class com.amazon.ion.system.IonWriterBuilderBase                                      : loaded 2 times (x 83B)
Class org.gradle.tooling.internal.adapter.ProtocolToModelAdapter$DefaultViewBuilder   : loaded 2 times (x 80B)
Class org.gradle.api.internal.classpath.Module$ModuleAlias                            : loaded 2 times (x 70B)
Class org.jetbrains.kotlin.config.Services$Builder                                    : loaded 2 times (x 72B)
Class org.jetbrains.kotlin.build.report.metrics.GRADLE_TASK_ACTION                    : loaded 2 times (x 72B)
Class kotlin.io.FileTreeWalk$DirectoryState                                           : loaded 2 times (x 73B)
Class kotlin.reflect.jvm.internal.impl.descriptors.impl.ValueParameterDescriptorImpl$WithDestructuringDeclaration: loaded 2 times (x 165B)
Class kotlin.reflect.jvm.internal.impl.protobuf.Parser                                : loaded 2 times (x 70B)
Class kotlin.reflect.jvm.internal.impl.protobuf.MessageLite                           : loaded 2 times (x 70B)
Class kotlin.reflect.jvm.internal.impl.types.KotlinTypeFactory                        : loaded 2 times (x 71B)
Class kotlin.reflect.jvm.internal.impl.descriptors.PackageFragmentProviderOptimized   : loaded 2 times (x 70B)
Class kotlin.reflect.jvm.internal.impl.resolve.jvm.CompositeSyntheticJavaPartsProvider: loaded 2 times (x 79B)
Class kotlin.reflect.jvm.internal.impl.load.java.components.JavaResolverCache         : loaded 2 times (x 70B)
Class kotlin.reflect.jvm.internal.impl.resolve.constants.LongValue                    : loaded 2 times (x 74B)
Class [Lcom.android.builder.model.v2.ide.AaptOptions$Namespacing;                     : loaded 2 times (x 69B)
Class com.android.ide.common.gradle.Version$Companion$ParseState                      : loaded 2 times (x 70B)
Class org.objectweb.asm.Attribute                                                     : loaded 2 times (x 77B)
Class com.google.common.base.Supplier                                                 : loaded 2 times (x 70B)
Class com.google.gson.internal.bind.CollectionTypeAdapterFactory                      : loaded 2 times (x 75B)
Class org.jetbrains.kotlin.idea.projectModel.KotlinLanguageSettings                   : loaded 2 times (x 70B)
Class org.gradle.tooling.internal.adapter.ProtocolToModelAdapter$ViewGraphDetails$1   : loaded 2 times (x 77B)
Class org.gradle.internal.classloader.VisitableURLClassLoader                         : loaded 2 times (x 117B)
Class [Lkotlin.DeprecationLevel;                                                      : loaded 2 times (x 69B)
Class [Lkotlin.reflect.jvm.internal.impl.serialization.deserialization.AnnotatedCallableKind;: loaded 2 times (x 69B)
Class kotlin.sequences.GeneratorSequence                                              : loaded 2 times (x 75B)
Class kotlin.reflect.jvm.internal.impl.descriptors.ClassOrPackageFragmentDescriptor   : loaded 2 times (x 70B)
Class kotlin.reflect.jvm.internal.impl.resolve.scopes.ResolutionScope$DefaultImpls    : loaded 2 times (x 71B)
Class kotlin.reflect.jvm.internal.impl.metadata.ProtoBuf$Type$ArgumentOrBuilder       : loaded 2 times (x 70B)
Class kotlin.reflect.jvm.internal.impl.builtins.functions.BuiltInFictitiousFunctionClassFactory: loaded 2 times (x 77B)
Class kotlin.reflect.jvm.internal.impl.metadata.ProtoBuf$AnnotationOrBuilder          : loaded 2 times (x 70B)
Class kotlin.reflect.jvm.internal.impl.protobuf.GeneratedMessageLite$GeneratedExtension: loaded 2 times (x 78B)
Class kotlin.reflect.jvm.internal.impl.load.kotlin.DeserializationComponentsForJava   : loaded 2 times (x 72B)
Class kotlin.reflect.jvm.internal.impl.util.ModuleVisibilityHelper                    : loaded 2 times (x 70B)
Class kotlin.reflect.jvm.internal.KClassImpl                                          : loaded 2 times (x 115B)
Class kotlin.reflect.jvm.internal.impl.protobuf.AbstractParser                        : loaded 2 times (x 87B)
Class com.android.ide.common.repository.AgpVersion$Companion                          : loaded 2 times (x 71B)
Class Settings_gradle                                                                 : loaded 2 times (x 124B)
Class com.amazon.ion.impl.bin.IonRawBinaryWriter$1                                    : loaded 2 times (x 77B)
Class [Lcom.amazon.ion.SymbolTable;                                                   : loaded 2 times (x 69B)
Class com.amazon.ion.impl.bin.IonBinaryWriterAdapter$Factory                          : loaded 2 times (x 70B)
Class com.amazon.ion.impl.BlockedBuffer$BufferedOutputStream                          : loaded 2 times (x 90B)
Class org.jetbrains.plugins.gradle.tooling.serialization.ExternalTestsSerializationService$ReadContext: loaded 2 times (x 72B)
Class kotlin.reflect.jvm.internal.impl.serialization.deserialization.ProtoEnumFlagsUtilsKt$WhenMappings: loaded 2 times (x 71B)
Class kotlin.reflect.jvm.internal.impl.descriptors.ScopesHolderForClass               : loaded 2 times (x 72B)
Class org.gradle.tooling.model.eclipse.EclipseProject                                 : loaded 2 times (x 70B)
Class org.gradle.tooling.model.idea.IdeaDependency                                    : loaded 2 times (x 70B)
Class jdk.internal.jimage.decompressor.ZipDecompressor                                : loaded 2 times (x 75B)
Class kotlin.coroutines.AbstractCoroutineContextKey                                   : loaded 2 times (x 72B)
Class kotlin.reflect.jvm.internal.impl.load.java.typeEnhancement.TypeEnhancementUtilsKt: loaded 2 times (x 71B)
Class kotlin.reflect.jvm.internal.impl.protobuf.Utf8                                  : loaded 2 times (x 71B)
Class kotlin.reflect.jvm.internal.impl.metadata.builtins.BuiltInsBinaryVersion        : loaded 2 times (x 72B)
Class kotlin.reflect.jvm.internal.impl.load.java.lazy.descriptors.LazyJavaStaticClassScope: loaded 2 times (x 104B)
Class kotlin.reflect.jvm.internal.impl.load.java.lazy.descriptors.LazyJavaPackageScope$KotlinClassLookupResult$Found: loaded 2 times (x 72B)
Class kotlin.reflect.jvm.internal.impl.metadata.ProtoBuf$MemberKind                   : loaded 2 times (x 82B)
Class [Lkotlin.reflect.jvm.internal.impl.serialization.deserialization.descriptors.DeserializedContainerAbiStability;: loaded 2 times (x 69B)
Class kotlin.reflect.jvm.internal.impl.load.java.JvmAnnotationNames                   : loaded 2 times (x 71B)
Class kotlin.reflect.jvm.internal.impl.protobuf.SmallSortedMap$1                      : loaded 2 times (x 129B)
Class kotlin.reflect.jvm.internal.impl.resolve.descriptorUtil.DescriptorUtilsKt       : loaded 2 times (x 71B)
Class kotlin.reflect.jvm.internal.impl.renderer.ClassifierNamePolicy$FULLY_QUALIFIED  : loaded 2 times (x 74B)
Class kotlin.properties.ReadWriteProperty                                             : loaded 2 times (x 70B)
Class kotlin.reflect.jvm.internal.impl.descriptors.impl.AbstractTypeParameterDescriptor: loaded 2 times (x 124B)
Class com.android.builder.model.v2.ide.AaptOptions                                    : loaded 2 times (x 70B)
Class [Lcom.android.builder.model.v2.ide.BytecodeTransformation;                      : loaded 2 times (x 69B)
Class org.jetbrains.kotlin.gradle.idea.serialize.IdeaKotlinSerializationContext       : loaded 2 times (x 70B)
Class com.google.common.base.Strings                                                  : loaded 2 times (x 71B)
Class com.android.ide.common.gradle.Version$Companion                                 : loaded 2 times (x 71B)
Class kotlin.reflect.jvm.internal.impl.resolve.scopes.SubstitutingScope               : loaded 2 times (x 85B)
Class org.objectweb.asm.Handler                                                       : loaded 2 times (x 72B)
Class kotlin.reflect.jvm.internal.impl.resolve.OverridingUtil$7                       : loaded 2 times (x 75B)
Class com.google.common.base.Ticker                                                   : loaded 2 times (x 72B)
Class com.google.gson.internal.bind.TreeTypeAdapter                                   : loaded 2 times (x 75B)
Class com.google.gson.internal.sql.SqlTimeTypeAdapter                                 : loaded 2 times (x 74B)
Class com.amazon.ion.impl.bin.AbstractIonWriter$WriteValueOptimization                : loaded 2 times (x 79B)
Class kotlin.collections.builders.ListBuilder$Itr                                     : loaded 2 times (x 94B)
Class org.jetbrains.kotlin.incremental.IncrementalCompilationFeatures                 : loaded 2 times (x 71B)
Class kotlin.concurrent.ThreadsKt$thread$thread$1                                     : loaded 2 times (x 105B)
Class kotlin.reflect.jvm.internal.impl.load.java.JavaDescriptorVisibilities           : loaded 2 times (x 71B)
Class kotlin.jvm.internal.markers.KMutableIterator                                    : loaded 2 times (x 70B)
Class kotlin.reflect.jvm.internal.impl.types.KotlinTypeKt                             : loaded 2 times (x 71B)
Class kotlin.reflect.jvm.internal.impl.load.java.lazy.descriptors.LazyJavaPackageScope$KotlinClassLookupResult$SyntheticClass: loaded 2 times (x 71B)
Class kotlin.reflect.jvm.internal.impl.descriptors.VariableDescriptorWithAccessors    : loaded 2 times (x 70B)
Class kotlin.reflect.jvm.internal.impl.resolve.constants.ULongValue                   : loaded 2 times (x 74B)
Class kotlin.reflect.jvm.internal.impl.resolve.constants.UByteValue                   : loaded 2 times (x 74B)
Class kotlin.reflect.jvm.internal.impl.load.kotlin.BinaryClassAnnotationAndConstantLoaderImpl: loaded 2 times (x 99B)
Class jdk.internal.jimage.decompressor.StringSharingDecompressorFactory               : loaded 2 times (x 74B)
Class com.android.builder.model.v2.models.ndk.NativeModelBuilderParameter             : loaded 2 times (x 70B)
Class [Lcom.google.common.cache.LocalCache$Segment;                                   : loaded 2 times (x 69B)
Class org.gradle.tooling.internal.adapter.TargetTypeProvider                          : loaded 2 times (x 70B)
Class [Lcom.google.common.cache.LocalCache$Strength;                                  : loaded 2 times (x 69B)
Class com.google.common.cache.CacheBuilder$1                                          : loaded 2 times (x 85B)
Class com.google.gson.internal.bind.TypeAdapters$20                                   : loaded 2 times (x 75B)
Class org.jetbrains.plugins.gradle.model.GradleExtensions                             : loaded 2 times (x 70B)
Class org.jetbrains.kotlin.tooling.core.MutableExtrasImpl                             : loaded 2 times (x 165B)
Class com.amazon.ion.impl.bin.BlockAllocatorProvider                                  : loaded 2 times (x 72B)
Class org.jetbrains.plugins.gradle.tooling.serialization.internal.IdeaProjectSerializationService$WriteContext: loaded 2 times (x 72B)
Class com.intellij.gradle.toolingExtension.impl.model.sourceSetDependencyModel.GradleSourceSetDependencySerialisationService: loaded 2 times (x 77B)
Class org.jetbrains.plugins.gradle.model.GradleSourceSetModel                         : loaded 2 times (x 70B)
Class org.gradle.internal.classpath.DefaultClassPath$ImmutableUniqueList$Builder      : loaded 2 times (x 75B)
Class org.jetbrains.kotlin.utils.exceptions.KotlinExceptionWithAttachments            : loaded 2 times (x 70B)
Class org.jetbrains.kotlin.build.report.metrics.IC_DETECT_REMOVED_CLASSES             : loaded 2 times (x 72B)
Class kotlin.io.FileTreeWalk$WalkState                                                : loaded 2 times (x 73B)
Class kotlin.reflect.jvm.internal.impl.metadata.jvm.JvmProtoBuf$JvmPropertySignatureOrBuilder: loaded 2 times (x 70B)
Class kotlin.reflect.jvm.internal.impl.descriptors.ValueDescriptor                    : loaded 2 times (x 70B)
Class kotlin.reflect.jvm.internal.impl.renderer.DescriptorRendererOptionsImpl$property$$inlined$vetoable$1: loaded 2 times (x 83B)
Class kotlin.jvm.functions.Function3                                                  : loaded 2 times (x 70B)
Class org.jetbrains.plugins.gradle.model.AnnotationProcessingModel                    : loaded 2 times (x 70B)
Class kotlin.reflect.jvm.internal.KDeclarationContainerImpl$Data                      : loaded 2 times (x 72B)
Class com.google.gson.stream.JsonToken                                                : loaded 2 times (x 79B)
Class com.amazon.ion.system.IonBinaryWriterBuilder                                    : loaded 2 times (x 99B)
Class com.amazon.ion.impl.bin.IonManagedBinaryWriter$UserState$4                      : loaded 2 times (x 85B)
Class com.google.common.cache.LocalCache                                              : loaded 2 times (x 187B)
Class com.google.common.cache.CacheBuilder$2                                          : loaded 2 times (x 79B)
Class com.google.gson.internal.bind.TypeAdapters$21                                   : loaded 2 times (x 75B)
Class com.google.gson.FieldNamingPolicy$1                                             : loaded 2 times (x 83B)
Class org.jetbrains.kotlin.idea.projectModel.KotlinComponent                          : loaded 2 times (x 70B)
Class com.amazon.ion.impl.lite.IonSequenceLite                                        : loaded 2 times (x 432B)
Class com.amazon.ion.impl._Private_Utils$1                                            : loaded 2 times (x 89B)
Class com.amazon.ion.impl.SymbolTableAsStruct                                         : loaded 2 times (x 70B)
Class com.android.ide.gradle.model.dependencies.Coordinates                           : loaded 2 times (x 70B)
Class org.gradle.tooling.internal.adapter.WeakIdentityHashMap$AbsentValueProvider     : loaded 2 times (x 70B)
Class kotlin.reflect.jvm.internal.impl.descriptors.runtime.structure.ReflectJavaClassifierType: loaded 2 times (x 92B)
Class kotlin.reflect.jvm.internal.impl.serialization.deserialization.descriptors.DeserializedClassDescriptor: loaded 2 times (x 176B)
Class kotlin.reflect.jvm.internal.impl.load.kotlin.KotlinJvmBinaryClass$AnnotationArrayArgumentVisitor: loaded 2 times (x 70B)
Class org.jetbrains.plugins.gradle.model.UnresolvedExternalDependency                 : loaded 2 times (x 70B)
Class kotlin.reflect.jvm.internal.impl.load.java.structure.JavaAnnotationOwner        : loaded 2 times (x 70B)
Class [Lkotlin.reflect.jvm.internal.impl.protobuf.WireFormat$JavaType;                : loaded 2 times (x 69B)
Class kotlin.reflect.jvm.internal.impl.types.model.TypeArgumentMarker                 : loaded 2 times (x 70B)
Class kotlin.reflect.jvm.internal.impl.renderer.RenderingFormat$HTML                  : loaded 2 times (x 80B)
Class kotlin.reflect.jvm.internal.impl.descriptors.DeclarationDescriptorWithVisibility: loaded 2 times (x 70B)
Class com.google.common.collect.ImmutableMap$MapViewOfValuesAsSingletonSets           : loaded 2 times (x 126B)
Class kotlin.reflect.jvm.internal.impl.storage.EmptySimpleLock                        : loaded 2 times (x 75B)
Class kotlin.reflect.jvm.internal.impl.builtins.PrimitiveType$Companion               : loaded 2 times (x 71B)
Class com.google.common.collect.RegularImmutableMap                                   : loaded 2 times (x 121B)
Class kotlin.reflect.jvm.internal.KClassImpl$Data                                     : loaded 2 times (x 72B)
Class org.jetbrains.kotlin.cli.common.arguments.K2JVMCompilerArguments                : loaded 2 times (x 76B)
Class com.android.builder.model.v2.ide.AndroidArtifact                                : loaded 2 times (x 70B)
Class com.google.common.collect.ArrayListMultimap                                     : loaded 2 times (x 172B)
Class com.google.common.cache.CacheBuilder$3                                          : loaded 2 times (x 72B)
Class com.google.gson.internal.bind.TypeAdapters$22                                   : loaded 2 times (x 75B)
Class com.google.gson.FieldNamingPolicy$2                                             : loaded 2 times (x 83B)
Class com.google.gson.internal.Excluder$1                                             : loaded 2 times (x 74B)
Class [Lcom.google.common.collect.AbstractMapEntry;                                   : loaded 2 times (x 69B)
Class com.google.common.collect.ImmutableEntry                                        : loaded 2 times (x 82B)
Class com.amazon.ion.impl.bin.AbstractIonWriter                                       : loaded 2 times (x 161B)
Class gnu.trove.TObjectHash                                                           : loaded 2 times (x 94B)
Class org.jetbrains.plugins.gradle.tooling.util.ObjectCollector$Processor             : loaded 2 times (x 70B)
Class com.google.common.io.ByteArrayDataOutput                                        : loaded 2 times (x 70B)
Class org.gradle.internal.exceptions.NonGradleCauseExceptionsHolder                   : loaded 2 times (x 70B)
Class org.gradle.tooling.model.idea.IdeaModuleDependency                              : loaded 2 times (x 70B)
Class org.gradle.tooling.internal.adapter.ViewBuilder                                 : loaded 2 times (x 70B)
Class jdk.internal.jimage.ImageStrings                                                : loaded 2 times (x 70B)
Class org.jetbrains.kotlin.metadata.deserialization.BinaryVersion                     : loaded 2 times (x 73B)
Class kotlin.reflect.jvm.internal.impl.types.TypeConstructorSubstitution$Companion    : loaded 2 times (x 71B)
Class kotlin.reflect.jvm.internal.impl.metadata.ProtoBuf$Annotation$Builder           : loaded 2 times (x 92B)
Class kotlin.reflect.jvm.internal.impl.metadata.ProtoBuf$PackageFragmentOrBuilder     : loaded 2 times (x 70B)
Class kotlin.reflect.jvm.internal.impl.load.java.structure.JavaNamedElement           : loaded 2 times (x 70B)
Class kotlin.reflect.jvm.internal.impl.descriptors.ScopesHolderForClass$Companion     : loaded 2 times (x 71B)
Class kotlin.jvm.internal.MutablePropertyReference2                                   : loaded 2 times (x 141B)
Class [Lkotlin.reflect.jvm.internal.impl.metadata.ProtoBuf$TypeParameter$Variance;    : loaded 2 times (x 69B)
Class kotlin.reflect.jvm.internal.impl.types.checker.KotlinTypeRefiner                : loaded 2 times (x 79B)
Class kotlin.reflect.jvm.internal.impl.descriptors.DeclarationDescriptorWithSource    : loaded 2 times (x 70B)
Class kotlin.reflect.jvm.internal.ReflectProperties$Val                               : loaded 2 times (x 74B)
Class kotlin.jvm.functions.Function5                                                  : loaded 2 times (x 70B)
Class kotlin.reflect.jvm.internal.impl.serialization.deserialization.KotlinMetadataFinder: loaded 2 times (x 70B)
Class com.android.builder.model.v2.ide.AndroidLibraryData                             : loaded 2 times (x 70B)
Class com.android.builder.model.v2.ide.ApiVersion                                     : loaded 2 times (x 70B)
Class com.android.ide.common.gradle.Version                                           : loaded 2 times (x 75B)
Class com.google.gson.internal.bind.TypeAdapters$23                                   : loaded 2 times (x 75B)
Class com.google.common.collect.ForwardingMap                                         : loaded 2 times (x 132B)
Class com.google.gson.FieldNamingPolicy$3                                             : loaded 2 times (x 83B)
Class kotlin.reflect.jvm.internal.impl.protobuf.InvalidProtocolBufferException        : loaded 2 times (x 84B)
Class org.jetbrains.kotlin.idea.projectModel.KotlinWasmCompilationExtensions          : loaded 2 times (x 70B)
Class com.amazon.ion.system.IonReaderBuilder                                          : loaded 2 times (x 95B)
Class org.jetbrains.plugins.gradle.model.AnnotationProcessingConfig                   : loaded 2 times (x 70B)
Class com.amazon.ion.IonReader                                                        : loaded 2 times (x 70B)
Class gnu.trove.Equality                                                              : loaded 2 times (x 70B)
Class org.gradle.tooling.model.eclipse.HierarchicalEclipseProject                     : loaded 2 times (x 70B)
Class [Lkotlin.reflect.jvm.internal.impl.descriptors.impl.ModuleDescriptorImpl;       : loaded 2 times (x 69B)
Class kotlin.reflect.jvm.internal.impl.descriptors.impl.PropertyDescriptorImpl$CopyConfiguration: loaded 2 times (x 82B)
Class kotlin.reflect.jvm.internal.impl.types.TypeSubstitutor$SubstitutionException    : loaded 2 times (x 82B)
Class [Lkotlin.reflect.jvm.internal.impl.load.java.typeEnhancement.NullabilityQualifier;: loaded 2 times (x 69B)
Class kotlin.reflect.jvm.internal.impl.descriptors.runtime.structure.ReflectJavaAnnotationOwnerKt: loaded 2 times (x 71B)
Class kotlin.reflect.jvm.internal.impl.metadata.ProtoBuf$StringTableOrBuilder         : loaded 2 times (x 70B)
Class kotlin.reflect.jvm.internal.impl.load.java.lazy.descriptors.LazyJavaClassDescriptor: loaded 2 times (x 177B)
Class kotlin.reflect.jvm.internal.impl.serialization.deserialization.DeserializationContext: loaded 2 times (x 72B)
Class kotlin.reflect.jvm.internal.impl.metadata.ProtoBuf$Type$Argument                : loaded 2 times (x 96B)
Class kotlin.reflect.jvm.internal.impl.load.java.lazy.LazyJavaAnnotationsKt           : loaded 2 times (x 71B)
Class kotlin.reflect.jvm.internal.impl.resolve.ResolutionAnchorProviderKt             : loaded 2 times (x 71B)
Class kotlin.reflect.jvm.internal.impl.protobuf.ByteString$Output                     : loaded 2 times (x 86B)
Class kotlin.reflect.jvm.internal.impl.descriptors.Visibilities$Private               : loaded 2 times (x 75B)
Class kotlin.reflect.jvm.internal.impl.renderer.ClassifierNamePolicy                  : loaded 2 times (x 70B)
Class kotlin.reflect.jvm.internal.impl.load.java.JavaNullabilityAnnotationsStatus$Companion: loaded 2 times (x 71B)
Class kotlin.reflect.jvm.internal.impl.types.model.TypeArgumentListMarker             : loaded 2 times (x 70B)
Class kotlin.reflect.jvm.internal.impl.storage.NullableLazyValue                      : loaded 2 times (x 70B)
Class kotlin.jvm.functions.Function6                                                  : loaded 2 times (x 70B)
Class [Lkotlin.reflect.jvm.internal.impl.incremental.components.LookupLocation;       : loaded 2 times (x 69B)
Class kotlin.reflect.jvm.internal.impl.descriptors.runtime.components.ReflectKotlinClassKt: loaded 2 times (x 71B)
Class kotlin.reflect.jvm.internal.KTypeParameterOwnerImpl                             : loaded 2 times (x 70B)
Class [Lcom.google.common.io.FileWriteMode;                                           : loaded 2 times (x 69B)
Class com.android.builder.model.v2.models.Versions$Version                            : loaded 2 times (x 70B)
Class com.google.gson.internal.bind.TypeAdapters$24                                   : loaded 2 times (x 75B)
Class com.google.gson.FieldNamingPolicy$4                                             : loaded 2 times (x 83B)
Class kotlin.reflect.jvm.internal.impl.protobuf.BoundedByteString                     : loaded 2 times (x 102B)
Class com.amazon.ion.IonClob                                                          : loaded 2 times (x 70B)
Class org.jetbrains.plugins.gradle.tooling.ModelBuilderService$Parameter              : loaded 2 times (x 70B)
Class kotlin.sequences.SequencesKt___SequencesKt$asIterable$$inlined$Iterable$1       : loaded 2 times (x 79B)
Class [Lkotlin.time.DurationUnit;                                                     : loaded 2 times (x 69B)
Class kotlin.reflect.jvm.internal.FunctionWithAllInvokes                              : loaded 2 times (x 70B)
Class kotlin.reflect.jvm.internal.impl.load.java.lazy.descriptors.ClassDeclaredMemberIndex: loaded 2 times (x 86B)
Class kotlin.reflect.jvm.internal.impl.resolve.jvm.JavaDescriptorResolver             : loaded 2 times (x 72B)
Class kotlin.reflect.jvm.internal.impl.metadata.ProtoBuf$TypeTableOrBuilder           : loaded 2 times (x 70B)
Class kotlin.reflect.jvm.internal.impl.descriptors.DescriptorVisibilities$10          : loaded 2 times (x 74B)
Class kotlin.jvm.functions.Function7                                                  : loaded 2 times (x 70B)
Class kotlin.collections.builders.MapBuilder                                          : loaded 2 times (x 112B)
Class kotlin.reflect.jvm.internal.impl.name.Name                                      : loaded 2 times (x 75B)
Class org.jetbrains.kotlin.cli.common.arguments.CommonCompilerArguments               : loaded 2 times (x 75B)
Class com.google.common.io.Files                                                      : loaded 2 times (x 71B)
Class com.google.common.cache.LocalCache$WriteThroughEntry                            : loaded 2 times (x 79B)
Class com.google.common.cache.LocalCache$HashIterator                                 : loaded 2 times (x 86B)
Class org.jetbrains.kotlin.tooling.core.KotlinToolingVersion$Maturity                 : loaded 2 times (x 79B)
Class com.google.common.cache.LocalCache$EntryFactory                                 : loaded 2 times (x 83B)
Class com.google.gson.internal.bind.TypeAdapters$25                                   : loaded 2 times (x 75B)
Class com.google.gson.FieldNamingPolicy$5                                             : loaded 2 times (x 83B)
Class com.amazon.ion.impl.lite.IonLobLite                                             : loaded 2 times (x 184B)
Class com.amazon.ion.impl.lite.IonTextLite                                            : loaded 2 times (x 181B)
Class com.amazon.ion.IonNumber                                                        : loaded 2 times (x 70B)
Class gnu.trove.TObjectHashingStrategy                                                : loaded 2 times (x 70B)
Class org.gradle.tooling.internal.adapter.ProtocolToModelAdapter$ReflectionMethodInvoker: loaded 2 times (x 76B)
Class [Lkotlin.annotation.AnnotationRetention;                                        : loaded 2 times (x 69B)
Class [Lkotlin.reflect.jvm.internal.impl.load.java.SpecialGenericSignatures$TypeSafeBarrierDescription;: loaded 2 times (x 69B)
Class kotlin.collections.builders.MapBuilder$Companion                                : loaded 2 times (x 71B)
Class kotlin.reflect.jvm.internal.impl.types.TypeSubstitution$replaceWithNonApproximating$1: loaded 2 times (x 78B)
Class kotlin.reflect.jvm.internal.impl.descriptors.DescriptorVisibilities$11          : loaded 2 times (x 74B)
Class kotlin.reflect.jvm.internal.impl.storage.LockBasedStorageManager$CacheWithNullableValuesBasedOnMemoizedFunction$1: loaded 2 times (x 76B)
Class kotlin.reflect.jvm.internal.impl.load.java.AnnotationTypeQualifierResolver      : loaded 2 times (x 72B)
Class kotlin.reflect.jvm.internal.impl.descriptors.DeclarationDescriptor              : loaded 2 times (x 70B)
Class kotlin.reflect.jvm.internal.impl.storage.LockBasedStorageManager                : loaded 2 times (x 95B)
Class kotlin.reflect.jvm.internal.impl.resolve.OverridingUtil$6                       : loaded 2 times (x 74B)
Class kotlin.jvm.functions.Function8                                                  : loaded 2 times (x 70B)
Class kotlin.reflect.jvm.internal.impl.name.FqNameUnsafe                              : loaded 2 times (x 72B)
Class org.jetbrains.kotlin.cli.common.arguments.ArgumentField                         : loaded 2 times (x 72B)
Class org.jetbrains.kotlin.cli.common.arguments.CommonCompilerArgumentsConfigurator   : loaded 2 times (x 74B)
Class kotlin.reflect.jvm.internal.calls.CallerImpl$Method                             : loaded 2 times (x 81B)
Class [Lcom.android.ide.common.gradle.Separator;                                      : loaded 2 times (x 69B)
Class com.google.common.cache.LocalCache$AbstractReferenceEntry                       : loaded 2 times (x 107B)
Class com.google.gson.internal.bind.ArrayTypeAdapter                                  : loaded 2 times (x 74B)
Class com.google.gson.internal.bind.TypeAdapters$26                                   : loaded 2 times (x 75B)
Class com.google.gson.FieldNamingPolicy$6                                             : loaded 2 times (x 83B)
Class org.gradle.tooling.internal.adapter.ProtocolToModelAdapter$InvocationHandlerImpl: loaded 2 times (x 77B)
Class org.jetbrains.kotlin.idea.projectModel.ExtraFeatures                            : loaded 2 times (x 70B)
Class [Lcom.amazon.ion.impl.bin.IonManagedBinaryWriter$UserState;                     : loaded 2 times (x 69B)
Class com.amazon.ion.impl.bin.utf8.Utf8StringEncoder                                  : loaded 2 times (x 80B)
Class com.amazon.ion.IonBool                                                          : loaded 2 times (x 70B)
Class com.intellij.openapi.externalSystem.model.project.dependencies.ComponentDependencies: loaded 2 times (x 70B)
Class com.google.common.collect.NullsLastOrdering                                     : loaded 2 times (x 115B)
Class org.gradle.tooling.model.build.GradleEnvironment                                : loaded 2 times (x 70B)
Class kotlin.annotation.MustBeDocumented                                              : loaded 2 times (x 70B)
Class org.jetbrains.kotlin.utils.KotlinExceptionWithAttachments                       : loaded 2 times (x 94B)
Class kotlin.reflect.jvm.internal.impl.descriptors.java.JavaVisibilities$PackageVisibility: loaded 2 times (x 75B)
Class kotlin.reflect.jvm.internal.impl.metadata.builtins.BuiltInsBinaryVersion$Companion: loaded 2 times (x 71B)
Class kotlin.reflect.jvm.internal.impl.load.java.lazy.descriptors.LazyJavaPackageScope$FindClassRequest: loaded 2 times (x 72B)
Class kotlin.reflect.jvm.internal.impl.resolve.scopes.LazyScopeAdapter                : loaded 2 times (x 94B)
Class kotlin.reflect.jvm.internal.impl.descriptors.DescriptorVisibilities$12          : loaded 2 times (x 74B)
Class kotlin.reflect.jvm.internal.impl.renderer.DescriptorRendererModifier$Companion  : loaded 2 times (x 71B)
Class kotlin.reflect.jvm.internal.impl.descriptors.SourceElement$1                    : loaded 2 times (x 74B)
Class kotlin.reflect.jvm.internal.impl.load.kotlin.DeserializationComponentsForJavaKt$makeLazyJavaPackageFragmentProvider$javaResolverComponents$1: loaded 2 times (x 74B)
Class kotlin.reflect.jvm.internal.impl.descriptors.annotations.Annotations$Companion  : loaded 2 times (x 71B)
Class kotlin.jvm.functions.Function10                                                 : loaded 2 times (x 70B)
Class kotlin.jvm.functions.Function9                                                  : loaded 2 times (x 70B)
Class [Lkotlin.LazyThreadSafetyMode;                                                  : loaded 2 times (x 69B)
Class [Lkotlin.reflect.KClassifier;                                                   : loaded 2 times (x 69B)
Class kotlin.reflect.jvm.internal.EmptyContainerForLocal                              : loaded 2 times (x 84B)
Class com.google.gson.internal.reflect.ReflectionHelper                               : loaded 2 times (x 71B)
Class com.android.builder.model.v2.models.VariantDependencies                         : loaded 2 times (x 70B)
Class org.jetbrains.plugins.gradle.tooling.util.IntObjectMap$ObjectFactory            : loaded 2 times (x 70B)
Class org.objectweb.asm.SymbolTable                                                   : loaded 2 times (x 72B)
Class com.google.common.cache.CacheLoader$InvalidCacheLoadException                   : loaded 2 times (x 82B)
Class com.google.gson.internal.bind.TypeAdapters$27                                   : loaded 2 times (x 75B)
Class com.google.gson.FieldNamingPolicy$7                                             : loaded 2 times (x 83B)
Class com.amazon.ion.IonException                                                     : loaded 2 times (x 84B)
Class com.intellij.openapi.externalSystem.model.project.dependencies.DependencyScopeNode: loaded 2 times (x 89B)
Class com.amazon.ion.IonLoader                                                        : loaded 2 times (x 70B)
Class com.intellij.gradle.toolingExtension.model.repositoryModel.ProjectRepositoriesModel: loaded 2 times (x 70B)
Class org.jetbrains.plugins.gradle.model.GradleProperty                               : loaded 2 times (x 70B)
Class gnu.trove.TObjectCanonicalHashingStrategy                                       : loaded 2 times (x 78B)
Class org.jetbrains.kotlin.cli.common.ExitCode                                        : loaded 2 times (x 79B)
Class com.amazon.ion.util.GzipStreamInterceptor                                       : loaded 2 times (x 85B)
Class kotlin.coroutines.CoroutineContext$DefaultImpls                                 : loaded 2 times (x 71B)
Class com.amazon.ion.impl.bin.IonManagedBinaryWriter$UserState$3                      : loaded 2 times (x 85B)
Class org.jetbrains.kotlin.compilerRunner.ArgumentsToStrings                          : loaded 2 times (x 71B)
Class com.google.common.collect.AbstractMapBasedMultimap$WrappedCollection            : loaded 2 times (x 124B)
Class kotlin.reflect.jvm.internal.impl.types.DisjointKeysUnionTypeSubstitution$Companion: loaded 2 times (x 71B)
Class com.google.gson.JsonObject                                                      : loaded 2 times (x 93B)
Class kotlin.reflect.jvm.internal.impl.load.java.lazy.descriptors.LazyJavaClassDescriptor$Companion: loaded 2 times (x 71B)
Class kotlin.reflect.jvm.internal.impl.descriptors.impl.ClassConstructorDescriptorImpl: loaded 2 times (x 216B)
Class kotlin.reflect.jvm.internal.impl.resolve.scopes.MemberScopeImpl                 : loaded 2 times (x 92B)
Class kotlin.reflect.jvm.internal.impl.resolve.constants.UShortValue                  : loaded 2 times (x 74B)
Class kotlin.reflect.jvm.internal.impl.types.checker.KotlinTypeRefiner$Default        : loaded 2 times (x 79B)
Class com.google.common.util.concurrent.ExecutionError                                : loaded 2 times (x 82B)
Class kotlin.jvm.functions.Function11                                                 : loaded 2 times (x 70B)
Class com.android.builder.model.v2.models.VariantDependenciesAdjacencyList            : loaded 2 times (x 70B)
Class kotlin.jvm.internal.MutablePropertyReference1                                   : loaded 2 times (x 141B)
Class com.android.builder.model.v2.ide.TestedTargetVariant                            : loaded 2 times (x 70B)
Class com.google.common.cache.LocalCache$StrongEntry                                  : loaded 2 times (x 108B)
Class com.google.common.util.concurrent.AbstractFuture$TrustedFuture                  : loaded 2 times (x 114B)
Class com.google.common.cache.LoadingCache                                            : loaded 2 times (x 70B)
Class [Lcom.google.gson.LongSerializationPolicy;                                      : loaded 2 times (x 69B)
Class com.amazon.ion.impl._Private_Utils                                              : loaded 2 times (x 71B)
Class org.gradle.internal.exceptions.MultiCauseException                              : loaded 2 times (x 70B)
Class org.gradle.internal.time.CountdownTimer                                         : loaded 2 times (x 70B)
Class jdk.internal.jrtfs.JrtFileSystem                                                : loaded 2 times (x 102B)
Class kotlin.jvm.internal.PropertyReference1Impl                                      : loaded 2 times (x 131B)
Class kotlin.io.FileTreeWalk$FileTreeWalkIterator$TopDownDirectoryState               : loaded 2 times (x 74B)
Class kotlin.reflect.jvm.internal.impl.types.DescriptorSubstitutor                    : loaded 2 times (x 71B)
Class kotlin.reflect.jvm.internal.impl.types.DefinitelyNotNullType                    : loaded 2 times (x 98B)
Class kotlin.reflect.jvm.internal.impl.load.java.structure.JavaClassifier             : loaded 2 times (x 70B)
Class kotlin.reflect.jvm.internal.impl.load.java.lazy.ContextKt                       : loaded 2 times (x 71B)
Class kotlin.reflect.jvm.internal.impl.metadata.ProtoBuf$Annotation$Argument$Value$1  : loaded 2 times (x 87B)
Class kotlin.reflect.jvm.internal.impl.renderer.DescriptorRendererImpl$RenderDeclarationDescriptorVisitor: loaded 2 times (x 87B)
Class kotlin.jvm.functions.Function12                                                 : loaded 2 times (x 70B)
Class kotlin.SafePublicationLazyImpl$Companion                                        : loaded 2 times (x 71B)
Class kotlin.reflect.jvm.internal.impl.metadata.ProtoBuf$TypeParameter$1              : loaded 2 times (x 87B)
Class [Lkotlin.reflect.jvm.internal.impl.descriptors.annotations.AnnotatedImpl;       : loaded 2 times (x 69B)
Class org.gradle.kotlin.dsl.ImplementationConfigurationAccessorsKt                    : loaded 2 times (x 71B)
Class com.google.gson.internal.Streams$AppendableWriter                               : loaded 2 times (x 99B)
Class com.google.common.io.ByteStreams$LimitedInputStream                             : loaded 2 times (x 92B)
Class org.objectweb.asm.MethodWriter                                                  : loaded 2 times (x 106B)
Class [Lcom.google.common.cache.Weigher;                                              : loaded 2 times (x 69B)
Class com.google.gson.internal.bind.MapTypeAdapterFactory                             : loaded 2 times (x 75B)
Class com.google.gson.internal.bind.TypeAdapters$29                                   : loaded 2 times (x 75B)
Class com.google.gson.JsonNull                                                        : loaded 2 times (x 92B)
Class com.google.common.collect.RegularImmutableMap$BucketOverflowException           : loaded 2 times (x 82B)
Class com.intellij.gradle.toolingExtension.impl.model.projectModel.GradleExternalProjectSerializationService$ReadContext: loaded 2 times (x 73B)
Class com.intellij.gradle.toolingExtension.impl.model.dependencyModel.DependencyWriteContext: loaded 2 times (x 72B)
Class org.gradle.tooling.model.ProjectModel                                           : loaded 2 times (x 70B)
Class org.gradle.tooling.model.gradle.GradleBuild                                     : loaded 2 times (x 70B)
Class jdk.internal.jimage.decompressor.CompressedResourceHeader                       : loaded 2 times (x 71B)
Class kotlin.text.Charsets                                                            : loaded 2 times (x 71B)
Class org.jetbrains.kotlin.cli.common.CompilerSystemProperties$Companion              : loaded 2 times (x 71B)
Class kotlin.reflect.jvm.ReflectJvmMapping                                            : loaded 2 times (x 71B)
Class kotlin.reflect.jvm.internal.impl.load.java.PropertiesConventionUtilKt           : loaded 2 times (x 71B)
Class kotlin.reflect.jvm.internal.impl.types.TypeProjectionBase                       : loaded 2 times (x 81B)
Class kotlin.reflect.jvm.internal.impl.load.java.typeEnhancement.NullabilityQualifier : loaded 2 times (x 79B)
Class kotlin.reflect.jvm.internal.impl.metadata.ProtoBuf$Class$Kind                   : loaded 2 times (x 82B)
Class kotlin.reflect.jvm.internal.impl.metadata.ProtoBuf$Modality                     : loaded 2 times (x 82B)
Class kotlin.reflect.jvm.internal.impl.protobuf.WireFormat                            : loaded 2 times (x 71B)
Class [Lkotlin.reflect.jvm.internal.impl.descriptors.ModuleDescriptor;                : loaded 2 times (x 69B)
Class kotlin.reflect.jvm.internal.impl.metadata.ProtoBuf$TypeParameterOrBuilder       : loaded 2 times (x 70B)
Class kotlin.reflect.jvm.internal.impl.protobuf.ExtensionRegistryLite                 : loaded 2 times (x 73B)
Class kotlin.reflect.jvm.internal.impl.storage.LockBasedStorageManager$LockBasedNotNullLazyValueWithPostCompute: loaded 2 times (x 85B)
Class kotlin.reflect.jvm.internal.impl.resolve.scopes.ResolutionScope                 : loaded 2 times (x 70B)
Class kotlin.reflect.jvm.internal.impl.serialization.deserialization.ClassDataFinder  : loaded 2 times (x 70B)
Class kotlin.reflect.jvm.internal.impl.load.java.lazy.TypeParameterResolver           : loaded 2 times (x 70B)
Class kotlin.jvm.functions.Function13                                                 : loaded 2 times (x 70B)
Class kotlin.reflect.jvm.internal.impl.serialization.deserialization.ProtoContainer   : loaded 2 times (x 73B)
Class ijKotlinCoroutineJvmDebugInit1_885tz8ol6le0yei68nhgsaj83$_run_closure1$_closure2: loaded 2 times (x 139B)
Class com.google.common.collect.ImmutableMultimap$1                                   : loaded 2 times (x 82B)
Class com.android.ide.common.gradle.Version$Companion$ParseState$EMPTY                : loaded 2 times (x 74B)
Class org.jetbrains.plugins.gradle.model.GradleConfiguration                          : loaded 2 times (x 70B)
Class com.amazon.ion.impl.bin.utf8.Utf8StringEncoderPool                              : loaded 2 times (x 74B)
Class com.amazon.ion.impl._Private_IonSystem                                          : loaded 2 times (x 70B)
Class com.amazon.ion.BufferConfiguration$OversizedValueHandler                        : loaded 2 times (x 70B)
Class kotlin.sequences.SequenceBuilderIterator                                        : loaded 2 times (x 85B)
Class org.jetbrains.kotlin.build.report.metrics.BuildAttribute                        : loaded 2 times (x 79B)
Class kotlin.reflect.jvm.internal.impl.types.TypeConstructorSubstitution              : loaded 2 times (x 78B)
Class kotlin.reflect.jvm.internal.impl.descriptors.impl.DeclarationDescriptorVisitorEmptyBodies: loaded 2 times (x 101B)
Class kotlin.reflect.jvm.internal.impl.descriptors.runtime.structure.ReflectJavaElement: loaded 2 times (x 71B)
Class kotlin.reflect.jvm.internal.impl.resolve.NonReportingOverrideStrategy           : loaded 2 times (x 76B)
Class kotlin.reflect.jvm.internal.impl.storage.SimpleLock                             : loaded 2 times (x 70B)
Class kotlin.jvm.functions.Function14                                                 : loaded 2 times (x 70B)
Class kotlin.reflect.full.KClasses                                                    : loaded 2 times (x 71B)
Class com.google.common.collect.ImmutableMultimap$2                                   : loaded 2 times (x 81B)
Class com.android.ide.common.repository.AgpVersion$Companion$WhenMappings             : loaded 2 times (x 71B)
Class org.jetbrains.kotlin.tooling.core.ClosureKt                                     : loaded 2 times (x 71B)
Class com.google.common.collect.RegularImmutableBiMap                                 : loaded 2 times (x 149B)
Class kotlin.reflect.jvm.internal.impl.resolve.OverridingUtil$5                       : loaded 2 times (x 75B)
Class org.jetbrains.kotlin.build.report.metrics.GcMetric                              : loaded 2 times (x 71B)
Class com.google.common.cache.LocalCache$ValueReference                               : loaded 2 times (x 70B)
Class com.google.gson.internal.bind.DefaultDateTypeAdapter$DateType$1                 : loaded 2 times (x 73B)
Class com.amazon.ion.IonDecimal                                                       : loaded 2 times (x 70B)
Class org.jetbrains.plugins.gradle.model.tests.ExternalTestsModel                     : loaded 2 times (x 70B)
Class org.gradle.tooling.model.idea.IdeaLanguageLevel                                 : loaded 2 times (x 70B)
Class org.gradle.tooling.internal.adapter.ProtocolToModelAdapter$SafeMethodInvoker    : loaded 2 times (x 76B)
Class org.gradle.tooling.internal.adapter.WeakIdentityHashMap$WeakKey                 : loaded 2 times (x 79B)
Class org.gradle.internal.exceptions.DefaultMultiCauseException                       : loaded 2 times (x 95B)
Class kotlin.coroutines.jvm.internal.Boxing                                           : loaded 2 times (x 71B)
Class org.jetbrains.kotlin.metadata.deserialization.MetadataVersion$Companion         : loaded 2 times (x 71B)
Class org.jetbrains.kotlin.com.intellij.openapi.diagnostic.Attachment                 : loaded 2 times (x 72B)
Class org.gradle.internal.classloader.ClassLoaderHierarchy                            : loaded 2 times (x 70B)
Class kotlin.reflect.jvm.internal.JvmFunctionSignature                                : loaded 2 times (x 72B)
Class kotlin.reflect.jvm.internal.impl.metadata.jvm.deserialization.JvmMemberSignature$Method: loaded 2 times (x 75B)
Class kotlin.reflect.jvm.internal.impl.serialization.deserialization.descriptors.DeserializedMemberDescriptor: loaded 2 times (x 70B)
Class [Lkotlin.reflect.jvm.internal.impl.resolve.scopes.ResolutionScope;              : loaded 2 times (x 69B)
Class kotlin.reflect.jvm.internal.impl.protobuf.WireFormat$JavaType                   : loaded 2 times (x 79B)
Class kotlin.reflect.jvm.internal.impl.types.AbstractTypeConstructor                  : loaded 2 times (x 96B)
Class kotlin.reflect.jvm.internal.impl.renderer.RenderingUtilsKt                      : loaded 2 times (x 71B)
Class kotlin.reflect.jvm.internal.impl.renderer.ParameterNameRenderingPolicy          : loaded 2 times (x 79B)
Class kotlin.reflect.jvm.internal.impl.descriptors.FunctionDescriptor                 : loaded 2 times (x 70B)
Class kotlin.reflect.jvm.internal.impl.descriptors.impl.PackageViewDescriptorFactory$Default: loaded 2 times (x 74B)
Class kotlin.jvm.functions.Function15                                                 : loaded 2 times (x 70B)
Class com.intellij.gradle.toolingExtension.impl.model.sourceSetModel.GradleSourceSetSerialisationService$Companion: loaded 2 times (x 71B)
Class org.jetbrains.kotlin.cli.common.arguments.CommonToolArguments                   : loaded 2 times (x 73B)
Class com.google.gson.internal.Streams                                                : loaded 2 times (x 71B)
Class com.google.common.hash.PrimitiveSink                                            : loaded 2 times (x 70B)
Class com.android.builder.model.v2.ide.ProjectInfo                                    : loaded 2 times (x 70B)
Class com.google.common.base.PatternCompiler                                          : loaded 2 times (x 70B)
Class com.google.common.util.concurrent.AbstractFuture$Failure                        : loaded 2 times (x 72B)
Class com.google.common.base.Equivalence$Equals                                       : loaded 2 times (x 82B)
Class com.google.gson.internal.LazilyParsedNumber                                     : loaded 2 times (x 78B)
Class com.google.common.collect.Hashing                                               : loaded 2 times (x 71B)
Class com.amazon.ion.impl._Private_IonValue                                           : loaded 2 times (x 70B)
Class com.amazon.ion.impl.bin.IonRawBinaryWriter$StreamCloseMode                      : loaded 2 times (x 79B)
Class com.amazon.ion.impl._Private_IonBinaryWriterBuilder$Mutable                     : loaded 2 times (x 115B)
Class com.intellij.gradle.toolingExtension.impl.model.projectModel.GradleExternalProjectSerializationService: loaded 2 times (x 77B)
Class org.gradle.tooling.model.HierarchicalElement                                    : loaded 2 times (x 70B)
Class com.amazon.ion.impl.bin.IonManagedBinaryWriter$UserState$2                      : loaded 2 times (x 85B)
Class kotlin.reflect.jvm.internal.impl.load.java.BuiltinSpecialPropertiesKt           : loaded 2 times (x 71B)
Class [Lkotlin.reflect.jvm.internal.impl.descriptors.ClassifierDescriptor;            : loaded 2 times (x 69B)
Class kotlin.reflect.jvm.internal.impl.serialization.deserialization.ProtoContainer$Class: loaded 2 times (x 74B)
Class [Lkotlin.reflect.jvm.internal.impl.types.Variance;                              : loaded 2 times (x 69B)
Class kotlin.reflect.jvm.internal.impl.metadata.ProtoBuf$Type$Argument$Projection     : loaded 2 times (x 82B)
Class kotlin.reflect.jvm.internal.impl.metadata.ProtoBuf$Annotation$Argument$Value$Type$1: loaded 2 times (x 74B)
Class kotlin.reflect.jvm.internal.impl.metadata.jvm.JvmProtoBuf$JvmMethodSignature    : loaded 2 times (x 96B)
Class kotlin.reflect.jvm.internal.impl.descriptors.DescriptorVisibilities$1           : loaded 2 times (x 76B)
Class kotlin.reflect.jvm.internal.impl.descriptors.impl.DeclarationDescriptorNonRootImpl: loaded 2 times (x 96B)
Class kotlin.reflect.jvm.internal.impl.utils.WrappedValues$WrappedProcessCanceledException: loaded 2 times (x 82B)
Class com.google.common.io.FileWriteMode                                              : loaded 2 times (x 79B)
Class kotlin.jvm.functions.Function16                                                 : loaded 2 times (x 70B)
Class kotlin.LazyKt                                                                   : loaded 2 times (x 71B)
Class com.google.common.io.CharSink                                                   : loaded 2 times (x 79B)
Class com.android.builder.model.v2.dsl.DependenciesInfo                               : loaded 2 times (x 70B)
Class kotlin.jvm.internal.MutablePropertyReference0                                   : loaded 2 times (x 141B)
Class org.objectweb.asm.Label                                                         : loaded 2 times (x 73B)
Class org.objectweb.asm.CurrentFrame                                                  : loaded 2 times (x 73B)
Class org.objectweb.asm.ClassTooLargeException                                        : loaded 2 times (x 83B)
Class kotlin.reflect.jvm.internal.impl.builtins.CompanionObjectMapping                : loaded 2 times (x 71B)
Class [Lkotlin.reflect.jvm.internal.impl.protobuf.Internal$EnumLite;                  : loaded 2 times (x 69B)
Class kotlin.reflect.jvm.internal.impl.load.kotlin.header.ReadKotlinClassHeaderAnnotationVisitor: loaded 2 times (x 79B)
Class com.amazon.ion.impl.bin.IonRawBinaryWriter$PatchPoint                           : loaded 2 times (x 73B)
Class com.amazon.ion.IonSequence                                                      : loaded 2 times (x 70B)
Class com.amazon.ion.IonBlob                                                          : loaded 2 times (x 70B)
Class com.amazon.ion.IonLob                                                           : loaded 2 times (x 70B)
Class org.jetbrains.plugins.gradle.tooling.serialization.ExternalTestsSerializationService: loaded 2 times (x 77B)
Class com.google.common.collect.ByFunctionOrdering                                    : loaded 2 times (x 115B)
Class org.gradle.internal.time.Time                                                   : loaded 2 times (x 71B)
Class org.jetbrains.kotlin.incremental.ClasspathChanges$ClasspathSnapshotEnabled      : loaded 2 times (x 72B)
Class kotlin.reflect.jvm.internal.impl.load.java.descriptors.JavaClassDescriptor      : loaded 2 times (x 70B)
Class kotlin.reflect.jvm.internal.impl.metadata.ProtoBuf$Type$Argument$Projection$1   : loaded 2 times (x 74B)
Class kotlin.reflect.jvm.internal.impl.load.java.lazy.descriptors.JvmPackageScope     : loaded 2 times (x 85B)
Class kotlin.reflect.jvm.internal.impl.serialization.deserialization.AbstractDeserializedPackageFragmentProvider: loaded 2 times (x 85B)
Class kotlin.reflect.jvm.internal.impl.descriptors.Visibilities$Internal              : loaded 2 times (x 75B)
Class kotlin.reflect.jvm.internal.impl.descriptors.DescriptorVisibilities$2           : loaded 2 times (x 76B)
Class kotlin.InitializedLazyImpl                                                      : loaded 2 times (x 76B)
Class kotlin.reflect.jvm.internal.impl.load.kotlin.DeserializedDescriptorResolver     : loaded 2 times (x 72B)
Class kotlin.reflect.jvm.internal.impl.descriptors.impl.ModuleDescriptorImpl          : loaded 2 times (x 97B)
Class kotlin.reflect.jvm.internal.impl.types.model.KotlinTypeMarker                   : loaded 2 times (x 70B)
Class kotlin.jvm.functions.Function17                                                 : loaded 2 times (x 70B)
Class kotlin.reflect.jvm.internal.impl.metadata.ProtoBuf$Visibility$1                 : loaded 2 times (x 74B)
Class com.google.gson.internal.reflect.ReflectionHelper$RecordSupportedHelper         : loaded 2 times (x 78B)
Class com.android.builder.model.v2.models.ProjectGraph                                : loaded 2 times (x 70B)
Class com.google.common.collect.Maps$IteratorBasedAbstractMap                         : loaded 2 times (x 125B)
Class kotlin.reflect.jvm.internal.impl.descriptors.TypeParameterUtilsKt               : loaded 2 times (x 71B)
Class com.android.ide.common.gradle.Version$Companion$ParseState$NUMERIC              : loaded 2 times (x 74B)
Class kotlin.reflect.jvm.internal.impl.resolve.scopes.MemberScope$Companion           : loaded 2 times (x 71B)
Class org.objectweb.asm.Frame                                                         : loaded 2 times (x 73B)
Class org.objectweb.asm.MethodVisitor                                                 : loaded 2 times (x 105B)
Class kotlin.reflect.jvm.internal.impl.types.AbstractTypeConstructor$Supertypes       : loaded 2 times (x 72B)
Class kotlin.reflect.jvm.internal.impl.descriptors.ValueParameterDescriptor           : loaded 2 times (x 70B)
Class com.google.common.cache.LocalCache$EntryFactory$1                               : loaded 2 times (x 83B)
Class [Lcom.google.common.cache.RemovalListener;                                      : loaded 2 times (x 69B)
Class com.android.ide.common.repository.AgpVersion$PreviewKind                        : loaded 2 times (x 79B)
Class org.jetbrains.kotlin.idea.projectModel.KotlinTestRunTask                        : loaded 2 times (x 70B)
Class com.amazon.ion.system.IonTextWriterBuilder                                      : loaded 2 times (x 98B)
Class com.amazon.ion.impl.bin.IonManagedBinaryWriter$ImportedSymbolResolverMode$1$1$1 : loaded 2 times (x 76B)
Class com.amazon.ion.impl._Private_LocalSymbolTableFactory                            : loaded 2 times (x 70B)
Class org.jetbrains.plugins.gradle.tooling.serialization.AnnotationProcessingModelSerializationService: loaded 2 times (x 77B)
Class kotlin.reflect.jvm.internal.impl.descriptors.TypeParameterDescriptor            : loaded 2 times (x 70B)
Class kotlin.reflect.jvm.internal.impl.descriptors.runtime.structure.ReflectJavaClass$methods$2: loaded 2 times (x 129B)
Class kotlin.reflect.jvm.internal.impl.metadata.deserialization.NameResolverImpl$WhenMappings: loaded 2 times (x 71B)
Class kotlin.reflect.jvm.internal.impl.serialization.deserialization.DeserializedPackageFragment: loaded 2 times (x 108B)
Class kotlin.reflect.jvm.internal.impl.load.java.lazy.descriptors.LazyJavaPackageFragment: loaded 2 times (x 105B)
Class kotlin.reflect.jvm.internal.impl.metadata.ProtoBuf$ContractOrBuilder            : loaded 2 times (x 70B)
Class kotlin.reflect.jvm.internal.impl.protobuf.GeneratedMessageLite$ExtendableMessageOrBuilder: loaded 2 times (x 70B)
Class kotlin.reflect.jvm.internal.impl.descriptors.DescriptorVisibilities$3           : loaded 2 times (x 76B)
Class [Lkotlin.reflect.jvm.internal.impl.renderer.RenderingFormat;                    : loaded 2 times (x 69B)
Class kotlin.reflect.jvm.internal.impl.storage.LockBasedStorageManager$1              : loaded 2 times (x 95B)
Class [Lkotlin.reflect.jvm.internal.impl.types.model.TypeArgumentMarker;              : loaded 2 times (x 69B)
Class kotlin.jvm.functions.Function18                                                 : loaded 2 times (x 70B)
Class kotlin.reflect.jvm.internal.impl.resolve.OverridingUtil$4                       : loaded 2 times (x 74B)
Class kotlin.reflect.jvm.internal.impl.load.java.SpecialGenericSignatures             : loaded 2 times (x 71B)
Class com.google.common.cache.LocalCache$EntryFactory$2                               : loaded 2 times (x 83B)
Class com.google.gson.internal.bind.JsonAdapterAnnotationTypeAdapterFactory           : loaded 2 times (x 75B)
Class com.amazon.ion.impl.lite.IonNullLite                                            : loaded 2 times (x 175B)
Class org.jetbrains.plugins.gradle.model.DependencyAccessorsModel                     : loaded 2 times (x 70B)
Class [Lcom.intellij.openapi.externalSystem.model.project.dependencies.ResolutionState;: loaded 2 times (x 69B)
Class gnu.trove.TObjectIntHashMap                                                     : loaded 2 times (x 109B)
Class org.jetbrains.kotlin.build.report.metrics.BuildTimeMetric                       : loaded 2 times (x 72B)
Class org.jetbrains.kotlin.incremental.ClasspathSnapshotFiles                         : loaded 2 times (x 72B)
Class kotlin.reflect.jvm.internal.UtilKt                                              : loaded 2 times (x 71B)
Class kotlin.reflect.jvm.internal.impl.load.java.BuiltinMethodsWithSpecialGenericSignature: loaded 2 times (x 71B)
Class kotlin.reflect.jvm.internal.impl.serialization.deserialization.descriptors.DeserializedSimpleFunctionDescriptor: loaded 2 times (x 211B)
Class kotlin.reflect.jvm.internal.impl.descriptors.impl.AbstractTypeParameterDescriptor$1: loaded 2 times (x 77B)
Class kotlin.reflect.jvm.internal.impl.serialization.deserialization.builtins.BuiltInsPackageFragmentImpl$Companion: loaded 2 times (x 71B)
Class kotlin.reflect.jvm.internal.impl.metadata.deserialization.VersionRequirementTable$Companion: loaded 2 times (x 71B)
Class kotlin.reflect.jvm.internal.impl.protobuf.SmallSortedMap$Entry                  : loaded 2 times (x 88B)
Class kotlin.reflect.jvm.internal.impl.resolve.jvm.JvmClassName                       : loaded 2 times (x 75B)
Class kotlin.reflect.jvm.internal.impl.metadata.ProtoBuf$Package$1                    : loaded 2 times (x 87B)
Class kotlin.reflect.jvm.internal.impl.descriptors.DescriptorVisibilities$4           : loaded 2 times (x 76B)
Class [Lkotlin.reflect.jvm.internal.impl.descriptors.CallableMemberDescriptor$Kind;   : loaded 2 times (x 69B)
Class kotlin.reflect.jvm.internal.impl.types.checker.KotlinTypeRefinerKt              : loaded 2 times (x 71B)
Class kotlin.reflect.jvm.internal.impl.descriptors.ClassDescriptor                    : loaded 2 times (x 70B)
Class kotlin.reflect.KMutableProperty$Setter                                          : loaded 2 times (x 70B)
Class kotlin.reflect.jvm.internal.impl.load.kotlin.PackagePartProvider                : loaded 2 times (x 70B)
Class kotlin.jvm.functions.Function19                                                 : loaded 2 times (x 70B)
Class kotlin.TypeCastException                                                        : loaded 2 times (x 82B)
Class kotlin.Lazy                                                                     : loaded 2 times (x 70B)
Class kotlin.reflect.jvm.internal.impl.load.java.DescriptorsJvmAbiUtil                : loaded 2 times (x 71B)
Class com.google.common.collect.CollectCollectors                                     : loaded 2 times (x 71B)
Class org.objectweb.asm.ModuleWriter                                                  : loaded 2 times (x 82B)
Class com.google.common.cache.LocalCache$EntryFactory$3                               : loaded 2 times (x 83B)
Class com.google.common.base.Ticker$1                                                 : loaded 2 times (x 72B)
Class com.google.gson.internal.bind.NumberTypeAdapter                                 : loaded 2 times (x 74B)
Class jdk.internal.jimage.BasicImageReader                                            : loaded 2 times (x 95B)
Class com.google.common.collect.ImmutableMapEntrySet$RegularEntrySet                  : loaded 2 times (x 152B)
Class org.jetbrains.kotlin.tooling.core.Extras$Entry$Companion                        : loaded 2 times (x 71B)
Class com.amazon.ion.impl.lite.IonClobLite                                            : loaded 2 times (x 220B)
Class com.amazon.ion.impl._Private_ValueFactory                                       : loaded 2 times (x 70B)
Class com.amazon.ion.impl.bin.IonRawBinaryWriter$PreallocationMode$1                  : loaded 2 times (x 82B)
Class [Lcom.amazon.ion.impl.bin._Private_IonManagedBinaryWriterBuilder$AllocatorMode; : loaded 2 times (x 69B)
Class org.jetbrains.kotlin.idea.gradleTooling.KotlinMPPGradleModel                    : loaded 2 times (x 70B)
Class com.intellij.gradle.toolingExtension.impl.model.dependencyDownloadPolicyModel.GradleDependencyDownloadPolicy: loaded 2 times (x 70B)
Class org.gradle.tooling.model.BuildIdentifier                                        : loaded 2 times (x 70B)
Class org.jetbrains.kotlin.build.report.metrics.IC_CALCULATE_INITIAL_DIRTY_SET        : loaded 2 times (x 72B)
Class org.jetbrains.kotlin.cli.common.messages.MessageRenderer                        : loaded 2 times (x 70B)
Class [Lkotlin.jvm.functions.Function1;                                               : loaded 2 times (x 69B)
Class kotlin.reflect.jvm.internal.calls.CallerImpl                                    : loaded 2 times (x 81B)
Class org.jetbrains.kotlin.cli.common.arguments.ManualLanguageFeatureSetting          : loaded 2 times (x 72B)
Class kotlin.reflect.jvm.internal.impl.descriptors.impl.AbstractTypeParameterDescriptor$2: loaded 2 times (x 77B)
Class kotlin.reflect.jvm.internal.impl.serialization.deserialization.descriptors.DeserializedTypeParameterDescriptor: loaded 2 times (x 124B)
Class kotlin.reflect.jvm.internal.impl.types.FlexibleType                             : loaded 2 times (x 89B)
Class [Lkotlin.reflect.jvm.internal.impl.metadata.ProtoBuf$QualifiedNameTable$QualifiedName$Kind;: loaded 2 times (x 69B)
Class kotlin.reflect.jvm.internal.impl.serialization.deserialization.descriptors.DeserializedMemberScope: loaded 2 times (x 102B)
Class [Lkotlin.reflect.jvm.internal.impl.metadata.ProtoBuf$Class$Kind;                : loaded 2 times (x 69B)
Class kotlin.reflect.jvm.internal.impl.resolve.scopes.AbstractScopeAdapter            : loaded 2 times (x 93B)
Class kotlin.reflect.jvm.internal.impl.metadata.builtins.BuiltInsProtoBuf             : loaded 2 times (x 71B)
Class kotlin.reflect.jvm.internal.impl.metadata.jvm.JvmProtoBuf$JvmPropertySignature  : loaded 2 times (x 96B)
Class kotlin.reflect.jvm.internal.impl.metadata.ProtoBuf$FunctionOrBuilder            : loaded 2 times (x 70B)
Class kotlin.reflect.jvm.internal.impl.descriptors.DescriptorVisibilities$5           : loaded 2 times (x 76B)
Class kotlin.reflect.jvm.internal.impl.descriptors.Visibilities$PrivateToThis         : loaded 2 times (x 75B)
Class kotlin.reflect.jvm.internal.impl.builtins.ReflectionTypes$ClassLookup           : loaded 2 times (x 71B)
Class kotlin.reflect.jvm.internal.impl.descriptors.SupertypeLoopChecker               : loaded 2 times (x 70B)
Class kotlin.reflect.jvm.internal.impl.resolve.sam.SamConversionResolverImpl          : loaded 2 times (x 72B)
Class com.android.builder.model.v2.ide.VectorDrawablesOptions                         : loaded 2 times (x 70B)
Class com.google.common.collect.ImmutableSet$Builder                                  : loaded 2 times (x 85B)
Class org.gradle.internal.classloader.FilteringClassLoader                            : loaded 2 times (x 105B)
Class com.google.common.cache.LocalCache$EntryFactory$4                               : loaded 2 times (x 83B)
Class com.google.gson.ToNumberPolicy$1                                                : loaded 2 times (x 83B)
Class [Lcom.google.gson.FieldNamingStrategy;                                          : loaded 2 times (x 69B)
Class com.google.gson.internal.Excluder                                               : loaded 2 times (x 75B)
Class Settings_gradle$1$1$1                                                           : loaded 2 times (x 74B)
Class org.jetbrains.kotlin.idea.projectModel.KotlinPlatform                           : loaded 2 times (x 79B)
Class com.google.common.collect.SetMultimap                                           : loaded 2 times (x 70B)
Class com.amazon.ion.IonInt                                                           : loaded 2 times (x 70B)
Class com.amazon.ion.impl.bin.IonRawBinaryWriter$PreallocationMode$2                  : loaded 2 times (x 82B)
Class org.jetbrains.kotlin.idea.gradleTooling.PrepareKotlinIdeImportTaskModel         : loaded 2 times (x 70B)
Class org.gradle.tooling.model.BuildableElement                                       : loaded 2 times (x 70B)
Class org.gradle.tooling.model.HasGradleProject                                       : loaded 2 times (x 70B)
Class kotlin.sequences.ConstrainedOnceSequence                                        : loaded 2 times (x 75B)
Class kotlin.reflect.jvm.internal.impl.protobuf.UnmodifiableLazyStringList            : loaded 2 times (x 258B)
Class kotlin.reflect.jvm.internal.impl.storage.LockBasedStorageManager$4              : loaded 2 times (x 84B)
Class kotlin.reflect.jvm.internal.impl.descriptors.DescriptorVisibilities$6           : loaded 2 times (x 76B)
Class kotlin.reflect.jvm.internal.impl.descriptors.DeclarationDescriptorVisitor       : loaded 2 times (x 70B)
Class kotlin.reflect.jvm.internal.impl.renderer.DescriptorRenderer$ValueParametersHandler$DEFAULT: loaded 2 times (x 77B)
Class kotlin.reflect.jvm.internal.impl.load.java.components.JavaResolverCache$1       : loaded 2 times (x 78B)
Class kotlin.reflect.jvm.internal.impl.storage.CacheWithNotNullValues                 : loaded 2 times (x 70B)
Class com.android.builder.model.v2.ide.Edge                                           : loaded 2 times (x 70B)
Class com.google.common.io.ByteStreams$1                                              : loaded 2 times (x 85B)
Class com.google.gson.internal.ReflectionAccessFilterHelper                           : loaded 2 times (x 71B)
Class com.google.gson.internal.reflect.ReflectionHelper$RecordHelper                  : loaded 2 times (x 75B)
Class com.android.builder.model.v2.models.VariantDependenciesFlatList                 : loaded 2 times (x 70B)
Class com.google.common.cache.LocalCache$EntryFactory$5                               : loaded 2 times (x 83B)
Class com.google.gson.ToNumberPolicy$2                                                : loaded 2 times (x 83B)
Class Settings_gradle$1$1$2                                                           : loaded 2 times (x 75B)
Class com.amazon.ion.impl.bin.IonRawBinaryWriter$PreallocationMode$3                  : loaded 2 times (x 82B)
Class com.android.ide.gradle.model.GradlePluginModel                                  : loaded 2 times (x 70B)
Class com.google.common.collect.ReverseOrdering                                       : loaded 2 times (x 115B)
Class org.gradle.tooling.model.build.JavaEnvironment                                  : loaded 2 times (x 70B)
Class kotlin.time.Duration                                                            : loaded 2 times (x 74B)
Class org.jetbrains.kotlin.build.report.metrics.COMPILATION_ROUND                     : loaded 2 times (x 72B)
Class kotlin.reflect.jvm.internal.impl.types.TypeSystemCommonBackendContext           : loaded 2 times (x 70B)
Class kotlin.reflect.jvm.internal.impl.load.java.typeEnhancement.MutabilityQualifier  : loaded 2 times (x 79B)
Class kotlin.reflect.jvm.internal.impl.descriptors.runtime.structure.ReflectJavaAnnotationOwner: loaded 2 times (x 70B)
Class kotlin.reflect.jvm.internal.impl.protobuf.UninitializedMessageException         : loaded 2 times (x 83B)
Class kotlin.reflect.jvm.internal.impl.serialization.deserialization.builtins.BuiltInSerializerProtocol: loaded 2 times (x 72B)
Class kotlin.reflect.jvm.internal.impl.metadata.ProtoBuf$TypeOrBuilder                : loaded 2 times (x 70B)
Class kotlin.reflect.jvm.internal.impl.descriptors.Visibilities$InvisibleFake         : loaded 2 times (x 75B)
Class kotlin.reflect.jvm.internal.impl.descriptors.DescriptorVisibilities$7           : loaded 2 times (x 76B)
Class kotlin.reflect.jvm.internal.impl.storage.LockBasedStorageManager$5              : loaded 2 times (x 85B)
Class kotlin.reflect.jvm.internal.impl.builtins.jvm.JavaToKotlinClassMapper           : loaded 2 times (x 71B)
Class kotlin.reflect.jvm.internal.impl.load.java.components.JavaPropertyInitializerEvaluator: loaded 2 times (x 70B)
Class kotlin.reflect.jvm.internal.impl.load.java.JavaNullabilityAnnotationSettingsKt  : loaded 2 times (x 71B)
Class kotlin.reflect.jvm.internal.impl.load.java.lazy.SingleModuleClassResolver       : loaded 2 times (x 75B)
Class kotlin.reflect.jvm.internal.impl.descriptors.impl.PackageViewDescriptorFactory$Companion: loaded 2 times (x 71B)
Class [Lkotlin.reflect.KProperty;                                                     : loaded 2 times (x 69B)
Class com.android.ide.gradle.model.dependencies.DeclaredDependencies                  : loaded 2 times (x 70B)
Class org.jetbrains.plugins.gradle.tooling.serialization.internal.IdeaProjectSerializationService$ReadContext: loaded 2 times (x 72B)
Class com.android.builder.model.v2.ide.SourceSetContainer                             : loaded 2 times (x 70B)
Class com.google.gson.internal.bind.ReflectiveTypeAdapterFactory$FieldsData           : loaded 2 times (x 72B)
Class com.google.common.cache.LocalCache$EntryFactory$6                               : loaded 2 times (x 83B)
Class com.google.gson.ToNumberPolicy$3                                                : loaded 2 times (x 83B)
Class org.jetbrains.plugins.gradle.model.GradleExtension                              : loaded 2 times (x 70B)
Class com.google.common.collect.HashMultimap                                          : loaded 2 times (x 174B)
Class com.amazon.ion.impl.lite.IonDecimalLite                                         : loaded 2 times (x 188B)
Class com.amazon.ion.IonBufferConfiguration$Builder                                   : loaded 2 times (x 78B)
Class org.gradle.internal.time.Timer                                                  : loaded 2 times (x 70B)
Class org.gradle.internal.installation.CurrentGradleInstallationLocator               : loaded 2 times (x 71B)
Class kotlin.coroutines.jvm.internal.SpillingKt                                       : loaded 2 times (x 71B)
Class org.jetbrains.kotlin.cli.common.messages.CompilerMessageSeverity$Companion      : loaded 2 times (x 71B)
Class [Lkotlin.io.FileWalkDirection;                                                  : loaded 2 times (x 69B)
Class kotlin.reflect.jvm.internal.impl.load.java.typeEnhancement.JavaTypeEnhancement$Result: loaded 2 times (x 72B)
Class [Lkotlin.reflect.jvm.internal.impl.load.java.structure.LightClassOriginKind;    : loaded 2 times (x 69B)
Class kotlin.reflect.jvm.internal.impl.metadata.ProtoBuf$MemberKind$1                 : loaded 2 times (x 74B)
Class kotlin.reflect.jvm.internal.impl.serialization.deserialization.ClassData        : loaded 2 times (x 72B)
Class kotlin.reflect.jvm.internal.impl.builtins.jvm.JvmBuiltInsPackageFragmentProvider$Companion: loaded 2 times (x 71B)
Class kotlin.reflect.jvm.internal.impl.descriptors.DescriptorVisibilities$8           : loaded 2 times (x 76B)
Class kotlin.reflect.jvm.internal.impl.types.TypeUtils$SpecialType                    : loaded 2 times (x 93B)
Class [Lkotlin.reflect.jvm.internal.impl.descriptors.Modality;                        : loaded 2 times (x 69B)
Class kotlin.reflect.jvm.internal.impl.serialization.deserialization.LocalClassifierTypeSettings$Default: loaded 2 times (x 74B)
Class kotlin.reflect.jvm.internal.impl.descriptors.PropertyAccessorDescriptor         : loaded 2 times (x 70B)
Class kotlin.reflect.jvm.internal.impl.resolve.OverridingUtil                         : loaded 2 times (x 76B)
Class kotlin.reflect.jvm.internal.impl.types.checker.KotlinTypePreparator             : loaded 2 times (x 73B)
Class kotlin.reflect.jvm.internal.impl.load.java.lazy.JavaResolverSettings            : loaded 2 times (x 70B)
Class kotlin.reflect.jvm.internal.impl.descriptors.NotFoundClasses                    : loaded 2 times (x 72B)
Class kotlin.reflect.jvm.internal.impl.types.SimpleType                               : loaded 2 times (x 88B)
Class com.amazon.ion.impl.bin.IonManagedBinaryWriter$UserState$1                      : loaded 2 times (x 85B)
Class com.google.common.collect.ImmutableMultimap$Builder                             : loaded 2 times (x 86B)
Class com.android.builder.model.v2.ide.LintOptions                                    : loaded 2 times (x 70B)
Class com.google.common.collect.Maps$KeySet                                           : loaded 2 times (x 137B)
Class com.google.common.collect.ImmutableSet$EmptySetBuilderImpl                      : loaded 2 times (x 76B)
Class com.google.common.cache.LocalCache$EntryFactory$7                               : loaded 2 times (x 83B)
Class com.google.gson.ToNumberPolicy$4                                                : loaded 2 times (x 83B)
Class com.google.common.collect.RegularImmutableMap$KeySet                            : loaded 2 times (x 152B)
Class [Lcom.amazon.ion.impl.bin.IonRawBinaryWriter$ContainerType;                     : loaded 2 times (x 69B)
Class org.gradle.tooling.internal.adapter.ProtocolToModelAdapter$ViewGraphDetails     : loaded 2 times (x 72B)
Class org.gradle.tooling.model.idea.IdeaProject                                       : loaded 2 times (x 70B)
Class org.gradle.tooling.model.DomainObjectSet                                        : loaded 2 times (x 70B)
Class org.gradle.internal.service.DefaultServiceLocator                               : loaded 2 times (x 83B)
Class jdk.internal.jrtfs.JrtDirectoryStream                                           : loaded 2 times (x 89B)
Class com.google.gson.internal.bind.ObjectTypeAdapter$1                               : loaded 2 times (x 76B)
Class kotlin.io.FileTreeWalk                                                          : loaded 2 times (x 75B)
Class org.jetbrains.kotlin.util.capitalizeDecapitalize.CapitalizeDecapitalizeKt       : loaded 2 times (x 71B)
Class [Lkotlin.reflect.jvm.internal.impl.types.TypeProjection;                        : loaded 2 times (x 69B)
Class kotlin.reflect.jvm.internal.impl.descriptors.runtime.structure.ReflectJavaClass$fields$1: loaded 2 times (x 129B)
Class kotlin.reflect.jvm.internal.impl.descriptors.NotFoundClasses$MockClassDescriptor: loaded 2 times (x 175B)
Class kotlin.reflect.jvm.internal.impl.load.java.lazy.descriptors.LazyJavaPackageScope$KotlinClassLookupResult: loaded 2 times (x 71B)
Class kotlin.reflect.jvm.internal.impl.types.Variance                                 : loaded 2 times (x 80B)
Class kotlin.reflect.jvm.internal.impl.metadata.ProtoBuf$Class                        : loaded 2 times (x 102B)
Class kotlin.reflect.jvm.internal.impl.descriptors.DescriptorVisibilities$9           : loaded 2 times (x 76B)
Class kotlin.reflect.jvm.internal.impl.descriptors.ClassKind                          : loaded 2 times (x 79B)
Class kotlin.properties.ObservableProperty                                            : loaded 2 times (x 83B)
Class kotlin.reflect.jvm.internal.impl.serialization.deserialization.ContractDeserializer$Companion: loaded 2 times (x 71B)
Class kotlin.reflect.jvm.internal.impl.resolve.constants.UIntValue                    : loaded 2 times (x 74B)
Class [Lkotlin.reflect.jvm.internal.impl.load.java.lazy.types.JavaTypeFlexibility;    : loaded 2 times (x 69B)
Class kotlin.reflect.jvm.internal.impl.load.java.Jsr305Settings                       : loaded 2 times (x 72B)
Class kotlin.reflect.KMutableProperty0                                                : loaded 2 times (x 70B)
Class kotlin.reflect.KClassifier                                                      : loaded 2 times (x 70B)
Class com.google.common.collect.ImmutableMultimap$EntryCollection                     : loaded 2 times (x 128B)
Class com.android.builder.model.v2.ide.BasicArtifact                                  : loaded 2 times (x 70B)
Class com.google.common.cache.LocalCache$EntryFactory$8                               : loaded 2 times (x 83B)
Class com.google.gson.internal.sql.SqlTypesSupport                                    : loaded 2 times (x 71B)
Class com.google.gson.Gson                                                            : loaded 2 times (x 72B)
Class com.google.common.base.PairwiseEquivalence                                      : loaded 2 times (x 83B)
Class org.jetbrains.kotlin.idea.projectModel.KonanArtifactModel                       : loaded 2 times (x 70B)
Class org.jetbrains.plugins.gradle.model.FilePatternSet                               : loaded 2 times (x 70B)
Class com.amazon.ion.impl.bin.utf8.Utf8StringEncoder$Result                           : loaded 2 times (x 74B)
Class com.amazon.ion.impl.bin.utf8.Pool$Allocator                                     : loaded 2 times (x 70B)
Class com.amazon.ion.IonText                                                          : loaded 2 times (x 70B)
Class com.amazon.ion.impl.SymbolTokenImpl                                             : loaded 2 times (x 81B)
Class com.amazon.ion.SubstituteSymbolTableException                                   : loaded 2 times (x 84B)
Class org.gradle.util.GradleVersion                                                   : loaded 2 times (x 81B)
Class org.gradle.internal.installation.CurrentGradleInstallation                      : loaded 2 times (x 73B)
Class com.google.common.base.Equivalence$Identity                                     : loaded 2 times (x 82B)
Class com.google.gson.Gson$FutureTypeAdapter                                          : loaded 2 times (x 76B)
Class com.android.builder.model.v2.ide.ViewBindingOptions                             : loaded 2 times (x 70B)
Class kotlin.reflect.jvm.internal.impl.metadata.ProtoBuf$Property$1                   : loaded 2 times (x 87B)
Class kotlin.reflect.jvm.internal.calls.CallerKt                                      : loaded 2 times (x 71B)
Class kotlin.reflect.jvm.internal.impl.types.model.TypeSystemOptimizationContext      : loaded 2 times (x 70B)
Class kotlin.reflect.jvm.internal.impl.types.model.DefinitelyNotNullTypeMarker        : loaded 2 times (x 70B)
Class [Lkotlin.reflect.jvm.internal.impl.load.java.typeEnhancement.JavaTypeQualifiers;: loaded 2 times (x 69B)
Class kotlin.reflect.jvm.internal.impl.descriptors.runtime.structure.ReflectJavaClass$fields$2: loaded 2 times (x 129B)
Class kotlin.reflect.jvm.internal.impl.metadata.ProtoBuf$StringTable                  : loaded 2 times (x 96B)
Class kotlin.reflect.jvm.internal.impl.serialization.deserialization.descriptors.DeserializedMemberScope$OptimizedImplementation: loaded 2 times (x 81B)
Class kotlin.reflect.jvm.internal.impl.metadata.jvm.JvmProtoBuf$JvmPropertySignature$1: loaded 2 times (x 87B)
Class kotlin.reflect.jvm.internal.impl.storage.LockBasedStorageManager$LockBasedLazyValueWithPostCompute: loaded 2 times (x 82B)
Class kotlin.reflect.jvm.internal.impl.types.TypeConstructor                          : loaded 2 times (x 70B)
Class kotlin.reflect.jvm.internal.impl.resolve.constants.IntValue                     : loaded 2 times (x 74B)
Class kotlin.reflect.jvm.internal.impl.descriptors.MemberDescriptor                   : loaded 2 times (x 70B)
Class kotlin.reflect.KMutableProperty1                                                : loaded 2 times (x 70B)
Class com.google.common.cache.CacheLoader$1                                           : loaded 2 times (x 75B)
Class kotlin.reflect.jvm.internal.impl.protobuf.FieldSet$1                            : loaded 2 times (x 71B)
Class com.google.gson.Gson$1                                                          : loaded 2 times (x 76B)
Class kotlin.reflect.jvm.internal.impl.serialization.deserialization.descriptors.DeserializedClassDescriptor$DeserializedClassMemberScope: loaded 2 times (x 102B)
Class org.jetbrains.kotlin.tooling.core.Extras$Type$Companion                         : loaded 2 times (x 71B)
Class org.jetbrains.kotlin.idea.projectModel.KotlinTargetJar                          : loaded 2 times (x 70B)
Class com.amazon.ion.impl.bin.IonManagedBinaryWriter$ImportDescriptor                 : loaded 2 times (x 76B)
Class com.amazon.ion.SymbolTable                                                      : loaded 2 times (x 70B)
Class org.jetbrains.plugins.gradle.javaModel.JavaGradleManifestModel                  : loaded 2 times (x 70B)
Class org.jetbrains.plugins.gradle.tooling.serialization.GradleExtensionsSerializationService$WriteContext: loaded 2 times (x 72B)
Class com.intellij.gradle.toolingExtension.impl.model.taskModel.GradleTaskSerialisationService$Companion: loaded 2 times (x 71B)
Class org.gradle.tooling.internal.adapter.ProtocolToModelAdapter$MethodInvocationCache$MethodInvocationKey: loaded 2 times (x 73B)
Class org.gradle.tooling.model.gradle.ProjectPublications                             : loaded 2 times (x 70B)
Class org.gradle.util.internal.GUtil                                                  : loaded 2 times (x 71B)
Class kotlin.reflect.jvm.internal.impl.resolve.scopes.DescriptorKindFilter$Companion  : loaded 2 times (x 71B)
Class kotlin.reflect.jvm.internal.impl.metadata.deserialization.ProtoBufUtilKt        : loaded 2 times (x 71B)
Class kotlin.reflect.jvm.internal.impl.builtins.jvm.CloneableClassScope$Companion     : loaded 2 times (x 71B)
Class kotlin.reflect.jvm.internal.impl.metadata.jvm.JvmProtoBuf$StringTableTypesOrBuilder: loaded 2 times (x 70B)
Class kotlin.reflect.jvm.internal.impl.descriptors.runtime.components.ReflectClassStructure: loaded 2 times (x 71B)
Class kotlin.reflect.jvm.internal.impl.incremental.components.NoLookupLocation        : loaded 2 times (x 82B)
Class kotlin.reflect.jvm.internal.impl.resolve.DescriptorUtils                        : loaded 2 times (x 71B)
Class kotlin.reflect.jvm.internal.impl.load.java.JavaIncompatibilityRulesOverridabilityCondition$Companion: loaded 2 times (x 71B)
Class kotlin.reflect.jvm.internal.impl.load.java.JavaIncompatibilityRulesOverridabilityCondition: loaded 2 times (x 75B)
Class kotlin.reflect.jvm.internal.impl.types.checker.NewKotlinTypeCheckerImpl         : loaded 2 times (x 80B)
Class [Lkotlin.reflect.jvm.internal.impl.builtins.jvm.JvmBuiltIns$Kind;               : loaded 2 times (x 69B)
Class kotlin.reflect.KMutableProperty2                                                : loaded 2 times (x 70B)
Class kotlin.reflect.jvm.internal.impl.metadata.ProtoBuf$PackageFragment              : loaded 2 times (x 102B)
Class com.google.common.io.ByteSource                                                 : loaded 2 times (x 84B)
Class com.android.utils.StringHelper                                                  : loaded 2 times (x 71B)
Class com.google.common.cache.AbstractCache$StatsCounter                              : loaded 2 times (x 70B)
Class com.google.gson.Gson$2                                                          : loaded 2 times (x 76B)
Class [Lcom.amazon.ion.impl.bin.IonManagedBinaryWriter$SymbolState;                   : loaded 2 times (x 69B)
Class com.amazon.ion.impl._Private_IonWriterBase                                      : loaded 2 times (x 162B)
Class com.amazon.ion.system.IonSystemBuilder                                          : loaded 2 times (x 75B)
Class com.amazon.ion.IonCatalog                                                       : loaded 2 times (x 70B)
Class com.intellij.gradle.toolingExtension.impl.model.utilTurnOffDefaultTasksModel.TurnOffDefaultTasks: loaded 2 times (x 70B)
Class com.intellij.gradle.toolingExtension.impl.model.sourceSetModel.GradleSourceSetSerialisationService$SourceSetModelReadContext: loaded 2 times (x 72B)
Class kotlin.time.DurationUnitKt                                                      : loaded 2 times (x 71B)
Class kotlin.sequences.DropTakeSequence                                               : loaded 2 times (x 70B)
Class org.jetbrains.kotlin.com.intellij.openapi.diagnostic.ExceptionWithAttachments   : loaded 2 times (x 70B)
Class kotlin.reflect.jvm.internal.impl.load.java.components.DescriptorResolverUtils   : loaded 2 times (x 71B)
Class kotlin.reflect.jvm.internal.impl.load.java.SpecialGenericSignatures$Companion   : loaded 2 times (x 71B)
Class kotlin.reflect.jvm.internal.impl.types.TypeConstructorSubstitution$Companion$createByConstructorsMap$1: loaded 2 times (x 79B)
Class kotlin.reflect.jvm.internal.impl.load.java.typeEnhancement.TypeComponentPositionKt: loaded 2 times (x 71B)
Class kotlin.reflect.jvm.internal.impl.resolve.OverridingUtil$3                       : loaded 2 times (x 75B)
Class kotlin.reflect.jvm.internal.impl.load.java.lazy.descriptors.LazyJavaClassDescriptor$LazyJavaClassTypeConstructor: loaded 2 times (x 97B)
Class [Lkotlin.reflect.jvm.internal.impl.descriptors.PackageFragmentProvider;         : loaded 2 times (x 69B)
Class kotlin.reflect.jvm.internal.impl.types.AbstractTypePreparator                   : loaded 2 times (x 72B)
Class kotlin.reflect.jvm.internal.impl.metadata.deserialization.BinaryVersion$Companion: loaded 2 times (x 71B)
Class kotlin.reflect.jvm.internal.impl.storage.MemoizedFunctionToNullable             : loaded 2 times (x 70B)
Class kotlin.reflect.jvm.internal.impl.load.java.sources.JavaSourceElementFactory     : loaded 2 times (x 70B)
Class kotlin.reflect.jvm.internal.RuntimeTypeMapper                                   : loaded 2 times (x 71B)
Class com.android.builder.model.v2.dsl.BuildType                                      : loaded 2 times (x 70B)
Class com.google.gson.internal.bind.ReflectiveTypeAdapterFactory$BoundField           : loaded 2 times (x 75B)
Class com.google.gson.Gson$3                                                          : loaded 2 times (x 75B)
Class kotlin.reflect.jvm.internal.JvmPropertySignature                                : loaded 2 times (x 72B)
Class kotlin.io.TextStreamsKt                                                         : loaded 2 times (x 71B)
Class org.jetbrains.kotlin.tooling.core.MutableExtrasImpl$Companion                   : loaded 2 times (x 71B)
Class com.intellij.gradle.toolingExtension.impl.model.sourceSetModel.GradleSourceSetSerialisationService$SourceSetModelWriteContext: loaded 2 times (x 72B)
Class org.gradle.tooling.internal.adapter.WeakIdentityHashMap                         : loaded 2 times (x 76B)
Class org.gradle.tooling.GradleConnectionException                                    : loaded 2 times (x 83B)
Class org.gradle.tooling.internal.adapter.ProtocolToModelAdapter$1                    : loaded 2 times (x 75B)
Class org.gradle.tooling.internal.adapter.ProtocolToModelAdapter$ViewDecoration       : loaded 2 times (x 70B)
Class org.gradle.internal.installation.GradleInstallation                             : loaded 2 times (x 75B)
Class jdk.internal.jimage.decompressor.ResourceDecompressor$StringsProvider           : loaded 2 times (x 70B)
Class kotlin.reflect.jvm.internal.impl.types.SpecialTypesKt                           : loaded 2 times (x 71B)
Class kotlin.reflect.jvm.internal.JvmPropertySignature$KotlinProperty                 : loaded 2 times (x 73B)
Class kotlin.reflect.jvm.internal.impl.load.java.components.DescriptorResolverUtils$1$1: loaded 2 times (x 77B)
Class kotlin.reflect.jvm.internal.impl.utils.SmartSet                                 : loaded 2 times (x 136B)
Class kotlin.reflect.jvm.internal.impl.protobuf.GeneratedMessageLite$1                : loaded 2 times (x 71B)
Class kotlin.reflect.jvm.internal.impl.serialization.deserialization.DeserializedClassDataFinder: loaded 2 times (x 75B)
Class kotlin.reflect.jvm.internal.impl.metadata.ProtoBuf$ClassOrBuilder               : loaded 2 times (x 70B)
Class kotlin.reflect.jvm.internal.impl.metadata.ProtoBuf$ValueParameter               : loaded 2 times (x 102B)
Class kotlin.reflect.jvm.internal.impl.protobuf.SmallSortedMap$EmptySet               : loaded 2 times (x 71B)
Class kotlin.reflect.jvm.internal.impl.resolve.OverridingUtil$1                       : loaded 2 times (x 74B)
Class kotlin.reflect.jvm.internal.impl.load.java.lazy.JavaResolverSettings$Default    : loaded 2 times (x 76B)
Class kotlin.reflect.jvm.internal.impl.descriptors.ClassifierDescriptor               : loaded 2 times (x 70B)
Class com.google.common.collect.Iterables                                             : loaded 2 times (x 71B)
Class com.google.gson.internal.bind.DefaultDateTypeAdapter$1                          : loaded 2 times (x 75B)
Class com.google.gson.Gson$4                                                          : loaded 2 times (x 76B)
Class com.google.gson.internal.ConstructorConstructor                                 : loaded 2 times (x 72B)
Class com.amazon.ion.impl._Private_RecyclingQueue$Recycler                            : loaded 2 times (x 70B)
Class com.amazon.ion.impl.lite.ContainerlessContext                                   : loaded 2 times (x 80B)
Class org.jetbrains.plugins.gradle.tooling.serialization.GradleExtensionsSerializationService$ReadContext: loaded 2 times (x 72B)
Class com.google.common.collect.ForwardingCollection                                  : loaded 2 times (x 130B)
Class com.google.common.collect.LexicographicalOrdering                               : loaded 2 times (x 115B)
Class org.gradle.tooling.internal.adapter.MethodInvoker                               : loaded 2 times (x 70B)
Class org.jetbrains.kotlin.com.intellij.openapi.diagnostic.DefaultLogger              : loaded 2 times (x 100B)
Class kotlin.io.FileWalkDirection                                                     : loaded 2 times (x 79B)
Class kotlin.reflect.jvm.internal.impl.resolve.scopes.GivenFunctionsMemberScope       : loaded 2 times (x 94B)
Class kotlin.reflect.jvm.internal.impl.descriptors.impl.ValueParameterDescriptorImpl$Companion: loaded 2 times (x 71B)
Class kotlin.reflect.jvm.internal.impl.load.java.typeEnhancement.JavaTypeEnhancement$SimpleResult: loaded 2 times (x 72B)
Class kotlin.reflect.jvm.internal.impl.types.model.IntersectionTypeConstructorMarker  : loaded 2 times (x 70B)
Class kotlin.reflect.jvm.internal.impl.load.java.structure.JavaType                   : loaded 2 times (x 70B)
Class com.amazon.ion.impl.lite._Private_LiteDomTrampoline                             : loaded 2 times (x 71B)
Class kotlin.reflect.jvm.internal.impl.protobuf.AbstractMessageLite$Builder           : loaded 2 times (x 85B)
Class kotlin.reflect.jvm.internal.impl.resolve.scopes.ChainedMemberScope              : loaded 2 times (x 85B)
Class kotlin.reflect.jvm.internal.impl.load.kotlin.DeserializationComponentsForJava$Companion$ModuleData: loaded 2 times (x 72B)
Class kotlin.reflect.jvm.internal.impl.metadata.ProtoBuf$Class$1                      : loaded 2 times (x 87B)
Class kotlin.reflect.jvm.internal.impl.metadata.jvm.JvmProtoBuf$JvmMethodSignature$1  : loaded 2 times (x 87B)
Class kotlin.reflect.jvm.internal.impl.metadata.jvm.deserialization.JvmProtoBufUtil   : loaded 2 times (x 71B)
Class kotlin.reflect.jvm.internal.impl.descriptors.impl.AbstractClassDescriptor$1$1   : loaded 2 times (x 77B)
Class kotlin.coroutines.jvm.internal.CompletedContinuation                            : loaded 2 times (x 75B)
Class com.google.gson.ReflectionAccessFilter$FilterResult                             : loaded 2 times (x 79B)
Class com.android.ide.common.gradle.Part                                              : loaded 2 times (x 77B)
Class com.google.common.collect.Lists$RandomAccessReverseList                         : loaded 2 times (x 200B)
Class com.google.gson.Gson$5                                                          : loaded 2 times (x 76B)
Class org.jetbrains.kotlin.idea.projectModel.KotlinPlatformContainer                  : loaded 2 times (x 70B)
Class gnu.trove.PrimeFinder                                                           : loaded 2 times (x 71B)
Class com.amazon.ion.UnexpectedEofException                                           : loaded 2 times (x 84B)
Class com.amazon.ion.IonSexp                                                          : loaded 2 times (x 70B)
Class com.amazon.ion.ReadOnlyValueException                                           : loaded 2 times (x 84B)
Class com.amazon.ion.impl._Private_LocalSymbolTable                                   : loaded 2 times (x 70B)
Class com.amazon.ion.BufferConfiguration$DataHandler                                  : loaded 2 times (x 70B)
Class com.amazon.ion.impl._Private_IonBinaryWriterBuilder                             : loaded 2 times (x 115B)
Class org.jetbrains.plugins.gradle.tooling.serialization.RepositoriesModelSerializationService$WriteContext: loaded 2 times (x 72B)
Class com.android.ide.gradle.model.LegacyAndroidGradlePluginProperties                : loaded 2 times (x 70B)
Class org.gradle.tooling.model.gradle.GradleScript                                    : loaded 2 times (x 70B)

---------------  S Y S T E M  ---------------

OS:
 Windows 11 , 64 bit Build 26100 (10.0.26100.8328)
OS uptime: 19 days 18:45 hours
Hyper-V role detected

CPU: total 12 (initial active 12) (12 cores per cpu, 2 threads per core) family 25 model 80 stepping 0 microcode 0xa500014, cx8, cmov, fxsr, ht, mmx, 3dnowpref, sse, sse2, sse3, ssse3, sse4a, sse4.1, sse4.2, popcnt, lzcnt, tsc, tscinvbit, avx, avx2, aes, erms, clmul, bmi1, bmi2, adx, sha, fma, vzeroupper, clflush, clflushopt, hv, rdtscp, rdpid, fsrm, f16c, cet_ss
Processor Information for the first 12 processors :
  Max Mhz: 2000, Current Mhz: 2000, Mhz Limit: 2000

Memory: 4k page, system-wide physical 15681M (448M free)
TotalPageFile size 54081M (AvailPageFile size 0M)
current process WorkingSet (physical memory assigned to process): 1267M, peak: 1356M
current process commit charge ("private bytes"): 1788M, peak: 1794M

vm_info: OpenJDK 64-Bit Server VM (21.0.10+-14961533-b1163.108) for windows-amd64 JRE (21.0.10+-14961533-b1163.108), built on 2026-03-02T19:58:50Z by "builder" with MS VC++ 16.10 / 16.11 (VS2019)

END.
