#
# A fatal error has been detected by the Java Runtime Environment:
#
#  EXCEPTION_ACCESS_VIOLATION (0xc0000005) at pc=0x00007ffd937b20f9, pid=35376, tid=36380
#
# JRE version: OpenJDK Runtime Environment (21.0.10) (build 21.0.10+-14961533-b1163.108)
# Java VM: OpenJDK 64-Bit Server VM (21.0.10+-14961533-b1163.108, mixed mode, tiered, compressed oops, compressed class ptrs, g1 gc, windows-amd64)
# Problematic frame:
# C  [NativeVideoPlayer.dll+0x20f9]
#
# No core dump will be written. Minidumps are not enabled by default on client versions of Windows
#
# If you would like to submit a bug report, please visit:
#   https://youtrack.jetbrains.com/issues/JBR
# The crash happened outside the Java Virtual Machine in native code.
# See problematic frame for where to report the bug.
#

---------------  S U M M A R Y ------------

Command Line: -Dcompose.reload.argfile=D:\yuzha\Proyecto_final\Proyecto\Frontend\Maian\standard\build\run\desktopMain\desktopMain.argfile -Dcompose.reload.build.continuous=false -Dcompose.reload.build.warmup=false -Dcompose.reload.buildSystem=Gradle -Dcompose.reload.devToolsClasspath=D:\Gradle\caches\modules-2\files-2.1\org.jetbrains.compose.hot-reload\hot-reload-devtools\1.1.1\bc27016efe338fc35c213cac2349d477adc08095\hot-reload-devtools-1.1.1.jar;D:\Gradle\caches\modules-2\files-2.1\org.jetbrains.compose.hot-reload\hot-reload-devtools-api\1.1.1\78295e7e36c6e1258d87e238865978a1a980da99\hot-reload-devtools-api-1.1.1.jar;D:\Gradle\caches\modules-2\files-2.1\org.jetbrains.compose.hot-reload\hot-reload-orchestration\1.1.1\7b5f9ed6f49115dd0ab30a91bd22214f101d23f\hot-reload-orchestration-1.1.1.jar;D:\Gradle\caches\modules-2\files-2.1\org.jetbrains.compose.hot-reload\hot-reload-core\1.1.1\f31266b5813648696560864a541a2fe784a0a671\hot-reload-core-1.1.1.jar;D:\Gradle\caches\modules-2\files-2.1\org.jetbrains.compose.hot-reload\hot-reload-runtime-api-jvm\1.1.1\61c13a79480c55140cbd9fe1ca651d86efcbee7\hot-reload-runtime-api-jvm-1.1.1.jar;D:\Gradle\caches\modules-2\files-2.1\org.jetbrains.compose.desktop\desktop-jvm\1.10.0\42facd9840309ac4eb841a986c5d1b97d2780471\desktop-jvm-1.10.0.jar;D:\Gradle\caches\modules-2\files-2.1\org.jetbrains.compose.components\components-resources-desktop\1.10.0\c6115b607f77e9d033de360f989850d3824bf112\library-desktop-1.10.0.jar;D:\Gradle\caches\modules-2\files-2.1\io.sellmair\evas-compose-jvm\1.4.0\a89b78f345d4a21a29c295820e4aa931aec1b93b\evas-compose-jvm-1.4.0.jar;D:\Gradle\caches\modules-2\files-2.1\io.sellmair\evas-jvm\1.4.0\3c6955af5c56c65290575b2b998ec166c5079de4\evas-jvm-1.4.0.jar;D:\Gradle\caches\modules-2\files-2.1\org.jetbrains.skiko\skiko-awt-runtime-windows-x64\0.9.37.3\2f9bb0ad1dd10255bea3b0099940b7163bf40da7\skiko-awt-runtime-windows-x64-0.9.37.3.jar;D:\Gradle\caches\modules-2\files-2.1\org.jetbrains.compose.material3\material3-desktop\1.9.0\19004c4eb3dc6618eb66a076bbe3d7e1a2e7b85\material3-desktop-1.9.0.jar;D:\Gradle\caches\modules-2\files-2.1\org.jetbrains.compose.material\material-desktop\1.10.0\63e1c3c6705d111bf84e41110e7729df5b85163e\material-desktop-1.10.0.jar;D:\Gradle\caches\-Dcompose.reload.devToolsDetached=false -Dcompose.reload.devToolsEnabled=true -Dcompose.reload.devToolsHeadless=false -Dcompose.reload.devToolsTransparencyEnabled=true -Dcompose.reload.dirtyResolveDepthLimit=5 -Dcompose.reload.effectsEnabled=true -Dcompose.reload.isActive=true -Dcompose.reload.launchMode=GradleBlocking -Dcompose.reload.logLevel=Info -Dcompose.reload.logStdout=false -Dcompose.reload.mainClass=org.dsqrwym.standard.MainKt -Dcompose.reload.pidFile=D:\yuzha\Proyecto_final\Proyecto\Frontend\Maian\standard\build\run\desktopMain\desktopMain.pid -Dcompose.reload.staticsReinitializeMode=AllDirty -Dcompose.reload.virtualMethodResolveEnabled=true -Dgradle.build.project=:standard -Dgradle.build.root=D:\yuzha\Proyecto_final\Proyecto\Frontend\Maian -Dgradle.build.task=hotReloadDesktopMain -Dgradle.offline.mode=false -Dorg.gradle.java.home=D:\Program Files\Android\Android Studio1\jbr -XX:+IgnoreUnrecognizedVMOptions -XX:+AllowEnhancedClassRedefinition -javaagent:D:\Gradle\caches\modules-2\files-2.1\org.jetbrains.compose.hot-reload\hot-reload-agent\1.1.1\15bff959a6459c2786e055fba794266fade25ade\hot-reload-agent-1.1.1.jar -Dfile.encoding=UTF-8 -Duser.country=CN -Duser.language=zh -Duser.variant org.dsqrwym.standard.MainKt

Host: AMD Ryzen 5 7530U with Radeon Graphics         , 12 cores, 15G,  Windows 11 , 64 bit Build 26100 (10.0.26100.8328)
Time: Sat May 16 18:52:27 2026 elapsed time: 165.605660 seconds (0d 0h 2m 45s)

---------------  T H R E A D  ---------------

Current thread (0x000002b051ff63c0):  JavaThread "DefaultDispatcher-worker-16" daemon [_thread_in_native, id=36380, stack(0x000000db7e600000,0x000000db7e700000) (1024K)]

Stack: [0x000000db7e600000,0x000000db7e700000],  sp=0x000000db7e6fe7d0,  free space=1017k
Native frames: (J=compiled Java code, j=interpreted, Vv=VM code, C=native code)
C  [NativeVideoPlayer.dll+0x20f9]

Java frames: (J=compiled Java code, j=interpreted, Vv=VM code)
j  io.github.kdroidfilter.composemediaplayer.windows.WindowsNativeBridge.nReadVideoFrame(J[I)Ljava/nio/ByteBuffer;+0
j  io.github.kdroidfilter.composemediaplayer.windows.WindowsNativeBridge.ReadVideoFrame(J[I)Ljava/nio/ByteBuffer;+8
j  io.github.kdroidfilter.composemediaplayer.windows.WindowsVideoPlayerState.processOneFrame(J)Lio/github/kdroidfilter/composemediaplayer/windows/WindowsVideoPlayerState$ProduceOutcome;+10
j  io.github.kdroidfilter.composemediaplayer.windows.WindowsVideoPlayerState.produceFrames(Lkotlin/coroutines/Continuation;)Ljava/lang/Object;+697
j  io.github.kdroidfilter.composemediaplayer.windows.WindowsVideoPlayerState.access$produceFrames(Lio/github/kdroidfilter/composemediaplayer/windows/WindowsVideoPlayerState;Lkotlin/coroutines/Continuation;)Ljava/lang/Object;+2
j  io.github.kdroidfilter.composemediaplayer.windows.WindowsVideoPlayerState$startVideoPipeline$1$1.invokeSuspend(Ljava/lang/Object;)Ljava/lang/Object;+49
J 9074 c2 kotlin.coroutines.jvm.internal.BaseContinuationImpl.resumeWith(Ljava/lang/Object;)V (124 bytes) @ 0x000002b03bd554c8 [0x000002b03bd55460+0x0000000000000068]
J 9555 c2 kotlinx.coroutines.DispatchedTask.run()V (400 bytes) @ 0x000002b03bd8e614 [0x000002b03bd8e360+0x00000000000002b4]
J 6494 c1 kotlinx.coroutines.scheduling.CoroutineScheduler.runSafely(Lkotlinx/coroutines/scheduling/Task;)V (73 bytes) @ 0x000002b034115654 [0x000002b034115540+0x0000000000000114]
J 6493 c1 kotlinx.coroutines.scheduling.CoroutineScheduler$Worker.executeTask(Lkotlinx/coroutines/scheduling/Task;)V (168 bytes) @ 0x000002b033db2154 [0x000002b033db1ce0+0x0000000000000474]
j  kotlinx.coroutines.scheduling.CoroutineScheduler$Worker.runWorker()V+44
j  kotlinx.coroutines.scheduling.CoroutineScheduler$Worker.run()V+1
v  ~StubRoutines::call_stub 0x000002b03b1d100d

siginfo: EXCEPTION_ACCESS_VIOLATION (0xc0000005), reading address 0x0000000000000000


Registers:
RAX=0x0000000000000000, RBX=0x0000000000000000, RCX=0x0000000000000000, RDX=0x0000000000000000
RSP=0x000000db7e6fe7d0, RBP=0x000000db7e6fe889, RSI=0x000002b0136787b0, RDI=0x0000000000000000
R8 =0x000000db7e6fe628, R9 =0x0000000000000000, R10=0x0000000000000000, R11=0x0000000000000246
R12=0x0000000000000001, R13=0x000000001272c20f, R14=0x0000000000000020, R15=0x0000000000000000
RIP=0x00007ffd937b20f9, EFLAGS=0x0000000000010202

XMM[0]=0x0000000000000000 0x0000000000000000
XMM[1]=0x0000000000000000 0x0000000000000000
XMM[2]=0x0000000000000000 0x0000000000000000
XMM[3]=0x0000000000000000 0x0000000000000000
XMM[4]=0x0000000000000000 0x0000000000000000
XMM[5]=0x0000000000000000 0x0000000000000000
XMM[6]=0x0000000000000000 0x0000000000000000
XMM[7]=0x0000000000000000 0x0000000000000000
XMM[8]=0x8000000000000000 0xc059000000000000
XMM[9]=0x0000000000000000 0x4040aaaaaaaaaaab
XMM[10]=0x0000000000000000 0x40c3880000000000
XMM[11]=0x0000000000000000 0x0000000000000000
XMM[12]=0x0000000000000000 0x0000000000000000
XMM[13]=0x0000000000000000 0x0000000000000000
XMM[14]=0x0000000000000000 0x0000000000000000
XMM[15]=0x0000000000000000 0x0000000000000000
  MXCSR=0x00001fa0


Register to memory mapping:

RAX=0x0 is null
RBX=0x0 is null
RCX=0x0 is null
RDX=0x0 is null
RSP=0x000000db7e6fe7d0 is pointing into the stack for thread: 0x000002b051ff63c0
RBP=0x000000db7e6fe889 is pointing into the stack for thread: 0x000002b051ff63c0
RSI=0x000002b0136787b0 points into unknown readable memory: 0x0000000000000000 | 00 00 00 00 00 00 00 00
RDI=0x0 is null
R8 =0x000000db7e6fe628 is pointing into the stack for thread: 0x000002b051ff63c0
R9 =0x0 is null
R10=0x0 is null
R11=0x0000000000000246 is an unknown value
R12=0x0000000000000001 is an unknown value
R13=0x000000001272c20f is an unknown value
R14=0x0000000000000020 is an unknown value
R15=0x0 is null

Top of Stack: (sp=0x000000db7e6fe7d0)
0x000000db7e6fe7d0:   0000000000000000 000002b02e5b1200
0x000000db7e6fe7e0:   0000000000000000 000000db7e6fe889
0x000000db7e6fe7f0:   000000db7e6fe8f0 000000db7e6fe820
0x000000db7e6fe800:   000000db7e6fe908 0000000000000000
0x000000db7e6fe810:   0000000000000000 0000000000000000
0x000000db7e6fe820:   0000000000051615 0000000000000000
0x000000db7e6fe830:   0000000000000000 00000000000000b8
0x000000db7e6fe840:   0000000000000000 0000000000000000
0x000000db7e6fe850:   0000000000000000 0000000000000000
0x000000db7e6fe860:   0000000000000000 0000000000000000
0x000000db7e6fe870:   0000000000000000 0000000000000000
0x000000db7e6fe880:   0000000000000000 0000000000000000
0x000000db7e6fe890:   0000000000000000 0000000000000000
0x000000db7e6fe8a0:   0000000000000000 000000db7e6fe9c0
0x000000db7e6fe8b0:   000000db7e6fea68 000002b01a68db28
0x000000db7e6fe8c0:   000000db7e6fe998 0000000000000000
0x000000db7e6fe8d0:   000002b0136787b0 000000db7e6fea58
0x000000db7e6fe8e0:   000000db7e6fe930 00007ffd937b35f8
0x000000db7e6fe8f0:   0001197f00000020 000000db7e6fe928
0x000000db7e6fe900:   000002b000000001 000002b010e86290
0x000000db7e6fe910:   0000000000000000 0000000000000e53
0x000000db7e6fe920:   0000000000000138 0000000000000000
0x000000db7e6fe930:   000002b051ff63c0 000000db7e6fea68
0x000000db7e6fe940:   0000000000000000 000002b051ff6780
0x000000db7e6fe950:   000000db7e6fea38 00007ffd937b8014
0x000000db7e6fe960:   000002b01a68db30 000000db7e6fea58
0x000000db7e6fe970:   0000000000000138 000002b03b1dcbdc
0x000000db7e6fe980:   000002b01a68db30 000002b01a68db30
0x000000db7e6fe990:   000002b03b1ecb01 0000000000000000
0x000000db7e6fe9a0:   0000000000000e53 000002b03b1dcd6b
0x000000db7e6fe9b0:   0000000000000138 000002b01a68db30
0x000000db7e6fe9c0:   000002b000000000 0000000000000138 

Instructions: (pc=0x00007ffd937b20f9)
0x00007ffd937b1ff9:   67 e8 81 f2 ff ff 48 8b 08 49 8b c7 48 f7 e9 4c
0x00007ffd937b2009:   8b ea 49 c1 fd 12 49 8b c5 48 c1 e8 3f 4c 03 e8
0x00007ffd937b2019:   44 8b ff 0f 1f 40 00 89 7d 77 89 7d 67 48 89 7d
0x00007ffd937b2029:   97 48 89 7d 7f 48 8b 0e 48 8b 01 48 8d 55 7f 48
0x00007ffd937b2039:   89 54 24 30 48 8d 55 97 48 89 54 24 28 48 8d 55
0x00007ffd937b2049:   67 48 89 54 24 20 4c 8d 4d 77 45 33 c0 ba fc ff
0x00007ffd937b2059:   ff ff ff 50 48 85 c0 0f 88 a5 02 00 00 44 8b 75
0x00007ffd937b2069:   67 41 f6 c6 02 0f 85 8f 02 00 00 41 f6 c6 10 74
0x00007ffd937b2079:   72 48 89 7d 87 48 8d 4d 87 ff 15 b8 90 00 00 85
0x00007ffd937b2089:   c0 78 4c 48 8b 4d 87 48 8b 01 4c 8d 05 d6 94 00
0x00007ffd937b2099:   00 48 8d 15 0f 94 00 00 ff 90 c0 00 00 00 48 8b
0x00007ffd937b20a9:   4d 87 48 8b 01 4c 8d 05 2b 93 00 00 48 8d 15 04
0x00007ffd937b20b9:   94 00 00 ff 90 c0 00 00 00 48 8b 0e 48 8b 01 4c
0x00007ffd937b20c9:   8b 4d 87 45 33 c0 ba fc ff ff ff ff 50 38 90 48
0x00007ffd937b20d9:   8b 4d 87 48 85 c9 74 0b 48 89 7d 87 48 8b 01 ff
0x00007ffd937b20e9:   50 10 90 41 f6 c6 20 74 60 48 89 7d 87 48 8b 0e
0x00007ffd937b20f9:   48 8b 01 4c 8d 45 87 ba fc ff ff ff ff 50 30 85
0x00007ffd937b2109:   c0 78 32 48 8b 4d 87 48 8b 01 4c 8d 45 a7 48 8d
0x00007ffd937b2119:   15 02 94 00 00 ff 50 40 85 c0 78 19 48 8b 4d a7
0x00007ffd937b2129:   48 8b c1 48 c1 e8 20 85 c0 74 0a 85 c9 74 06 89
0x00007ffd937b2139:   46 20 89 4e 24 48 8b 4d 87 48 85 c9 74 0b 48 89
0x00007ffd937b2149:   7d 87 48 8b 01 ff 50 10 90 4c 8b 45 7f 4d 85 c0
0x00007ffd937b2159:   0f 84 9f 01 00 00 48 83 7d 9f 00 0f 85 04 01 00
0x00007ffd937b2169:   00 c6 46 50 01 48 8b 45 97 80 be 80 00 00 00 00
0x00007ffd937b2179:   75 07 48 89 86 f8 00 00 00 48 85 c0 0f 8e da 00
0x00007ffd937b2189:   00 00 0f 57 f6 f2 48 0f 2a f0 f2 41 0f 5e f2 48
0x00007ffd937b2199:   8b ce e8 d0 fb ff ff f2 0f 5c f0 66 44 0f 2f c6
0x00007ffd937b21a9:   76 5c 41 83 ff 03 7c 30 48 8d 4d b7 e8 c6 f0 ff
0x00007ffd937b21b9:   ff 48 8b 08 48 b8 db 34 b6 d7 82 de 1b 43 48 f7
0x00007ffd937b21c9:   e9 48 c1 fa 12 48 8b c2 48 c1 e8 3f 48 03 d0 49
0x00007ffd937b21d9:   2b d5 48 83 fa 19 77 6f 48 8b 4d 7f 48 85 c9 74
0x00007ffd937b21e9:   0b 48 89 7d 7f 48 8b 01 ff 50 10 90 41 ff c7 41 


Stack slot to memory mapping:

stack at sp + 0 slots: 0x0 is null
stack at sp + 1 slots: 0x000002b02e5b1200 points into unknown readable memory: 0x0000000000000000 | 00 00 00 00 00 00 00 00
stack at sp + 2 slots: 0x0 is null
stack at sp + 3 slots: 0x000000db7e6fe889 is pointing into the stack for thread: 0x000002b051ff63c0
stack at sp + 4 slots: 0x000000db7e6fe8f0 is pointing into the stack for thread: 0x000002b051ff63c0
stack at sp + 5 slots: 0x000000db7e6fe820 is pointing into the stack for thread: 0x000002b051ff63c0
stack at sp + 6 slots: 0x000000db7e6fe908 is pointing into the stack for thread: 0x000002b051ff63c0
stack at sp + 7 slots: 0x0 is null


Compiled method (c2) 165736 9074   !   4       kotlin.coroutines.jvm.internal.BaseContinuationImpl::resumeWith (124 bytes)
 total in heap  [0x000002b03bd55290,0x000002b03bd55ac8] = 2104
 relocation     [0x000002b03bd553f0,0x000002b03bd55458] = 104
 main code      [0x000002b03bd55460,0x000002b03bd557e0] = 896
 stub code      [0x000002b03bd557e0,0x000002b03bd55808] = 40
 oops           [0x000002b03bd55808,0x000002b03bd55810] = 8
 metadata       [0x000002b03bd55810,0x000002b03bd55860] = 80
 scopes data    [0x000002b03bd55860,0x000002b03bd55960] = 256
 scopes pcs     [0x000002b03bd55960,0x000002b03bd55a20] = 192
 dependencies   [0x000002b03bd55a20,0x000002b03bd55a38] = 24
 handler table  [0x000002b03bd55a38,0x000002b03bd55ac8] = 144

[Constant Pool (empty)]

[MachCode]
[Entry Point]
  # {method} {0x000002b04ba72bf0} 'resumeWith' '(Ljava/lang/Object;)V' in 'kotlin/coroutines/jvm/internal/BaseContinuationImpl'
  # this:     rdx:rdx   = 'kotlin/coroutines/jvm/internal/BaseContinuationImpl'
  # parm0:    r8:r8     = 'java/lang/Object'
  #           [sp+0x60]  (sp of caller)
  0x000002b03bd55460: 448b 5208 | 49bb 0000 | 0000 0800 | 0000 4d03 | d349 3bc2 

  0x000002b03bd55474: ;   {runtime_call ic_miss_stub}
  0x000002b03bd55474: 0f85 0693 | 4cff 6690 | 0f1f 4000 
[Verified Entry Point]
  0x000002b03bd55480: 8984 2400 | 80ff ff55 | 4883 ec50 | 4181 7f20 | 1400 0000 | 0f85 3c03 | 0000 8b6a | 0c85 ed0f 
  0x000002b03bd554a0: 845b 0100 | 004d 8d14 | ec48 8954 | 2420 4c89 | 5424 2848 | 8b54 2420 | 9048 b8ff | ffff ffff 
  0x000002b03bd554c0: ;   {virtual_call}
  0x000002b03bd554c0: ffff ffe8 

  0x000002b03bd554c4: ; ImmutableOopMap {[32]=Oop [40]=Oop }
                      ;*invokevirtual invokeSuspend {reexecute=0 rethrow=0 return_oop=1}
                      ; - kotlin.coroutines.jvm.internal.BaseContinuationImpl::resumeWith@40 (line 34)
  0x000002b03bd554c4: e0f9 58ff 

  0x000002b03bd554c8: ;   {other}
  0x000002b03bd554c8: 0f1f 8400 | 3802 0000 

  0x000002b03bd554d0: ;   {oop(a 'kotlin/coroutines/intrinsics/CoroutineSingletons'{0x000000070b258fc8})}
  0x000002b03bd554d0: 49ba c88f | 250b 0700 | 0000 493b | c20f 8490 | 0000 0048 | 8944 2430 | 488b 5424 | 2048 b8ff 
  0x000002b03bd554f0: ffff ffff 

  0x000002b03bd554f4: ;   {virtual_call}
  0x000002b03bd554f4: ffff ffe8 

  0x000002b03bd554f8: ; ImmutableOopMap {[40]=Oop [48]=Oop }
                      ;*invokevirtual releaseIntercepted {reexecute=0 rethrow=0 return_oop=0}
                      ; - kotlin.coroutines.jvm.internal.BaseContinuationImpl::resumeWith@90 (line 40)
  0x000002b03bd554f8: a4f3 58ff 

  0x000002b03bd554fc: ;   {other}
  0x000002b03bd554fc: 0f1f 8400 | 6c02 0001 | 4c8b 4424 | 2845 8b58 

  0x000002b03bd5550c: ;   {metadata('kotlin/coroutines/jvm/internal/BaseContinuationImpl')}
  0x000002b03bd5550c: 0849 bac0 | 6e10 0008 | 0000 0048 | be00 0000 | 0008 0000 | 0049 03f3 | 4c8b 5e38 | 4d3b da75 
  0x000002b03bd5552c: 594d 8b9f 

  0x000002b03bd55530: ; ImmutableOopMap {[40]=Oop [48]=Oop }
                      ;*goto {reexecute=1 rethrow=0 return_oop=0}
                      ; - (reexecute) kotlin.coroutines.jvm.internal.BaseContinuationImpl::resumeWith@121 (line 30)
  0x000002b03bd55530: 5804 0000 

  0x000002b03bd55534: ;   {poll}
  0x000002b03bd55534: 4185 034c 

  0x000002b03bd55538: ;   {metadata('kotlin/coroutines/Continuation')}
  0x000002b03bd55538: 8b56 2048 | b860 cc0d | 0008 0000 | 004c 3bd0 | 7560 4c8b | 5424 2841 | 8b6a 0c85 | ed0f 84c1 
  0x000002b03bd55558: 0000 004d | 8d1c ec4c | 8b44 2430 | 4c89 5424 | 204c 895c | 2428 e940 | ffff ff48 | 83c4 505d 
  0x000002b03bd55578: ;   {poll_return}
  0x000002b03bd55578: 493b a750 | 0400 000f | 873b 0200 | 00c3 488b | 5424 284c | 8b44 2430 | 9048 b830 | b6c0 52b0 
  0x000002b03bd55598: ;   {virtual_call}
  0x000002b03bd55598: 0200 00e8 

  0x000002b03bd5559c: ; ImmutableOopMap {}
                      ;*invokeinterface resumeWith {reexecute=0 rethrow=0 return_oop=0}
                      ; - kotlin.coroutines.jvm.internal.BaseContinuationImpl::resumeWith@114 (line 47)
  0x000002b03bd5559c: 50f8 58ff 

  0x000002b03bd555a0: ;   {other}
  0x000002b03bd555a0: 0f1f 8400 | 1003 0003 | ebc9 4833 | ff4c 8b9e | a000 0000 | 498b d348 | c1e2 320f | 8921 0000 
  0x000002b03bd555c0: 00f3 480f | b8d2 488b | 5e28 483b | 04d3 7415 | 490f bae3 | 0e73 0b49 

  0x000002b03bd555d8: ;   {runtime_call StubRoutines (compiler stubs)}
  0x000002b03bd555d8: c1cb 0de8 | 37cb 4eff | eb03 48ff | c748 85ff | 0f84 5cff | ffff bade 

  0x000002b03bd555f0: ;   {runtime_call UncommonTrapBlob}
  0x000002b03bd555f0: ffff ffe8 

  0x000002b03bd555f4: ; ImmutableOopMap {[40]=Oop [48]=Oop }
                      ;*checkcast {reexecute=0 rethrow=0 return_oop=0}
                      ; - kotlin.coroutines.jvm.internal.BaseContinuationImpl::resumeWith@10 (line 29)
  0x000002b03bd555f4: 88ed 4cff 

  0x000002b03bd555f8: ;   {other}
  0x000002b03bd555f8: 0f1f 8400 | 6803 0004 | 4c89 4424 | 2048 8954 | 2428 ba45 

  0x000002b03bd5560c: ;   {runtime_call UncommonTrapBlob}
  0x000002b03bd5560c: ffff ffe8 

  0x000002b03bd55610: ; ImmutableOopMap {rbp=NarrowOop [32]=Oop [40]=Oop }
                      ;*ifnonnull {reexecute=1 rethrow=0 return_oop=0}
                      ; - (reexecute) kotlin.jvm.internal.Intrinsics::checkNotNull@1 (line 24)
                      ; - kotlin.coroutines.jvm.internal.BaseContinuationImpl::resumeWith@31 (line 31)
  0x000002b03bd55610: 6ced 4cff 

  0x000002b03bd55614: ;   {other}
  0x000002b03bd55614: 0f1f 8400 | 8403 0005 | ba45 ffff | ff4c 8954 

  0x000002b03bd55624: ;   {runtime_call UncommonTrapBlob}
  0x000002b03bd55624: 2428 90e8 

  0x000002b03bd55628: ; ImmutableOopMap {rbp=NarrowOop [40]=Oop [48]=Oop }
                      ;*ifnonnull {reexecute=1 rethrow=0 return_oop=0}
                      ; - (reexecute) kotlin.jvm.internal.Intrinsics::checkNotNull@1 (line 24)
                      ; - kotlin.coroutines.jvm.internal.BaseContinuationImpl::resumeWith@31 (line 31)
  0x000002b03bd55628: 54ed 4cff 

  0x000002b03bd5562c: ;   {other}
  0x000002b03bd5562c: 0f1f 8400 | 9c03 0006 | 498b d749 | ba00 2acc | f3fc 7f00 | 0041 ffd2 

  0x000002b03bd55644: ;   {other}
  0x000002b03bd55644: 0f1f 8400 | 0000 0000 | e982 0000 | 0048 8944 | 2430 488b 

  0x000002b03bd55658: ;   {oop("exception"{0x000000070b1d66f0})}
  0x000002b03bd55658: d049 b8f0 | 661d 0b07 

  0x000002b03bd55660: ;   {static_call}
  0x000002b03bd55660: 0000 00e8 

  0x000002b03bd55664: ; ImmutableOopMap {[32]=Oop [40]=Oop [48]=Oop }
                      ;*invokestatic checkNotNullParameter {reexecute=0 rethrow=0 return_oop=0}
                      ; - kotlin.ResultKt::createFailure@3
                      ; - kotlin.coroutines.jvm.internal.BaseContinuationImpl::resumeWith@76 (line 38)
  0x000002b03bd55664: b860 a8ff 

  0x000002b03bd55668: ;   {other}
  0x000002b03bd55668: 0f1f 8400 | d803 0007 | 498b 87b8 | 0100 004c | 8bd0 4983 | c210 4d3b | 97c8 0100 | 000f 83fe 
  0x000002b03bd55688: 0000 004d | 8997 b801 | 0000 410f | 1882 0001 | 0000 48c7 | 0001 0000 

  0x000002b03bd556a0: ;   {metadata('kotlin/Result$Failure')}
  0x000002b03bd556a0: 00c7 4008 | b8d3 1000 | 4489 600c | 488b e848 | 8b54 2430 

  0x000002b03bd556b4: ;   {oop("exception"{0x000000070b1d66f0})}
  0x000002b03bd556b4: 49b8 f066 | 1d0b 0700 

  0x000002b03bd556bc: ;   {static_call}
  0x000002b03bd556bc: 0000 90e8 

  0x000002b03bd556c0: ; ImmutableOopMap {rbp=Oop [32]=Oop [40]=Oop [48]=Oop }
                      ;*invokestatic checkNotNullParameter {reexecute=0 rethrow=0 return_oop=0}
                      ; - kotlin.Result$Failure::<init>@3
                      ; - kotlin.ResultKt::createFailure@11 (line 122)
                      ; - kotlin.coroutines.jvm.internal.BaseContinuationImpl::resumeWith@76 (line 38)
  0x000002b03bd556c0: 5c60 a8ff 

  0x000002b03bd556c4: ;   {other}
  0x000002b03bd556c4: 0f1f 8400 | 3404 0008 | 4180 7f40 | 0075 3f4c | 8bd5 4c8b | 5c24 304d | 8bc3 49c1 | e803 4489 
  0x000002b03bd556e4: 450c 4d33 | da49 c1eb | 154d 85db | 7416 49c1 | ea09 48b9 | 0090 1440 | b002 0000 | 4903 ca80 
  0x000002b03bd55704: 3902 753a | 4889 6c24 | 30e9 d6fd | ffff 448b | 550c 4585 | d274 b84d | 8b5f 2849 | 8bca 48c1 
  0x000002b03bd55724: e103 4d85 | db0f 8405 | ffff ff4d | 8b57 384b | 894c 1af8 | 4983 c3f8 | 4d89 5f28 | eb91 4d8b 
  0x000002b03bd55744: 5758 4d8b | 5f48 f083 | 4424 c000 | 8039 0074 | b344 8821 | 4d85 db75 | 1a49 8bd7 | 49ba e029 
  0x000002b03bd55764: ccf3 fc7f | 0000 41ff 

  0x000002b03bd5576c: ;   {other}
  0x000002b03bd5576c: d20f 1f84 | 0000 0000 | 00eb 914b | 894c 1af8 | 4983 c3f8 | 4d89 5f48 | e97f ffff 

  0x000002b03bd55788: ;   {metadata('kotlin/Result$Failure')}
  0x000002b03bd55788: ff48 bab8 | d310 0008 

  0x000002b03bd55790: ;   {runtime_call _new_instance_Java}
  0x000002b03bd55790: 0000 00e8 

  0x000002b03bd55794: ; ImmutableOopMap {[32]=Oop [40]=Oop [48]=Oop }
                      ;*new {reexecute=0 rethrow=0 return_oop=1}
                      ; - kotlin.ResultKt::createFailure@6 (line 122)
                      ; - kotlin.coroutines.jvm.internal.BaseContinuationImpl::resumeWith@76 (line 38)
  0x000002b03bd55794: 68ad 58ff 

  0x000002b03bd55798: ;   {other}
  0x000002b03bd55798: 0f1f 8400 | 0805 0009 | e907 ffff | ffeb 02eb | 0048 8bd0 | eb08 488b | d0eb 0348 | 8bd0 4883 
  0x000002b03bd557b8: ;   {runtime_call _rethrow_Java}
  0x000002b03bd557b8: c450 5de9 | 4002 59ff 

  0x000002b03bd557c0: ;   {internal_word}
  0x000002b03bd557c0: 49ba 7855 | d53b b002 | 0000 4d89 | 9768 0400 

  0x000002b03bd557d0: ;   {runtime_call SafepointBlob}
  0x000002b03bd557d0: 00e9 aafc 

  0x000002b03bd557d4: ;   {runtime_call StubRoutines (final stubs)}
  0x000002b03bd557d4: 4cff e805 | 5b4b ffe9 | bafc ffff 
[Stub Code]
  0x000002b03bd557e0: ;   {no_reloc}
  0x000002b03bd557e0: 48bb 0000 | 0000 0000 

  0x000002b03bd557e8: ;   {runtime_call nmethod}
  0x000002b03bd557e8: 0000 e9fb 

  0x000002b03bd557ec: ;   {runtime_call ExceptionBlob}
  0x000002b03bd557ec: ffff ffe9 | 0c74 58ff 
[Deopt Handler Code]
  0x000002b03bd557f4: e800 0000 | 0048 832c 

  0x000002b03bd557fc: ;   {runtime_call DeoptimizationBlob}
  0x000002b03bd557fc: 2405 e91d | ef4c fff4 | f4f4 f4f4 
[/MachCode]


Compiled method (c2) 165751 9555   !   4       kotlinx.coroutines.DispatchedTask::run (400 bytes)
 total in heap  [0x000002b03bd8e010,0x000002b03bd8fe20] = 7696
 relocation     [0x000002b03bd8e170,0x000002b03bd8e358] = 488
 main code      [0x000002b03bd8e360,0x000002b03bd8eeb0] = 2896
 stub code      [0x000002b03bd8eeb0,0x000002b03bd8ef78] = 200
 oops           [0x000002b03bd8ef78,0x000002b03bd8ef98] = 32
 metadata       [0x000002b03bd8ef98,0x000002b03bd8f058] = 192
 scopes data    [0x000002b03bd8f058,0x000002b03bd8f7a8] = 1872
 scopes pcs     [0x000002b03bd8f7a8,0x000002b03bd8fad8] = 816
 dependencies   [0x000002b03bd8fad8,0x000002b03bd8faf8] = 32
 handler table  [0x000002b03bd8faf8,0x000002b03bd8fde0] = 744
 nul chk table  [0x000002b03bd8fde0,0x000002b03bd8fe20] = 64

[Constant Pool (empty)]

[MachCode]
[Entry Point]
  # {method} {0x000002b04bac49c8} 'run' '()V' in 'kotlinx/coroutines/DispatchedTask'
  #           [sp+0x60]  (sp of caller)
  0x000002b03bd8e360: 448b 5208 | 49bb 0000 | 0000 0800 | 0000 4d03 | d349 3bc2 

  0x000002b03bd8e374: ;   {runtime_call ic_miss_stub}
  0x000002b03bd8e374: 0f85 0604 | 49ff 6690 | 0f1f 4000 
[Verified Entry Point]
  0x000002b03bd8e380: 8984 2400 | 80ff ff55 | 4883 ec50 | 4181 7f20 | 1400 0000 | 0f85 060b | 0000 4889 | 1424 6666 
  0x000002b03bd8e3a0: 9048 b8ff | ffff ffff 

  0x000002b03bd8e3a8: ;   {virtual_call}
  0x000002b03bd8e3a8: ffff ffe8 

  0x000002b03bd8e3ac: ; ImmutableOopMap {[0]=Oop }
                      ;*invokevirtual getDelegate$kotlinx_coroutines_core {reexecute=0 rethrow=0 return_oop=1}
                      ; - kotlinx.coroutines.DispatchedTask::run@34 (line 80)
  0x000002b03bd8e3ac: b069 55ff 

  0x000002b03bd8e3b0: ;   {other}
  0x000002b03bd8e3b0: 0f1f 8400 | a003 0000 

  0x000002b03bd8e3b8: ; implicit exception: dispatches to 0x000002b03bd8ebcc
  0x000002b03bd8e3b8: 448b 5008 

  0x000002b03bd8e3bc: ;   {metadata('kotlinx/coroutines/internal/DispatchedContinuation')}
  0x000002b03bd8e3bc: 4181 fa38 | a011 000f | 8503 0700 | 0044 8b58 | 2044 895c | 2408 8b68 | 2849 8bd3 | 48c1 e203 
  0x000002b03bd8e3dc: 9048 b880 | edb2 51b0 

  0x000002b03bd8e3e4: ;   {virtual_call}
  0x000002b03bd8e3e4: 0200 00e8 

  0x000002b03bd8e3e8: ; ImmutableOopMap {rbp=NarrowOop [0]=Oop [8]=NarrowOop }
                      ;*invokeinterface getContext {reexecute=0 rethrow=0 return_oop=1}
                      ; - kotlinx.coroutines.DispatchedTask::run@64 (line 222)
  0x000002b03bd8e3e8: e464 55ff 

  0x000002b03bd8e3ec: ;   {other}
  0x000002b03bd8e3ec: 0f1f 8400 | dc03 0001 | 4889 4424 | 1085 ed0f | 84ea 0200 | 004d 8d1c | ec44 8b54 | 2408 4f8d 
  0x000002b03bd8e40c: ;   {oop(a 'java/lang/Integer'{0x000000070b26ae58} = 0)}
  0x000002b03bd8e40c: 04d4 49ba | 58ae 260b | 0700 0000 | 4d3b da0f | 8523 0400 

  0x000002b03bd8e420: ;   {oop(a 'kotlinx/coroutines/internal/Symbol'{0x000000070cd69970})}
  0x000002b03bd8e420: 0049 bb70 | 99d6 0c07 | 0000 0045 | 33d2 4c89 | 5424 284c | 895c 2420 | 4c89 4424 | 1849 8bd0 
  0x000002b03bd8e440: 9048 b870 | f1b2 51b0 

  0x000002b03bd8e448: ;   {virtual_call}
  0x000002b03bd8e448: 0200 00e8 

  0x000002b03bd8e44c: ; ImmutableOopMap {[0]=Oop [8]=NarrowOop [16]=Oop [24]=Oop [32]=Oop [40]=Oop }
                      ;*invokeinterface getContext {reexecute=0 rethrow=0 return_oop=1}
                      ; - kotlinx.coroutines.DispatchedTask::run@107 (line 83)
  0x000002b03bd8e44c: 8064 55ff 

  0x000002b03bd8e450: ;   {other}
  0x000002b03bd8e450: 0f1f 8400 | 4004 0002 | 488b e848 | 8b14 2466 | 9048 b8ff | ffff ffff 

  0x000002b03bd8e468: ;   {virtual_call}
  0x000002b03bd8e468: ffff ffe8 

  0x000002b03bd8e46c: ; ImmutableOopMap {rbp=Oop [0]=Oop [8]=NarrowOop [16]=Oop [24]=Oop [32]=Oop [40]=Oop }
                      ;*invokevirtual takeState$kotlinx_coroutines_core {reexecute=0 rethrow=0 return_oop=1}
                      ; - kotlinx.coroutines.DispatchedTask::run@115 (line 84)
  0x000002b03bd8e46c: 386a 55ff 

  0x000002b03bd8e470: ;   {other}
  0x000002b03bd8e470: 0f1f 8400 | 6004 0003 | 4889 4424 | 3048 8b14 | 244c 8bc0 | 9048 b8ff | ffff ffff 

  0x000002b03bd8e48c: ;   {virtual_call}
  0x000002b03bd8e48c: ffff ffe8 

  0x000002b03bd8e490: ; ImmutableOopMap {rbp=Oop [0]=Oop [8]=NarrowOop [16]=Oop [24]=Oop [32]=Oop [40]=Oop [48]=Oop }
                      ;*invokevirtual getExceptionalResult$kotlinx_coroutines_core {reexecute=0 rethrow=0 return_oop=1}
                      ; - kotlinx.coroutines.DispatchedTask::run@123 (line 85)
  0x000002b03bd8e490: b465 55ff 

  0x000002b03bd8e494: ;   {other}
  0x000002b03bd8e494: 0f1f 8400 | 8404 0004 | 4885 c00f | 85e4 0200 | 004c 8b0c | 2445 8b59 | 1841 83fb | 010f 8525 
  0x000002b03bd8e4b4: 0200 004c | 8bd5 458b 

  0x000002b03bd8e4bc: ;   {metadata('kotlin/coroutines/CombinedContext')}
  0x000002b03bd8e4bc: 4208 4181 | f8b8 a110 | 000f 8532 | 0300 0044 | 8b55 1049 | 8bd2 48c1 

  0x000002b03bd8e4d4: ;   {oop(a 'kotlinx/coroutines/Job$Key'{0x000000070b2c15f8})}
  0x000002b03bd8e4d4: e203 49b8 | f815 2c0b | 0700 0000 | 9048 b8c0 | bfc0 52b0 

  0x000002b03bd8e4e8: ;   {virtual_call}
  0x000002b03bd8e4e8: 0200 00e8 

  0x000002b03bd8e4ec: ; ImmutableOopMap {rbp=Oop [0]=Oop [8]=NarrowOop [16]=Oop [24]=Oop [32]=Oop [40]=Oop [48]=Oop }
                      ;*invokeinterface get {reexecute=0 rethrow=0 return_oop=1}
                      ; - kotlin.coroutines.CombinedContext::get@14 (line 122)
                      ; - kotlinx.coroutines.DispatchedTask::run@151 (line 91)
  0x000002b03bd8e4ec: e063 55ff 

  0x000002b03bd8e4f0: ;   {other}
  0x000002b03bd8e4f0: 0f1f 8400 | e004 0005 | 4c8b d048 | 85c0 0f85 | 8300 0000 | 660f 1f44 | 0000 660f | 1f44 0000 
  0x000002b03bd8e510: 448b 5d0c 

  0x000002b03bd8e514: ; implicit exception: dispatches to 0x000002b03bd8eb30
  0x000002b03bd8e514: 478b 54dc | 084b 8d14 

  0x000002b03bd8e51c: ;   {metadata('kotlin/coroutines/CombinedContext')}
  0x000002b03bd8e51c: dc41 81fa | b8a1 1000 | 753c 488b | ea44 8b5d | 1049 8bd3 | 48c1 e203 

  0x000002b03bd8e534: ;   {oop(a 'kotlinx/coroutines/Job$Key'{0x000000070b2c15f8})}
  0x000002b03bd8e534: 49b8 f815 | 2c0b 0700 | 0000 6666 | 9048 b8b0 | f0b2 51b0 

  0x000002b03bd8e548: ;   {virtual_call}
  0x000002b03bd8e548: 0200 00e8 

  0x000002b03bd8e54c: ; ImmutableOopMap {rbp=Oop [0]=Oop [8]=NarrowOop [16]=Oop [24]=Oop [32]=Oop [40]=Oop [48]=Oop }
                      ;*invokeinterface get {reexecute=0 rethrow=0 return_oop=1}
                      ; - kotlin.coroutines.CombinedContext::get@14 (line 122)
                      ; - kotlinx.coroutines.DispatchedTask::run@151 (line 91)
  0x000002b03bd8e54c: 8063 55ff 

  0x000002b03bd8e550: ;   {other}
  0x000002b03bd8e550: 0f1f 8400 | 4005 0006 | 4c8b d048 | 85c0 74b0 

  0x000002b03bd8e560: ;   {oop(a 'kotlinx/coroutines/Job$Key'{0x000000070b2c15f8})}
  0x000002b03bd8e560: eb25 49b8 | f815 2c0b | 0700 0000 | 9048 b8d0 | bec0 52b0 

  0x000002b03bd8e574: ;   {virtual_call}
  0x000002b03bd8e574: 0200 00e8 

  0x000002b03bd8e578: ; ImmutableOopMap {[0]=Oop [8]=NarrowOop [16]=Oop [24]=Oop [32]=Oop [40]=Oop [48]=Oop }
                      ;*invokeinterface get {reexecute=0 rethrow=0 return_oop=1}
                      ; - kotlin.coroutines.CombinedContext::get@55 (line 127)
                      ; - kotlinx.coroutines.DispatchedTask::run@151 (line 91)
  0x000002b03bd8e578: 5463 55ff 

  0x000002b03bd8e57c: ;   {other}
  0x000002b03bd8e57c: 0f1f 8400 | 6c05 0007 | 4c8b d045 

  0x000002b03bd8e588: ;   {metadata('kotlinx/coroutines/Job')}
  0x000002b03bd8e588: 8b42 0848 | b8f0 4811 | 0008 0000 | 0048 be00 | 0000 0008 | 0000 0049 | 03f0 4c8b | 5e20 4c3b 
  0x000002b03bd8e5a8: d80f 85a6 | 0000 0049 | 8bea 498b | d248 b860 | c2c0 52b0 

  0x000002b03bd8e5bc: ;   {virtual_call}
  0x000002b03bd8e5bc: 0200 00e8 

  0x000002b03bd8e5c0: ; ImmutableOopMap {rbp=Oop [0]=Oop [8]=NarrowOop [16]=Oop [24]=Oop [32]=Oop [40]=Oop [48]=Oop }
                      ;*invokeinterface isActive {reexecute=0 rethrow=0 return_oop=0}
                      ; - kotlinx.coroutines.DispatchedTask::run@172 (line 92)
  0x000002b03bd8e5c0: 5c6a 55ff 

  0x000002b03bd8e5c4: ;   {other}
  0x000002b03bd8e5c4: 0f1f 8400 | b405 0008 | 85c0 0f84 | 3401 0000 | 4c8b 0c24 | 4c89 0c24 | 498b d14c | 8b44 2430 
  0x000002b03bd8e5e4: 9048 b8ff | ffff ffff 

  0x000002b03bd8e5ec: ;   {virtual_call}
  0x000002b03bd8e5ec: ffff ffe8 

  0x000002b03bd8e5f0: ; ImmutableOopMap {[0]=Oop [8]=NarrowOop [16]=Oop [24]=Oop [32]=Oop [40]=Oop }
                      ;*invokevirtual getSuccessfulResult$kotlinx_coroutines_core {reexecute=0 rethrow=0 return_oop=1}
                      ; - kotlinx.coroutines.DispatchedTask::run@308 (line 100)
  0x000002b03bd8e5f0: ac62 55ff 

  0x000002b03bd8e5f4: ;   {other}
  0x000002b03bd8e5f4: 0f1f 8400 | e405 0009 | 488b 5424 | 184c 8bc0 | 9048 b850 | e7b2 51b0 

  0x000002b03bd8e60c: ;   {virtual_call}
  0x000002b03bd8e60c: 0200 00e8 

  0x000002b03bd8e610: ; ImmutableOopMap {[0]=Oop [16]=Oop [32]=Oop [40]=Oop }
                      ;*invokeinterface resumeWith {reexecute=0 rethrow=0 return_oop=0}
                      ; - kotlinx.coroutines.DispatchedTask::run@314 (line 100)
  0x000002b03bd8e610: dc67 55ff 

  0x000002b03bd8e614: ;   {other}
  0x000002b03bd8e614: 0f1f 8400 | 0406 000a | 4c8b 5424 | 284d 85d2 | 0f85 6803 | 0000 488b 

  0x000002b03bd8e62c: ;   {oop(a 'kotlinx/coroutines/internal/Symbol'{0x000000070cd69970})}
  0x000002b03bd8e62c: 6c24 2049 | ba70 99d6 | 0c07 0000 | 0049 3bea | 0f85 7b02 | 0000 4883 

  0x000002b03bd8e644: ;   {poll_return}
  0x000002b03bd8e644: c450 5d49 | 3ba7 5004 | 0000 0f87 | 3608 0000 | c348 33ff | 4c8b 9ea0 | 0000 0049 | 8bd3 48c1 
  0x000002b03bd8e664: e223 0f89 | 2100 0000 | f348 0fb8 | d248 8b5e | 2848 3b04 | d374 1549 | 0fba e31d | 730b 49c1 
  0x000002b03bd8e684: ;   {runtime_call StubRoutines (compiler stubs)}
  0x000002b03bd8e684: cb1c e88c | 3a4b ffeb | 0348 ffc7 | 4885 ff0f | 8416 ffff | ffba deff | ffff 488b | 2c24 448b 
  0x000002b03bd8e6a4: 5c24 0844 | 891c 2448 | ff74 2410 | 488f 4424 | 084c 8b5c | 2420 4c89 | 5c24 104c | 8b5c 2428 
  0x000002b03bd8e6c4: 4c89 5c24 | 184c 8954 

  0x000002b03bd8e6cc: ;   {runtime_call UncommonTrapBlob}
  0x000002b03bd8e6cc: 2428 90e8 

  0x000002b03bd8e6d0: ; ImmutableOopMap {rbp=Oop [0]=NarrowOop [8]=Oop [16]=Oop [24]=Oop [40]=Oop [48]=Oop }
                      ;*checkcast {reexecute=0 rethrow=0 return_oop=0}
                      ; - kotlinx.coroutines.DispatchedTask::run@156 (line 91)
  0x000002b03bd8e6d0: ac5c 49ff 

  0x000002b03bd8e6d4: ;   {other}
  0x000002b03bd8e6d4: 0f1f 8400 | c406 000b | 4183 fb02 | 0f84 d1fd | ffff e9ed | feff ff48 | 8bd0 488b 

  0x000002b03bd8e6f0: ;   {static_call}
  0x000002b03bd8e6f0: 2c24 90e8 

  0x000002b03bd8e6f4: ; ImmutableOopMap {rbp=Oop [0]=Oop [8]=NarrowOop [16]=Oop }
                      ;*invokestatic threadContextElements {reexecute=0 rethrow=0 return_oop=1}
                      ; - kotlinx.coroutines.internal.ThreadContextKt::updateThreadContext@7 (line 61)
                      ; - kotlinx.coroutines.DispatchedTask::run@75 (line 223)
  0x000002b03bd8e6f4: 8809 49ff 

  0x000002b03bd8e6f8: ;   {other}
  0x000002b03bd8e6f8: 0f1f 8400 | e806 000c | 4c8b d8e9 | fdfc ffff | 4c8b dd45 

  0x000002b03bd8e70c: ;   {metadata('kotlinx/coroutines/StandaloneCoroutine')}
  0x000002b03bd8e70c: 8b53 0841 | 81fa b8d9 | 2000 0f85 | 4902 0000 | 498b d348 

  0x000002b03bd8e720: ;   {optimized virtual_call}
  0x000002b03bd8e720: 8b2c 24e8 

  0x000002b03bd8e724: ; ImmutableOopMap {rbp=Oop [0]=Oop [8]=NarrowOop [16]=Oop [24]=Oop [32]=Oop [40]=Oop [48]=Oop }
                      ;*invokeinterface getCancellationException {reexecute=0 rethrow=0 return_oop=1}
                      ; - kotlinx.coroutines.DispatchedTask::run@182 (line 93)
  0x000002b03bd8e724: 187e 02f8 

  0x000002b03bd8e728: ;   {other}
  0x000002b03bd8e728: 0f1f 8400 | 1807 000d | 4889 4424 | 384c 8b1c | 2445 8b53 

  0x000002b03bd8e73c: ;   {metadata('kotlinx/coroutines/internal/DispatchedContinuation')}
  0x000002b03bd8e73c: 0841 81fa | 38a0 1100 | 0f85 7b00 | 0000 498b | eb4c 891c | 2448 8b54 

  0x000002b03bd8e754: ;   {static_call}
  0x000002b03bd8e754: 2438 90e8 

  0x000002b03bd8e758: ; ImmutableOopMap {rbp=Oop [0]=Oop [8]=NarrowOop [16]=Oop [24]=Oop [32]=Oop [40]=Oop }
                      ;*invokestatic createFailure {reexecute=0 rethrow=0 return_oop=1}
                      ; - kotlinx.coroutines.DispatchedTask::run@259 (line 232)
  0x000002b03bd8e758: e4f4 0ff9 

  0x000002b03bd8e75c: ;   {other}
  0x000002b03bd8e75c: 0f1f 8400 | 4c07 000e | 488b 5424 | 184c 8bc0 | 9048 b840 | f1b2 51b0 

  0x000002b03bd8e774: ;   {virtual_call}
  0x000002b03bd8e774: 0200 00e8 

  0x000002b03bd8e778: ; ImmutableOopMap {rbp=Oop [0]=Oop [16]=Oop [32]=Oop [40]=Oop }
                      ;*invokeinterface resumeWith {reexecute=0 rethrow=0 return_oop=0}
                      ; - kotlinx.coroutines.DispatchedTask::run@265 (line 232)
  0x000002b03bd8e778: 7466 55ff 

  0x000002b03bd8e77c: ;   {other}
  0x000002b03bd8e77c: 0f1f 8400 | 6c07 000f | e993 feff | ff48 8bd0 | 488b 2c24 

  0x000002b03bd8e790: ;   {static_call}
  0x000002b03bd8e790: 6666 90e8 

  0x000002b03bd8e794: ; ImmutableOopMap {rbp=Oop [0]=Oop [8]=NarrowOop [16]=Oop [24]=Oop [32]=Oop [40]=Oop }
                      ;*invokestatic createFailure {reexecute=0 rethrow=0 return_oop=1}
                      ; - kotlinx.coroutines.DispatchedTask::run@286 (line 98)
  0x000002b03bd8e794: a8f4 0ff9 

  0x000002b03bd8e798: ;   {other}
  0x000002b03bd8e798: 0f1f 8400 | 8807 0010 | 488b 5424 | 184c 8bc0 | 9048 b830 | e9b2 51b0 

  0x000002b03bd8e7b0: ;   {virtual_call}
  0x000002b03bd8e7b0: 0200 00e8 

  0x000002b03bd8e7b4: ; ImmutableOopMap {rbp=Oop [0]=Oop [16]=Oop [32]=Oop [40]=Oop }
                      ;*invokeinterface resumeWith {reexecute=0 rethrow=0 return_oop=0}
                      ; - kotlinx.coroutines.DispatchedTask::run@292 (line 98)
  0x000002b03bd8e7b4: 3866 55ff 

  0x000002b03bd8e7b8: ;   {other}
  0x000002b03bd8e7b8: 0f1f 8400 | a807 0011 | e957 feff 

  0x000002b03bd8e7c4: ;   {metadata('kotlinx/coroutines/CancellableContinuationImpl')}
  0x000002b03bd8e7c4: ff41 81fa | 685b 1100 | 0f85 1602 | 0000 4d8b | d349 8bd2 | 4c8b 4424 | 304c 8b4c | 2438 498b 
  0x000002b03bd8e7e4: ;   {optimized virtual_call}
  0x000002b03bd8e7e4: ea66 90e8 

  0x000002b03bd8e7e8: ; ImmutableOopMap {rbp=Oop [0]=Oop [8]=NarrowOop [16]=Oop [24]=Oop [32]=Oop [40]=Oop [56]=Oop }
                      ;*invokevirtual cancelCompletedResult$kotlinx_coroutines_core {reexecute=0 rethrow=0 return_oop=0}
                      ; - kotlinx.coroutines.DispatchedTask::run@197 (line 94)
  0x000002b03bd8e7e8: b45d 9cf8 

  0x000002b03bd8e7ec: ;   {other}
  0x000002b03bd8e7ec: 0f1f 8400 | dc07 0012 | 4c8b 1c24 | e94d ffff 

  0x000002b03bd8e7fc: ;   {metadata('coil3/compose/internal/DeferredDispatchCoroutineContext')}
  0x000002b03bd8e7fc: ff41 81f8 | 78ef 9000 | 0f85 1e02 | 0000 458b | 5a0c 498b | d348 c1e2 

  0x000002b03bd8e814: ;   {oop(a 'kotlinx/coroutines/Job$Key'{0x000000070b2c15f8})}
  0x000002b03bd8e814: 0349 b8f8 | 152c 0b07 | 0000 0049 | 8be9 6666 | 9048 b8b8 | a110 0008 

  0x000002b03bd8e82c: ;   {virtual_call}
  0x000002b03bd8e82c: 0000 00e8 

  0x000002b03bd8e830: ; ImmutableOopMap {rbp=Oop [0]=Oop [8]=NarrowOop [16]=Oop [24]=Oop [32]=Oop [40]=Oop [48]=Oop }
                      ;*invokeinterface get {reexecute=0 rethrow=0 return_oop=1}
                      ; - coil3.compose.internal.ForwardingCoroutineContext::get@5
                      ; - kotlinx.coroutines.DispatchedTask::run@151 (line 91)
  0x000002b03bd8e830: 0cb7 b1ff 

  0x000002b03bd8e834: ;   {other}
  0x000002b03bd8e834: 0f1f 8400 | 2408 0013 | 4c8b d0e9 | 43fd ffff 

  0x000002b03bd8e844: ; implicit exception: dispatches to 0x000002b03bd8ebe8
  0x000002b03bd8e844: 418b 6b08 

  0x000002b03bd8e848: ;   {metadata('java/lang/Integer')}
  0x000002b03bd8e848: 81fd 00ad | 0500 0f84 | 1802 0000 | 4c89 4424 | 204c 895c | 2418 498b 

  0x000002b03bd8e860: ;   {oop("null cannot be cast to non-null type kotlinx.coroutines.ThreadContextElement<kotlin.Any?>"{0x000000070d3b1090})}
  0x000002b03bd8e860: d349 b890 | 103b 0d07 

  0x000002b03bd8e868: ;   {static_call}
  0x000002b03bd8e868: 0000 00e8 

  0x000002b03bd8e86c: ; ImmutableOopMap {[0]=Oop [8]=NarrowOop [16]=Oop [24]=Oop [32]=Oop }
                      ;*invokestatic checkNotNull {reexecute=0 rethrow=0 return_oop=0}
                      ; - kotlinx.coroutines.internal.ThreadContextKt::updateThreadContext@63 (line 73)
                      ; - kotlinx.coroutines.DispatchedTask::run@75 (line 223)
  0x000002b03bd8e86c: b0c6 a2ff 

  0x000002b03bd8e870: ;   {other}
  0x000002b03bd8e870: 0f1f 8400 | 6008 0014 

  0x000002b03bd8e878: ;   {metadata('kotlinx/coroutines/slf4j/MDCContext')}
  0x000002b03bd8e878: 81fd 0080 | 8200 0f85 | 6402 0000 | 488b 5424 | 184c 8b44 | 2410 488b 

  0x000002b03bd8e890: ;   {optimized virtual_call}
  0x000002b03bd8e890: 2c24 90e8 

  0x000002b03bd8e894: ; ImmutableOopMap {rbp=Oop [0]=Oop [8]=NarrowOop [16]=Oop [32]=Oop }
                      ;*invokevirtual updateThreadContext {reexecute=0 rethrow=0 return_oop=1}
                      ; - kotlinx.coroutines.slf4j.MDCContext::updateThreadContext@2 (line 77)
                      ; - kotlinx.coroutines.internal.ThreadContextKt::updateThreadContext@73 (line 74)
                      ; - kotlinx.coroutines.DispatchedTask::run@75 (line 223)
  0x000002b03bd8e894: 5406 0000 

  0x000002b03bd8e898: ;   {other}
  0x000002b03bd8e898: 0f1f 8400 | 8808 0015 

  0x000002b03bd8e8a0: ;   {oop(a 'kotlinx/coroutines/internal/Symbol'{0x000000070cd69970})}
  0x000002b03bd8e8a0: 49bb 7099 | d60c 0700 | 0000 493b | c30f 8505 | 0100 004c | 8b44 2420 | e964 fbff | ff48 85ed 
  0x000002b03bd8e8c0: 7411 448b 

  0x000002b03bd8e8c4: ;   {metadata('kotlinx/coroutines/internal/ThreadState')}
  0x000002b03bd8e8c4: 5508 4181 | fa30 7520 | 000f 84d1 | 0100 004c | 8b5c 2410 

  0x000002b03bd8e8d8: ; implicit exception: dispatches to 0x000002b03bd8ec10
  0x000002b03bd8e8d8: 458b 5308 

  0x000002b03bd8e8dc: ;   {metadata('kotlin/coroutines/CombinedContext')}
  0x000002b03bd8e8dc: 4181 fab8 | a110 000f | 85cf 0100 | 004d 8bd3 | 4c89 5424 

  0x000002b03bd8e8f0: ;   {oop(a 'kotlinx/coroutines/internal/ThreadContextKt$$Lambda+0x00000008002072e0'{0x000000070d632950})}
  0x000002b03bd8e8f0: 1049 b950 | 2963 0d07 | 0000 0049 | 8bd2 4533 

  0x000002b03bd8e900: ;   {optimized virtual_call}
  0x000002b03bd8e900: c066 90e8 

  0x000002b03bd8e904: ; ImmutableOopMap {rbp=Oop [0]=Oop [16]=Oop }
                      ;*invokeinterface fold {reexecute=0 rethrow=0 return_oop=1}
                      ; - kotlinx.coroutines.internal.ThreadContextKt::restoreThreadContext@32 (line 89)
                      ; - kotlinx.coroutines.DispatchedTask::run@342 (line 237)
  0x000002b03bd8e904: d874 b6ff 

  0x000002b03bd8e908: ;   {other}
  0x000002b03bd8e908: 0f1f 8400 | f808 0016 | 4889 4424 | 0848 8bd0 

  0x000002b03bd8e918: ;   {oop("null cannot be cast to non-null type kotlinx.coroutines.ThreadContextElement<kotlin.Any?>"{0x000000070d3b1090})}
  0x000002b03bd8e918: 49b8 9010 | 3b0d 0700 

  0x000002b03bd8e920: ;   {static_call}
  0x000002b03bd8e920: 0000 90e8 

  0x000002b03bd8e924: ; ImmutableOopMap {rbp=Oop [0]=Oop [8]=Oop [16]=Oop }
                      ;*invokestatic checkNotNull {reexecute=0 rethrow=0 return_oop=0}
                      ; - kotlinx.coroutines.internal.ThreadContextKt::restoreThreadContext@40 (line 89)
                      ; - kotlinx.coroutines.DispatchedTask::run@342 (line 237)
  0x000002b03bd8e924: f8c5 a2ff 

  0x000002b03bd8e928: ;   {other}
  0x000002b03bd8e928: 0f1f 8400 | 1809 0017 | 4c8b 5c24 | 0845 8b53 

  0x000002b03bd8e938: ;   {metadata('kotlinx/coroutines/slf4j/MDCContext')}
  0x000002b03bd8e938: 0841 81fa | 0080 8200 | 0f85 c601 | 0000 498b | d34c 8b44 | 2410 4c8b 

  0x000002b03bd8e950: ;   {optimized virtual_call}
  0x000002b03bd8e950: cd66 90e8 

  0x000002b03bd8e954: ; ImmutableOopMap {[0]=Oop }
                      ;*invokeinterface restoreThreadContext {reexecute=0 rethrow=0 return_oop=0}
                      ; - kotlinx.coroutines.internal.ThreadContextKt::restoreThreadContext@50 (line 90)
                      ; - kotlinx.coroutines.DispatchedTask::run@342 (line 237)
  0x000002b03bd8e954: b205 0000 

  0x000002b03bd8e958: ;   {other}
  0x000002b03bd8e958: 0f1f 8400 | 4809 0018 | e9dd fcff | ff4d 8bd3 | 498b d248 | 8b2c 2466 | 9048 b8b0 | 8153 13b0 
  0x000002b03bd8e978: ;   {virtual_call}
  0x000002b03bd8e978: 0200 00e8 

  0x000002b03bd8e97c: ; ImmutableOopMap {rbp=Oop [0]=Oop [8]=NarrowOop [16]=Oop [24]=Oop [32]=Oop [40]=Oop [48]=Oop }
                      ;*invokeinterface getCancellationException {reexecute=0 rethrow=0 return_oop=1}
                      ; - kotlinx.coroutines.DispatchedTask::run@182 (line 93)
  0x000002b03bd8e97c: b816 5cff 

  0x000002b03bd8e980: ;   {other}
  0x000002b03bd8e980: 0f1f 8400 | 7009 0019 | 4889 4424 | 38e9 a3fd | ffff ba45 | ffff ff48 | 8b2c 244c | 8b5c 2410 
  0x000002b03bd8e9a0: 4c89 1c24 | 4c89 5424 

  0x000002b03bd8e9a8: ;   {runtime_call UncommonTrapBlob}
  0x000002b03bd8e9a8: 1866 90e8 

  0x000002b03bd8e9ac: ; ImmutableOopMap {rbp=Oop [0]=Oop [24]=Oop [32]=Oop [40]=Oop }
                      ;*ifnull {reexecute=1 rethrow=0 return_oop=0}
                      ; - (reexecute) kotlinx.coroutines.DispatchedTask::run@327 (line 236)
  0x000002b03bd8e9ac: d059 49ff 

  0x000002b03bd8e9b0: ;   {other}
  0x000002b03bd8e9b0: 0f1f 8400 | a009 001a | 488b e848 | 8b54 2420 | 4c8b 4424 | 104c 8bc8 

  0x000002b03bd8e9c8: ;   {static_call}
  0x000002b03bd8e9c8: 6666 90e8 

  0x000002b03bd8e9cc: ; ImmutableOopMap {rbp=Oop [0]=Oop [8]=NarrowOop [16]=Oop [32]=Oop }
                      ;*invokestatic updateUndispatchedCompletion {reexecute=0 rethrow=0 return_oop=1}
                      ; - kotlinx.coroutines.DispatchedTask::run@93 (line 226)
  0x000002b03bd8e9cc: 7605 0000 

  0x000002b03bd8e9d0: ;   {other}
  0x000002b03bd8e9d0: 0f1f 8400 | c009 001b | 4c8b 4424 | 204c 8bdd | 4c8b d0e9 | 46fa ffff | bac6 ffff | ff44 8b44 
  0x000002b03bd8e9f0: 2408 4489 | 0424 48ff | 7424 1048 | 8f44 2408 | 4c8b 5424 | 204c 8954 | 2410 4c8b | 5424 284c 
  0x000002b03bd8ea10: 8954 2418 | 4c89 5c24 

  0x000002b03bd8ea18: ;   {runtime_call UncommonTrapBlob}
  0x000002b03bd8ea18: 2866 90e8 

  0x000002b03bd8ea1c: ; ImmutableOopMap {[0]=NarrowOop [8]=Oop [16]=Oop [24]=Oop [40]=Oop [48]=Oop [56]=Oop }
                      ;*invokevirtual cancelCompletedResult$kotlinx_coroutines_core {reexecute=0 rethrow=0 return_oop=0}
                      ; - kotlinx.coroutines.DispatchedTask::run@197 (line 94)
  0x000002b03bd8ea1c: 6059 49ff 

  0x000002b03bd8ea20: ;   {other}
  0x000002b03bd8ea20: 0f1f 8400 | 100a 001c | bac6 ffff | ff49 8be9 | 448b 4424 | 0844 8904 | 2448 ff74 | 2410 488f 
  0x000002b03bd8ea40: 4424 084c | 8b5c 2420 | 4c89 5c24 | 104c 8b5c | 2428 4c89 | 5c24 184c | 8954 2428 

  0x000002b03bd8ea5c: ;   {runtime_call UncommonTrapBlob}
  0x000002b03bd8ea5c: 6666 90e8 

  0x000002b03bd8ea60: ; ImmutableOopMap {rbp=Oop [0]=NarrowOop [8]=Oop [16]=Oop [24]=Oop [40]=Oop [48]=Oop }
                      ;*invokeinterface get {reexecute=0 rethrow=0 return_oop=0}
                      ; - kotlinx.coroutines.DispatchedTask::run@151 (line 91)
  0x000002b03bd8ea60: 1c59 49ff 

  0x000002b03bd8ea64: ;   {other}
  0x000002b03bd8ea64: 0f1f 8400 | 540a 001d | ba2a 0000 | 0048 8b2c | 2448 8944 | 24f8 8b44 | 2408 8904 | 2448 8b44 
  0x000002b03bd8ea84: 24f8 48ff | 7424 1048 | 8f44 2408 | 4c89 5c24 

  0x000002b03bd8ea94: ;   {runtime_call UncommonTrapBlob}
  0x000002b03bd8ea94: 2066 90e8 

  0x000002b03bd8ea98: ; ImmutableOopMap {rbp=Oop [0]=NarrowOop [8]=Oop [32]=Oop }
                      ;*new {reexecute=0 rethrow=0 return_oop=0}
                      ; - kotlinx.coroutines.internal.ThreadContextKt::updateThreadContext@34 (line 68)
                      ; - kotlinx.coroutines.DispatchedTask::run@75 (line 223)
  0x000002b03bd8ea98: e458 49ff 

  0x000002b03bd8ea9c: ;   {other}
  0x000002b03bd8ea9c: 0f1f 8400 | 8c0a 001e | baad ffff 

  0x000002b03bd8eaa8: ;   {runtime_call UncommonTrapBlob}
  0x000002b03bd8eaa8: ff66 90e8 

  0x000002b03bd8eaac: ; ImmutableOopMap {rbp=Oop [0]=Oop [16]=Oop }
                      ;*invokevirtual restore {reexecute=0 rethrow=0 return_oop=0}
                      ; - kotlinx.coroutines.internal.ThreadContextKt::restoreThreadContext@21 (line 84)
                      ; - kotlinx.coroutines.DispatchedTask::run@342 (line 237)
  0x000002b03bd8eaac: d058 49ff 

  0x000002b03bd8eab0: ;   {other}
  0x000002b03bd8eab0: 0f1f 8400 | a00a 001f | bade ffff 

  0x000002b03bd8eabc: ;   {runtime_call UncommonTrapBlob}
  0x000002b03bd8eabc: ff66 90e8 

  0x000002b03bd8eac0: ; ImmutableOopMap {rbp=Oop [0]=Oop [16]=Oop }
                      ;*invokeinterface fold {reexecute=0 rethrow=0 return_oop=0}
                      ; - kotlinx.coroutines.internal.ThreadContextKt::restoreThreadContext@32 (line 89)
                      ; - kotlinx.coroutines.DispatchedTask::run@342 (line 237)
  0x000002b03bd8eac0: bc58 49ff 

  0x000002b03bd8eac4: ;   {other}
  0x000002b03bd8eac4: 0f1f 8400 | b40a 0020 | bade ffff | ff48 8b2c | 2448 8904 

  0x000002b03bd8ead8: ;   {runtime_call UncommonTrapBlob}
  0x000002b03bd8ead8: 2466 90e8 

  0x000002b03bd8eadc: ; ImmutableOopMap {rbp=Oop [0]=Oop }
                      ;*checkcast {reexecute=0 rethrow=0 return_oop=0}
                      ; - kotlinx.coroutines.DispatchedTask::run@43 (line 80)
  0x000002b03bd8eadc: a058 49ff 

  0x000002b03bd8eae0: ;   {other}
  0x000002b03bd8eae0: 0f1f 8400 | d00a 0021 | bade ffff | ff48 8b2c | 2444 8b54 | 2408 458b | da44 895c 

  0x000002b03bd8eafc: ;   {runtime_call UncommonTrapBlob}
  0x000002b03bd8eafc: 2404 90e8 

  0x000002b03bd8eb00: ; ImmutableOopMap {rbp=Oop [4]=NarrowOop [16]=Oop [24]=Oop }
                      ;*checkcast {reexecute=0 rethrow=0 return_oop=0}
                      ; - kotlinx.coroutines.internal.ThreadContextKt::updateThreadContext@67 (line 73)
                      ; - kotlinx.coroutines.DispatchedTask::run@75 (line 223)
  0x000002b03bd8eb00: 7c58 49ff 

  0x000002b03bd8eb04: ;   {other}
  0x000002b03bd8eb04: 0f1f 8400 | f40a 0022 | bade ffff | ff48 ff74 | 2410 488f | 4424 084c | 895c 2410 

  0x000002b03bd8eb20: ;   {runtime_call UncommonTrapBlob}
  0x000002b03bd8eb20: 6666 90e8 

  0x000002b03bd8eb24: ; ImmutableOopMap {rbp=Oop [0]=Oop [8]=Oop [16]=Oop }
                      ;*checkcast {reexecute=0 rethrow=0 return_oop=0}
                      ; - kotlinx.coroutines.internal.ThreadContextKt::restoreThreadContext@43 (line 89)
                      ; - kotlinx.coroutines.DispatchedTask::run@342 (line 237)
  0x000002b03bd8eb24: 5858 49ff 

  0x000002b03bd8eb28: ;   {other}
  0x000002b03bd8eb28: 0f1f 8400 | 180b 0023 | baf4 ffff | ff48 8b2c | 2444 8b54 | 2408 4489 | 1424 48ff | 7424 1048 
  0x000002b03bd8eb48: 8f44 2408 | 4c8b 5424 | 204c 8954 

  0x000002b03bd8eb54: ;   {runtime_call UncommonTrapBlob}
  0x000002b03bd8eb54: 2410 90e8 

  0x000002b03bd8eb58: ; ImmutableOopMap {rbp=Oop [0]=NarrowOop [8]=Oop [16]=Oop [40]=Oop [48]=Oop }
                      ;*instanceof {reexecute=0 rethrow=0 return_oop=0}
                      ; - kotlin.coroutines.CombinedContext::get@39 (line 124)
                      ; - kotlinx.coroutines.DispatchedTask::run@151 (line 91)
  0x000002b03bd8eb58: 2458 49ff 

  0x000002b03bd8eb5c: ;   {other}
  0x000002b03bd8eb5c: 0f1f 8400 | 4c0b 0024 | baf6 ffff | ff49 8be9 | 448b 5424 | 0844 8914 | 2448 ff74 | 2410 488f 
  0x000002b03bd8eb7c: 4424 084c | 8b54 2420 | 4c89 5424 

  0x000002b03bd8eb88: ;   {runtime_call UncommonTrapBlob}
  0x000002b03bd8eb88: 1066 90e8 

  0x000002b03bd8eb8c: ; ImmutableOopMap {rbp=Oop [0]=NarrowOop [8]=Oop [16]=Oop [40]=Oop [48]=Oop }
                      ;*invokeinterface get {reexecute=0 rethrow=0 return_oop=0}
                      ; - kotlinx.coroutines.DispatchedTask::run@151 (line 91)
  0x000002b03bd8eb8c: f057 49ff 

  0x000002b03bd8eb90: ;   {other}
  0x000002b03bd8eb90: 0f1f 8400 | 800b 0025 | baf4 ffff | ff48 8b2c | 2444 8b54 | 2408 4489 | 1424 48ff | 7424 1048 
  0x000002b03bd8ebb0: 8f44 2408 | 4c8b 5424 | 204c 8954 

  0x000002b03bd8ebbc: ;   {runtime_call UncommonTrapBlob}
  0x000002b03bd8ebbc: 2410 90e8 

  0x000002b03bd8ebc0: ; ImmutableOopMap {rbp=Oop [0]=NarrowOop [8]=Oop [16]=Oop [40]=Oop [48]=Oop }
                      ;*checkcast {reexecute=0 rethrow=0 return_oop=0}
                      ; - kotlinx.coroutines.DispatchedTask::run@156 (line 91)
  0x000002b03bd8ebc0: bc57 49ff 

  0x000002b03bd8ebc4: ;   {other}
  0x000002b03bd8ebc4: 0f1f 8400 | b40b 0026 | ba45 ffff | ff48 8b2c | 2448 8944 

  0x000002b03bd8ebd8: ;   {runtime_call UncommonTrapBlob}
  0x000002b03bd8ebd8: 2408 90e8 

  0x000002b03bd8ebdc: ; ImmutableOopMap {rbp=Oop [8]=Oop }
                      ;*ifnonnull {reexecute=1 rethrow=0 return_oop=0}
                      ; - (reexecute) kotlin.jvm.internal.Intrinsics::checkNotNull@1 (line 30)
                      ; - kotlinx.coroutines.DispatchedTask::run@40 (line 80)
  0x000002b03bd8ebdc: a057 49ff 

  0x000002b03bd8ebe0: ;   {other}
  0x000002b03bd8ebe0: 0f1f 8400 | d00b 0027 | baf4 ffff | ff48 8b2c | 2448 8944 | 24f8 8b44 | 2408 8904 | 2448 8b44 
  0x000002b03bd8ec00: ;   {runtime_call UncommonTrapBlob}
  0x000002b03bd8ec00: 24f8 90e8 

  0x000002b03bd8ec04: ; ImmutableOopMap {rbp=Oop [0]=NarrowOop [16]=Oop }
                      ;*instanceof {reexecute=0 rethrow=0 return_oop=0}
                      ; - kotlinx.coroutines.internal.ThreadContextKt::updateThreadContext@27 (line 66)
                      ; - kotlinx.coroutines.DispatchedTask::run@75 (line 223)
  0x000002b03bd8ec04: 7857 49ff 

  0x000002b03bd8ec08: ;   {other}
  0x000002b03bd8ec08: 0f1f 8400 | f80b 0028 | baf6 ffff 

  0x000002b03bd8ec14: ;   {runtime_call UncommonTrapBlob}
  0x000002b03bd8ec14: ff66 90e8 

  0x000002b03bd8ec18: ; ImmutableOopMap {[0]=Oop }
                      ;*invokeinterface fold {reexecute=0 rethrow=0 return_oop=0}
                      ; - kotlinx.coroutines.internal.ThreadContextKt::restoreThreadContext@32 (line 89)
                      ; - kotlinx.coroutines.DispatchedTask::run@342 (line 237)
  0x000002b03bd8ec18: 6457 49ff 

  0x000002b03bd8ec1c: ;   {other}
  0x000002b03bd8ec1c: 0f1f 8400 | 0c0c 0029 | baf4 ffff 

  0x000002b03bd8ec28: ;   {runtime_call UncommonTrapBlob}
  0x000002b03bd8ec28: ff66 90e8 

  0x000002b03bd8ec2c: ; ImmutableOopMap {rbp=Oop [0]=Oop [16]=Oop }
                      ;*checkcast {reexecute=0 rethrow=0 return_oop=0}
                      ; - kotlinx.coroutines.internal.ThreadContextKt::restoreThreadContext@43 (line 89)
                      ; - kotlinx.coroutines.DispatchedTask::run@342 (line 237)
  0x000002b03bd8ec2c: 5057 49ff 

  0x000002b03bd8ec30: ;   {other}
  0x000002b03bd8ec30: 0f1f 8400 | 200c 002a | 488b d0eb | 0848 8bd0 | eb03 488b | d048 83c4 

  0x000002b03bd8ec48: ;   {runtime_call _rethrow_Java}
  0x000002b03bd8ec48: 505d e9b1 | 6d55 ff4c | 8bc0 e918 | 0200 0044 

  0x000002b03bd8ec58: ;   {metadata('kotlinx/coroutines/DispatchException')}
  0x000002b03bd8ec58: 8b50 0841 | 81fa c861 | 1100 75eb | 488b e8e9 | b101 0000 | 4c8b c0e9 | fb01 0000 | 4c8b c0e9 
  0x000002b03bd8ec78: f301 0000 | 448b 5008 

  0x000002b03bd8ec80: ;   {metadata('kotlinx/coroutines/DispatchException')}
  0x000002b03bd8ec80: 4181 fac8 | 6111 0075 | e348 8be8 | e98c 0100 | 0044 8b50 

  0x000002b03bd8ec94: ;   {metadata('kotlinx/coroutines/DispatchException')}
  0x000002b03bd8ec94: 0841 81fa | c861 1100 | 75d6 488b | e8e9 7701 | 0000 e9a1 | 0000 004c | 8bc0 e9bc | 0100 0044 
  0x000002b03bd8ecb4: 8b50 08e9 | 9c00 0000 | 448b 5008 | e993 0000 | 00e9 0b01 | 0000 448b | 4008 49bb | 0000 0000 
  0x000002b03bd8ecd4: 0800 0000 | 4d03 d8eb | 2444 8b40 | 0849 bb00 | 0000 0008 | 0000 004d | 03d8 eb11 | 448b 5008 
  0x000002b03bd8ecf4: 49bb 0000 | 0000 0800 | 0000 4d03 | da4d 8b53 

  0x000002b03bd8ed04: ;   {metadata('kotlinx/coroutines/DispatchException')}
  0x000002b03bd8ed04: 4849 bbc8 | 6111 0008 | 0000 004d | 3bd3 7597 | 488b e8e9 | 0101 0000 | 488b e8e9 | b400 0000 
  0x000002b03bd8ed24: 4c8b c0e9 | 4301 0000 | 488b e8e9 | a400 0000 | 488b e8e9 | 9c00 0000 | 488b e8e9 | 9400 0000 
  0x000002b03bd8ed44: 488b e8e9 | 8c00 0000 | 488b e8e9 | 8400 0000 | 448b 5008 | 49bb 0000 | 0000 0800 | 0000 4d03 
  0x000002b03bd8ed64: da4d 8b53 

  0x000002b03bd8ed68: ;   {metadata('kotlinx/coroutines/DispatchException')}
  0x000002b03bd8ed68: 4849 bbc8 | 6111 0008 | 0000 004d | 3bd3 75ac | 488b e8e9 | 9d00 0000 | 4c8b c0e9 | e700 0000 
  0x000002b03bd8ed88: eb4b 448b 

  0x000002b03bd8ed8c: ;   {metadata('kotlinx/coroutines/DispatchException')}
  0x000002b03bd8ed8c: 5808 4181 | fbc8 6111 | 0075 e948 | 8be8 e97e | 0000 0044 

  0x000002b03bd8eda0: ;   {metadata('kotlinx/coroutines/DispatchException')}
  0x000002b03bd8eda0: 8b58 0841 | 81fb c861 | 1100 0f85 | d500 0000 | 488b e8eb | 6848 8be8 | eb1e 488b | e8eb 1948 
  0x000002b03bd8edc0: 8be8 eb14 | 488b e8eb | 0f48 8be8 | eb0a 488b | e8eb 05eb | 0048 8be8 | 4c8b 5424 | 284d 85d2 
  0x000002b03bd8ede0: 7416 498b 

  0x000002b03bd8ede4: ;   {optimized virtual_call}
  0x000002b03bd8ede4: d266 90e8 

  0x000002b03bd8ede8: ; ImmutableOopMap {rbp=Oop [0]=Oop [16]=Oop [32]=Oop }
                      ;*invokevirtual clearThreadContext {reexecute=0 rethrow=0 return_oop=0}
                      ; - kotlinx.coroutines.DispatchedTask::run@357 (line 236)
  0x000002b03bd8ede8: 94fc 48ff 

  0x000002b03bd8edec: ;   {other}
  0x000002b03bd8edec: 0f1f 8400 | dc0d 002b | 85c0 7418 | 488b 5424 | 104c 8b44 

  0x000002b03bd8ee00: ;   {static_call}
  0x000002b03bd8ee00: 2420 90e8 

  0x000002b03bd8ee04: ; ImmutableOopMap {rbp=Oop [0]=Oop }
                      ;*invokestatic restoreThreadContext {reexecute=0 rethrow=0 return_oop=0}
                      ; - kotlinx.coroutines.DispatchedTask::run@367 (line 237)
  0x000002b03bd8ee04: 7802 49ff 

  0x000002b03bd8ee08: ;   {other}
  0x000002b03bd8ee08: 0f1f 8400 | f80d 002c | 448b 5508 

  0x000002b03bd8ee14: ;   {metadata('kotlinx/coroutines/DispatchException')}
  0x000002b03bd8ee14: 4181 fac8 | 6111 0075 | 4f48 8b14 | 2448 b8ff | ffff ffff 

  0x000002b03bd8ee28: ;   {virtual_call}
  0x000002b03bd8ee28: ffff ffe8 

  0x000002b03bd8ee2c: ; ImmutableOopMap {rbp=Oop }
                      ;*invokevirtual getDelegate$kotlinx_coroutines_core {reexecute=0 rethrow=0 return_oop=1}
                      ; - kotlinx.coroutines.DispatchedTask::run@375 (line 105)
  0x000002b03bd8ee2c: 50ff 48ff 

  0x000002b03bd8ee30: ;   {other}
  0x000002b03bd8ee30: 0f1f 8400 | 200e 002d | 488b d066 | 9048 b8ff | ffff ffff 

  0x000002b03bd8ee44: ;   {virtual_call}
  0x000002b03bd8ee44: ffff ffe8 

  0x000002b03bd8ee48: ; ImmutableOopMap {rbp=Oop }
                      ;*invokeinterface getContext {reexecute=0 rethrow=0 return_oop=1}
                      ; - kotlinx.coroutines.DispatchedTask::run@378 (line 105)
  0x000002b03bd8ee48: 34ff 48ff 

  0x000002b03bd8ee4c: ;   {other}
  0x000002b03bd8ee4c: 0f1f 8400 | 3c0e 002e | baad ffff | ff48 8904 

  0x000002b03bd8ee5c: ;   {runtime_call UncommonTrapBlob}
  0x000002b03bd8ee5c: 2466 90e8 

  0x000002b03bd8ee60: ; ImmutableOopMap {rbp=Oop [0]=Oop }
                      ;*invokevirtual getCause {reexecute=0 rethrow=0 return_oop=0}
                      ; - kotlinx.coroutines.DispatchedTask::run@384 (line 105)
  0x000002b03bd8ee60: 1c55 49ff 

  0x000002b03bd8ee64: ;   {other}
  0x000002b03bd8ee64: 0f1f 8400 | 540e 002f | 4c8b c548 

  0x000002b03bd8ee70: ;   {optimized virtual_call}
  0x000002b03bd8ee70: 8b14 24e8 

  0x000002b03bd8ee74: ; ImmutableOopMap {}
                      ;*invokevirtual handleFatalException$kotlinx_coroutines_core {reexecute=0 rethrow=0 return_oop=0}
                      ; - kotlinx.coroutines.DispatchedTask::run@396 (line 107)
  0x000002b03bd8ee74: 08fc 48ff 

  0x000002b03bd8ee78: ;   {other}
  0x000002b03bd8ee78: 0f1f 8400 | 680e 0030 | e9bd f7ff | ff4c 8bc0 

  0x000002b03bd8ee88: ;   {internal_word}
  0x000002b03bd8ee88: ebe5 49ba | 47e6 d83b | b002 0000 | 4d89 9768 

  0x000002b03bd8ee98: ;   {runtime_call SafepointBlob}
  0x000002b03bd8ee98: 0400 00e9 | e065 49ff 

  0x000002b03bd8eea0: ;   {runtime_call StubRoutines (final stubs)}
  0x000002b03bd8eea0: e83b c447 | ffe9 f0f4 | ffff f4f4 | f4f4 f4f4 
[Stub Code]
  0x000002b03bd8eeb0: ;   {no_reloc}
  0x000002b03bd8eeb0: 48bb f099 | ab4b b002 

  0x000002b03bd8eeb8: ;   {runtime_call I2C/C2I adapters}
  0x000002b03bd8eeb8: 0000 e9ac 

  0x000002b03bd8eebc: ;   {static_stub}
  0x000002b03bd8eebc: bf48 ff48 | bb00 0000 | 0000 0000 

  0x000002b03bd8eec8: ;   {runtime_call nmethod}
  0x000002b03bd8eec8: 00e9 fbff 

  0x000002b03bd8eecc: ;   {static_stub}
  0x000002b03bd8eecc: ffff 48bb | 0000 0000 | 0000 0000 

  0x000002b03bd8eed8: ;   {runtime_call nmethod}
  0x000002b03bd8eed8: e9fb ffff 

  0x000002b03bd8eedc: ;   {static_stub}
  0x000002b03bd8eedc: ff48 bb00 | 0000 0000 

  0x000002b03bd8eee4: ;   {runtime_call nmethod}
  0x000002b03bd8eee4: 0000 00e9 | fbff ffff 

  0x000002b03bd8eeec: ;   {static_stub}
  0x000002b03bd8eeec: 48bb 4072 | f54e b002 

  0x000002b03bd8eef4: ;   {runtime_call I2C/C2I adapters}
  0x000002b03bd8eef4: 0000 e9ec 

  0x000002b03bd8eef8: ;   {static_stub}
  0x000002b03bd8eef8: 5049 ff48 | bb00 0000 | 0000 0000 

  0x000002b03bd8ef04: ;   {runtime_call nmethod}
  0x000002b03bd8ef04: 00e9 fbff 

  0x000002b03bd8ef08: ;   {static_stub}
  0x000002b03bd8ef08: ffff 48bb | 8076 f54e | b002 0000 

  0x000002b03bd8ef14: ;   {runtime_call I2C/C2I adapters}
  0x000002b03bd8ef14: e952 bf48 

  0x000002b03bd8ef18: ;   {static_stub}
  0x000002b03bd8ef18: ff48 bb00 | 0000 0000 

  0x000002b03bd8ef20: ;   {runtime_call nmethod}
  0x000002b03bd8ef20: 0000 00e9 | fbff ffff 

  0x000002b03bd8ef28: ;   {static_stub}
  0x000002b03bd8ef28: 48bb 0000 | 0000 0000 

  0x000002b03bd8ef30: ;   {runtime_call nmethod}
  0x000002b03bd8ef30: 0000 e9fb 

  0x000002b03bd8ef34: ;   {static_stub}
  0x000002b03bd8ef34: ffff ff48 | bb68 23aa | 4bb0 0200 

  0x000002b03bd8ef40: ;   {runtime_call I2C/C2I adapters}
  0x000002b03bd8ef40: 00e9 1d45 

  0x000002b03bd8ef44: ;   {static_stub}
  0x000002b03bd8ef44: 49ff 48bb | f870 094c | b002 0000 

  0x000002b03bd8ef50: ;   {runtime_call I2C/C2I adapters}
  0x000002b03bd8ef50: e916 bf48 

  0x000002b03bd8ef54: ;   {static_stub}
  0x000002b03bd8ef54: ff48 bb78 | 980c 4cb0 

  0x000002b03bd8ef5c: ;   {runtime_call I2C/C2I adapters}
  0x000002b03bd8ef5c: 0200 00e9 | ff44 49ff 
[Exception Handler]
  0x000002b03bd8ef64: ;   {runtime_call ExceptionBlob}
  0x000002b03bd8ef64: e997 dc54 | ffe8 0000 | 0000 4883 

  0x000002b03bd8ef70: ;   {runtime_call DeoptimizationBlob}
  0x000002b03bd8ef70: 2c24 05e9 | a857 49ff 
[/MachCode]


Compiled method (c1) 165802 6494   !   3       kotlinx.coroutines.scheduling.CoroutineScheduler::runSafely (73 bytes)
 total in heap  [0x000002b034115290,0x000002b034116900] = 5744
 relocation     [0x000002b0341153f0,0x000002b034115540] = 336
 main code      [0x000002b034115540,0x000002b034116360] = 3616
 stub code      [0x000002b034116360,0x000002b0341163f8] = 152
 oops           [0x000002b0341163f8,0x000002b034116400] = 8
 metadata       [0x000002b034116400,0x000002b034116450] = 80
 scopes data    [0x000002b034116450,0x000002b0341165f8] = 424
 scopes pcs     [0x000002b0341165f8,0x000002b0341167a8] = 432
 dependencies   [0x000002b0341167a8,0x000002b0341167c8] = 32
 handler table  [0x000002b0341167c8,0x000002b0341168d0] = 264
 nul chk table  [0x000002b0341168d0,0x000002b034116900] = 48

[Constant Pool (empty)]

[MachCode]
[Entry Point]
  # {method} {0x000002b04c0b0658} 'runSafely' '(Lkotlinx/coroutines/scheduling/Task;)V' in 'kotlinx/coroutines/scheduling/CoroutineScheduler'
  # this:     rdx:rdx   = 'kotlinx/coroutines/scheduling/CoroutineScheduler'
  # parm0:    r8:r8     = 'kotlinx/coroutines/scheduling/Task'
  #           [sp+0xa0]  (sp of caller)
  0x000002b034115540: 448b 5208 | 49bb 0000 | 0000 0800 | 0000 4d03 | d34c 3bd0 

  0x000002b034115554: ;   {runtime_call ic_miss_stub}
  0x000002b034115554: 0f85 2692 | 1007 660f | 1f44 0000 
[Verified Entry Point]
  0x000002b034115560: 8984 2400 | 80ff ff55 | 4881 ec90 | 0000 0090 | 4181 7f20 | 1400 0000 

  0x000002b034115578: ;   {runtime_call StubRoutines (final stubs)}
  0x000002b034115578: 7405 e861 

  0x000002b03411557c: ;   {metadata(method data for {method} {0x000002b04c0b0658} 'runSafely' '(Lkotlinx/coroutines/scheduling/Task;)V' in 'kotlinx/coroutines/scheduling/CoroutineScheduler')}
  0x000002b03411557c: 5d0f 0748 | be40 0eaf | 4eb0 0200 | 008b becc | 0000 0083 | c702 89be | cc00 0000 | 81e7 fe07 
  0x000002b03411559c: 0000 85ff | 0f84 380b | 0000 493b | 0049 8bd0 

  0x000002b0341155ac: ;   {metadata(method data for {method} {0x000002b04c0b0658} 'runSafely' '(Lkotlinx/coroutines/scheduling/Task;)V' in 'kotlinx/coroutines/scheduling/CoroutineScheduler')}
  0x000002b0341155ac: 48be 400e | af4e b002 | 0000 8b52 | 0849 ba00 | 0000 0008 | 0000 0049 | 03d2 483b | 9620 0100 
  0x000002b0341155cc: 0075 0d48 | 8386 2801 | 0000 01e9 | 6000 0000 | 483b 9630 | 0100 0075 | 0d48 8386 | 3801 0000 
  0x000002b0341155ec: 01e9 4a00 | 0000 4883 | be20 0100 | 0000 7517 | 4889 9620 | 0100 0048 | c786 2801 | 0000 0100 
  0x000002b03411560c: 0000 e929 | 0000 0048 | 83be 3001 | 0000 0075 | 1748 8996 | 3001 0000 | 48c7 8638 | 0100 0001 
  0x000002b03411562c: 0000 00e9 | 0800 0000 | 4883 8610 | 0100 0001 | 498b d066 | 0f1f 4400 | 0048 b8ff | ffff ffff 
  0x000002b03411564c: ;   {virtual_call}
  0x000002b03411564c: ffff ffe8 

  0x000002b034115650: ; ImmutableOopMap {}
                      ;*invokevirtual run {reexecute=0 rethrow=0 return_oop=0}
                      ; - kotlinx.coroutines.scheduling.CoroutineScheduler::runSafely@2 (line 586)
  0x000002b034115650: 3cf7 1c07 

  0x000002b034115654: ;   {other}
  0x000002b034115654: 0f1f 8400 | c403 0000 

  0x000002b03411565c: ;   {metadata(method data for {method} {0x000002b04c0b0658} 'runSafely' '(Lkotlinx/coroutines/scheduling/Task;)V' in 'kotlinx/coroutines/scheduling/CoroutineScheduler')}
  0x000002b03411565c: 48ba 400e | af4e b002 | 0000 4883 | 8248 0100 

  0x000002b03411566c: ;   {metadata(method data for {method} {0x000002b04c0df7b8} 'access$getTimeSource$p' '()Lkotlinx/coroutines/AbstractTimeSource;' in 'kotlinx/coroutines/AbstractTimeSourceKt')}
  0x000002b03411566c: 0001 48ba | 28e9 e84e | b002 0000 | 8bb2 cc00 | 0000 83c6 | 0289 b2cc | 0000 0081 | e6fe ff1f 
  0x000002b03411568c: 0085 f60f | 846f 0a00 

  0x000002b034115694: ;   {oop(a 'java/lang/Class'{0x000000070d632728} = 'kotlinx/coroutines/AbstractTimeSourceKt')}
  0x000002b034115694: 0048 ba28 | 2763 0d07 | 0000 008b | 5270 48c1 | e203 4885 

  0x000002b0341156a8: ;   {metadata(method data for {method} {0x000002b04c0b0658} 'runSafely' '(Lkotlinx/coroutines/scheduling/Task;)V' in 'kotlinx/coroutines/scheduling/CoroutineScheduler')}
  0x000002b0341156a8: d248 be40 | 0eaf 4eb0 | 0200 0048 | c7c7 5801 | 0000 7407 | 48c7 c768 | 0100 0048 | 8b1c 3e48 
  0x000002b0341156c8: 8d5b 0148 | 891c 3e0f | 84ab 0900 | 0048 b8ff | ffff ffff 

  0x000002b0341156dc: ;   {virtual_call}
  0x000002b0341156dc: ffff ffe8 

  0x000002b0341156e0: ; ImmutableOopMap {}
                      ;*invokevirtual unTrackTask {reexecute=0 rethrow=0 return_oop=0}
                      ; - kotlinx.coroutines.scheduling.CoroutineScheduler::runSafely@12 (line 591)
  0x000002b0341156e0: 9c96 1007 

  0x000002b0341156e4: ;   {other}
  0x000002b0341156e4: 0f1f 8400 | 5404 0001 

  0x000002b0341156ec: ;   {metadata(method data for {method} {0x000002b04c0b0658} 'runSafely' '(Lkotlinx/coroutines/scheduling/Task;)V' in 'kotlinx/coroutines/scheduling/CoroutineScheduler')}
  0x000002b0341156ec: 48b8 400e | af4e b002 | 0000 ff80 | b001 0000 | e97f 0900 | 0049 8b87 | 0005 0000 | 4d33 d24d 
  0x000002b03411570c: 8997 0005 | 0000 4d33 | d24d 8997 | 0805 0000 

  0x000002b03411571c: ;   {metadata(method data for {method} {0x000002b04c0b0658} 'runSafely' '(Lkotlinx/coroutines/scheduling/Task;)V' in 'kotlinx/coroutines/scheduling/CoroutineScheduler')}
  0x000002b03411571c: 48ba 400e | af4e b002 | 0000 4883 | 82e0 0100 | 0001 498b | 9788 0300 | 0048 8b32 | 4889 7424 
  0x000002b03411573c: 6848 3b06 

  0x000002b034115740: ;   {metadata(method data for {method} {0x000002b04c0b0658} 'runSafely' '(Lkotlinx/coroutines/scheduling/Task;)V' in 'kotlinx/coroutines/scheduling/CoroutineScheduler')}
  0x000002b034115740: 488b d648 | bf40 0eaf | 4eb0 0200 | 008b 5208 | 49ba 0000 | 0000 0800 | 0000 4903 | d248 3b97 
  0x000002b034115760: 0002 0000 | 750d 4883 | 8708 0200 | 0001 e960 | 0000 0048 | 3b97 1002 | 0000 750d | 4883 8718 
  0x000002b034115780: 0200 0001 | e94a 0000 | 0048 83bf | 0002 0000 | 0075 1748 | 8997 0002 | 0000 48c7 | 8708 0200 
  0x000002b0341157a0: 0001 0000 | 00e9 2900 | 0000 4883 | bf10 0200 | 0000 7517 | 4889 9710 | 0200 0048 | c787 1802 
  0x000002b0341157c0: 0000 0100 | 0000 e908 | 0000 0048 | 8387 f001 

  0x000002b0341157d0: ;   {metadata(method data for {method} {0x000002b04b04d4d0} 'getUncaughtExceptionHandler' '()Ljava/lang/Thread$UncaughtExceptionHandler;' in 'java/lang/Thread')}
  0x000002b0341157d0: 0000 0148 | ba50 5abd | 4eb0 0200 | 008b bacc | 0000 0083 | c702 89ba | cc00 0000 | 81e7 feff 
  0x000002b0341157f0: 1f00 85ff | 0f84 3009 | 0000 488b 

  0x000002b0341157fc: ;   {metadata(method data for {method} {0x000002b04b04d4d0} 'getUncaughtExceptionHandler' '()Ljava/lang/Thread$UncaughtExceptionHandler;' in 'java/lang/Thread')}
  0x000002b0341157fc: d648 bf50 | 5abd 4eb0 | 0200 008b | 5208 49ba | 0000 0000 | 0800 0000 | 4903 d248 | 3b97 2001 
  0x000002b03411581c: 0000 750d | 4883 8728 | 0100 0001 | e960 0000 | 0048 3b97 | 3001 0000 | 750d 4883 | 8738 0100 
  0x000002b03411583c: 0001 e94a | 0000 0048 | 83bf 2001 | 0000 0075 | 1748 8997 | 2001 0000 | 48c7 8728 | 0100 0001 
  0x000002b03411585c: 0000 00e9 | 2900 0000 | 4883 bf30 | 0100 0000 | 7517 4889 | 9730 0100 | 0048 c787 | 3801 0000 
  0x000002b03411587c: 0100 0000 | e908 0000 | 0048 8387 | 1001 0000 

  0x000002b03411588c: ;   {metadata(method data for {method} {0x000002b04b04d270} 'isTerminated' '()Z' in 'java/lang/Thread')}
  0x000002b03411588c: 0148 ba68 | 5cbd 4eb0 | 0200 008b | bacc 0000 | 0083 c702 | 89ba cc00 | 0000 81e7 | feff 1f00 
  0x000002b0341158ac: 85ff 0f84 | 9708 0000 

  0x000002b0341158b4: ;   {metadata(method data for {method} {0x000002b04b04d270} 'isTerminated' '()Z' in 'java/lang/Thread')}
  0x000002b0341158b4: 488b d648 | bf68 5cbd | 4eb0 0200 | 008b 5208 | 49ba 0000 | 0000 0800 | 0000 4903 | d248 3b97 
  0x000002b0341158d4: 2001 0000 | 750d 4883 | 8728 0100 | 0001 e960 | 0000 0048 | 3b97 3001 | 0000 750d | 4883 8738 
  0x000002b0341158f4: 0100 0001 | e94a 0000 | 0048 83bf | 2001 0000 | 0075 1748 | 8997 2001 | 0000 48c7 | 8728 0100 
  0x000002b034115914: 0001 0000 | 00e9 2900 | 0000 4883 | bf30 0100 | 0000 7517 | 4889 9730 | 0100 0048 | c787 3801 
  0x000002b034115934: 0000 0100 | 0000 e908 | 0000 0048 | 8387 1001 

  0x000002b034115944: ;   {metadata(method data for {method} {0x000002b04b04d1b8} 'threadState' '()Ljava/lang/Thread$State;' in 'java/lang/Thread')}
  0x000002b034115944: 0000 0148 | ba28 5ebd | 4eb0 0200 | 008b bacc | 0000 0083 | c702 89ba | cc00 0000 | 81e7 feff 
  0x000002b034115964: 1f00 85ff | 0f84 fe07 | 0000 8b56 | 4848 c1e2 | 038b 5218 

  0x000002b034115978: ;   {metadata(method data for {method} {0x000002b04b04d1b8} 'threadState' '()Ljava/lang/Thread$State;' in 'java/lang/Thread')}
  0x000002b034115978: 48bf 285e | bd4e b002 | 0000 4883 | 8710 0100 | 0001 4889 

  0x000002b03411598c: ;   {static_call}
  0x000002b03411598c: 4424 70e8 

  0x000002b034115990: ; ImmutableOopMap {[104]=Oop [112]=Oop }
                      ;*invokestatic toThreadState {reexecute=0 rethrow=0 return_oop=0}
                      ; - java.lang.Thread::threadState@7
                      ; - java.lang.Thread::isTerminated@1
                      ; - java.lang.Thread::getUncaughtExceptionHandler@1
                      ; - kotlinx.coroutines.scheduling.CoroutineScheduler::runSafely@28 (line 589)
  0x000002b034115990: ec96 1007 

  0x000002b034115994: ;   {other}
  0x000002b034115994: 0f1f 8400 | 0407 0002 

  0x000002b03411599c: ;   {oop(a 'java/lang/Thread$State'{0x000000070b20d700})}
  0x000002b03411599c: 48ba 00d7 | 200b 0700 | 0000 483b 

  0x000002b0341159a8: ;   {metadata(method data for {method} {0x000002b04b04d270} 'isTerminated' '()Z' in 'java/lang/Thread')}
  0x000002b0341159a8: c248 ba68 | 5cbd 4eb0 | 0200 0048 | c7c6 4801 | 0000 7507 | 48c7 c658 | 0100 0048 | 8b3c 3248 
  0x000002b0341159c8: 8d7f 0148 | 893c 320f | 851a 0000 

  0x000002b0341159d4: ;   {metadata(method data for {method} {0x000002b04b04d270} 'isTerminated' '()Z' in 'java/lang/Thread')}
  0x000002b0341159d4: 0048 ba68 | 5cbd 4eb0 | 0200 00ff | 8268 0100 | 00ba 0100 | 0000 e905 | 0000 00ba | 0000 0000 
  0x000002b0341159f4: 83e2 0185 

  0x000002b0341159f8: ;   {metadata(method data for {method} {0x000002b04b04d4d0} 'getUncaughtExceptionHandler' '()Ljava/lang/Thread$UncaughtExceptionHandler;' in 'java/lang/Thread')}
  0x000002b0341159f8: d248 ba50 | 5abd 4eb0 | 0200 0048 | c7c6 4801 | 0000 7407 | 48c7 c658 | 0100 0048 | 8b3c 3248 
  0x000002b034115a18: 8d7f 0148 | 893c 320f | 8414 0000 

  0x000002b034115a24: ;   {oop(nullptr)}
  0x000002b034115a24: 0048 be00 | 0000 0000 | 0000 004c | 8b44 2468 | e9bc 0400 | 0048 8b74 | 2468 8b56 | 6848 c1e2 
  0x000002b034115a44: 0348 85d2 

  0x000002b034115a48: ;   {metadata(method data for {method} {0x000002b04b04d4d0} 'getUncaughtExceptionHandler' '()Ljava/lang/Thread$UncaughtExceptionHandler;' in 'java/lang/Thread')}
  0x000002b034115a48: 48bf 505a | bd4e b002 | 0000 48c7 | c368 0100 | 0074 0748 | c7c3 7801 | 0000 488b | 041f 488d 
  0x000002b034115a68: 4001 4889 | 041f 0f84 | 1800 0000 

  0x000002b034115a74: ;   {metadata(method data for {method} {0x000002b04b04d4d0} 'getUncaughtExceptionHandler' '()Ljava/lang/Thread$UncaughtExceptionHandler;' in 'java/lang/Thread')}
  0x000002b034115a74: 48bf 505a | bd4e b002 | 0000 ff87 | 8801 0000 | 4c8b c6e9 | 6604 0000 

  0x000002b034115a8c: ;   {metadata(method data for {method} {0x000002b04b04d4d0} 'getUncaughtExceptionHandler' '()Ljava/lang/Thread$UncaughtExceptionHandler;' in 'java/lang/Thread')}
  0x000002b034115a8c: 488b d648 | bf50 5abd | 4eb0 0200 | 0048 8387 | a001 0000 

  0x000002b034115aa0: ;   {metadata(method data for {method} {0x000002b04b04b890} 'getThreadGroup' '()Ljava/lang/ThreadGroup;' in 'java/lang/Thread')}
  0x000002b034115aa0: 0148 ba88 | 61bd 4eb0 | 0200 008b | bacc 0000 | 0083 c702 | 89ba cc00 | 0000 81e7 | feff 1f00 
  0x000002b034115ac0: 85ff 0f84 | ca06 0000 

  0x000002b034115ac8: ;   {metadata(method data for {method} {0x000002b04b04b890} 'getThreadGroup' '()Ljava/lang/ThreadGroup;' in 'java/lang/Thread')}
  0x000002b034115ac8: 488b d648 | bf88 61bd | 4eb0 0200 | 008b 5208 | 49ba 0000 | 0000 0800 | 0000 4903 | d248 3b97 
  0x000002b034115ae8: 2001 0000 | 750d 4883 | 8728 0100 | 0001 e960 | 0000 0048 | 3b97 3001 | 0000 750d | 4883 8738 
  0x000002b034115b08: 0100 0001 | e94a 0000 | 0048 83bf | 2001 0000 | 0075 1748 | 8997 2001 | 0000 48c7 | 8728 0100 
  0x000002b034115b28: 0001 0000 | 00e9 2900 | 0000 4883 | bf30 0100 | 0000 7517 | 4889 9730 | 0100 0048 | c787 3801 
  0x000002b034115b48: 0000 0100 | 0000 e908 | 0000 0048 | 8387 1001 

  0x000002b034115b58: ;   {metadata(method data for {method} {0x000002b04b04d270} 'isTerminated' '()Z' in 'java/lang/Thread')}
  0x000002b034115b58: 0000 0148 | ba68 5cbd | 4eb0 0200 | 008b bacc | 0000 0083 | c702 89ba | cc00 0000 | 81e7 feff 
  0x000002b034115b78: 1f00 85ff | 0f84 3106 | 0000 488b 

  0x000002b034115b84: ;   {metadata(method data for {method} {0x000002b04b04d270} 'isTerminated' '()Z' in 'java/lang/Thread')}
  0x000002b034115b84: d648 bf68 | 5cbd 4eb0 | 0200 008b | 5208 49ba | 0000 0000 | 0800 0000 | 4903 d248 | 3b97 2001 
  0x000002b034115ba4: 0000 750d | 4883 8728 | 0100 0001 | e960 0000 | 0048 3b97 | 3001 0000 | 750d 4883 | 8738 0100 
  0x000002b034115bc4: 0001 e94a | 0000 0048 | 83bf 2001 | 0000 0075 | 1748 8997 | 2001 0000 | 48c7 8728 | 0100 0001 
  0x000002b034115be4: 0000 00e9 | 2900 0000 | 4883 bf30 | 0100 0000 | 7517 4889 | 9730 0100 | 0048 c787 | 3801 0000 
  0x000002b034115c04: 0100 0000 | e908 0000 | 0048 8387 | 1001 0000 

  0x000002b034115c14: ;   {metadata(method data for {method} {0x000002b04b04d1b8} 'threadState' '()Ljava/lang/Thread$State;' in 'java/lang/Thread')}
  0x000002b034115c14: 0148 ba28 | 5ebd 4eb0 | 0200 008b | bacc 0000 | 0083 c702 | 89ba cc00 | 0000 81e7 | feff 1f00 
  0x000002b034115c34: 85ff 0f84 | 9805 0000 | 8b56 4848 | c1e2 038b 

  0x000002b034115c44: ;   {metadata(method data for {method} {0x000002b04b04d1b8} 'threadState' '()Ljava/lang/Thread$State;' in 'java/lang/Thread')}
  0x000002b034115c44: 5218 48bf | 285e bd4e | b002 0000 | 4883 8710 | 0100 0001 | 0f1f 8000 

  0x000002b034115c5c: ;   {static_call}
  0x000002b034115c5c: 0000 00e8 

  0x000002b034115c60: ; ImmutableOopMap {[104]=Oop [112]=Oop }
                      ;*invokestatic toThreadState {reexecute=0 rethrow=0 return_oop=0}
                      ; - java.lang.Thread::threadState@7
                      ; - java.lang.Thread::isTerminated@1
                      ; - java.lang.Thread::getThreadGroup@1
                      ; - java.lang.Thread::getUncaughtExceptionHandler@23
                      ; - kotlinx.coroutines.scheduling.CoroutineScheduler::runSafely@28 (line 589)
  0x000002b034115c60: 1c94 1007 

  0x000002b034115c64: ;   {other}
  0x000002b034115c64: 0f1f 8400 | d409 0003 

  0x000002b034115c6c: ;   {oop(a 'java/lang/Thread$State'{0x000000070b20d700})}
  0x000002b034115c6c: 49b8 00d7 | 200b 0700 | 0000 493b 

  0x000002b034115c78: ;   {metadata(method data for {method} {0x000002b04b04d270} 'isTerminated' '()Z' in 'java/lang/Thread')}
  0x000002b034115c78: c049 b868 | 5cbd 4eb0 | 0200 0049 | c7c1 4801 | 0000 7507 | 49c7 c158 | 0100 004b | 8b14 0848 
  0x000002b034115c98: 8d52 014b | 8914 080f | 851c 0000 

  0x000002b034115ca4: ;   {metadata(method data for {method} {0x000002b04b04d270} 'isTerminated' '()Z' in 'java/lang/Thread')}
  0x000002b034115ca4: 0049 b868 | 5cbd 4eb0 | 0200 0041 | ff80 6801 | 0000 41b8 | 0100 0000 | e906 0000 | 0041 b800 
  0x000002b034115cc4: 0000 0041 | 83e0 0145 

  0x000002b034115ccc: ;   {metadata(method data for {method} {0x000002b04b04b890} 'getThreadGroup' '()Ljava/lang/ThreadGroup;' in 'java/lang/Thread')}
  0x000002b034115ccc: 85c0 49b8 | 8861 bd4e | b002 0000 | 49c7 c148 | 0100 0074 | 0749 c7c1 | 5801 0000 | 4b8b 1408 
  0x000002b034115cec: 488d 5201 | 4b89 1408 | 0f84 1400 

  0x000002b034115cf8: ;   {oop(nullptr)}
  0x000002b034115cf8: 0000 48ba | 0000 0000 | 0000 0000 | 4c8b 4424 | 68e9 e401 | 0000 4c8b | 4424 6849 

  0x000002b034115d14: ;   {metadata(method data for {method} {0x000002b04b04b890} 'getThreadGroup' '()Ljava/lang/ThreadGroup;' in 'java/lang/Thread')}
  0x000002b034115d14: 8bf0 49b9 | 8861 bd4e | b002 0000 | 4983 8168 | 0100 0001 

  0x000002b034115d28: ;   {metadata(method data for {method} {0x000002b04b04a400} 'isVirtual' '()Z' in 'java/lang/Thread')}
  0x000002b034115d28: 49b9 b85c | d54b b002 | 0000 418b | 91cc 0000 | 0083 c202 | 4189 91cc | 0000 0081 | e2fe ff1f 
  0x000002b034115d48: 0085 d20f | 84a9 0400 | 004d 85c0 

  0x000002b034115d54: ;   {metadata(method data for {method} {0x000002b04b04a400} 'isVirtual' '()Z' in 'java/lang/Thread')}
  0x000002b034115d54: 7516 48be | b85c d54b | b002 0000 | 808e 0901 | 0000 01e9 | cf00 0000 

  0x000002b034115d6c: ;   {metadata('java/lang/BaseVirtualThread')}
  0x000002b034115d6c: 48bf 808c | 0400 0800 | 0000 418b | 7008 49ba | 0000 0000 | 0800 0000 | 4903 f248 | 3b7e 400f 
  0x000002b034115d8c: 858e 0000 

  0x000002b034115d90: ;   {metadata(method data for {method} {0x000002b04b04a400} 'isVirtual' '()Z' in 'java/lang/Thread')}
  0x000002b034115d90: 0048 beb8 | 5cd5 4bb0 | 0200 0041 | 8b78 0849 | ba00 0000 | 0008 0000 | 0049 03fa | 483b be20 
  0x000002b034115db0: 0100 0075 | 0d48 8386 | 2801 0000 | 01e9 7e00 | 0000 483b | be30 0100 | 0075 0d48 | 8386 3801 
  0x000002b034115dd0: 0000 01e9 | 6800 0000 | 4883 be20 | 0100 0000 | 7517 4889 | be20 0100 | 0048 c786 | 2801 0000 
  0x000002b034115df0: 0100 0000 | e947 0000 | 0048 83be | 3001 0000 | 0075 1748 | 89be 3001 | 0000 48c7 | 8638 0100 
  0x000002b034115e10: 0001 0000 | 00e9 2600 | 0000 e921 

  0x000002b034115e1c: ;   {metadata(method data for {method} {0x000002b04b04a400} 'isVirtual' '()Z' in 'java/lang/Thread')}
  0x000002b034115e1c: 0000 0048 | beb8 5cd5 | 4bb0 0200 | 0048 83ae | 1001 0000 | 01e9 0500 | 0000 e905 | 0000 004d 
  0x000002b034115e3c: 33c9 eb07 | 49c7 c101 | 0000 0041 | 83e1 0145 

  0x000002b034115e4c: ;   {metadata(method data for {method} {0x000002b04b04b890} 'getThreadGroup' '()Ljava/lang/ThreadGroup;' in 'java/lang/Thread')}
  0x000002b034115e4c: 85c9 49b9 | 8861 bd4e | b002 0000 | 48c7 c2a0 | 0100 0074 | 0748 c7c2 | b001 0000 | 498b 3411 
  0x000002b034115e6c: 488d 7601 | 4989 3411 | 0f84 6500 

  0x000002b034115e78: ;   {metadata(method data for {method} {0x000002b04b04b890} 'getThreadGroup' '()Ljava/lang/ThreadGroup;' in 'java/lang/Thread')}
  0x000002b034115e78: 0000 49b9 | 8861 bd4e | b002 0000 | 4983 81c0 | 0100 0001 

  0x000002b034115e8c: ;   {metadata(method data for {method} {0x000002b04b04d7b8} 'virtualThreadGroup' '()Ljava/lang/ThreadGroup;' in 'java/lang/Thread')}
  0x000002b034115e8c: 49b9 b063 | bd4e b002 | 0000 418b | 91cc 0000 | 0083 c202 | 4189 91cc | 0000 0081 | e2fe ff1f 
  0x000002b034115eac: 0085 d20f | 8466 0300 | 0066 6690 

  0x000002b034115eb8: ;   {no_reloc}
  0x000002b034115eb8: e9f7 0300 | 0000 0000 | 0000 458b | 4970 49c1 

  0x000002b034115ec8: ;   {metadata(method data for {method} {0x000002b04b04b890} 'getThreadGroup' '()Ljava/lang/ThreadGroup;' in 'java/lang/Thread')}
  0x000002b034115ec8: e103 48ba | 8861 bd4e | b002 0000 | ff82 d001 | 0000 e910 | 0000 0045 | 8b48 4849 | c1e1 0345 
  0x000002b034115ee8: 8b49 2049 | c1e1 0349 | 8bd1 488b | f248 8b44 | 2470 4c8b | c848 8bd6 | 0f1f 4400 | 0048 b8ff 
  0x000002b034115f08: ffff ffff 

  0x000002b034115f0c: ;   {virtual_call}
  0x000002b034115f0c: ffff ffe8 

  0x000002b034115f10: ; ImmutableOopMap {}
                      ;*invokeinterface uncaughtException {reexecute=0 rethrow=0 return_oop=0}
                      ; - kotlinx.coroutines.scheduling.CoroutineScheduler::runSafely@33 (line 589)
  0x000002b034115f10: 6c8e 1007 

  0x000002b034115f14: ;   {other}
  0x000002b034115f14: 0f1f 8400 | 840c 0004 

  0x000002b034115f1c: ;   {metadata(method data for {method} {0x000002b04c0b0658} 'runSafely' '(Lkotlinx/coroutines/scheduling/Task;)V' in 'kotlinx/coroutines/scheduling/CoroutineScheduler')}
  0x000002b034115f1c: 48ba 400e | af4e b002 | 0000 4883 | 8260 0200 

  0x000002b034115f2c: ;   {metadata(method data for {method} {0x000002b04c0df7b8} 'access$getTimeSource$p' '()Lkotlinx/coroutines/AbstractTimeSource;' in 'kotlinx/coroutines/AbstractTimeSourceKt')}
  0x000002b034115f2c: 0001 48ba | 28e9 e84e | b002 0000 | 8bb2 cc00 | 0000 83c6 | 0289 b2cc | 0000 0081 | e6fe ff1f 
  0x000002b034115f4c: 0085 f60f | 846e 0300 

  0x000002b034115f54: ;   {oop(a 'java/lang/Class'{0x000000070d632728} = 'kotlinx/coroutines/AbstractTimeSourceKt')}
  0x000002b034115f54: 0048 ba28 | 2763 0d07 | 0000 008b | 5270 48c1 | e203 4885 

  0x000002b034115f68: ;   {metadata(method data for {method} {0x000002b04c0b0658} 'runSafely' '(Lkotlinx/coroutines/scheduling/Task;)V' in 'kotlinx/coroutines/scheduling/CoroutineScheduler')}
  0x000002b034115f68: d248 be40 | 0eaf 4eb0 | 0200 0048 | c7c7 7002 | 0000 7407 | 48c7 c780 | 0200 0048 | 8b1c 3e48 
  0x000002b034115f88: 8d5b 0148 | 891c 3e0f | 84c5 0000 | 0048 b8ff | ffff ffff 

  0x000002b034115f9c: ;   {virtual_call}
  0x000002b034115f9c: ffff ffe8 

  0x000002b034115fa0: ; ImmutableOopMap {}
                      ;*invokevirtual unTrackTask {reexecute=0 rethrow=0 return_oop=0}
                      ; - kotlinx.coroutines.scheduling.CoroutineScheduler::runSafely@45 (line 591)
  0x000002b034115fa0: dc8d 1007 

  0x000002b034115fa4: ;   {other}
  0x000002b034115fa4: 0f1f 8400 | 140d 0005 

  0x000002b034115fac: ;   {metadata(method data for {method} {0x000002b04c0b0658} 'runSafely' '(Lkotlinx/coroutines/scheduling/Task;)V' in 'kotlinx/coroutines/scheduling/CoroutineScheduler')}
  0x000002b034115fac: 48b8 400e | af4e b002 | 0000 ff80 | c802 0000 | e999 0000 | 0049 8b87 | 0005 0000 | 4d33 d24d 
  0x000002b034115fcc: 8997 0005 | 0000 4d33 | d24d 8997 | 0805 0000 

  0x000002b034115fdc: ;   {metadata(method data for {method} {0x000002b04c0b0658} 'runSafely' '(Lkotlinx/coroutines/scheduling/Task;)V' in 'kotlinx/coroutines/scheduling/CoroutineScheduler')}
  0x000002b034115fdc: 48ba 400e | af4e b002 | 0000 4883 | 82f8 0200 

  0x000002b034115fec: ;   {metadata(method data for {method} {0x000002b04c0df7b8} 'access$getTimeSource$p' '()Lkotlinx/coroutines/AbstractTimeSource;' in 'kotlinx/coroutines/AbstractTimeSourceKt')}
  0x000002b034115fec: 0001 48ba | 28e9 e84e | b002 0000 | 8bb2 cc00 | 0000 83c6 | 0289 b2cc | 0000 0081 | e6fe ff1f 
  0x000002b03411600c: 0085 f60f | 84cf 0200 

  0x000002b034116014: ;   {oop(a 'java/lang/Class'{0x000000070d632728} = 'kotlinx/coroutines/AbstractTimeSourceKt')}
  0x000002b034116014: 0048 ba28 | 2763 0d07 | 0000 008b | 5270 48c1 | e203 4885 

  0x000002b034116028: ;   {metadata(method data for {method} {0x000002b04c0b0658} 'runSafely' '(Lkotlinx/coroutines/scheduling/Task;)V' in 'kotlinx/coroutines/scheduling/CoroutineScheduler')}
  0x000002b034116028: d248 be40 | 0eaf 4eb0 | 0200 0048 | c7c7 0803 | 0000 7407 | 48c7 c718 | 0300 0048 | 8b1c 3e48 
  0x000002b034116048: 8d5b 0148 | 891c 3e0f | 8484 0000 | 00e9 4c00 

  0x000002b034116058: ;   {metadata(method data for {method} {0x000002b04c0b0658} 'runSafely' '(Lkotlinx/coroutines/scheduling/Task;)V' in 'kotlinx/coroutines/scheduling/CoroutineScheduler')}
  0x000002b034116058: 0000 48ba | 400e af4e | b002 0000 | ff82 e002 | 0000 4881 | c490 0000 

  0x000002b034116070: ;   {poll_return}
  0x000002b034116070: 005d 493b | a750 0400 | 000f 8786 | 0200 00c3 

  0x000002b034116080: ;   {metadata(method data for {method} {0x000002b04c0b0658} 'runSafely' '(Lkotlinx/coroutines/scheduling/Task;)V' in 'kotlinx/coroutines/scheduling/CoroutineScheduler')}
  0x000002b034116080: 48ba 400e | af4e b002 | 0000 ff82 | c801 0000 | 4881 c490 | 0000 005d 

  0x000002b034116098: ;   {poll_return}
  0x000002b034116098: 493b a750 | 0400 000f | 8776 0200 | 00c3 4889 | 4424 7866 | 9048 b8ff | ffff ffff 

  0x000002b0341160b4: ;   {virtual_call}
  0x000002b0341160b4: ffff ffe8 

  0x000002b0341160b8: ; ImmutableOopMap {[120]=Oop }
                      ;*invokevirtual unTrackTask {reexecute=0 rethrow=0 return_oop=0}
                      ; - kotlinx.coroutines.scheduling.CoroutineScheduler::runSafely@63 (line 591)
  0x000002b0341160b8: c48c 1007 

  0x000002b0341160bc: ;   {other}
  0x000002b0341160bc: 0f1f 8400 | 2c0e 0006 

  0x000002b0341160c4: ;   {metadata(method data for {method} {0x000002b04c0b0658} 'runSafely' '(Lkotlinx/coroutines/scheduling/Task;)V' in 'kotlinx/coroutines/scheduling/CoroutineScheduler')}
  0x000002b0341160c4: 48b8 400e | af4e b002 | 0000 ff80 | 6003 0000 | 488b 4424 | 78e9 7002 

  0x000002b0341160dc: ;   {metadata({method} {0x000002b04c0b0658} 'runSafely' '(Lkotlinx/coroutines/scheduling/Task;)V' in 'kotlinx/coroutines/scheduling/CoroutineScheduler')}
  0x000002b0341160dc: 0000 49ba | 5006 0b4c | b002 0000 | 4c89 5424 | 0848 c704 | 24ff ffff 

  0x000002b0341160f4: ;   {runtime_call counter_overflow Runtime1 stub}
  0x000002b0341160f4: ffe8 8655 

  0x000002b0341160f8: ; ImmutableOopMap {rdx=Oop r8=Oop }
                      ;*synchronization entry
                      ; - kotlinx.coroutines.scheduling.CoroutineScheduler::runSafely@-1 (line 585)
  0x000002b0341160f8: 1c07 e9a7 

  0x000002b0341160fc: ;   {runtime_call throw_null_pointer_exception Runtime1 stub}
  0x000002b0341160fc: f4ff ffe8 

  0x000002b034116100: ; ImmutableOopMap {r8=Oop }
                      ;*invokevirtual run {reexecute=0 rethrow=0 return_oop=0}
                      ; - kotlinx.coroutines.scheduling.CoroutineScheduler::runSafely@2 (line 586)
  0x000002b034116100: 7c04 1c07 

  0x000002b034116104: ;   {metadata({method} {0x000002b04c0df7b8} 'access$getTimeSource$p' '()Lkotlinx/coroutines/AbstractTimeSource;' in 'kotlinx/coroutines/AbstractTimeSourceKt')}
  0x000002b034116104: 49ba b0f7 | 0d4c b002 | 0000 4c89 | 5424 0848 | c704 24ff 

  0x000002b034116118: ;   {runtime_call counter_overflow Runtime1 stub}
  0x000002b034116118: ffff ffe8 

  0x000002b03411611c: ; ImmutableOopMap {}
                      ;*synchronization entry
                      ; - kotlinx.coroutines.AbstractTimeSourceKt::access$getTimeSource$p@-1 (line 1)
                      ; - kotlinx.coroutines.scheduling.CoroutineScheduler::runSafely@5 (line 591)
  0x000002b03411611c: 6055 1c07 | e970 f5ff 

  0x000002b034116124: ;   {runtime_call throw_null_pointer_exception Runtime1 stub}
  0x000002b034116124: ffe8 5604 

  0x000002b034116128: ; ImmutableOopMap {rax=Oop rsi=Oop [104]=Oop }
                      ;*invokevirtual getUncaughtExceptionHandler {reexecute=0 rethrow=0 return_oop=0}
                      ; - kotlinx.coroutines.scheduling.CoroutineScheduler::runSafely@28 (line 589)
                      ;   {metadata({method} {0x000002b04b04d4d0} 'getUncaughtExceptionHandler' '()Ljava/lang/Thread$UncaughtExceptionHandler;' in 'java/lang/Thread')}
  0x000002b034116128: 1c07 49ba | c8d4 044b | b002 0000 | 4c89 5424 | 0848 c704 | 24ff ffff 

  0x000002b034116140: ;   {runtime_call counter_overflow Runtime1 stub}
  0x000002b034116140: ffe8 3a55 

  0x000002b034116144: ; ImmutableOopMap {rax=Oop rsi=Oop [104]=Oop }
                      ;*synchronization entry
                      ; - java.lang.Thread::getUncaughtExceptionHandler@-1
                      ; - kotlinx.coroutines.scheduling.CoroutineScheduler::runSafely@28 (line 589)
  0x000002b034116144: 1c07 e9af 

  0x000002b034116148: ;   {metadata({method} {0x000002b04b04d270} 'isTerminated' '()Z' in 'java/lang/Thread')}
  0x000002b034116148: f6ff ff49 | ba68 d204 | 4bb0 0200 | 004c 8954 | 2408 48c7 | 0424 ffff 

  0x000002b034116160: ;   {runtime_call counter_overflow Runtime1 stub}
  0x000002b034116160: ffff e819 

  0x000002b034116164: ; ImmutableOopMap {rax=Oop rsi=Oop [104]=Oop }
                      ;*synchronization entry
                      ; - java.lang.Thread::isTerminated@-1
                      ; - java.lang.Thread::getUncaughtExceptionHandler@1
                      ; - kotlinx.coroutines.scheduling.CoroutineScheduler::runSafely@28 (line 589)
  0x000002b034116164: 551c 07e9 | 48f7 ffff 

  0x000002b03411616c: ;   {metadata({method} {0x000002b04b04d1b8} 'threadState' '()Ljava/lang/Thread$State;' in 'java/lang/Thread')}
  0x000002b03411616c: 49ba b0d1 | 044b b002 | 0000 4c89 | 5424 0848 | c704 24ff 

  0x000002b034116180: ;   {runtime_call counter_overflow Runtime1 stub}
  0x000002b034116180: ffff ffe8 

  0x000002b034116184: ; ImmutableOopMap {rax=Oop rsi=Oop [104]=Oop }
                      ;*synchronization entry
                      ; - java.lang.Thread::threadState@-1
                      ; - java.lang.Thread::isTerminated@1
                      ; - java.lang.Thread::getUncaughtExceptionHandler@1
                      ; - kotlinx.coroutines.scheduling.CoroutineScheduler::runSafely@28 (line 589)
  0x000002b034116184: f854 1c07 | e9e1 f7ff 

  0x000002b03411618c: ;   {runtime_call throw_null_pointer_exception Runtime1 stub}
  0x000002b03411618c: ffe8 ee03 

  0x000002b034116190: ; ImmutableOopMap {rax=Oop rsi=Oop [104]=Oop }
                      ;*getfield threadStatus {reexecute=1 rethrow=0 return_oop=0}
                      ; - (reexecute) java.lang.Thread::threadState@4
                      ; - java.lang.Thread::isTerminated@1
                      ; - java.lang.Thread::getUncaughtExceptionHandler@1
                      ; - kotlinx.coroutines.scheduling.CoroutineScheduler::runSafely@28 (line 589)
                      ;   {metadata({method} {0x000002b04b04b890} 'getThreadGroup' '()Ljava/lang/ThreadGroup;' in 'java/lang/Thread')}
  0x000002b034116190: 1c07 49ba | 88b8 044b | b002 0000 | 4c89 5424 | 0848 c704 | 24ff ffff 

  0x000002b0341161a8: ;   {runtime_call counter_overflow Runtime1 stub}
  0x000002b0341161a8: ffe8 d254 

  0x000002b0341161ac: ; ImmutableOopMap {rsi=Oop [104]=Oop [112]=Oop }
                      ;*synchronization entry
                      ; - java.lang.Thread::getThreadGroup@-1
                      ; - java.lang.Thread::getUncaughtExceptionHandler@23
                      ; - kotlinx.coroutines.scheduling.CoroutineScheduler::runSafely@28 (line 589)
  0x000002b0341161ac: 1c07 e915 

  0x000002b0341161b0: ;   {metadata({method} {0x000002b04b04d270} 'isTerminated' '()Z' in 'java/lang/Thread')}
  0x000002b0341161b0: f9ff ff49 | ba68 d204 | 4bb0 0200 | 004c 8954 | 2408 48c7 | 0424 ffff 

  0x000002b0341161c8: ;   {runtime_call counter_overflow Runtime1 stub}
  0x000002b0341161c8: ffff e8b1 

  0x000002b0341161cc: ; ImmutableOopMap {rsi=Oop [104]=Oop [112]=Oop }
                      ;*synchronization entry
                      ; - java.lang.Thread::isTerminated@-1
                      ; - java.lang.Thread::getThreadGroup@1
                      ; - java.lang.Thread::getUncaughtExceptionHandler@23
                      ; - kotlinx.coroutines.scheduling.CoroutineScheduler::runSafely@28 (line 589)
  0x000002b0341161cc: 541c 07e9 | aef9 ffff 

  0x000002b0341161d4: ;   {metadata({method} {0x000002b04b04d1b8} 'threadState' '()Ljava/lang/Thread$State;' in 'java/lang/Thread')}
  0x000002b0341161d4: 49ba b0d1 | 044b b002 | 0000 4c89 | 5424 0848 | c704 24ff 

  0x000002b0341161e8: ;   {runtime_call counter_overflow Runtime1 stub}
  0x000002b0341161e8: ffff ffe8 

  0x000002b0341161ec: ; ImmutableOopMap {rsi=Oop [104]=Oop [112]=Oop }
                      ;*synchronization entry
                      ; - java.lang.Thread::threadState@-1
                      ; - java.lang.Thread::isTerminated@1
                      ; - java.lang.Thread::getThreadGroup@1
                      ; - java.lang.Thread::getUncaughtExceptionHandler@23
                      ; - kotlinx.coroutines.scheduling.CoroutineScheduler::runSafely@28 (line 589)
  0x000002b0341161ec: 9054 1c07 | e947 faff 

  0x000002b0341161f4: ;   {runtime_call throw_null_pointer_exception Runtime1 stub}
  0x000002b0341161f4: ffe8 8603 

  0x000002b0341161f8: ; ImmutableOopMap {rsi=Oop [104]=Oop [112]=Oop }
                      ;*getfield threadStatus {reexecute=1 rethrow=0 return_oop=0}
                      ; - (reexecute) java.lang.Thread::threadState@4
                      ; - java.lang.Thread::isTerminated@1
                      ; - java.lang.Thread::getThreadGroup@1
                      ; - java.lang.Thread::getUncaughtExceptionHandler@23
                      ; - kotlinx.coroutines.scheduling.CoroutineScheduler::runSafely@28 (line 589)
                      ;   {metadata({method} {0x000002b04b04a400} 'isVirtual' '()Z' in 'java/lang/Thread')}
  0x000002b0341161f8: 1c07 49ba | f8a3 044b | b002 0000 | 4c89 5424 | 0848 c704 | 24ff ffff 

  0x000002b034116210: ;   {runtime_call counter_overflow Runtime1 stub}
  0x000002b034116210: ffe8 6a54 

  0x000002b034116214: ; ImmutableOopMap {r8=Oop [104]=Oop [112]=Oop }
                      ;*synchronization entry
                      ; - java.lang.Thread::isVirtual@-1
                      ; - java.lang.Thread::getThreadGroup@10
                      ; - java.lang.Thread::getUncaughtExceptionHandler@23
                      ; - kotlinx.coroutines.scheduling.CoroutineScheduler::runSafely@28 (line 589)
  0x000002b034116214: 1c07 e936 

  0x000002b034116218: ;   {metadata({method} {0x000002b04b04d7b8} 'virtualThreadGroup' '()Ljava/lang/ThreadGroup;' in 'java/lang/Thread')}
  0x000002b034116218: fbff ff49 | bab0 d704 | 4bb0 0200 | 004c 8954 | 2408 48c7 | 0424 ffff 

  0x000002b034116230: ;   {runtime_call counter_overflow Runtime1 stub}
  0x000002b034116230: ffff e849 

  0x000002b034116234: ; ImmutableOopMap {r8=Oop [104]=Oop [112]=Oop }
                      ;*synchronization entry
                      ; - java.lang.Thread::virtualThreadGroup@-1
                      ; - java.lang.Thread::getThreadGroup@16
                      ; - java.lang.Thread::getUncaughtExceptionHandler@23
                      ; - kotlinx.coroutines.scheduling.CoroutineScheduler::runSafely@28 (line 589)
  0x000002b034116234: 541c 07e9 | 79fc ffff 

  0x000002b03411623c: ;   {oop(nullptr)}
  0x000002b03411623c: 49b9 0000 | 0000 0000 | 0000 5053 | 498b 5910 | 5756 5251 | 4150 4151 | 4152 4153 | 4883 ec20 
  0x000002b03411625c: 40f6 c40f | 0f84 1900 | 0000 4883 

  0x000002b034116268: ;   {runtime_call}
  0x000002b034116268: ec08 48b8 | 508b 9af3 | fc7f 0000 | ffd0 4883 | c408 e90c 

  0x000002b03411627c: ;   {runtime_call}
  0x000002b03411627c: 0000 0048 | b850 8b9a | f3fc 7f00 | 00ff d048 | 83c4 2041 | 5b41 5a41 | 5941 5859 | 5a5e 5f48 
  0x000002b03411629c: 3b83 6801 | 0000 5b58 | 0f85 0a00 | 0000 e913 | fcff ffb8 | 0078 6e0a 

  0x000002b0341162b4: ;   {runtime_call load_mirror_patching Runtime1 stub}
  0x000002b0341162b4: e8c7 471c 

  0x000002b0341162b8: ; ImmutableOopMap {r8=Oop [104]=Oop [112]=Oop }
                      ;*getstatic VTHREAD_GROUP {reexecute=1 rethrow=0 return_oop=0}
                      ; - (reexecute) java.lang.Thread::virtualThreadGroup@0
                      ; - java.lang.Thread::getThreadGroup@16
                      ; - java.lang.Thread::getUncaughtExceptionHandler@23
                      ; - kotlinx.coroutines.scheduling.CoroutineScheduler::runSafely@28 (line 589)
  0x000002b0341162b8: 07e9 fafb 

  0x000002b0341162bc: ;   {runtime_call throw_null_pointer_exception Runtime1 stub}
  0x000002b0341162bc: ffff e8bd 

  0x000002b0341162c0: ; ImmutableOopMap {r8=Oop [104]=Oop [112]=Oop }
                      ;*getfield group {reexecute=1 rethrow=0 return_oop=0}
                      ; - (reexecute) java.lang.Thread::getThreadGroup@26
                      ; - java.lang.Thread::getUncaughtExceptionHandler@23
                      ; - kotlinx.coroutines.scheduling.CoroutineScheduler::runSafely@28 (line 589)
                      ;   {metadata({method} {0x000002b04c0df7b8} 'access$getTimeSource$p' '()Lkotlinx/coroutines/AbstractTimeSource;' in 'kotlinx/coroutines/AbstractTimeSourceKt')}
  0x000002b0341162c0: 021c 0749 | bab0 f70d | 4cb0 0200 | 004c 8954 | 2408 48c7 | 0424 ffff 

  0x000002b0341162d8: ;   {runtime_call counter_overflow Runtime1 stub}
  0x000002b0341162d8: ffff e8a1 

  0x000002b0341162dc: ; ImmutableOopMap {}
                      ;*synchronization entry
                      ; - kotlinx.coroutines.AbstractTimeSourceKt::access$getTimeSource$p@-1 (line 1)
                      ; - kotlinx.coroutines.scheduling.CoroutineScheduler::runSafely@38 (line 591)
  0x000002b0341162dc: 531c 07e9 | 71fc ffff 

  0x000002b0341162e4: ;   {metadata({method} {0x000002b04c0df7b8} 'access$getTimeSource$p' '()Lkotlinx/coroutines/AbstractTimeSource;' in 'kotlinx/coroutines/AbstractTimeSourceKt')}
  0x000002b0341162e4: 49ba b0f7 | 0d4c b002 | 0000 4c89 | 5424 0848 | c704 24ff 

  0x000002b0341162f8: ;   {runtime_call counter_overflow Runtime1 stub}
  0x000002b0341162f8: ffff ffe8 

  0x000002b0341162fc: ; ImmutableOopMap {rax=Oop }
                      ;*synchronization entry
                      ; - kotlinx.coroutines.AbstractTimeSourceKt::access$getTimeSource$p@-1 (line 1)
                      ; - kotlinx.coroutines.scheduling.CoroutineScheduler::runSafely@56 (line 591)
  0x000002b0341162fc: 8053 1c07 | e910 fdff 

  0x000002b034116304: ;   {internal_word}
  0x000002b034116304: ff49 ba72 | 6011 34b0 | 0200 004d | 8997 6804 

  0x000002b034116314: ;   {runtime_call SafepointBlob}
  0x000002b034116314: 0000 e965 

  0x000002b034116318: ;   {internal_word}
  0x000002b034116318: f110 0749 | ba98 6011 | 34b0 0200 | 004d 8997 | 6804 0000 

  0x000002b03411632c: ;   {runtime_call SafepointBlob}
  0x000002b03411632c: e94f f110 | 0749 8b87 | 0005 0000 | 49c7 8700 | 0500 0000 | 0000 0049 | c787 0805 | 0000 0000 
  0x000002b03411634c: 0000 4881 | c490 0000 

  0x000002b034116354: ;   {runtime_call unwind_exception Runtime1 stub}
  0x000002b034116354: 005d e925 | f31b 07f4 | f4f4 f4f4 
[Stub Code]
  0x000002b034116360: ;   {no_reloc}
  0x000002b034116360: 0f1f 4400 

  0x000002b034116364: ;   {static_stub}
  0x000002b034116364: 0048 bb00 | 0000 0000 

  0x000002b03411636c: ;   {runtime_call nmethod}
  0x000002b03411636c: 0000 00e9 | fbff ffff 

  0x000002b034116374: ;   {static_stub}
  0x000002b034116374: 9048 bb00 | 0000 0000 

  0x000002b03411637c: ;   {runtime_call nmethod}
  0x000002b03411637c: 0000 00e9 | fbff ffff 

  0x000002b034116384: ;   {static_stub}
  0x000002b034116384: 9048 bb00 | 0000 0000 

  0x000002b03411638c: ;   {runtime_call nmethod}
  0x000002b03411638c: 0000 00e9 | fbff ffff 

  0x000002b034116394: ;   {static_stub}
  0x000002b034116394: 9048 bb00 | 0000 0000 

  0x000002b03411639c: ;   {runtime_call nmethod}
  0x000002b03411639c: 0000 00e9 | fbff ffff 

  0x000002b0341163a4: ;   {static_stub}
  0x000002b0341163a4: 9048 bb00 | 0000 0000 

  0x000002b0341163ac: ;   {runtime_call nmethod}
  0x000002b0341163ac: 0000 00e9 | fbff ffff 

  0x000002b0341163b4: ;   {static_stub}
  0x000002b0341163b4: 48bb 0000 | 0000 0000 

  0x000002b0341163bc: ;   {runtime_call nmethod}
  0x000002b0341163bc: 0000 e9fb 

  0x000002b0341163c0: ;   {runtime_call handle_exception_from_callee Runtime1 stub}
  0x000002b0341163c0: ffff ffe8 | b81f 1c07 

  0x000002b0341163c8: ;   {external_word}
  0x000002b0341163c8: 48b9 d061 | 2ef4 fc7f | 0000 4883 

  0x000002b0341163d4: ;   {runtime_call}
  0x000002b0341163d4: e4f0 48b8 | 90db fcf3 | fc7f 0000 

  0x000002b0341163e0: ;   {section_word}
  0x000002b0341163e0: ffd0 f449 | bae3 6311 | 34b0 0200 

  0x000002b0341163ec: ;   {runtime_call DeoptimizationBlob}
  0x000002b0341163ec: 0041 52e9 | 2ce3 1007 | f4f4 f4f4 
[/MachCode]


---------------  P R O C E S S  ---------------

Threads class SMR info:
_java_thread_list=0x000002b051b2d880, length=42, elements={
0x000002b02e717830, 0x000002b04f0b4210, 0x000002b04f085360, 0x000002b04f0bd400,
0x000002b04f0deea0, 0x000002b04f0df900, 0x000002b04f0e0360, 0x000002b04f0e0dc0,
0x000002b04f0f9f70, 0x000002b04f122f50, 0x000002b0503db670, 0x000002b0504e3f50,
0x000002b0503ff140, 0x000002b050569f50, 0x000002b0506c0320, 0x000002b050533350,
0x000002b05051e6b0, 0x000002b05086c110, 0x000002b05086a6d0, 0x000002b05086ce30,
0x000002b05086d4c0, 0x000002b05086b3f0, 0x000002b05086c7a0, 0x000002b05086a040,
0x000002b052c8a2c0, 0x000002b052c89c30, 0x000002b052c8ca20, 0x000002b00ed72090,
0x000002b00ed76230, 0x000002b00ed72db0, 0x000002b00ed78990, 0x000002b00ed79020,
0x000002b00f0c1c10, 0x000002b00f0c22a0, 0x000002b00f0c2930, 0x000002b00f0c4a00,
0x000002b00f0c2fc0, 0x000002b00fe70270, 0x000002b00fe70f90, 0x000002b051ff8490,
0x000002b051ff63c0, 0x000002b051ff9ed0
}

Java Threads: ( => current thread )
  0x000002b02e717830 JavaThread "main"                              [_thread_blocked, id=38116, stack(0x000000db7a200000,0x000000db7a300000) (1024K)]
  0x000002b04f0b4210 JavaThread "Common-Cleaner"             daemon [_thread_blocked, id=42384, stack(0x000000db7aa00000,0x000000db7ab00000) (1024K)]
  0x000002b04f085360 JavaThread "Reference Handler"          daemon [_thread_blocked, id=31328, stack(0x000000db7ab00000,0x000000db7ac00000) (1024K)]
  0x000002b04f0bd400 JavaThread "Finalizer"                  daemon [_thread_blocked, id=904, stack(0x000000db7ac00000,0x000000db7ad00000) (1024K)]
  0x000002b04f0deea0 JavaThread "Signal Dispatcher"          daemon [_thread_blocked, id=6300, stack(0x000000db7ad00000,0x000000db7ae00000) (1024K)]
  0x000002b04f0df900 JavaThread "Attach Listener"            daemon [_thread_blocked, id=36212, stack(0x000000db7ae00000,0x000000db7af00000) (1024K)]
  0x000002b04f0e0360 JavaThread "Service Thread"             daemon [_thread_blocked, id=38932, stack(0x000000db7af00000,0x000000db7b000000) (1024K)]
  0x000002b04f0e0dc0 JavaThread "Monitor Deflation Thread"   daemon [_thread_blocked, id=34780, stack(0x000000db7b000000,0x000000db7b100000) (1024K)]
  0x000002b04f0f9f70 JavaThread "C2 CompilerThread0"         daemon [_thread_blocked, id=32780, stack(0x000000db7b100000,0x000000db7b200000) (1024K)]
  0x000002b04f122f50 JavaThread "C1 CompilerThread0"         daemon [_thread_blocked, id=46060, stack(0x000000db7b200000,0x000000db7b300000) (1024K)]
  0x000002b0503db670 JavaThread "DevTools: Stderr"           daemon [_thread_in_native, id=39736, stack(0x000000db7b400000,0x000000db7b500000) (1024K)]
  0x000002b0504e3f50 JavaThread "Hot Reload Main"            daemon [_thread_blocked, id=28788, stack(0x000000db7b300000,0x000000db7b400000) (1024K)]
  0x000002b0503ff140 JavaThread "Orchestration IO: Writer"   daemon [_thread_blocked, id=42060, stack(0x000000db7b600000,0x000000db7b700000) (1024K)]
  0x000002b050569f50 JavaThread "Orchestration IO: Reader"   daemon [_thread_in_native, id=44652, stack(0x000000db7b700000,0x000000db7b800000) (1024K)]
  0x000002b0506c0320 JavaThread "Logger"                     daemon [_thread_blocked, id=23508, stack(0x000000db7b500000,0x000000db7b600000) (1024K)]
  0x000002b050533350 JavaThread "Notification Thread"        daemon [_thread_blocked, id=33876, stack(0x000000db7bd00000,0x000000db7be00000) (1024K)]
  0x000002b05051e6b0 JavaThread "Compose Runtime Analyzer"   daemon [_thread_blocked, id=42132, stack(0x000000db7be00000,0x000000db7bf00000) (1024K)]
  0x000002b05086c110 JavaThread "Java2D Disposer"            daemon [_thread_blocked, id=29568, stack(0x000000db7c000000,0x000000db7c100000) (1024K)]
  0x000002b05086a6d0 JavaThread "AWT-Shutdown"                      [_thread_blocked, id=23248, stack(0x000000db7c100000,0x000000db7c200000) (1024K)]
  0x000002b05086ce30 JavaThread "AWT-Windows"                daemon [_thread_in_native, id=18676, stack(0x000000db7c200000,0x000000db7c300000) (1024K)]
  0x000002b05086d4c0 JavaThread "AWT-EventQueue-0"                  [_thread_in_native, id=1852, stack(0x000000db7c300000,0x000000db7c400000) (1024K)]
  0x000002b05086b3f0 JavaThread "TimerQueue"                 daemon [_thread_blocked, id=40028, stack(0x000000db7cb00000,0x000000db7cc00000) (1024K)]
  0x000002b05086c7a0 JavaThread "DefaultDispatcher-worker-1" daemon [_thread_blocked, id=11420, stack(0x000000db7cc00000,0x000000db7cd00000) (1024K)]
  0x000002b05086a040 JavaThread "DefaultDispatcher-worker-2" daemon [_thread_blocked, id=42572, stack(0x000000db7cd00000,0x000000db7ce00000) (1024K)]
  0x000002b052c8a2c0 JavaThread "DefaultDispatcher-worker-3" daemon [_thread_blocked, id=45756, stack(0x000000db7ce00000,0x000000db7cf00000) (1024K)]
  0x000002b052c89c30 JavaThread "kotlinx.coroutines.DefaultExecutor" daemon [_thread_blocked, id=23892, stack(0x000000db7cf00000,0x000000db7d000000) (1024K)]
  0x000002b052c8ca20 JavaThread "Reference Cleaner"          daemon [_thread_blocked, id=45772, stack(0x000000db7d000000,0x000000db7d100000) (1024K)]
  0x000002b00ed72090 JavaThread "DefaultDispatcher-worker-4" daemon [_thread_in_native, id=26636, stack(0x000000db7e900000,0x000000db7ea00000) (1024K)]
  0x000002b00ed76230 JavaThread "DefaultDispatcher-worker-5" daemon [_thread_blocked, id=36148, stack(0x000000db7eb00000,0x000000db7ec00000) (1024K)]
  0x000002b00ed72db0 JavaThread "DefaultDispatcher-worker-6" daemon [_thread_blocked, id=23652, stack(0x000000db7ec00000,0x000000db7ed00000) (1024K)]
  0x000002b00ed78990 JavaThread "DefaultDispatcher-worker-7" daemon [_thread_blocked, id=45656, stack(0x000000db7ed00000,0x000000db7ee00000) (1024K)]
  0x000002b00ed79020 JavaThread "DefaultDispatcher-worker-8" daemon [_thread_blocked, id=30812, stack(0x000000db7ee00000,0x000000db7ef00000) (1024K)]
  0x000002b00f0c1c10 JavaThread "DefaultDispatcher-worker-9" daemon [_thread_blocked, id=37672, stack(0x000000db7bf00000,0x000000db7c000000) (1024K)]
  0x000002b00f0c22a0 JavaThread "DefaultDispatcher-worker-10" daemon [_thread_blocked, id=24844, stack(0x000000db7f000000,0x000000db7f100000) (1024K)]
  0x000002b00f0c2930 JavaThread "DefaultDispatcher-worker-11" daemon [_thread_blocked, id=40164, stack(0x000000db7f100000,0x000000db7f200000) (1024K)]
  0x000002b00f0c4a00 JavaThread "DefaultDispatcher-worker-12" daemon [_thread_blocked, id=40032, stack(0x000000db7f200000,0x000000db7f300000) (1024K)]
  0x000002b00f0c2fc0 JavaThread "skiko-dispatcher-to-block-on" daemon [_thread_in_native, id=32632, stack(0x000000db7a100000,0x000000db7a200000) (1024K)]
  0x000002b00fe70270 JavaThread "DefaultDispatcher-worker-13" daemon [_thread_blocked, id=20000, stack(0x000000db7e100000,0x000000db7e200000) (1024K)]
  0x000002b00fe70f90 JavaThread "DefaultDispatcher-worker-14" daemon [_thread_blocked, id=34324, stack(0x000000db7e300000,0x000000db7e400000) (1024K)]
  0x000002b051ff8490 JavaThread "DefaultDispatcher-worker-15" daemon [_thread_blocked, id=25392, stack(0x000000db7e400000,0x000000db7e500000) (1024K)]
=>0x000002b051ff63c0 JavaThread "DefaultDispatcher-worker-16" daemon [_thread_in_native, id=36380, stack(0x000000db7e600000,0x000000db7e700000) (1024K)]
  0x000002b051ff9ed0 JavaThread "DefaultDispatcher-worker-17" daemon [_thread_blocked, id=22420, stack(0x000000db7e700000,0x000000db7e800000) (1024K)]
Total: 42

Other Threads:
  0x000002b04ab4e5f0 VMThread "VM Thread"                           [id=45844, stack(0x000000db7a900000,0x000000db7aa00000) (1024K)]
  0x000002b04aaf5940 WatcherThread "VM Periodic Task Thread"        [id=38404, stack(0x000000db7a800000,0x000000db7a900000) (1024K)]
  0x000002b030bb3be0 WorkerThread "GC Thread#0"                     [id=19812, stack(0x000000db7a300000,0x000000db7a400000) (1024K)]
  0x000002b050633ca0 WorkerThread "GC Thread#1"                     [id=30404, stack(0x000000db7b800000,0x000000db7b900000) (1024K)]
  0x000002b050634050 WorkerThread "GC Thread#2"                     [id=32708, stack(0x000000db7b900000,0x000000db7ba00000) (1024K)]
  0x000002b050634400 WorkerThread "GC Thread#3"                     [id=14084, stack(0x000000db7ba00000,0x000000db7bb00000) (1024K)]
  0x000002b050634fc0 WorkerThread "GC Thread#4"                     [id=40328, stack(0x000000db7bb00000,0x000000db7bc00000) (1024K)]
  0x000002b05043d1b0 WorkerThread "GC Thread#5"                     [id=41680, stack(0x000000db7bc00000,0x000000db7bd00000) (1024K)]
  0x000002b0508150e0 WorkerThread "GC Thread#6"                     [id=37828, stack(0x000000db7c400000,0x000000db7c500000) (1024K)]
  0x000002b050815fa0 WorkerThread "GC Thread#7"                     [id=39164, stack(0x000000db7c500000,0x000000db7c600000) (1024K)]
  0x000002b050815bf0 WorkerThread "GC Thread#8"                     [id=3860, stack(0x000000db7c600000,0x000000db7c700000) (1024K)]
  0x000002b050816700 WorkerThread "GC Thread#9"                     [id=38268, stack(0x000000db7c700000,0x000000db7c800000) (1024K)]
  0x000002b030bc3ff0 ConcurrentGCThread "G1 Main Marker"            [id=32568, stack(0x000000db7a400000,0x000000db7a500000) (1024K)]
  0x000002b030bc9620 WorkerThread "G1 Conc#0"                       [id=35672, stack(0x000000db7a500000,0x000000db7a600000) (1024K)]
  0x000002b050815490 WorkerThread "G1 Conc#1"                       [id=30788, stack(0x000000db7c800000,0x000000db7c900000) (1024K)]
  0x000002b05043f450 WorkerThread "G1 Conc#2"                       [id=14452, stack(0x000000db7c900000,0x000000db7ca00000) (1024K)]
  0x000002b04a9c9200 ConcurrentGCThread "G1 Refine#0"               [id=19976, stack(0x000000db7a600000,0x000000db7a700000) (1024K)]
  0x000002b04a9c9a30 ConcurrentGCThread "G1 Service"                [id=20136, stack(0x000000db7a700000,0x000000db7a800000) (1024K)]
Total: 18

Threads with active compile tasks:
Total: 0

VM state: not at safepoint (normal execution)

VM Mutex/Monitor currently owned by a thread: None

Heap address: 0x000000070ae00000, size: 3922 MB, Compressed Oops mode: Zero based, Oop shift amount: 3

CDS archive(s) not mapped
Compressed class space mapped at: 0x0000000800000000-0x0000000840000000, reserved size: 1073741824
Narrow klass base: 0x0000000800000000, Narrow klass shift: 0, Narrow klass range: 0x40000000

GC Precious Log:
 CardTable entry size: 512
 Card Set container configuration: InlinePtr #cards 4 size 8 Array Of Cards #cards 16 size 48 Howl #buckets 8 coarsen threshold 3686 Howl Bitmap #cards 512 size 80 coarsen threshold 460 Card regions per heap region 1 cards per card region 4096
 CPUs: 12 total, 12 available
 Memory: 15681M
 Large Page Support: Disabled
 NUMA Support: Disabled
 Compressed Oops: Enabled (Zero based)
 Heap Region Size: 2M
 Heap Min Capacity: 8M
 Heap Initial Capacity: 246M
 Heap Max Capacity: 3922M
 Pre-touch: Disabled
 Parallel Workers: 10
 Concurrent Workers: 3
 Concurrent Refinement Workers: 10
 Periodic GC: Disabled

Heap:
 garbage-first heap   total 198656K, used 98681K [0x000000070ae00000, 0x0000000800000000)
  region size 2048K, 6 young (12288K), 5 survivors (10240K)
 Metaspace       used 98229K, committed 99712K, reserved 1179648K
  class space    used 10734K, committed 11328K, reserved 1048576K

Heap Regions: E=young(eden), S=young(survivor), O=old, HS=humongous(starts), HC=humongous(continues), CS=collection set, F=free, TAMS=top-at-mark-start, PB=parsable bottom
|   0|0x000000070ae00000, 0x000000070b000000, 0x000000070b000000|100%|HS|  |TAMS 0x000000070ae00000| PB 0x000000070ae00000| Untracked 
|   1|0x000000070b000000, 0x000000070b200000, 0x000000070b200000|100%| O|  |TAMS 0x000000070b000000| PB 0x000000070b000000| Untracked 
|   2|0x000000070b200000, 0x000000070b3ffff8, 0x000000070b400000| 99%| O|  |TAMS 0x000000070b200000| PB 0x000000070b200000| Untracked 
|   3|0x000000070b400000, 0x000000070b600000, 0x000000070b600000|100%| O|  |TAMS 0x000000070b400000| PB 0x000000070b400000| Untracked 
|   4|0x000000070b600000, 0x000000070b7fffe8, 0x000000070b800000| 99%| O|  |TAMS 0x000000070b600000| PB 0x000000070b600000| Untracked 
|   5|0x000000070b800000, 0x000000070ba00000, 0x000000070ba00000|100%| O|  |TAMS 0x000000070b800000| PB 0x000000070b800000| Untracked 
|   6|0x000000070ba00000, 0x000000070bbffff0, 0x000000070bc00000| 99%| O|  |TAMS 0x000000070ba00000| PB 0x000000070ba00000| Untracked 
|   7|0x000000070bc00000, 0x000000070be00000, 0x000000070be00000|100%| O|  |TAMS 0x000000070bc00000| PB 0x000000070bc00000| Untracked 
|   8|0x000000070be00000, 0x000000070bffea90, 0x000000070c000000| 99%| O|  |TAMS 0x000000070be00000| PB 0x000000070be00000| Untracked 
|   9|0x000000070c000000, 0x000000070c1fffe8, 0x000000070c200000| 99%| O|  |TAMS 0x000000070c000000| PB 0x000000070c000000| Untracked 
|  10|0x000000070c200000, 0x000000070c400000, 0x000000070c400000|100%| O|  |TAMS 0x000000070c200000| PB 0x000000070c200000| Untracked 
|  11|0x000000070c400000, 0x000000070c600000, 0x000000070c600000|100%| O|  |TAMS 0x000000070c400000| PB 0x000000070c400000| Untracked 
|  12|0x000000070c600000, 0x000000070c7fffd0, 0x000000070c800000| 99%| O|  |TAMS 0x000000070c600000| PB 0x000000070c600000| Untracked 
|  13|0x000000070c800000, 0x000000070c9fed08, 0x000000070ca00000| 99%| O|  |TAMS 0x000000070c800000| PB 0x000000070c800000| Untracked 
|  14|0x000000070ca00000, 0x000000070cbfffd8, 0x000000070cc00000| 99%| O|  |TAMS 0x000000070ca00000| PB 0x000000070ca00000| Untracked 
|  15|0x000000070cc00000, 0x000000070ce00000, 0x000000070ce00000|100%| O|  |TAMS 0x000000070cc00000| PB 0x000000070cc00000| Untracked 
|  16|0x000000070ce00000, 0x000000070cfffff0, 0x000000070d000000| 99%| O|  |TAMS 0x000000070ce00000| PB 0x000000070ce00000| Untracked 
|  17|0x000000070d000000, 0x000000070d1fffe0, 0x000000070d200000| 99%| O|  |TAMS 0x000000070d000000| PB 0x000000070d000000| Untracked 
|  18|0x000000070d200000, 0x000000070d3ffff0, 0x000000070d400000| 99%| O|  |TAMS 0x000000070d200000| PB 0x000000070d200000| Untracked 
|  19|0x000000070d400000, 0x000000070d5fffd0, 0x000000070d600000| 99%| O|  |TAMS 0x000000070d400000| PB 0x000000070d400000| Untracked 
|  20|0x000000070d600000, 0x000000070d7fffe8, 0x000000070d800000| 99%| O|  |TAMS 0x000000070d600000| PB 0x000000070d600000| Untracked 
|  21|0x000000070d800000, 0x000000070da00000, 0x000000070da00000|100%|HS|  |TAMS 0x000000070d800000| PB 0x000000070d800000| Untracked 
|  22|0x000000070da00000, 0x000000070dc00000, 0x000000070dc00000|100%|HC|  |TAMS 0x000000070da00000| PB 0x000000070da00000| Untracked 
|  23|0x000000070dc00000, 0x000000070de00000, 0x000000070de00000|100%|HC|  |TAMS 0x000000070dc00000| PB 0x000000070dc00000| Untracked 
|  24|0x000000070de00000, 0x000000070e000000, 0x000000070e000000|100%|HC|  |TAMS 0x000000070de00000| PB 0x000000070de00000| Untracked 
|  25|0x000000070e000000, 0x000000070e200000, 0x000000070e200000|100%|HC|  |TAMS 0x000000070e000000| PB 0x000000070e000000| Untracked 
|  26|0x000000070e200000, 0x000000070e400000, 0x000000070e400000|100%|HC|  |TAMS 0x000000070e200000| PB 0x000000070e200000| Untracked 
|  27|0x000000070e400000, 0x000000070e600000, 0x000000070e600000|100%|HC|  |TAMS 0x000000070e400000| PB 0x000000070e400000| Untracked 
|  28|0x000000070e600000, 0x000000070e800000, 0x000000070e800000|100%|HC|  |TAMS 0x000000070e600000| PB 0x000000070e600000| Untracked 
|  29|0x000000070e800000, 0x000000070ea00000, 0x000000070ea00000|100%|HC|  |TAMS 0x000000070e800000| PB 0x000000070e800000| Untracked 
|  30|0x000000070ea00000, 0x000000070ec00000, 0x000000070ec00000|100%|HC|  |TAMS 0x000000070ea00000| PB 0x000000070ea00000| Untracked 
|  31|0x000000070ec00000, 0x000000070edffff0, 0x000000070ee00000| 99%| O|  |TAMS 0x000000070ec00000| PB 0x000000070ec00000| Untracked 
|  32|0x000000070ee00000, 0x000000070efffe98, 0x000000070f000000| 99%| O|  |TAMS 0x000000070ee00000| PB 0x000000070ee00000| Untracked 
|  33|0x000000070f000000, 0x000000070f1fffe0, 0x000000070f200000| 99%| O|  |TAMS 0x000000070f000000| PB 0x000000070f000000| Untracked 
|  34|0x000000070f200000, 0x000000070f3fe280, 0x000000070f400000| 99%| O|  |TAMS 0x000000070f200000| PB 0x000000070f200000| Untracked 
|  35|0x000000070f400000, 0x000000070f54f500, 0x000000070f600000| 65%| O|  |TAMS 0x000000070f400000| PB 0x000000070f400000| Untracked 
|  36|0x000000070f600000, 0x000000070f800000, 0x000000070f800000|100%|HS|  |TAMS 0x000000070f600000| PB 0x000000070f600000| Untracked 
|  37|0x000000070f800000, 0x000000070fa00000, 0x000000070fa00000|100%|HC|  |TAMS 0x000000070f800000| PB 0x000000070f800000| Untracked 
|  38|0x000000070fa00000, 0x000000070fc00000, 0x000000070fc00000|100%|HC|  |TAMS 0x000000070fa00000| PB 0x000000070fa00000| Untracked 
|  39|0x000000070fc00000, 0x000000070fe00000, 0x000000070fe00000|100%|HC|  |TAMS 0x000000070fc00000| PB 0x000000070fc00000| Untracked 
|  40|0x000000070fe00000, 0x000000070fe56ed8, 0x0000000710000000| 16%| O|  |TAMS 0x000000070fe00000| PB 0x000000070fe00000| Untracked 
|  41|0x0000000710000000, 0x0000000710138f50, 0x0000000710200000| 61%| O|  |TAMS 0x0000000710000000| PB 0x0000000710000000| Untracked 
|  42|0x0000000710200000, 0x0000000710400000, 0x0000000710400000|100%| O|  |TAMS 0x0000000710200000| PB 0x0000000710200000| Untracked 
|  43|0x0000000710400000, 0x00000007104cd270, 0x0000000710600000| 40%| O|  |TAMS 0x0000000710400000| PB 0x0000000710400000| Untracked 
|  44|0x0000000710600000, 0x00000007107f3570, 0x0000000710800000| 97%| O|  |TAMS 0x0000000710600000| PB 0x0000000710600000| Untracked 
|  45|0x0000000710800000, 0x00000007108c31f0, 0x0000000710a00000| 38%| O|  |TAMS 0x0000000710800000| PB 0x0000000710800000| Untracked 
|  46|0x0000000710a00000, 0x0000000710a00000, 0x0000000710c00000|  0%| F|  |TAMS 0x0000000710a00000| PB 0x0000000710a00000| Untracked 
|  47|0x0000000710c00000, 0x0000000710c00000, 0x0000000710e00000|  0%| F|  |TAMS 0x0000000710c00000| PB 0x0000000710c00000| Untracked 
|  48|0x0000000710e00000, 0x0000000710e00000, 0x0000000711000000|  0%| F|  |TAMS 0x0000000710e00000| PB 0x0000000710e00000| Untracked 
|  49|0x0000000711000000, 0x0000000711000000, 0x0000000711200000|  0%| F|  |TAMS 0x0000000711000000| PB 0x0000000711000000| Untracked 
|  50|0x0000000711200000, 0x0000000711200000, 0x0000000711400000|  0%| F|  |TAMS 0x0000000711200000| PB 0x0000000711200000| Untracked 
|  51|0x0000000711400000, 0x0000000711400000, 0x0000000711600000|  0%| F|  |TAMS 0x0000000711400000| PB 0x0000000711400000| Untracked 
|  52|0x0000000711600000, 0x0000000711600000, 0x0000000711800000|  0%| F|  |TAMS 0x0000000711600000| PB 0x0000000711600000| Untracked 
|  53|0x0000000711800000, 0x0000000711a00000, 0x0000000711a00000|100%| S|CS|TAMS 0x0000000711800000| PB 0x0000000711800000| Complete 
|  54|0x0000000711a00000, 0x0000000711c00000, 0x0000000711c00000|100%| S|CS|TAMS 0x0000000711a00000| PB 0x0000000711a00000| Complete 
|  55|0x0000000711c00000, 0x0000000711e00000, 0x0000000711e00000|100%| S|CS|TAMS 0x0000000711c00000| PB 0x0000000711c00000| Complete 
|  56|0x0000000711e00000, 0x0000000712000000, 0x0000000712000000|100%| S|CS|TAMS 0x0000000711e00000| PB 0x0000000711e00000| Complete 
|  57|0x0000000712000000, 0x0000000712200000, 0x0000000712200000|100%| S|CS|TAMS 0x0000000712000000| PB 0x0000000712000000| Complete 
|  58|0x0000000712200000, 0x0000000712200000, 0x0000000712400000|  0%| F|  |TAMS 0x0000000712200000| PB 0x0000000712200000| Untracked 
|  59|0x0000000712400000, 0x0000000712400000, 0x0000000712600000|  0%| F|  |TAMS 0x0000000712400000| PB 0x0000000712400000| Untracked 
|  60|0x0000000712600000, 0x0000000712600000, 0x0000000712800000|  0%| F|  |TAMS 0x0000000712600000| PB 0x0000000712600000| Untracked 
|  61|0x0000000712800000, 0x0000000712800000, 0x0000000712a00000|  0%| F|  |TAMS 0x0000000712800000| PB 0x0000000712800000| Untracked 
|  62|0x0000000712a00000, 0x0000000712a00000, 0x0000000712c00000|  0%| F|  |TAMS 0x0000000712a00000| PB 0x0000000712a00000| Untracked 
|  63|0x0000000712c00000, 0x0000000712c00000, 0x0000000712e00000|  0%| F|  |TAMS 0x0000000712c00000| PB 0x0000000712c00000| Untracked 
|  64|0x0000000712e00000, 0x0000000712e00000, 0x0000000713000000|  0%| F|  |TAMS 0x0000000712e00000| PB 0x0000000712e00000| Untracked 
|  65|0x0000000713000000, 0x0000000713000000, 0x0000000713200000|  0%| F|  |TAMS 0x0000000713000000| PB 0x0000000713000000| Untracked 
|  66|0x0000000713200000, 0x0000000713200000, 0x0000000713400000|  0%| F|  |TAMS 0x0000000713200000| PB 0x0000000713200000| Untracked 
|  67|0x0000000713400000, 0x0000000713400000, 0x0000000713600000|  0%| F|  |TAMS 0x0000000713400000| PB 0x0000000713400000| Untracked 
|  68|0x0000000713600000, 0x0000000713600000, 0x0000000713800000|  0%| F|  |TAMS 0x0000000713600000| PB 0x0000000713600000| Untracked 
|  69|0x0000000713800000, 0x0000000713800000, 0x0000000713a00000|  0%| F|  |TAMS 0x0000000713800000| PB 0x0000000713800000| Untracked 
|  70|0x0000000713a00000, 0x0000000713a00000, 0x0000000713c00000|  0%| F|  |TAMS 0x0000000713a00000| PB 0x0000000713a00000| Untracked 
|  71|0x0000000713c00000, 0x0000000713c00000, 0x0000000713e00000|  0%| F|  |TAMS 0x0000000713c00000| PB 0x0000000713c00000| Untracked 
|  72|0x0000000713e00000, 0x0000000713e00000, 0x0000000714000000|  0%| F|  |TAMS 0x0000000713e00000| PB 0x0000000713e00000| Untracked 
|  73|0x0000000714000000, 0x0000000714000000, 0x0000000714200000|  0%| F|  |TAMS 0x0000000714000000| PB 0x0000000714000000| Untracked 
|  74|0x0000000714200000, 0x0000000714200000, 0x0000000714400000|  0%| F|  |TAMS 0x0000000714200000| PB 0x0000000714200000| Untracked 
|  75|0x0000000714400000, 0x0000000714400000, 0x0000000714600000|  0%| F|  |TAMS 0x0000000714400000| PB 0x0000000714400000| Untracked 
|  76|0x0000000714600000, 0x0000000714600000, 0x0000000714800000|  0%| F|  |TAMS 0x0000000714600000| PB 0x0000000714600000| Untracked 
|  77|0x0000000714800000, 0x0000000714800000, 0x0000000714a00000|  0%| F|  |TAMS 0x0000000714800000| PB 0x0000000714800000| Untracked 
|  78|0x0000000714a00000, 0x0000000714a00000, 0x0000000714c00000|  0%| F|  |TAMS 0x0000000714a00000| PB 0x0000000714a00000| Untracked 
|  79|0x0000000714c00000, 0x0000000714c00000, 0x0000000714e00000|  0%| F|  |TAMS 0x0000000714c00000| PB 0x0000000714c00000| Untracked 
|  80|0x0000000714e00000, 0x0000000714e00000, 0x0000000715000000|  0%| F|  |TAMS 0x0000000714e00000| PB 0x0000000714e00000| Untracked 
|  81|0x0000000715000000, 0x0000000715000000, 0x0000000715200000|  0%| F|  |TAMS 0x0000000715000000| PB 0x0000000715000000| Untracked 
|  82|0x0000000715200000, 0x0000000715200000, 0x0000000715400000|  0%| F|  |TAMS 0x0000000715200000| PB 0x0000000715200000| Untracked 
|  83|0x0000000715400000, 0x0000000715400000, 0x0000000715600000|  0%| F|  |TAMS 0x0000000715400000| PB 0x0000000715400000| Untracked 
|  84|0x0000000715600000, 0x0000000715600000, 0x0000000715800000|  0%| F|  |TAMS 0x0000000715600000| PB 0x0000000715600000| Untracked 
|  85|0x0000000715800000, 0x0000000715800000, 0x0000000715a00000|  0%| F|  |TAMS 0x0000000715800000| PB 0x0000000715800000| Untracked 
|  86|0x0000000715a00000, 0x0000000715a00000, 0x0000000715c00000|  0%| F|  |TAMS 0x0000000715a00000| PB 0x0000000715a00000| Untracked 
|  87|0x0000000715c00000, 0x0000000715c00000, 0x0000000715e00000|  0%| F|  |TAMS 0x0000000715c00000| PB 0x0000000715c00000| Untracked 
|  88|0x0000000715e00000, 0x0000000715e00000, 0x0000000716000000|  0%| F|  |TAMS 0x0000000715e00000| PB 0x0000000715e00000| Untracked 
|  89|0x0000000716000000, 0x0000000716000000, 0x0000000716200000|  0%| F|  |TAMS 0x0000000716000000| PB 0x0000000716000000| Untracked 
|  90|0x0000000716200000, 0x0000000716200000, 0x0000000716400000|  0%| F|  |TAMS 0x0000000716200000| PB 0x0000000716200000| Untracked 
|  91|0x0000000716400000, 0x0000000716400000, 0x0000000716600000|  0%| F|  |TAMS 0x0000000716400000| PB 0x0000000716400000| Untracked 
|  92|0x0000000716600000, 0x0000000716600000, 0x0000000716800000|  0%| F|  |TAMS 0x0000000716600000| PB 0x0000000716600000| Untracked 
|  93|0x0000000716800000, 0x0000000716800000, 0x0000000716a00000|  0%| F|  |TAMS 0x0000000716800000| PB 0x0000000716800000| Untracked 
|  94|0x0000000716a00000, 0x0000000716a00000, 0x0000000716c00000|  0%| F|  |TAMS 0x0000000716a00000| PB 0x0000000716a00000| Untracked 
|  95|0x0000000716c00000, 0x0000000716c00000, 0x0000000716e00000|  0%| F|  |TAMS 0x0000000716c00000| PB 0x0000000716c00000| Untracked 
| 122|0x000000071a200000, 0x000000071a2e6978, 0x000000071a400000| 45%| E|  |TAMS 0x000000071a200000| PB 0x000000071a200000| Complete 

Card table byte_map: [0x000002b0439a0000,0x000002b044150000] _byte_map_base: 0x000002b040149000

Marking Bits: (CMBitMap*) 0x000002b030bb4200
 Bits: [0x000002b044150000, 0x000002b047e98000)

Polling page: 0x000002b02ec80000

Metaspace:

Usage:
  Non-class:     85.44 MB used.
      Class:     10.48 MB used.
       Both:     95.93 MB used.

Virtual space:
  Non-class space:      128.00 MB reserved,      86.31 MB ( 67%) committed,  2 nodes.
      Class space:        1.00 GB reserved,      11.06 MB (  1%) committed,  1 nodes.
             Both:        1.12 GB reserved,      97.38 MB (  8%) committed. 

Chunk freelists:
   Non-Class:  9.11 MB
       Class:  4.92 MB
        Both:  14.03 MB

MaxMetaspaceSize: unlimited
CompressedClassSpaceSize: 1.00 GB
Initial GC threshold: 21.00 MB
Current GC threshold: 160.00 MB
CDS: off
 - commit_granule_bytes: 65536.
 - commit_granule_words: 8192.
 - virtual_space_node_default_size: 8388608.
 - enlarge_chunks_in_place: 1.
 - use_allocation_guard: 0.


Internal statistics:

num_allocs_failed_limit: 6.
num_arena_births: 2196.
num_arena_deaths: 2.
num_vsnodes_births: 3.
num_vsnodes_deaths: 0.
num_space_committed: 1558.
num_space_uncommitted: 0.
num_chunks_returned_to_freelist: 9.
num_chunks_taken_from_freelist: 5300.
num_chunk_merges: 6.
num_chunk_splits: 3681.
num_chunks_enlarged: 2781.
num_inconsistent_stats: 0.

CodeHeap 'non-profiled nmethods': size=120000Kb used=10244Kb max_used=10706Kb free=109756Kb
 bounds [0x000002b03b770000, 0x000002b03c1f0000, 0x000002b042ca0000]
CodeHeap 'profiled nmethods': size=120000Kb used=20361Kb max_used=22776Kb free=99638Kb
 bounds [0x000002b033ca0000, 0x000002b0352e0000, 0x000002b03b1d0000]
CodeHeap 'non-nmethods': size=5760Kb used=4399Kb max_used=4428Kb free=1360Kb
 bounds [0x000002b03b1d0000, 0x000002b03b640000, 0x000002b03b770000]
CodeCache: size=245760Kb, used=35004Kb, max_used=37910Kb, free=210754Kb
 total_blobs=14096, nmethods=10843, adapters=3157, full_count=0
Compilation: enabled, stopped_count=0, restarted_count=0

Compilation events (20 events):
Event: 165.478 Thread 0x000002b04f0f9f70 nmethod 17567 0x000002b03c047b90 code [0x000002b03c047e80, 0x000002b03c049d00]
Event: 165.494 Thread 0x000002b04f122f50 17578       3       kotlinx.coroutines.scheduling.NanoTimeSource::nanoTime (4 bytes)
Event: 165.494 Thread 0x000002b04f122f50 nmethod 17578 0x000002b034485090 code [0x000002b034485240, 0x000002b034485370]
Event: 165.530 Thread 0x000002b04f122f50 17579       1       androidx.compose.animation.ContentTransform::getTargetContentEnter (5 bytes)
Event: 165.530 Thread 0x000002b04f122f50 nmethod 17579 0x000002b03becab10 code [0x000002b03becaca0, 0x000002b03becad70]
Event: 165.531 Thread 0x000002b04f122f50 17580       3       dev.chrisbanes.haze.HazeEffectNodeKt$$Lambda/0x000000080062e6d0::invoke (19 bytes)
Event: 165.532 Thread 0x000002b04f122f50 nmethod 17580 0x000002b03492ab90 code [0x000002b03492ad60, 0x000002b03492b080]
Event: 165.532 Thread 0x000002b04f122f50 17581       3       dev.chrisbanes.haze.HazeEffectNodeKt::detachVisualEffect$lambda$0 (40 bytes)
Event: 165.532 Thread 0x000002b04f122f50 nmethod 17581 0x000002b033e47510 code [0x000002b033e47740, 0x000002b033e47fa0]
Event: 165.532 Thread 0x000002b04f122f50 17582       3       androidx.compose.ui.node.NodeKindKt::autoInvalidateRemovedNode (26 bytes)
Event: 165.532 Thread 0x000002b04f0f9f70 17583       4       androidx.compose.runtime.collection.MutableVector::indexOf (41 bytes)
Event: 165.532 Thread 0x000002b04f122f50 nmethod 17582 0x000002b034e40890 code [0x000002b034e40a40, 0x000002b034e40bf0]
Event: 165.532 Thread 0x000002b04f122f50 17584       3       androidx.compose.ui.input.pointer.HitPathTracker::addHitPath_QJqDSyo$lambda$0 (9 bytes)
Event: 165.533 Thread 0x000002b04f122f50 nmethod 17584 0x000002b03494b290 code [0x000002b03494b460, 0x000002b03494b6f8]
Event: 165.533 Thread 0x000002b04f122f50 17585       3       androidx.compose.foundation.AbstractClickableNode::onDetach (69 bytes)
Event: 165.533 Thread 0x000002b04f122f50 nmethod 17585 0x000002b034978790 code [0x000002b034978960, 0x000002b034978c88]
Event: 165.533 Thread 0x000002b04f122f50 17587       3       androidx.compose.ui.input.pointer.NodeParent::removePointerInputModifierNode (133 bytes)
Event: 165.534 Thread 0x000002b04f122f50 nmethod 17587 0x000002b033d7ec90 code [0x000002b033d7efc0, 0x000002b033d80088]
Event: 165.535 Thread 0x000002b04f0f9f70 nmethod 17583 0x000002b03bb3bb10 code [0x000002b03bb3bca0, 0x000002b03bb3bdf0]
Event: 165.535 Thread 0x000002b04f0f9f70 17586       4       androidx.compose.ui.node.LayoutNode::detach$ui (407 bytes)

GC Heap History (20 events):
Event: 11.707 GC heap before
{Heap before GC invocations=25 (full 0):
 garbage-first heap   total 198656K, used 166644K [0x000000070ae00000, 0x0000000800000000)
  region size 2048K, 50 young (102400K), 6 survivors (12288K)
 Metaspace       used 71475K, committed 72320K, reserved 1114112K
  class space    used 7925K, committed 8256K, reserved 1048576K
}
Event: 11.709 GC heap after
{Heap after GC invocations=26 (full 0):
 garbage-first heap   total 198656K, used 72414K [0x000000070ae00000, 0x0000000800000000)
  region size 2048K, 4 young (8192K), 4 survivors (8192K)
 Metaspace       used 71475K, committed 72320K, reserved 1114112K
  class space    used 7925K, committed 8256K, reserved 1048576K
}
Event: 13.593 GC heap before
{Heap before GC invocations=26 (full 0):
 garbage-first heap   total 198656K, used 166622K [0x000000070ae00000, 0x0000000800000000)
  region size 2048K, 51 young (104448K), 4 survivors (8192K)
 Metaspace       used 71478K, committed 72320K, reserved 1114112K
  class space    used 7925K, committed 8256K, reserved 1048576K
}
Event: 13.594 GC heap after
{Heap after GC invocations=27 (full 0):
 garbage-first heap   total 198656K, used 66372K [0x000000070ae00000, 0x0000000800000000)
  region size 2048K, 1 young (2048K), 1 survivors (2048K)
 Metaspace       used 71478K, committed 72320K, reserved 1114112K
  class space    used 7925K, committed 8256K, reserved 1048576K
}
Event: 63.991 GC heap before
{Heap before GC invocations=27 (full 0):
 garbage-first heap   total 198656K, used 119620K [0x000000070ae00000, 0x0000000800000000)
  region size 2048K, 29 young (59392K), 1 survivors (2048K)
 Metaspace       used 74458K, committed 75328K, reserved 1179648K
  class space    used 8320K, committed 8640K, reserved 1048576K
}
Event: 63.995 GC heap after
{Heap after GC invocations=28 (full 0):
 garbage-first heap   total 198656K, used 68198K [0x000000070ae00000, 0x0000000800000000)
  region size 2048K, 2 young (4096K), 2 survivors (4096K)
 Metaspace       used 74458K, committed 75328K, reserved 1179648K
  class space    used 8320K, committed 8640K, reserved 1048576K
}
Event: 71.102 GC heap before
{Heap before GC invocations=28 (full 0):
 garbage-first heap   total 198656K, used 178790K [0x000000070ae00000, 0x0000000800000000)
  region size 2048K, 55 young (112640K), 2 survivors (4096K)
 Metaspace       used 82123K, committed 83136K, reserved 1179648K
  class space    used 9146K, committed 9536K, reserved 1048576K
}
Event: 71.111 GC heap after
{Heap after GC invocations=29 (full 0):
 garbage-first heap   total 198656K, used 79936K [0x000000070ae00000, 0x0000000800000000)
  region size 2048K, 6 young (12288K), 6 survivors (12288K)
 Metaspace       used 82123K, committed 83136K, reserved 1179648K
  class space    used 9146K, committed 9536K, reserved 1048576K
}
Event: 71.394 GC heap before
{Heap before GC invocations=29 (full 0):
 garbage-first heap   total 198656K, used 174144K [0x000000070ae00000, 0x0000000800000000)
  region size 2048K, 53 young (108544K), 6 survivors (12288K)
 Metaspace       used 85517K, committed 86592K, reserved 1179648K
  class space    used 9515K, committed 9920K, reserved 1048576K
}
Event: 71.407 GC heap after
{Heap after GC invocations=30 (full 0):
 garbage-first heap   total 198656K, used 85279K [0x000000070ae00000, 0x0000000800000000)
  region size 2048K, 4 young (8192K), 4 survivors (8192K)
 Metaspace       used 85517K, committed 86592K, reserved 1179648K
  class space    used 9515K, committed 9920K, reserved 1048576K
}
Event: 91.945 GC heap before
{Heap before GC invocations=31 (full 0):
 garbage-first heap   total 198656K, used 167199K [0x000000070ae00000, 0x0000000800000000)
  region size 2048K, 41 young (83968K), 4 survivors (8192K)
 Metaspace       used 89086K, committed 90176K, reserved 1179648K
  class space    used 9805K, committed 10240K, reserved 1048576K
}
Event: 92.012 GC heap after
{Heap after GC invocations=32 (full 1):
 garbage-first heap   total 198656K, used 83707K [0x000000070ae00000, 0x0000000800000000)
  region size 2048K, 0 young (0K), 0 survivors (0K)
 Metaspace       used 89084K, committed 90176K, reserved 1179648K
  class space    used 9804K, committed 10240K, reserved 1048576K
}
Event: 122.025 GC heap before
{Heap before GC invocations=32 (full 1):
 garbage-first heap   total 198656K, used 161531K [0x000000070ae00000, 0x0000000800000000)
  region size 2048K, 39 young (79872K), 0 survivors (0K)
 Metaspace       used 91901K, committed 93056K, reserved 1179648K
  class space    used 10089K, committed 10560K, reserved 1048576K
}
Event: 122.087 GC heap after
{Heap after GC invocations=33 (full 2):
 garbage-first heap   total 198656K, used 85013K [0x000000070ae00000, 0x0000000800000000)
  region size 2048K, 0 young (0K), 0 survivors (0K)
 Metaspace       used 91901K, committed 93056K, reserved 1179648K
  class space    used 10089K, committed 10560K, reserved 1048576K
}
Event: 133.071 GC heap before
{Heap before GC invocations=33 (full 2):
 garbage-first heap   total 198656K, used 175125K [0x000000070ae00000, 0x0000000800000000)
  region size 2048K, 44 young (90112K), 0 survivors (0K)
 Metaspace       used 93949K, committed 95168K, reserved 1179648K
  class space    used 10284K, committed 10752K, reserved 1048576K
}
Event: 133.079 GC heap after
{Heap after GC invocations=34 (full 2):
 garbage-first heap   total 198656K, used 95679K [0x000000070ae00000, 0x0000000800000000)
  region size 2048K, 6 young (12288K), 6 survivors (12288K)
 Metaspace       used 93949K, committed 95168K, reserved 1179648K
  class space    used 10284K, committed 10752K, reserved 1048576K
}
Event: 149.844 GC heap before
{Heap before GC invocations=35 (full 2):
 garbage-first heap   total 198656K, used 169407K [0x000000070ae00000, 0x0000000800000000)
  region size 2048K, 43 young (88064K), 6 survivors (12288K)
 Metaspace       used 96831K, committed 98240K, reserved 1179648K
  class space    used 10630K, committed 11200K, reserved 1048576K
}
Event: 149.854 GC heap after
{Heap after GC invocations=36 (full 2):
 garbage-first heap   total 198656K, used 98971K [0x000000070ae00000, 0x0000000800000000)
  region size 2048K, 6 young (12288K), 6 survivors (12288K)
 Metaspace       used 96831K, committed 98240K, reserved 1179648K
  class space    used 10630K, committed 11200K, reserved 1048576K
}
Event: 152.088 GC heap before
{Heap before GC invocations=36 (full 2):
 garbage-first heap   total 198656K, used 103067K [0x000000070ae00000, 0x0000000800000000)
  region size 2048K, 9 young (18432K), 6 survivors (12288K)
 Metaspace       used 96883K, committed 98304K, reserved 1179648K
  class space    used 10630K, committed 11200K, reserved 1048576K
}
Event: 152.148 GC heap after
{Heap after GC invocations=37 (full 3):
 garbage-first heap   total 198656K, used 87660K [0x000000070ae00000, 0x0000000800000000)
  region size 2048K, 0 young (0K), 0 survivors (0K)
 Metaspace       used 96883K, committed 98304K, reserved 1179648K
  class space    used 10630K, committed 11200K, reserved 1048576K
}

Dll operation events (3 events):
Event: 0.009 Loaded shared library D:\Program Files\Android\Android Studio1\jbr\bin\java.dll
Event: 0.013 Loaded shared library D:\Program Files\Android\Android Studio1\jbr\bin\zip.dll
Event: 1.194 Loaded shared library D:\Program Files\Android\Android Studio1\jbr\bin\verify.dll

Deoptimization events (20 events):
Event: 164.167 Thread 0x000002b05086d4c0 DEOPT PACKING pc=0x000002b03b78ae20 sp=0x000000db7c3fdee0
Event: 164.167 Thread 0x000002b05086d4c0 DEOPT UNPACKING pc=0x000002b03b224422 sp=0x000000db7c3fde68 mode 2
Event: 164.468 Thread 0x000002b05086d4c0 DEOPT PACKING pc=0x000002b03400273b sp=0x000000db7c3fd860
Event: 164.468 Thread 0x000002b05086d4c0 DEOPT UNPACKING pc=0x000002b03b224bc2 sp=0x000000db7c3fcd68 mode 0
Event: 165.437 Thread 0x000002b05086d4c0 Uncommon trap: trap_request=0xffffff76 fr.pc=0x000002b03bce36f0 relative=0x0000000000000e30
Event: 165.437 Thread 0x000002b05086d4c0 Uncommon trap: reason=predicate action=maybe_recompile pc=0x000002b03bce36f0 method=java.util.TimSort.binarySort([Ljava/lang/Object;IIILjava/util/Comparator;)V @ 34 c2
Event: 165.437 Thread 0x000002b05086d4c0 DEOPT PACKING pc=0x000002b03bce36f0 sp=0x000000db7c3fa370
Event: 165.437 Thread 0x000002b05086d4c0 DEOPT UNPACKING pc=0x000002b03b224422 sp=0x000000db7c3fa330 mode 2
Event: 165.493 Thread 0x000002b00ed72db0 Uncommon trap: trap_request=0xffffffde fr.pc=0x000002b03c07c230 relative=0x00000000000009d0
Event: 165.493 Thread 0x000002b00ed72db0 Uncommon trap: reason=class_check action=maybe_recompile pc=0x000002b03c07c230 method=kotlinx.coroutines.scheduling.WorkQueue.tryStealLastScheduled(ILkotlin/jvm/internal/Ref$ObjectRef;)J @ 8 c2
Event: 165.493 Thread 0x000002b00ed72db0 DEOPT PACKING pc=0x000002b03c07c230 sp=0x000000db7ecfef10
Event: 165.493 Thread 0x000002b00ed72db0 DEOPT UNPACKING pc=0x000002b03b224422 sp=0x000000db7ecfed88 mode 2
Event: 165.494 Thread 0x000002b00ed72db0 Uncommon trap: trap_request=0xffffffde fr.pc=0x000002b03c07c230 relative=0x00000000000009d0
Event: 165.494 Thread 0x000002b00ed72db0 Uncommon trap: reason=class_check action=maybe_recompile pc=0x000002b03c07c230 method=kotlinx.coroutines.scheduling.WorkQueue.tryStealLastScheduled(ILkotlin/jvm/internal/Ref$ObjectRef;)J @ 8 c2
Event: 165.494 Thread 0x000002b00ed72db0 DEOPT PACKING pc=0x000002b03c07c230 sp=0x000000db7ecfef10
Event: 165.494 Thread 0x000002b00ed72db0 DEOPT UNPACKING pc=0x000002b03b224422 sp=0x000000db7ecfed88 mode 2
Event: 165.494 Thread 0x000002b051ff63c0 Uncommon trap: trap_request=0xffffffde fr.pc=0x000002b03c07c250 relative=0x00000000000009f0
Event: 165.494 Thread 0x000002b051ff63c0 Uncommon trap: reason=class_check action=maybe_recompile pc=0x000002b03c07c250 method=kotlinx.coroutines.scheduling.WorkQueue.pollBuffer()Lkotlinx/coroutines/scheduling/Task; @ 51 c2
Event: 165.494 Thread 0x000002b051ff63c0 DEOPT PACKING pc=0x000002b03c07c250 sp=0x000000db7e6fee30
Event: 165.494 Thread 0x000002b051ff63c0 DEOPT UNPACKING pc=0x000002b03b224422 sp=0x000000db7e6fecc8 mode 2

Classes loaded (20 events):
Event: 140.563 Loading class java/lang/WeakPairMap$Pair$Weak$1
Event: 140.563 Loading class java/lang/WeakPairMap$Pair$Weak$1 done
Event: 140.564 Loading class java/lang/reflect/Proxy$ProxyBuilder$ProxyClassContext
Event: 140.564 Loading class java/lang/reflect/Proxy$ProxyBuilder$ProxyClassContext done
Event: 140.564 Loading class java/lang/reflect/ProxyGenerator
Event: 140.565 Loading class java/lang/reflect/ProxyGenerator done
Event: 140.567 Loading class java/lang/reflect/ProxyGenerator$ProxyMethod
Event: 140.568 Loading class java/lang/reflect/ProxyGenerator$ProxyMethod done
Event: 140.569 Loading class java/lang/reflect/ProxyGenerator$PrimitiveTypeInfo
Event: 140.569 Loading class java/lang/reflect/ProxyGenerator$PrimitiveTypeInfo done
Event: 140.570 Loading class jdk/internal/org/objectweb/asm/Edge
Event: 140.570 Loading class jdk/internal/org/objectweb/asm/Edge done
Event: 140.571 Loading class java/lang/reflect/Proxy$ProxyBuilder$1
Event: 140.572 Loading class java/lang/reflect/Proxy$ProxyBuilder$1 done
Event: 140.572 Loading class java/lang/annotation/Target
Event: 140.572 Loading class java/lang/annotation/Target done
Event: 140.574 Loading class java/lang/reflect/UndeclaredThrowableException
Event: 140.574 Loading class java/lang/reflect/UndeclaredThrowableException done
Event: 140.575 Loading class java/lang/Class$AnnotationData
Event: 140.575 Loading class java/lang/Class$AnnotationData done

Classes unloaded (1 events):
Event: 91.969 Thread 0x000002b04ab4e5f0 Unloading class 0x000000080083cc00 'java/lang/invoke/LambdaForm$DMH+0x000000080083cc00'

Classes redefined (0 events):
No events

Internal exceptions (20 events):
Event: 140.657 Thread 0x000002b05086d4c0 Exception <a 'sun/nio/fs/WindowsException'{0x000000071408df28}> (0x000000071408df28) 
thrown [s\src\hotspot\share\prims\jni.cpp, line 537]
Event: 140.657 Thread 0x000002b05086d4c0 Exception <a 'sun/nio/fs/WindowsException'{0x000000071408f7b8}> (0x000000071408f7b8) 
thrown [s\src\hotspot\share\prims\jni.cpp, line 537]
Event: 140.670 Thread 0x000002b05086d4c0 Implicit null exception at 0x000002b03c0206c6 to 0x000002b03c020f14
Event: 142.789 Thread 0x000002b05086d4c0 Implicit null exception at 0x000002b03c16748f to 0x000002b03c168af4
Event: 142.832 Thread 0x000002b00fe70f90 Exception <a 'sun/nio/fs/WindowsException'{0x000000071478dfd0}> (0x000000071478dfd0) 
thrown [s\src\hotspot\share\prims\jni.cpp, line 537]
Event: 142.832 Thread 0x000002b00fe70f90 Exception <a 'sun/nio/fs/WindowsException'{0x000000071478efe8}> (0x000000071478efe8) 
thrown [s\src\hotspot\share\prims\jni.cpp, line 537]
Event: 153.802 Thread 0x000002b05086d4c0 Implicit null exception at 0x000002b03c154df7 to 0x000002b03c154e30
Event: 153.807 Thread 0x000002b05086d4c0 Implicit null exception at 0x000002b03c1852fd to 0x000002b03c185534
Event: 155.540 Thread 0x000002b05086d4c0 Implicit null exception at 0x000002b03be7f179 to 0x000002b03be7f566
Event: 158.679 Thread 0x000002b05086d4c0 Exception <a 'java/lang/NoSuchMethodError'{0x00000007156ae808}: 'java.lang.Object java.lang.invoke.DirectMethodHandle$Holder.invokeStatic(java.lang.Object, java.lang.Object, java.lang.Object, float, float)'> (0x00000007156ae808) 
thrown [s\src\hotspot\share\interpreter\linkResolver.cpp, line 784]
Event: 158.702 Thread 0x000002b05086d4c0 Exception <a 'java/lang/NoSuchMethodError'{0x00000007156d3ad8}: 'java.lang.Object java.lang.invoke.DirectMethodHandle$Holder.invokeStatic(java.lang.Object, java.lang.Object, java.lang.Object, int, int)'> (0x00000007156d3ad8) 
thrown [s\src\hotspot\share\interpreter\linkResolver.cpp, line 784]
Event: 162.129 Thread 0x000002b05086d4c0 Exception <a 'sun/nio/fs/WindowsException'{0x00000007139dd768}> (0x00000007139dd768) 
thrown [s\src\hotspot\share\prims\jni.cpp, line 537]
Event: 162.129 Thread 0x000002b05086d4c0 Exception <a 'sun/nio/fs/WindowsException'{0x00000007139deef0}> (0x00000007139deef0) 
thrown [s\src\hotspot\share\prims\jni.cpp, line 537]
Event: 162.210 Thread 0x000002b05086d4c0 Exception <a 'java/lang/NoSuchMethodError'{0x00000007133c3aa0}: 'java.lang.Object java.lang.invoke.DirectMethodHandle$Holder.newInvokeSpecial(java.lang.Object, java.lang.Object, java.lang.Object, java.lang.Object, java.lang.Object, int, int, int)'> (0x00000007133c3aa0) 
thrown [s\src\hotspot\share\interpreter\linkResolver.cpp, line 784]
Event: 162.219 Thread 0x000002b05086d4c0 Exception <a 'sun/nio/fs/WindowsException'{0x0000000713177ea0}> (0x0000000713177ea0) 
thrown [s\src\hotspot\share\prims\jni.cpp, line 537]
Event: 162.219 Thread 0x000002b05086d4c0 Exception <a 'sun/nio/fs/WindowsException'{0x00000007131799e0}> (0x00000007131799e0) 
thrown [s\src\hotspot\share\prims\jni.cpp, line 537]
Event: 162.221 Thread 0x000002b05086d4c0 Exception <a 'sun/nio/fs/WindowsException'{0x0000000713194c48}> (0x0000000713194c48) 
thrown [s\src\hotspot\share\prims\jni.cpp, line 537]
Event: 162.222 Thread 0x000002b05086d4c0 Exception <a 'sun/nio/fs/WindowsException'{0x0000000713196788}> (0x0000000713196788) 
thrown [s\src\hotspot\share\prims\jni.cpp, line 537]
Event: 165.478 Thread 0x000002b00ed72db0 Exception <a 'sun/nio/fs/WindowsException'{0x00000007129b9178}> (0x00000007129b9178) 
thrown [s\src\hotspot\share\prims\jni.cpp, line 537]
Event: 165.478 Thread 0x000002b00ed72db0 Exception <a 'sun/nio/fs/WindowsException'{0x00000007129ba190}> (0x00000007129ba190) 
thrown [s\src\hotspot\share\prims\jni.cpp, line 537]

ZGC Phase Switch (0 events):
No events

VM Operations (20 events):
Event: 156.180 Executing safepoint VM operation: Cleanup
Event: 156.181 Executing safepoint VM operation: Cleanup done
Event: 157.192 Executing safepoint VM operation: Cleanup
Event: 157.192 Executing safepoint VM operation: Cleanup done
Event: 158.202 Executing safepoint VM operation: Cleanup
Event: 158.202 Executing safepoint VM operation: Cleanup done
Event: 159.209 Executing safepoint VM operation: Cleanup
Event: 159.209 Executing safepoint VM operation: Cleanup done
Event: 160.212 Executing safepoint VM operation: Cleanup
Event: 160.212 Executing safepoint VM operation: Cleanup done
Event: 161.222 Executing safepoint VM operation: Cleanup
Event: 161.222 Executing safepoint VM operation: Cleanup done
Event: 162.231 Executing safepoint VM operation: Cleanup
Event: 162.232 Executing safepoint VM operation: Cleanup done
Event: 163.239 Executing safepoint VM operation: Cleanup
Event: 163.239 Executing safepoint VM operation: Cleanup done
Event: 164.246 Executing safepoint VM operation: Cleanup
Event: 164.246 Executing safepoint VM operation: Cleanup done
Event: 165.257 Executing safepoint VM operation: Cleanup
Event: 165.257 Executing safepoint VM operation: Cleanup done

Memory protections (0 events):
No events

Nmethod flushes (20 events):
Event: 152.122 Thread 0x000002b04ab4e5f0 flushing  nmethod 0x000002b035081810
Event: 152.122 Thread 0x000002b04ab4e5f0 flushing  nmethod 0x000002b035082190
Event: 152.122 Thread 0x000002b04ab4e5f0 flushing  nmethod 0x000002b03509a310
Event: 152.122 Thread 0x000002b04ab4e5f0 flushing  nmethod 0x000002b03509aa10
Event: 152.122 Thread 0x000002b04ab4e5f0 flushing  nmethod 0x000002b0350d8e90
Event: 152.122 Thread 0x000002b04ab4e5f0 flushing  nmethod 0x000002b0350f7c90
Event: 152.122 Thread 0x000002b04ab4e5f0 flushing  nmethod 0x000002b0350f8390
Event: 152.122 Thread 0x000002b04ab4e5f0 flushing  nmethod 0x000002b03512fd10
Event: 152.122 Thread 0x000002b04ab4e5f0 flushing  nmethod 0x000002b035130190
Event: 152.122 Thread 0x000002b04ab4e5f0 flushing  nmethod 0x000002b035130710
Event: 152.122 Thread 0x000002b04ab4e5f0 flushing  nmethod 0x000002b035130e90
Event: 152.122 Thread 0x000002b04ab4e5f0 flushing  nmethod 0x000002b035131d10
Event: 152.122 Thread 0x000002b04ab4e5f0 flushing  nmethod 0x000002b035132510
Event: 152.122 Thread 0x000002b04ab4e5f0 flushing  nmethod 0x000002b035174d90
Event: 152.122 Thread 0x000002b04ab4e5f0 flushing  nmethod 0x000002b035178910
Event: 152.122 Thread 0x000002b04ab4e5f0 flushing  nmethod 0x000002b035191d90
Event: 152.122 Thread 0x000002b04ab4e5f0 flushing  nmethod 0x000002b0351a5190
Event: 152.122 Thread 0x000002b04ab4e5f0 flushing  nmethod 0x000002b0351a5890
Event: 152.122 Thread 0x000002b04ab4e5f0 flushing  nmethod 0x000002b0351f4d90
Event: 152.122 Thread 0x000002b04ab4e5f0 flushing  nmethod 0x000002b0351f5910

Events (20 events):
Event: 115.391 Thread 0x000002b00f0c2930 Thread added: 0x000002b00fe70f90
Event: 115.391 Thread 0x000002b052c8a2c0 Thread added: 0x000002b051ff8490
Event: 115.652 Thread 0x000002b04f122f50 Thread added: 0x000002b013798c90
Event: 115.736 Thread 0x000002b052c8a2c0 Thread added: 0x000002b051ff63c0
Event: 115.736 Thread 0x000002b05086c7a0 Thread added: 0x000002b051ff9ed0
Event: 115.954 Thread 0x000002b013798c90 Thread exited: 0x000002b013798c90
Event: 129.695 Thread 0x000002b04f122f50 Thread added: 0x000002b051583ac0
Event: 130.159 Thread 0x000002b051583ac0 Thread exited: 0x000002b051583ac0
Event: 132.783 Thread 0x000002b013de70b0 Thread exited: 0x000002b013de70b0
Event: 133.080 Thread 0x000002b04f122f50 Thread added: 0x000002b00f80da50
Event: 134.126 Thread 0x000002b00f80da50 Thread exited: 0x000002b00f80da50
Event: 140.560 Thread 0x000002b04f122f50 Thread added: 0x000002b050833010
Event: 141.359 Thread 0x000002b050833010 Thread exited: 0x000002b050833010
Event: 152.245 Thread 0x000002b04f122f50 Thread added: 0x000002b00fb911e0
Event: 152.658 Thread 0x000002b00fb911e0 Thread exited: 0x000002b00fb911e0
Event: 153.760 Thread 0x000002b04f122f50 Thread added: 0x000002b00fb94190
Event: 154.249 Thread 0x000002b00fb94190 Thread exited: 0x000002b00fb94190
Event: 161.201 Thread 0x000002b04f122f50 Thread added: 0x000002b0515863a0
Event: 162.148 Loaded shared library C:\Users\yuzha\AppData\Local\composemediaplayer\native\win32-x86-64\NativeVideoPlayer.dll
Event: 162.899 Thread 0x000002b0515863a0 Thread exited: 0x000002b0515863a0


Dynamic libraries:
0x00007ff67d070000 - 0x00007ff67d07a000 	D:\Program Files\Android\Android Studio1\jbr\bin\java.exe
0x00007ffdbc9c0000 - 0x00007ffdbcc27000 	C:\WINDOWS\SYSTEM32\ntdll.dll
0x00007ffdbae40000 - 0x00007ffdbaf09000 	C:\WINDOWS\System32\KERNEL32.DLL
0x00007ffdb94a0000 - 0x00007ffdb9897000 	C:\WINDOWS\System32\KERNELBASE.dll
0x00007ffdb9ac0000 - 0x00007ffdb9c0b000 	C:\WINDOWS\System32\ucrtbase.dll
0x00007ffd95de0000 - 0x00007ffd95df8000 	D:\Program Files\Android\Android Studio1\jbr\bin\jli.dll
0x00007ffd95e00000 - 0x00007ffd95e1b000 	D:\Program Files\Android\Android Studio1\jbr\bin\VCRUNTIME140.dll
0x00007ffdbb350000 - 0x00007ffdbb516000 	C:\WINDOWS\System32\USER32.dll
0x00007ffd9f9c0000 - 0x00007ffd9fc52000 	C:\WINDOWS\WinSxS\amd64_microsoft.windows.common-controls_6595b64144ccf1df_6.0.26100.8457_none_3e0b2faee331e92d\COMCTL32.dll
0x00007ffdb98a0000 - 0x00007ffdb98c7000 	C:\WINDOWS\System32\win32u.dll
0x00007ffdbbb90000 - 0x00007ffdbbbbb000 	C:\WINDOWS\System32\GDI32.dll
0x00007ffdba800000 - 0x00007ffdba8a9000 	C:\WINDOWS\System32\msvcrt.dll
0x00007ffdb98d0000 - 0x00007ffdb99fc000 	C:\WINDOWS\System32\gdi32full.dll
0x00007ffdb93f0000 - 0x00007ffdb9493000 	C:\WINDOWS\System32\msvcp_win.dll
0x00007ffdba9b0000 - 0x00007ffdba9e2000 	C:\WINDOWS\System32\IMM32.DLL
0x00007ffd95a40000 - 0x00007ffd95a4c000 	D:\Program Files\Android\Android Studio1\jbr\bin\vcruntime140_1.dll
0x00007ffd87300000 - 0x00007ffd8738d000 	D:\Program Files\Android\Android Studio1\jbr\bin\msvcp140.dll
0x00007ffcf39a0000 - 0x00007ffcf4636000 	D:\Program Files\Android\Android Studio1\jbr\bin\server\jvm.dll
0x00007ffdba9f0000 - 0x00007ffdbaaa6000 	C:\WINDOWS\System32\ADVAPI32.dll
0x00007ffdba750000 - 0x00007ffdba7f7000 	C:\WINDOWS\System32\sechost.dll
0x00007ffdbb200000 - 0x00007ffdbb318000 	C:\WINDOWS\System32\RPCRT4.dll
0x00007ffdbb9b0000 - 0x00007ffdbba30000 	C:\WINDOWS\System32\WS2_32.dll
0x00007ffdb90a0000 - 0x00007ffdb90fe000 	C:\WINDOWS\SYSTEM32\POWRPROF.dll
0x00007ffdb2b20000 - 0x00007ffdb2b2b000 	C:\WINDOWS\SYSTEM32\VERSION.dll
0x00007ffdb26e0000 - 0x00007ffdb2716000 	C:\WINDOWS\SYSTEM32\WINMM.dll
0x00007ffdb9080000 - 0x00007ffdb9094000 	C:\WINDOWS\SYSTEM32\UMPDC.dll
0x00007ffdb8180000 - 0x00007ffdb819b000 	C:\WINDOWS\SYSTEM32\kernel.appcore.dll
0x00007ffd95a30000 - 0x00007ffd95a3a000 	D:\Program Files\Android\Android Studio1\jbr\bin\jimage.dll
0x00007ffdb73e0000 - 0x00007ffdb7622000 	C:\WINDOWS\SYSTEM32\DBGHELP.DLL
0x00007ffdbaab0000 - 0x00007ffdbae33000 	C:\WINDOWS\System32\combase.dll
0x00007ffdbbbc0000 - 0x00007ffdbbc99000 	C:\WINDOWS\System32\OLEAUT32.dll
0x00007ffd98e90000 - 0x00007ffd98ecb000 	C:\WINDOWS\SYSTEM32\dbgcore.DLL
0x00007ffdba480000 - 0x00007ffdba528000 	C:\WINDOWS\System32\bcryptPrimitives.dll
0x00007ffd959e0000 - 0x00007ffd959ee000 	D:\Program Files\Android\Android Studio1\jbr\bin\instrument.dll
0x00007ffd959c0000 - 0x00007ffd959e0000 	D:\Program Files\Android\Android Studio1\jbr\bin\java.dll
0x00007ffd95040000 - 0x00007ffd95058000 	D:\Program Files\Android\Android Studio1\jbr\bin\zip.dll
0x00007ffdbc1a0000 - 0x00007ffdbc90e000 	C:\WINDOWS\System32\SHELL32.dll
0x00007ffdb9c10000 - 0x00007ffdba47c000 	C:\WINDOWS\System32\windows.storage.dll
0x00007ffdba8b0000 - 0x00007ffdba9a6000 	C:\WINDOWS\System32\SHCORE.dll
0x00007ffdbc130000 - 0x00007ffdbc196000 	C:\WINDOWS\System32\shlwapi.dll
0x00007ffdb9310000 - 0x00007ffdb9339000 	C:\WINDOWS\SYSTEM32\profapi.dll
0x00007ffd95930000 - 0x00007ffd95940000 	D:\Program Files\Android\Android Studio1\jbr\bin\net.dll
0x00007ffdb3c40000 - 0x00007ffdb3d69000 	C:\WINDOWS\SYSTEM32\WINHTTP.dll
0x00007ffdb86f0000 - 0x00007ffdb875c000 	C:\WINDOWS\system32\mswsock.dll
0x00007ffd938e0000 - 0x00007ffd938f6000 	D:\Program Files\Android\Android Studio1\jbr\bin\nio.dll
0x00007ffdb89d0000 - 0x00007ffdb89eb000 	C:\WINDOWS\SYSTEM32\CRYPTSP.dll
0x00007ffdb80e0000 - 0x00007ffdb8119000 	C:\WINDOWS\system32\rsaenh.dll
0x00007ffdb87a0000 - 0x00007ffdb87d3000 	C:\WINDOWS\SYSTEM32\USERENV.dll
0x00007ffdb92e0000 - 0x00007ffdb930a000 	C:\WINDOWS\SYSTEM32\bcrypt.dll
0x00007ffdb89f0000 - 0x00007ffdb89fc000 	C:\WINDOWS\SYSTEM32\CRYPTBASE.dll
0x00007ffdb7bc0000 - 0x00007ffdb7bf2000 	C:\WINDOWS\SYSTEM32\IPHLPAPI.DLL
0x00007ffdbc120000 - 0x00007ffdbc12a000 	C:\WINDOWS\System32\NSI.dll
0x00007ffd93a50000 - 0x00007ffd93a59000 	D:\Program Files\Android\Android Studio1\jbr\bin\extnet.dll
0x00007ffd95030000 - 0x00007ffd95040000 	D:\Program Files\Android\Android Studio1\jbr\bin\verify.dll
0x00007ffd8eaa0000 - 0x00007ffd8ec39000 	D:\Program Files\Android\Android Studio1\jbr\bin\awt.dll
0x00007ffdb6d90000 - 0x00007ffdb6dbf000 	C:\WINDOWS\SYSTEM32\dwmapi.dll
0x00007ffd8f7f0000 - 0x00007ffd8f834000 	D:\Program Files\Android\Android Studio1\jbr\bin\nvdaControllerClient64.dll
0x00007ffdb0000000 - 0x00007ffdb0076000 	C:\WINDOWS\SYSTEM32\OLEACC.dll
0x00007ffdb6a80000 - 0x00007ffdb6b20000 	C:\WINDOWS\SYSTEM32\apphelp.dll
0x00007ffdb6c60000 - 0x00007ffdb6d0a000 	C:\WINDOWS\system32\uxtheme.dll
0x00007ffdbbe40000 - 0x00007ffdbbf9c000 	C:\WINDOWS\System32\MSCTF.dll
0x00007ffdbbca0000 - 0x00007ffdbbe37000 	C:\WINDOWS\System32\ole32.dll
0x00007ffdb6a50000 - 0x00007ffdb6a79000 	C:\WINDOWS\system32\Wtsapi32.dll
0x00007ffdba5c0000 - 0x00007ffdba738000 	C:\WINDOWS\System32\CRYPT32.dll
0x00007ffdb8420000 - 0x00007ffdb8469000 	C:\WINDOWS\SYSTEM32\SspiCli.dll
0x00007ffdb8c30000 - 0x00007ffdb8c92000 	C:\WINDOWS\SYSTEM32\WINSTA.dll
0x00007ffd236d0000 - 0x00007ffd237df000 	C:\WINDOWS\system32\opengl32.dll
0x00007ffd231a0000 - 0x00007ffd231cd000 	C:\WINDOWS\SYSTEM32\GLU32.dll
0x00007ffdb6e00000 - 0x00007ffdb6e45000 	C:\WINDOWS\SYSTEM32\dxcore.dll
0x00007ffcf2c20000 - 0x00007ffcf3995000 	C:\Users\yuzha\.skiko\skiko-windows-x64-3ce1b2621ce4905333064341568d0e9493efc0d4971a63b096261c774bc6e5a8\skiko-windows-x64.dll
0x00007ffdb4340000 - 0x00007ffdb4446000 	C:\WINDOWS\SYSTEM32\PROPSYS.dll
0x00007ffdb53b0000 - 0x00007ffdb5617000 	C:\WINDOWS\SYSTEM32\dwrite.dll
0x00007ffda58c0000 - 0x00007ffda5a98000 	C:\WINDOWS\WinSxS\amd64_microsoft.windows.gdiplus_6595b64144ccf1df_1.1.26100.8328_none_6ef30b123dc73046\gdiplus.dll
0x00007ffd75b30000 - 0x00007ffd75bb7000 	D:\Program Files\Android\Android Studio1\jbr\bin\freetype.dll
0x00007ffd75520000 - 0x00007ffd75613000 	D:\Program Files\Android\Android Studio1\jbr\bin\fontmanager.dll
0x00007ffdbba40000 - 0x00007ffdbbaee000 	C:\WINDOWS\System32\clbcatq.dll
0x00007ffdb4cf0000 - 0x00007ffdb4f1d000 	C:\WINDOWS\SYSTEM32\WindowsCodecs.dll
0x00007ffd8a4e0000 - 0x00007ffd8a53a000 	C:\WINDOWS\system32\dataexchange.dll
0x00007ffdae1a0000 - 0x00007ffdae3ee000 	C:\WINDOWS\system32\twinapi.appcore.dll
0x00007ffdb28f0000 - 0x00007ffdb28f7000 	D:\Program Files\Android\Android Studio1\jbr\bin\jawt.dll
0x00007ffdb6670000 - 0x00007ffdb67ae000 	C:\WINDOWS\SYSTEM32\Dxgi.dll
0x00007ffdb41d0000 - 0x00007ffdb4231000 	C:\WINDOWS\SYSTEM32\directxdatabasehelper.dll
0x00007ffdb8fd0000 - 0x00007ffdb9021000 	C:\WINDOWS\SYSTEM32\cfgmgr32.dll
0x00007ffd8fe10000 - 0x00007ffd8fe35000 	C:\WINDOWS\SYSTEM32\D3D12.dll
0x00007ffd4cbc0000 - 0x00007ffd4cf18000 	C:\WINDOWS\SYSTEM32\D3D12Core.dll
0x00007ffcd3950000 - 0x00007ffcd7f29000 	C:\WINDOWS\System32\DriverStore\FileRepository\u0416624.inf_amd64_1eae707b82df6d48\B416495\amdxc64.dll
0x00007ffdb02d0000 - 0x00007ffdb0305000 	C:\WINDOWS\SYSTEM32\amdihk64.dll
0x00007ffdb01a0000 - 0x00007ffdb0285000 	C:\WINDOWS\SYSTEM32\D3DSCache.dll
0x00007ffd8a2f0000 - 0x00007ffd8a2f8000 	C:\WINDOWS\system32\wshunix.dll
0x00007ffd960c0000 - 0x00007ffd960c9000 	D:\Program Files\Android\Android Studio1\jbr\bin\prefs.dll
0x00007ffdb7c60000 - 0x00007ffdb7d92000 	C:\WINDOWS\SYSTEM32\DNSAPI.dll
0x00007ffdb2c50000 - 0x00007ffdb2c5b000 	C:\Windows\System32\rasadhlp.dll
0x00007ffdb45f0000 - 0x00007ffdb4676000 	C:\WINDOWS\System32\fwpuclnt.dll
0x00007ffdb5ed0000 - 0x00007ffdb60f2000 	C:\WINDOWS\SYSTEM32\dcomp.dll
0x00007ffdb6880000 - 0x00007ffdb6899000 	C:\WINDOWS\SYSTEM32\Microsoft.Internal.WarpPal.dll
0x00007ffdb4f20000 - 0x00007ffdb539f000 	C:\WINDOWS\SYSTEM32\d3dcompiler_47.dll
0x00007ffda7510000 - 0x00007ffda7656000 	C:\WINDOWS\SYSTEM32\textinputframework.dll
0x00007ffd83870000 - 0x00007ffd838ef000 	C:\WINDOWS\system32\Ninput.dll
0x00007ffd75290000 - 0x00007ffd753f4000 	C:\WINDOWS\SYSTEM32\dxilconv.dll
0x00007ffd937b0000 - 0x00007ffd937c5000 	C:\Users\yuzha\AppData\Local\composemediaplayer\native\win32-x86-64\NativeVideoPlayer.dll
0x00007ffdaee10000 - 0x00007ffdaeea8000 	C:\WINDOWS\SYSTEM32\MF.dll
0x00007ffdb3c30000 - 0x00007ffdb3c3b000 	C:\WINDOWS\SYSTEM32\AVRT.dll
0x00007ffdb2c60000 - 0x00007ffdb2e77000 	C:\WINDOWS\SYSTEM32\MFPlat.DLL
0x00007ffd7d9f0000 - 0x00007ffd7dac5000 	C:\WINDOWS\SYSTEM32\MFReadWrite.dll
0x00007ffdb5c60000 - 0x00007ffdb5ec2000 	C:\WINDOWS\SYSTEM32\d3d11.dll
0x00007ffdb3810000 - 0x00007ffdb3c2a000 	C:\WINDOWS\SYSTEM32\MFCORE.DLL
0x00007ffdb2c10000 - 0x00007ffdb2c4c000 	C:\WINDOWS\SYSTEM32\RTWorkQ.DLL
0x00007ffdb2720000 - 0x00007ffdb28db000 	C:\WINDOWS\System32\DriverStore\FileRepository\u0416624.inf_amd64_1eae707b82df6d48\B416495\aticfx64.dll
0x00007ffdb2470000 - 0x00007ffdb24a9000 	C:\WINDOWS\System32\DriverStore\FileRepository\u0416624.inf_amd64_1eae707b82df6d48\B416495\atiuxp64.dll
0x00007ffdb0440000 - 0x00007ffdb23b2000 	C:\WINDOWS\System32\DriverStore\FileRepository\u0416624.inf_amd64_1eae707b82df6d48\B416495\atidxx64.dll
0x00007ffdbb520000 - 0x00007ffdbb9a7000 	C:\WINDOWS\System32\SETUPAPI.dll
0x00007ffdac620000 - 0x00007ffdac6b9000 	C:\WINDOWS\System32\MMDevApi.dll
0x00007ffdb8fa0000 - 0x00007ffdb8fcd000 	C:\WINDOWS\System32\DEVOBJ.dll
0x00007ffd4ca40000 - 0x00007ffd4cbb1000 	C:\WINDOWS\System32\mfnetsrc.dll
0x00007ffd9abb0000 - 0x00007ffd9ae45000 	C:\WINDOWS\System32\WININET.dll
0x00007ffda1bb0000 - 0x00007ffda1e74000 	C:\WINDOWS\SYSTEM32\iertutil.dll
0x00007ffda4820000 - 0x00007ffda4849000 	C:\WINDOWS\System32\srvcli.dll
0x00007ffdb7b10000 - 0x00007ffdb7b1d000 	C:\WINDOWS\System32\netutils.dll
0x00007ffd4de60000 - 0x00007ffd4df63000 	C:\WINDOWS\System32\mfnetcore.dll
0x00007ffdb6a30000 - 0x00007ffdb6a3d000 	C:\WINDOWS\SYSTEM32\secur32.dll
0x00007ffdb8650000 - 0x00007ffdb86e4000 	C:\WINDOWS\system32\msv1_0.DLL
0x00007ffdb8630000 - 0x00007ffdb8647000 	C:\WINDOWS\SYSTEM32\NtlmShared.dll
0x00007ffdb8090000 - 0x00007ffdb80dd000 	C:\WINDOWS\system32\wdigest.DLL
0x00007ffd8d6b0000 - 0x00007ffd8d76a000 	C:\Windows\System32\Windows.Networking.Connectivity.dll
0x00007ffdb2e80000 - 0x00007ffdb2fea000 	C:\Windows\System32\WinTypes.dll
0x00007ffdb0310000 - 0x00007ffdb0329000 	C:\WINDOWS\System32\npmproxy.dll
0x00007ffdb2640000 - 0x00007ffdb26ce000 	C:\WINDOWS\SYSTEM32\wlanapi.dll
0x00007ffdb24b0000 - 0x00007ffdb24d2000 	C:\WINDOWS\SYSTEM32\MobileNetworking.dll

JVMTI agents:
D:\Gradle\caches\modules-2\files-2.1\org.jetbrains.compose.hot-reload\hot-reload-agent\1.1.1\15bff959a6459c2786e055fba794266fade25ade\hot-reload-agent-1.1.1.jar path:D:\Program Files\Android\Android Studio1\jbr\bin\instrument.dll, loaded, initialized, instrumentlib options:none

dbghelp: loaded successfully - version: 4.0.5 - missing functions: none
symbol engine: initialized successfully - sym options: 0x614 - pdb path: .;D:\Program Files\Android\Android Studio1\jbr\bin;C:\WINDOWS\SYSTEM32;C:\WINDOWS\WinSxS\amd64_microsoft.windows.common-controls_6595b64144ccf1df_6.0.26100.8457_none_3e0b2faee331e92d;D:\Program Files\Android\Android Studio1\jbr\bin\server;C:\Users\yuzha\.skiko\skiko-windows-x64-3ce1b2621ce4905333064341568d0e9493efc0d4971a63b096261c774bc6e5a8;C:\WINDOWS\WinSxS\amd64_microsoft.windows.gdiplus_6595b64144ccf1df_1.1.26100.8328_none_6ef30b123dc73046;C:\WINDOWS\System32\DriverStore\FileRepository\u0416624.inf_amd64_1eae707b82df6d48\B416495;C:\Users\yuzha\AppData\Local\composemediaplayer\native\win32-x86-64

VM Arguments:
jvm_args: -Dcompose.reload.argfile=D:\yuzha\Proyecto_final\Proyecto\Frontend\Maian\standard\build\run\desktopMain\desktopMain.argfile -Dcompose.reload.build.continuous=false -Dcompose.reload.build.warmup=false -Dcompose.reload.buildSystem=Gradle -Dcompose.reload.devToolsClasspath=D:\Gradle\caches\modules-2\files-2.1\org.jetbrains.compose.hot-reload\hot-reload-devtools\1.1.1\bc27016efe338fc35c213cac2349d477adc08095\hot-reload-devtools-1.1.1.jar;D:\Gradle\caches\modules-2\files-2.1\org.jetbrains.compose.hot-reload\hot-reload-devtools-api\1.1.1\78295e7e36c6e1258d87e238865978a1a980da99\hot-reload-devtools-api-1.1.1.jar;D:\Gradle\caches\modules-2\files-2.1\org.jetbrains.compose.hot-reload\hot-reload-orchestration\1.1.1\7b5f9ed6f49115dd0ab30a91bd22214f101d23f\hot-reload-orchestration-1.1.1.jar;D:\Gradle\caches\modules-2\files-2.1\org.jetbrains.compose.hot-reload\hot-reload-core\1.1.1\f31266b5813648696560864a541a2fe784a0a671\hot-reload-core-1.1.1.jar;D:\Gradle\caches\modules-2\files-2.1\org.jetbrains.compose.hot-reload\hot-reload-runtime-api-jvm\1.1.1\61c13a79480c55140cbd9fe1ca651d86efcbee7\hot-reload-runtime-api-jvm-1.1.1.jar;D:\Gradle\caches\modules-2\files-2.1\org.jetbrains.compose.desktop\desktop-jvm\1.10.0\42facd9840309ac4eb841a986c5d1b97d2780471\desktop-jvm-1.10.0.jar;D:\Gradle\caches\modules-2\files-2.1\org.jetbrains.compose.components\components-resources-desktop\1.10.0\c6115b607f77e9d033de360f989850d3824bf112\library-desktop-1.10.0.jar;D:\Gradle\caches\modules-2\files-2.1\io.sellmair\evas-compose-jvm\1.4.0\a89b78f345d4a21a29c295820e4aa931aec1b93b\evas-compose-jvm-1.4.0.jar;D:\Gradle\caches\modules-2\files-2.1\io.sellmair\evas-jvm\1.4.0\3c6955af5c56c65290575b2b998ec166c5079de4\evas-jvm-1.4.0.jar;D:\Gradle\caches\modules-2\files-2.1\org.jetbrains.skiko\skiko-awt-runtime-windows-x64\0.9.37.3\2f9bb0ad1dd10255bea3b0099940b7163bf40da7\skiko-awt-runtime-windows-x64-0.9.37.3.jar;D:\Gradle\caches\modules-2\files-2.1\org.jetbrains.compose.material3\material3-desktop\1.9.0\19004c4eb3dc6618eb66a076bbe3d7e1a2e7b85\material3-desktop-1.9.0.jar;D:\Gradle\caches\modules-2\files-2.1\org.jetbrains.compose.material\material-desktop\1.10.0\63e1c3c6705d111bf84e41110e7729df5b85163e\material-desktop-1.10.0.jar;D:\Gradle\caches\-Dcompose.reload.devToolsDetached=false -Dcompose.reload.devToolsEnabled=true -Dcompose.reload.devToolsHeadless=false -Dcompose.reload.devToolsTransparencyEnabled=true -Dcompose.reload.dirtyResolveDepthLimit=5 -Dcompose.reload.effectsEnabled=true -Dcompose.reload.isActive=true -Dcompose.reload.launchMode=GradleBlocking -Dcompose.reload.logLevel=Info -Dcompose.reload.logStdout=false -Dcompose.reload.mainClass=org.dsqrwym.standard.MainKt -Dcompose.reload.pidFile=D:\yuzha\Proyecto_final\Proyecto\Frontend\Maian\standard\build\run\desktopMain\desktopMain.pid -Dcompose.reload.staticsReinitializeMode=AllDirty -Dcompose.reload.virtualMethodResolveEnabled=true -Dgradle.build.project=:standard -Dgradle.build.root=D:\yuzha\Proyecto_final\Proyecto\Frontend\Maian -Dgradle.build.task=hotReloadDesktopMain -Dgradle.offline.mode=false -Dorg.gradle.java.home=D:\Program Files\Android\Android Studio1\jbr -XX:+IgnoreUnrecognizedVMOptions -XX:+AllowEnhancedClassRedefinition -javaagent:D:\Gradle\caches\modules-2\files-2.1\org.jetbrains.compose.hot-reload\hot-reload-agent\1.1.1\15bff959a6459c2786e055fba794266fade25ade\hot-reload-agent-1.1.1.jar -Dfile.encoding=UTF-8 -Duser.country=CN -Duser.language=zh -Duser.variant 
java_command: org.dsqrwym.standard.MainKt
java_class_path (initial): D:\Gradle\.tmp\gradle-javaexec-classpath16485514930161989699.jar
Launcher Type: SUN_STANDARD

[Global flags]
     bool AllowEnhancedClassRedefinition           = true                                      {product} {command line}
     intx CICompilerCount                          = 4                                         {product} {ergonomic}
     uint ConcGCThreads                            = 3                                         {product} {ergonomic}
     uint G1ConcRefinementThreads                  = 10                                        {product} {ergonomic}
   size_t G1HeapRegionSize                         = 2097152                                   {product} {ergonomic}
    uintx GCDrainStackTargetSize                   = 64                                        {product} {ergonomic}
     bool IgnoreUnrecognizedVMOptions              = true                                      {product} {command line}
   size_t InitialHeapSize                          = 257949696                                 {product} {ergonomic}
   size_t MarkStackSize                            = 4194304                                   {product} {ergonomic}
   size_t MaxHeapSize                              = 4112515072                                {product} {ergonomic}
   size_t MaxNewSize                               = 2466250752                                {product} {ergonomic}
   size_t MinHeapDeltaBytes                        = 2097152                                   {product} {ergonomic}
   size_t MinHeapSize                              = 8388608                                   {product} {ergonomic}
    uintx NonNMethodCodeHeapSize                   = 5839372                                {pd product} {ergonomic}
    uintx NonProfiledCodeHeapSize                  = 122909434                              {pd product} {ergonomic}
    uintx ProfiledCodeHeapSize                     = 122909434                              {pd product} {ergonomic}
    uintx ReservedCodeCacheSize                    = 251658240                              {pd product} {ergonomic}
     bool SegmentedCodeCache                       = true                                      {product} {ergonomic}
   size_t SoftMaxHeapSize                          = 4112515072                             {manageable} {ergonomic}
     bool UseCompressedOops                        = true                           {product lp64_product} {ergonomic}
     bool UseG1GC                                  = true                                      {product} {ergonomic}
     bool UseLargePagesIndividualAllocation        = false                                  {pd product} {ergonomic}

Logging:
Log output configuration:
 #0: stdout all=warning uptime,level,tags foldmultilines=false
 #1: stderr all=off uptime,level,tags foldmultilines=false

Release file:
JAVA_VERSION="21.0.10" 
MODULES="java.base java.compiler java.datatransfer java.xml java.prefs java.desktop java.instrument java.logging java.management java.security.sasl java.naming java.rmi java.management.rmi java.net.http java.scripting java.security.jgss java.transaction.xa java.sql java.sql.rowset java.xml.crypto java.se java.smartcardio jdk.accessibility jdk.internal.jvmstat jdk.attach jdk.charsets jdk.internal.opt jdk.zipfs jdk.compiler jdk.crypto.ec jdk.crypto.cryptoki jdk.dynalink jdk.hotspot.agent jdk.httpserver jdk.internal.ed jdk.internal.le jdk.internal.vm.ci jdk.jartool jdk.javadoc jdk.jcmd jdk.jdeps jdk.jdwp.agent jdk.jdi jdk.jfr jdk.jlink jdk.jsobject jdk.localedata jdk.management jdk.management.agent jdk.management.jfr jdk.naming.dns jdk.naming.rmi jdk.net jdk.sctp jdk.security.auth jdk.security.jgss jdk.unsupported jdk.unsupported.desktop jdk.xml.dom" 
IMPLEMENTOR="JetBrains s.r.o." 
JAVA_RUNTIME_VERSION="21.0.10+-14961533-b1163.108" 
LIBC="default" 
OS_ARCH="x86_64" 
OS_NAME="Windows" 
SOURCE=".:git:1351622c2ff2" 

Environment Variables:
JAVA_HOME=C:\Program Files\Eclipse Adoptium\jdk-21.0.6.7-hotspot\
PATH=C:\Python314\Scripts\;C:\Python314\;C:\Program Files\Eclipse Adoptium\jdk-21.0.6.7-hotspot\bin;C:\Program Files\Eclipse Adoptium\jdk-17.0.14.7-hotspot\bin;C:\Python312\Scripts\;C:\Python312\;C:\Program Files\Eclipse Adoptium\jdk-21.0.6.7-hotspot\\bin;C:\Program Files\Eclipse Adoptium\jdk-21.0.6.7-hotspot\jre\bin;C:\WINDOWS\system32;C:\WINDOWS;C:\WINDOWS\System32\Wbem;C:\WINDOWS\System32\WindowsPowerShell\v1.0\;C:\WINDOWS\System32\OpenSSH\;C:\Program Files\Microsoft SQL Server\150\Tools\Binn\;D:\yuzha\Documents\XIAOMI\platform-tools;C:\ProgramData\chocolatey\bin;C:\Program Files\Git\cmd;D:\Users\sqlite3;D:\Program Files\AutoFirma\AutoFirma;C:\Program Files\dotnet\;C:\Program Files (x86)\cloudflared\;c:\Users\yuzha\AppData\Local\Programs\cursor\resources\app\bin;C:\Program Files\HP\HP One Agent;C:\Program Files (x86)\Windows Kits\10\Windows Performance Toolkit\;D:\Program Files (x86)\WinSCP\;C:\Program Files\Docker\Docker\resources\bin;D:\Program Files\nodejs\;C:\Users\yuzha\AppData\Local\pnpm;C:\Users\yuzha\AppData\Local\Microsoft\WindowsApps;C:\Users\yuzha\AppData\Local\Programs\Microsoft VS Code\bin;C:\Users\yuzha\.dotnet\tools;D:\Program Files\JetBrains\IntelliJ IDEA Community Edition 2024.2.1\bin;D:\Program Files\nodejs\;D:\Program Files\JetBrains\IntelliJ IDEA 2024.2.3\bin;C:\Users\yuzha\AppData\Local\Microsoft\WindowsApps;C:\Users\yuzha\.dotnet\tools;D:\Program Files\JetBrains\PyCharm Community Edition 2024.3.1.1\bin;C:\Users\yuzha\AppData\Local\Programs\Ollama;D:\Program Files\JetBrains\JetBrains Rider 2024.3.5\bin;D:\npm-global;C:\Users\yuzha\.bun\bin;D:\Users\yuzha\AppData\Local\Programs\cursor\resources\app\bin;D:\Program Files\JetBrains\IntelliJ IDEA 2025.3.2\bin;C:\Users\yuzha\AppData\Roaming\npm
USERNAME=yuzha
OS=Windows_NT
PROCESSOR_IDENTIFIER=AMD64 Family 25 Model 80 Stepping 0, AuthenticAMD
TMP=C:\Users\yuzha\AppData\Local\Temp
TEMP=C:\Users\yuzha\AppData\Local\Temp




Periodic native trim disabled

JNI global refs:
JNI global refs: 155, weak refs: 11

JNI global refs memory usage: 2099, weak refs: 833

Process memory usage:
Resident Set Size: 1018356K (6% of 16057404K total physical memory with 583952K free physical memory)

OOME stack traces (most recent first):
Classloader memory used:
Loader jdk.internal.loader.ClassLoaders$AppClassLoader                                 : 67218K
Loader bootstrap                                                                       : 30582K
Loader jdk.internal.loader.ClassLoaders$PlatformClassLoader                            : 407K
Loader jdk.internal.reflect.DelegatingClassLoader                                      : 20488B

---------------  S Y S T E M  ---------------

OS:
 Windows 11 , 64 bit Build 26100 (10.0.26100.8328)
OS uptime: 3 days 13:58 hours
Hyper-V role detected

CPU: total 12 (initial active 12) (12 cores per cpu, 2 threads per core) family 25 model 80 stepping 0 microcode 0xa500014, cx8, cmov, fxsr, ht, mmx, 3dnowpref, sse, sse2, sse3, ssse3, sse4a, sse4.1, sse4.2, popcnt, lzcnt, tsc, tscinvbit, avx, avx2, aes, erms, clmul, bmi1, bmi2, adx, sha, fma, vzeroupper, clflush, clflushopt, hv, rdtscp, rdpid, fsrm, f16c, cet_ss
Processor Information for the first 12 processors :
  Max Mhz: 2000, Current Mhz: 2000, Mhz Limit: 2000

Memory: 4k page, system-wide physical 15681M (568M free)
TotalPageFile size 44042M (AvailPageFile size 8349M)
current process WorkingSet (physical memory assigned to process): 994M, peak: 1003M
current process commit charge ("private bytes"): 1034M, peak: 1045M

vm_info: OpenJDK 64-Bit Server VM (21.0.10+-14961533-b1163.108) for windows-amd64 JRE (21.0.10+-14961533-b1163.108), built on 2026-03-02T19:58:50Z by "builder" with MS VC++ 16.10 / 16.11 (VS2019)

END.
