#
# A fatal error has been detected by the Java Runtime Environment:
#
#  EXCEPTION_ACCESS_VIOLATION (0xc0000005) at pc=0x00007ffd8f8020f9, pid=32688, tid=20972
#
# JRE version: OpenJDK Runtime Environment (21.0.10) (build 21.0.10+-14961533-b1163.108)
# Java VM: OpenJDK 64-Bit Server VM (21.0.10+-14961533-b1163.108, mixed mode, tiered, compressed oops, compressed class ptrs, g1 gc, windows-amd64)
# Problematic frame:
# C  [NativeVideoPlayer.dll+0x20f9]
#
# No core dump will be written. Minidumps are not enabled by default on client versions of Windows
#
# If you would like to submit a bug report, please visit:
#   https://youtrack.jetbrains.com/issues/JBR
# The crash happened outside the Java Virtual Machine in native code.
# See problematic frame for where to report the bug.
#

---------------  S U M M A R Y ------------

Command Line: -Dcompose.reload.argfile=D:\yuzha\Proyecto_final\Proyecto\Frontend\Maian\standard\build\run\desktopMain\desktopMain.argfile -Dcompose.reload.build.continuous=false -Dcompose.reload.build.warmup=false -Dcompose.reload.buildSystem=Gradle -Dcompose.reload.devToolsClasspath=D:\Gradle\caches\modules-2\files-2.1\org.jetbrains.compose.hot-reload\hot-reload-devtools\1.1.1\bc27016efe338fc35c213cac2349d477adc08095\hot-reload-devtools-1.1.1.jar;D:\Gradle\caches\modules-2\files-2.1\org.jetbrains.compose.hot-reload\hot-reload-devtools-api\1.1.1\78295e7e36c6e1258d87e238865978a1a980da99\hot-reload-devtools-api-1.1.1.jar;D:\Gradle\caches\modules-2\files-2.1\org.jetbrains.compose.hot-reload\hot-reload-orchestration\1.1.1\7b5f9ed6f49115dd0ab30a91bd22214f101d23f\hot-reload-orchestration-1.1.1.jar;D:\Gradle\caches\modules-2\files-2.1\org.jetbrains.compose.hot-reload\hot-reload-core\1.1.1\f31266b5813648696560864a541a2fe784a0a671\hot-reload-core-1.1.1.jar;D:\Gradle\caches\modules-2\files-2.1\org.jetbrains.compose.hot-reload\hot-reload-runtime-api-jvm\1.1.1\61c13a79480c55140cbd9fe1ca651d86efcbee7\hot-reload-runtime-api-jvm-1.1.1.jar;D:\Gradle\caches\modules-2\files-2.1\org.jetbrains.compose.desktop\desktop-jvm\1.10.0\42facd9840309ac4eb841a986c5d1b97d2780471\desktop-jvm-1.10.0.jar;D:\Gradle\caches\modules-2\files-2.1\org.jetbrains.compose.components\components-resources-desktop\1.10.0\c6115b607f77e9d033de360f989850d3824bf112\library-desktop-1.10.0.jar;D:\Gradle\caches\modules-2\files-2.1\io.sellmair\evas-compose-jvm\1.4.0\a89b78f345d4a21a29c295820e4aa931aec1b93b\evas-compose-jvm-1.4.0.jar;D:\Gradle\caches\modules-2\files-2.1\io.sellmair\evas-jvm\1.4.0\3c6955af5c56c65290575b2b998ec166c5079de4\evas-jvm-1.4.0.jar;D:\Gradle\caches\modules-2\files-2.1\org.jetbrains.skiko\skiko-awt-runtime-windows-x64\0.9.37.3\2f9bb0ad1dd10255bea3b0099940b7163bf40da7\skiko-awt-runtime-windows-x64-0.9.37.3.jar;D:\Gradle\caches\modules-2\files-2.1\org.jetbrains.compose.material3\material3-desktop\1.9.0\19004c4eb3dc6618eb66a076bbe3d7e1a2e7b85\material3-desktop-1.9.0.jar;D:\Gradle\caches\modules-2\files-2.1\org.jetbrains.compose.material\material-desktop\1.10.0\63e1c3c6705d111bf84e41110e7729df5b85163e\material-desktop-1.10.0.jar;D:\Gradle\caches\-Dcompose.reload.devToolsDetached=false -Dcompose.reload.devToolsEnabled=true -Dcompose.reload.devToolsHeadless=false -Dcompose.reload.devToolsTransparencyEnabled=true -Dcompose.reload.dirtyResolveDepthLimit=5 -Dcompose.reload.effectsEnabled=true -Dcompose.reload.isActive=true -Dcompose.reload.launchMode=GradleBlocking -Dcompose.reload.logLevel=Info -Dcompose.reload.logStdout=false -Dcompose.reload.mainClass=org.dsqrwym.standard.MainKt -Dcompose.reload.pidFile=D:\yuzha\Proyecto_final\Proyecto\Frontend\Maian\standard\build\run\desktopMain\desktopMain.pid -Dcompose.reload.staticsReinitializeMode=AllDirty -Dcompose.reload.virtualMethodResolveEnabled=true -Dgradle.build.project=:standard -Dgradle.build.root=D:\yuzha\Proyecto_final\Proyecto\Frontend\Maian -Dgradle.build.task=hotReloadDesktopMain -Dgradle.offline.mode=false -Dorg.gradle.java.home=D:\Program Files\Android\Android Studio1\jbr -XX:+IgnoreUnrecognizedVMOptions -XX:+AllowEnhancedClassRedefinition -javaagent:D:\Gradle\caches\modules-2\files-2.1\org.jetbrains.compose.hot-reload\hot-reload-agent\1.1.1\15bff959a6459c2786e055fba794266fade25ade\hot-reload-agent-1.1.1.jar -Dfile.encoding=UTF-8 -Duser.country=CN -Duser.language=zh -Duser.variant org.dsqrwym.standard.MainKt

Host: AMD Ryzen 5 7530U with Radeon Graphics         , 12 cores, 15G,  Windows 11 , 64 bit Build 26100 (10.0.26100.8328)
Time: Thu May 14 18:20:57 2026 elapsed time: 104.469389 seconds (0d 0h 1m 44s)

---------------  T H R E A D  ---------------

Current thread (0x000001cc06fa3670):  JavaThread "DefaultDispatcher-worker-7" daemon [_thread_in_native, id=20972, stack(0x000000ca36500000,0x000000ca36600000) (1024K)]

Stack: [0x000000ca36500000,0x000000ca36600000],  sp=0x000000ca365fe9b0,  free space=1018k
Native frames: (J=compiled Java code, j=interpreted, Vv=VM code, C=native code)
C  [NativeVideoPlayer.dll+0x20f9]

Java frames: (J=compiled Java code, j=interpreted, Vv=VM code)
j  io.github.kdroidfilter.composemediaplayer.windows.WindowsNativeBridge.nReadVideoFrame(J[I)Ljava/nio/ByteBuffer;+0
j  io.github.kdroidfilter.composemediaplayer.windows.WindowsNativeBridge.ReadVideoFrame(J[I)Ljava/nio/ByteBuffer;+8
j  io.github.kdroidfilter.composemediaplayer.windows.WindowsVideoPlayerState.processOneFrame(J)Lio/github/kdroidfilter/composemediaplayer/windows/WindowsVideoPlayerState$ProduceOutcome;+10
j  io.github.kdroidfilter.composemediaplayer.windows.WindowsVideoPlayerState.produceFrames(Lkotlin/coroutines/Continuation;)Ljava/lang/Object;+697
j  io.github.kdroidfilter.composemediaplayer.windows.WindowsVideoPlayerState.access$produceFrames(Lio/github/kdroidfilter/composemediaplayer/windows/WindowsVideoPlayerState;Lkotlin/coroutines/Continuation;)Ljava/lang/Object;+2
j  io.github.kdroidfilter.composemediaplayer.windows.WindowsVideoPlayerState$startVideoPipeline$1$1.invokeSuspend(Ljava/lang/Object;)Ljava/lang/Object;+49
J 8857 c2 kotlin.coroutines.jvm.internal.BaseContinuationImpl.resumeWith(Ljava/lang/Object;)V (124 bytes) @ 0x000001cc6fe4ea48 [0x000001cc6fe4e9e0+0x0000000000000068]
J 10305 c2 kotlinx.coroutines.DispatchedTask.run()V (400 bytes) @ 0x000001cc6fefa5f8 [0x000001cc6fefa340+0x00000000000002b8]
J 6664 c1 kotlinx.coroutines.scheduling.CoroutineScheduler.runSafely(Lkotlinx/coroutines/scheduling/Task;)V (73 bytes) @ 0x000001cc681fd7d4 [0x000001cc681fd6c0+0x0000000000000114]
J 6663 c1 kotlinx.coroutines.scheduling.CoroutineScheduler$Worker.executeTask(Lkotlinx/coroutines/scheduling/Task;)V (168 bytes) @ 0x000001cc67defbd4 [0x000001cc67def760+0x0000000000000474]
j  kotlinx.coroutines.scheduling.CoroutineScheduler$Worker.runWorker()V+44
j  kotlinx.coroutines.scheduling.CoroutineScheduler$Worker.run()V+1
v  ~StubRoutines::call_stub 0x000001cc6f2f100d

siginfo: EXCEPTION_ACCESS_VIOLATION (0xc0000005), reading address 0x0000000000000000


Registers:
RAX=0x0000000000000000, RBX=0x0000000000000000, RCX=0x0000000000000000, RDX=0x0000000000000000
RSP=0x000000ca365fe9b0, RBP=0x000000ca365fea69, RSI=0x000001cc4347d7e0, RDI=0x0000000000000000
R8 =0x000000ca365fe808, R9 =0x0000000000000000, R10=0x0000000000000000, R11=0x0000000000000246
R12=0x0000000000000001, R13=0x0000000008092964, R14=0x0000000000000020, R15=0x0000000000000000
RIP=0x00007ffd8f8020f9, EFLAGS=0x0000000000010202

XMM[0]=0x0000000000000000 0x0000000000000000
XMM[1]=0x0000000000000000 0x0000000000000000
XMM[2]=0x0000000000000000 0x0000000000000000
XMM[3]=0x0000000000000000 0x0000000000000000
XMM[4]=0x0000000000000000 0x0000000000000000
XMM[5]=0x0000000000000000 0x0000000000000000
XMM[6]=0x0000000000000000 0xcf3cb8ba3c4c58af
XMM[7]=0x0000000000000000 0xad238b4c40b9116e
XMM[8]=0x8000000000000000 0xc059000000000000
XMM[9]=0x0000000000000000 0x4040aaaaaaaaaaab
XMM[10]=0x0000000000000000 0x40c3880000000000
XMM[11]=0x0000000000000000 0xa641240739ad2931
XMM[12]=0x0000000000000000 0x00000000936c052a
XMM[13]=0x0000000000000000 0x0000000000000000
XMM[14]=0x0000000000000000 0x0000000000000000
XMM[15]=0x0000000000000000 0x0000000000000000
  MXCSR=0x00001fa0


Register to memory mapping:

RAX=0x0 is null
RBX=0x0 is null
RCX=0x0 is null
RDX=0x0 is null
RSP=0x000000ca365fe9b0 is pointing into the stack for thread: 0x000001cc06fa3670
RBP=0x000000ca365fea69 is pointing into the stack for thread: 0x000001cc06fa3670
RSI=0x000001cc4347d7e0 points into unknown readable memory: 0x0000000000000000 | 00 00 00 00 00 00 00 00
RDI=0x0 is null
R8 =0x000000ca365fe808 is pointing into the stack for thread: 0x000001cc06fa3670
R9 =0x0 is null
R10=0x0 is null
R11=0x0000000000000246 is an unknown value
R12=0x0000000000000001 is an unknown value
R13=0x0000000008092964 is an unknown value
R14=0x0000000000000020 is an unknown value
R15=0x0 is null

Top of Stack: (sp=0x000000ca365fe9b0)
0x000000ca365fe9b0:   0000000000000000 000001cc627913c0
0x000000ca365fe9c0:   0000000000000000 000000ca365fea69
0x000000ca365fe9d0:   000000ca365fead0 000000ca365fea00
0x000000ca365fe9e0:   000000ca365feae8 0000000000000000
0x000000ca365fe9f0:   0000000000000000 0000000000000000
0x000000ca365fea00:   0000000000051615 0000000000000000
0x000000ca365fea10:   0000000000000000 00000000000000b8
0x000000ca365fea20:   0000000000000000 0000000000000000
0x000000ca365fea30:   00000000c9f0d3d5 0000000000000000
0x000000ca365fea40:   c97b3155936c052a 0000000000000000
0x000000ca365fea50:   5120ff6c0aa274b1 0000000000000000
0x000000ca365fea60:   ad238b4c40b9116e 0000000000000000
0x000000ca365fea70:   cf3cb8ba3c4c58af 0000000000000000
0x000000ca365fea80:   0000000000000000 000000ca365feba0
0x000000ca365fea90:   000000ca365fec48 000001cc4c51bd90
0x000000ca365feaa0:   000000ca365feb78 0000000000000000
0x000000ca365feab0:   000001cc4347d7e0 000000ca365fec38
0x000000ca365feac0:   000000ca365feb10 00007ffd8f8035f8
0x000000ca365fead0:   00007a9d00000020 000000ca365feb08
0x000000ca365feae0:   000001cc00000001 000001cc42ea54c0
0x000000ca365feaf0:   0000000000000000 0000000000000893
0x000000ca365feb00:   0000000000000138 0000000000000000
0x000000ca365feb10:   000001cc06fa3670 000000ca365fec48
0x000000ca365feb20:   0000000000000000 000001cc06fa3a30
0x000000ca365feb30:   000000ca365fec18 00007ffd8f808014
0x000000ca365feb40:   000001cc4c51bd98 000000ca365fec38
0x000000ca365feb50:   0000000000000138 000001cc6f2fcbdc
0x000000ca365feb60:   000001cc4c51bd98 000001cc4c51bd98
0x000000ca365feb70:   000001cc6f30cb01 0000000000000000
0x000000ca365feb80:   0000000000000893 000001cc6f2fcd6b
0x000000ca365feb90:   0000000000000138 000001cc4c51bd98
0x000000ca365feba0:   000001cc00000000 0000000000000138 

Instructions: (pc=0x00007ffd8f8020f9)
0x00007ffd8f801ff9:   67 e8 81 f2 ff ff 48 8b 08 49 8b c7 48 f7 e9 4c
0x00007ffd8f802009:   8b ea 49 c1 fd 12 49 8b c5 48 c1 e8 3f 4c 03 e8
0x00007ffd8f802019:   44 8b ff 0f 1f 40 00 89 7d 77 89 7d 67 48 89 7d
0x00007ffd8f802029:   97 48 89 7d 7f 48 8b 0e 48 8b 01 48 8d 55 7f 48
0x00007ffd8f802039:   89 54 24 30 48 8d 55 97 48 89 54 24 28 48 8d 55
0x00007ffd8f802049:   67 48 89 54 24 20 4c 8d 4d 77 45 33 c0 ba fc ff
0x00007ffd8f802059:   ff ff ff 50 48 85 c0 0f 88 a5 02 00 00 44 8b 75
0x00007ffd8f802069:   67 41 f6 c6 02 0f 85 8f 02 00 00 41 f6 c6 10 74
0x00007ffd8f802079:   72 48 89 7d 87 48 8d 4d 87 ff 15 b8 90 00 00 85
0x00007ffd8f802089:   c0 78 4c 48 8b 4d 87 48 8b 01 4c 8d 05 d6 94 00
0x00007ffd8f802099:   00 48 8d 15 0f 94 00 00 ff 90 c0 00 00 00 48 8b
0x00007ffd8f8020a9:   4d 87 48 8b 01 4c 8d 05 2b 93 00 00 48 8d 15 04
0x00007ffd8f8020b9:   94 00 00 ff 90 c0 00 00 00 48 8b 0e 48 8b 01 4c
0x00007ffd8f8020c9:   8b 4d 87 45 33 c0 ba fc ff ff ff ff 50 38 90 48
0x00007ffd8f8020d9:   8b 4d 87 48 85 c9 74 0b 48 89 7d 87 48 8b 01 ff
0x00007ffd8f8020e9:   50 10 90 41 f6 c6 20 74 60 48 89 7d 87 48 8b 0e
0x00007ffd8f8020f9:   48 8b 01 4c 8d 45 87 ba fc ff ff ff ff 50 30 85
0x00007ffd8f802109:   c0 78 32 48 8b 4d 87 48 8b 01 4c 8d 45 a7 48 8d
0x00007ffd8f802119:   15 02 94 00 00 ff 50 40 85 c0 78 19 48 8b 4d a7
0x00007ffd8f802129:   48 8b c1 48 c1 e8 20 85 c0 74 0a 85 c9 74 06 89
0x00007ffd8f802139:   46 20 89 4e 24 48 8b 4d 87 48 85 c9 74 0b 48 89
0x00007ffd8f802149:   7d 87 48 8b 01 ff 50 10 90 4c 8b 45 7f 4d 85 c0
0x00007ffd8f802159:   0f 84 9f 01 00 00 48 83 7d 9f 00 0f 85 04 01 00
0x00007ffd8f802169:   00 c6 46 50 01 48 8b 45 97 80 be 80 00 00 00 00
0x00007ffd8f802179:   75 07 48 89 86 f8 00 00 00 48 85 c0 0f 8e da 00
0x00007ffd8f802189:   00 00 0f 57 f6 f2 48 0f 2a f0 f2 41 0f 5e f2 48
0x00007ffd8f802199:   8b ce e8 d0 fb ff ff f2 0f 5c f0 66 44 0f 2f c6
0x00007ffd8f8021a9:   76 5c 41 83 ff 03 7c 30 48 8d 4d b7 e8 c6 f0 ff
0x00007ffd8f8021b9:   ff 48 8b 08 48 b8 db 34 b6 d7 82 de 1b 43 48 f7
0x00007ffd8f8021c9:   e9 48 c1 fa 12 48 8b c2 48 c1 e8 3f 48 03 d0 49
0x00007ffd8f8021d9:   2b d5 48 83 fa 19 77 6f 48 8b 4d 7f 48 85 c9 74
0x00007ffd8f8021e9:   0b 48 89 7d 7f 48 8b 01 ff 50 10 90 41 ff c7 41 


Stack slot to memory mapping:

stack at sp + 0 slots: 0x0 is null
stack at sp + 1 slots: 0x000001cc627913c0 points into unknown readable memory: 0x0000000000000000 | 00 00 00 00 00 00 00 00
stack at sp + 2 slots: 0x0 is null
stack at sp + 3 slots: 0x000000ca365fea69 is pointing into the stack for thread: 0x000001cc06fa3670
stack at sp + 4 slots: 0x000000ca365fead0 is pointing into the stack for thread: 0x000001cc06fa3670
stack at sp + 5 slots: 0x000000ca365fea00 is pointing into the stack for thread: 0x000001cc06fa3670
stack at sp + 6 slots: 0x000000ca365feae8 is pointing into the stack for thread: 0x000001cc06fa3670
stack at sp + 7 slots: 0x0 is null


Compiled method (c2) 104544 8857   !   4       kotlin.coroutines.jvm.internal.BaseContinuationImpl::resumeWith (124 bytes)
 total in heap  [0x000001cc6fe4e810,0x000001cc6fe4f048] = 2104
 relocation     [0x000001cc6fe4e970,0x000001cc6fe4e9d8] = 104
 main code      [0x000001cc6fe4e9e0,0x000001cc6fe4ed60] = 896
 stub code      [0x000001cc6fe4ed60,0x000001cc6fe4ed88] = 40
 oops           [0x000001cc6fe4ed88,0x000001cc6fe4ed90] = 8
 metadata       [0x000001cc6fe4ed90,0x000001cc6fe4ede0] = 80
 scopes data    [0x000001cc6fe4ede0,0x000001cc6fe4eee0] = 256
 scopes pcs     [0x000001cc6fe4eee0,0x000001cc6fe4efa0] = 192
 dependencies   [0x000001cc6fe4efa0,0x000001cc6fe4efb8] = 24
 handler table  [0x000001cc6fe4efb8,0x000001cc6fe4f048] = 144

[Constant Pool (empty)]

[MachCode]
[Entry Point]
  # {method} {0x000001cc00a82bf0} 'resumeWith' '(Ljava/lang/Object;)V' in 'kotlin/coroutines/jvm/internal/BaseContinuationImpl'
  # this:     rdx:rdx   = 'kotlin/coroutines/jvm/internal/BaseContinuationImpl'
  # parm0:    r8:r8     = 'java/lang/Object'
  #           [sp+0x60]  (sp of caller)
  0x000001cc6fe4e9e0: 448b 5208 | 49bb 0000 | 0000 0800 | 0000 4d03 | d349 3bc2 

  0x000001cc6fe4e9f4: ;   {runtime_call ic_miss_stub}
  0x000001cc6fe4e9f4: 0f85 86fd | 4eff 6690 | 0f1f 4000 
[Verified Entry Point]
  0x000001cc6fe4ea00: 8984 2400 | 80ff ff55 | 4883 ec50 | 4181 7f20 | 1800 0000 | 0f85 3c03 | 0000 8b6a | 0c85 ed0f 
  0x000001cc6fe4ea20: 845b 0100 | 004d 8d14 | ec48 8954 | 2420 4c89 | 5424 2848 | 8b54 2420 | 9048 b8ff | ffff ffff 
  0x000001cc6fe4ea40: ;   {virtual_call}
  0x000001cc6fe4ea40: ffff ffe8 

  0x000001cc6fe4ea44: ; ImmutableOopMap {[32]=Oop [40]=Oop }
                      ;*invokevirtual invokeSuspend {reexecute=0 rethrow=0 return_oop=1}
                      ; - kotlin.coroutines.jvm.internal.BaseContinuationImpl::resumeWith@40 (line 34)
  0x000001cc6fe4ea44: a87d 5bff 

  0x000001cc6fe4ea48: ;   {other}
  0x000001cc6fe4ea48: 0f1f 8400 | 3802 0000 

  0x000001cc6fe4ea50: ;   {oop(a 'kotlin/coroutines/intrinsics/CoroutineSingletons'{0x000000070b2233f0})}
  0x000001cc6fe4ea50: 49ba f033 | 220b 0700 | 0000 493b | c20f 8490 | 0000 0048 | 8944 2430 | 488b 5424 | 2048 b8ff 
  0x000001cc6fe4ea70: ffff ffff 

  0x000001cc6fe4ea74: ;   {virtual_call}
  0x000001cc6fe4ea74: ffff ffe8 

  0x000001cc6fe4ea78: ; ImmutableOopMap {[40]=Oop [48]=Oop }
                      ;*invokevirtual releaseIntercepted {reexecute=0 rethrow=0 return_oop=0}
                      ; - kotlin.coroutines.jvm.internal.BaseContinuationImpl::resumeWith@90 (line 40)
  0x000001cc6fe4ea78: 647e 5bff 

  0x000001cc6fe4ea7c: ;   {other}
  0x000001cc6fe4ea7c: 0f1f 8400 | 6c02 0001 | 4c8b 4424 | 2845 8b58 

  0x000001cc6fe4ea8c: ;   {metadata('kotlin/coroutines/jvm/internal/BaseContinuationImpl')}
  0x000001cc6fe4ea8c: 0849 bac0 | 6e10 0008 | 0000 0048 | be00 0000 | 0008 0000 | 0049 03f3 | 4c8b 5e38 | 4d3b da75 
  0x000001cc6fe4eaac: 594d 8b9f 

  0x000001cc6fe4eab0: ; ImmutableOopMap {[40]=Oop [48]=Oop }
                      ;*goto {reexecute=1 rethrow=0 return_oop=0}
                      ; - (reexecute) kotlin.coroutines.jvm.internal.BaseContinuationImpl::resumeWith@121 (line 30)
  0x000001cc6fe4eab0: 5804 0000 

  0x000001cc6fe4eab4: ;   {poll}
  0x000001cc6fe4eab4: 4185 034c 

  0x000001cc6fe4eab8: ;   {metadata('kotlin/coroutines/Continuation')}
  0x000001cc6fe4eab8: 8b56 2048 | b860 cc0d | 0008 0000 | 004c 3bd0 | 7560 4c8b | 5424 2841 | 8b6a 0c85 | ed0f 84c1 
  0x000001cc6fe4ead8: 0000 004d | 8d1c ec4c | 8b44 2430 | 4c89 5424 | 204c 895c | 2428 e940 | ffff ff48 | 83c4 505d 
  0x000001cc6fe4eaf8: ;   {poll_return}
  0x000001cc6fe4eaf8: 493b a750 | 0400 000f | 873b 0200 | 00c3 488b | 5424 284c | 8b44 2430 | 9048 b8e0 | cd63 44cc 
  0x000001cc6fe4eb18: ;   {virtual_call}
  0x000001cc6fe4eb18: 0100 00e8 

  0x000001cc6fe4eb1c: ; ImmutableOopMap {}
                      ;*invokeinterface resumeWith {reexecute=0 rethrow=0 return_oop=0}
                      ; - kotlin.coroutines.jvm.internal.BaseContinuationImpl::resumeWith@114 (line 47)
  0x000001cc6fe4eb1c: f079 5bff 

  0x000001cc6fe4eb20: ;   {other}
  0x000001cc6fe4eb20: 0f1f 8400 | 1003 0003 | ebc9 4833 | ff4c 8b9e | a000 0000 | 498b d348 | c1e2 320f | 8921 0000 
  0x000001cc6fe4eb40: 00f3 480f | b8d2 488b | 5e28 483b | 04d3 7415 | 490f bae3 | 0e73 0b49 

  0x000001cc6fe4eb58: ;   {runtime_call StubRoutines (compiler stubs)}
  0x000001cc6fe4eb58: c1cb 0de8 | b735 51ff | eb03 48ff | c748 85ff | 0f84 5cff | ffff bade 

  0x000001cc6fe4eb70: ;   {runtime_call UncommonTrapBlob}
  0x000001cc6fe4eb70: ffff ffe8 

  0x000001cc6fe4eb74: ; ImmutableOopMap {[40]=Oop [48]=Oop }
                      ;*checkcast {reexecute=0 rethrow=0 return_oop=0}
                      ; - kotlin.coroutines.jvm.internal.BaseContinuationImpl::resumeWith@10 (line 29)
  0x000001cc6fe4eb74: 0858 4fff 

  0x000001cc6fe4eb78: ;   {other}
  0x000001cc6fe4eb78: 0f1f 8400 | 6803 0004 | 4c89 4424 | 2048 8954 | 2428 ba45 

  0x000001cc6fe4eb8c: ;   {runtime_call UncommonTrapBlob}
  0x000001cc6fe4eb8c: ffff ffe8 

  0x000001cc6fe4eb90: ; ImmutableOopMap {rbp=NarrowOop [32]=Oop [40]=Oop }
                      ;*ifnonnull {reexecute=1 rethrow=0 return_oop=0}
                      ; - (reexecute) kotlin.jvm.internal.Intrinsics::checkNotNull@1 (line 24)
                      ; - kotlin.coroutines.jvm.internal.BaseContinuationImpl::resumeWith@31 (line 31)
  0x000001cc6fe4eb90: ec57 4fff 

  0x000001cc6fe4eb94: ;   {other}
  0x000001cc6fe4eb94: 0f1f 8400 | 8403 0005 | ba45 ffff | ff4c 8954 

  0x000001cc6fe4eba4: ;   {runtime_call UncommonTrapBlob}
  0x000001cc6fe4eba4: 2428 90e8 

  0x000001cc6fe4eba8: ; ImmutableOopMap {rbp=NarrowOop [40]=Oop [48]=Oop }
                      ;*ifnonnull {reexecute=1 rethrow=0 return_oop=0}
                      ; - (reexecute) kotlin.jvm.internal.Intrinsics::checkNotNull@1 (line 24)
                      ; - kotlin.coroutines.jvm.internal.BaseContinuationImpl::resumeWith@31 (line 31)
  0x000001cc6fe4eba8: d457 4fff 

  0x000001cc6fe4ebac: ;   {other}
  0x000001cc6fe4ebac: 0f1f 8400 | 9c03 0006 | 498b d749 | ba00 2a15 | fafc 7f00 | 0041 ffd2 

  0x000001cc6fe4ebc4: ;   {other}
  0x000001cc6fe4ebc4: 0f1f 8400 | 0000 0000 | e982 0000 | 0048 8944 | 2430 488b 

  0x000001cc6fe4ebd8: ;   {oop("exception"{0x000000070b193a58})}
  0x000001cc6fe4ebd8: d049 b858 | 3a19 0b07 

  0x000001cc6fe4ebe0: ;   {static_call}
  0x000001cc6fe4ebe0: 0000 00e8 

  0x000001cc6fe4ebe4: ; ImmutableOopMap {[32]=Oop [40]=Oop [48]=Oop }
                      ;*invokestatic checkNotNullParameter {reexecute=0 rethrow=0 return_oop=0}
                      ; - kotlin.ResultKt::createFailure@3
                      ; - kotlin.coroutines.jvm.internal.BaseContinuationImpl::resumeWith@76 (line 38)
  0x000001cc6fe4ebe4: 3811 acff 

  0x000001cc6fe4ebe8: ;   {other}
  0x000001cc6fe4ebe8: 0f1f 8400 | d803 0007 | 498b 87b8 | 0100 004c | 8bd0 4983 | c210 4d3b | 97c8 0100 | 000f 83fe 
  0x000001cc6fe4ec08: 0000 004d | 8997 b801 | 0000 410f | 1882 0001 | 0000 48c7 | 0001 0000 

  0x000001cc6fe4ec20: ;   {metadata('kotlin/Result$Failure')}
  0x000001cc6fe4ec20: 00c7 4008 | b8d3 1000 | 4489 600c | 488b e848 | 8b54 2430 

  0x000001cc6fe4ec34: ;   {oop("exception"{0x000000070b193a58})}
  0x000001cc6fe4ec34: 49b8 583a | 190b 0700 

  0x000001cc6fe4ec3c: ;   {static_call}
  0x000001cc6fe4ec3c: 0000 90e8 

  0x000001cc6fe4ec40: ; ImmutableOopMap {rbp=Oop [32]=Oop [40]=Oop [48]=Oop }
                      ;*invokestatic checkNotNullParameter {reexecute=0 rethrow=0 return_oop=0}
                      ; - kotlin.Result$Failure::<init>@3
                      ; - kotlin.ResultKt::createFailure@11 (line 122)
                      ; - kotlin.coroutines.jvm.internal.BaseContinuationImpl::resumeWith@76 (line 38)
  0x000001cc6fe4ec40: dc10 acff 

  0x000001cc6fe4ec44: ;   {other}
  0x000001cc6fe4ec44: 0f1f 8400 | 3404 0008 | 4180 7f40 | 0075 3f4c | 8bd5 4c8b | 5c24 304d | 8bc3 49c1 | e803 4489 
  0x000001cc6fe4ec64: 450c 4d33 | da49 c1eb | 154d 85db | 7416 49c1 | ea09 48b9 | 0090 2674 | cc01 0000 | 4903 ca80 
  0x000001cc6fe4ec84: 3902 753a | 4889 6c24 | 30e9 d6fd | ffff 448b | 550c 4585 | d274 b84d | 8b5f 2849 | 8bca 48c1 
  0x000001cc6fe4eca4: e103 4d85 | db0f 8405 | ffff ff4d | 8b57 384b | 894c 1af8 | 4983 c3f8 | 4d89 5f28 | eb91 4d8b 
  0x000001cc6fe4ecc4: 5758 4d8b | 5f48 f083 | 4424 c000 | 8039 0074 | b344 8821 | 4d85 db75 | 1a49 8bd7 | 49ba e029 
  0x000001cc6fe4ece4: 15fa fc7f | 0000 41ff 

  0x000001cc6fe4ecec: ;   {other}
  0x000001cc6fe4ecec: d20f 1f84 | 0000 0000 | 00eb 914b | 894c 1af8 | 4983 c3f8 | 4d89 5f48 | e97f ffff 

  0x000001cc6fe4ed08: ;   {metadata('kotlin/Result$Failure')}
  0x000001cc6fe4ed08: ff48 bab8 | d310 0008 

  0x000001cc6fe4ed10: ;   {runtime_call _new_instance_Java}
  0x000001cc6fe4ed10: 0000 00e8 

  0x000001cc6fe4ed14: ; ImmutableOopMap {[32]=Oop [40]=Oop [48]=Oop }
                      ;*new {reexecute=0 rethrow=0 return_oop=1}
                      ; - kotlin.ResultKt::createFailure@6 (line 122)
                      ; - kotlin.coroutines.jvm.internal.BaseContinuationImpl::resumeWith@76 (line 38)
  0x000001cc6fe4ed14: e817 5bff 

  0x000001cc6fe4ed18: ;   {other}
  0x000001cc6fe4ed18: 0f1f 8400 | 0805 0009 | e907 ffff | ffeb 02eb | 0048 8bd0 | eb08 488b | d0eb 0348 | 8bd0 4883 
  0x000001cc6fe4ed38: ;   {runtime_call _rethrow_Java}
  0x000001cc6fe4ed38: c450 5de9 | 402a 5bff 

  0x000001cc6fe4ed40: ;   {internal_word}
  0x000001cc6fe4ed40: 49ba f8ea | e46f cc01 | 0000 4d89 | 9768 0400 

  0x000001cc6fe4ed50: ;   {runtime_call SafepointBlob}
  0x000001cc6fe4ed50: 00e9 2a67 

  0x000001cc6fe4ed54: ;   {runtime_call StubRoutines (final stubs)}
  0x000001cc6fe4ed54: 4fff e885 | c54d ffe9 | bafc ffff 
[Stub Code]
  0x000001cc6fe4ed60: ;   {no_reloc}
  0x000001cc6fe4ed60: 48bb 0000 | 0000 0000 

  0x000001cc6fe4ed68: ;   {runtime_call nmethod}
  0x000001cc6fe4ed68: 0000 e9fb 

  0x000001cc6fe4ed6c: ;   {runtime_call ExceptionBlob}
  0x000001cc6fe4ed6c: ffff ffe9 | 8cde 5aff 
[Deopt Handler Code]
  0x000001cc6fe4ed74: e800 0000 | 0048 832c 

  0x000001cc6fe4ed7c: ;   {runtime_call DeoptimizationBlob}
  0x000001cc6fe4ed7c: 2405 e99d | 594f fff4 | f4f4 f4f4 
[/MachCode]


Compiled method (c2) 104552 10305   !   4       kotlinx.coroutines.DispatchedTask::run (400 bytes)
 total in heap  [0x000001cc6fef9f90,0x000001cc6fefc5b8] = 9768
 relocation     [0x000001cc6fefa0f0,0x000001cc6fefa330] = 576
 main code      [0x000001cc6fefa340,0x000001cc6fefb2d8] = 3992
 stub code      [0x000001cc6fefb2d8,0x000001cc6fefb3b0] = 216
 oops           [0x000001cc6fefb3b0,0x000001cc6fefb3e0] = 48
 metadata       [0x000001cc6fefb3e0,0x000001cc6fefb520] = 320
 scopes data    [0x000001cc6fefb520,0x000001cc6fefbe20] = 2304
 scopes pcs     [0x000001cc6fefbe20,0x000001cc6fefc1f0] = 976
 dependencies   [0x000001cc6fefc1f0,0x000001cc6fefc238] = 72
 handler table  [0x000001cc6fefc238,0x000001cc6fefc568] = 816
 nul chk table  [0x000001cc6fefc568,0x000001cc6fefc5b8] = 80

[Constant Pool (empty)]

[MachCode]
[Entry Point]
  # {method} {0x000001cc00ad5c48} 'run' '()V' in 'kotlinx/coroutines/DispatchedTask'
  #           [sp+0x90]  (sp of caller)
  0x000001cc6fefa340: 448b 5208 | 49bb 0000 | 0000 0800 | 0000 4d03 | d349 3bc2 

  0x000001cc6fefa354: ;   {runtime_call ic_miss_stub}
  0x000001cc6fefa354: 0f85 2644 | 44ff 6690 | 0f1f 4000 
[Verified Entry Point]
  0x000001cc6fefa360: 8984 2400 | 80ff ff55 | 4881 ec80 | 0000 0090 | 4181 7f20 | 1800 0000 | 0f85 4a0f | 0000 4889 
  0x000001cc6fefa380: 5424 2066 | 9048 b8ff | ffff ffff 

  0x000001cc6fefa38c: ;   {virtual_call}
  0x000001cc6fefa38c: ffff ffe8 

  0x000001cc6fefa390: ; ImmutableOopMap {[32]=Oop }
                      ;*invokevirtual getDelegate$kotlinx_coroutines_core {reexecute=0 rethrow=0 return_oop=1}
                      ; - kotlinx.coroutines.DispatchedTask::run@34 (line 80)
  0x000001cc6fefa390: 4cc5 50ff 

  0x000001cc6fefa394: ;   {other}
  0x000001cc6fefa394: 0f1f 8400 | 0404 0000 

  0x000001cc6fefa39c: ; implicit exception: dispatches to 0x000001cc6fefaf98
  0x000001cc6fefa39c: 448b 5008 

  0x000001cc6fefa3a0: ;   {metadata('kotlinx/coroutines/internal/DispatchedContinuation')}
  0x000001cc6fefa3a0: 4181 fa38 | a011 000f | 85b7 0a00 | 0044 8b50 | 2044 8954 | 2428 8b68 | 2849 8bd2 | 48c1 e203 
  0x000001cc6fefa3c0: 9048 b850 | e72e 50cc 

  0x000001cc6fefa3c8: ;   {virtual_call}
  0x000001cc6fefa3c8: 0100 00e8 

  0x000001cc6fefa3cc: ; ImmutableOopMap {rbp=NarrowOop [32]=Oop [40]=NarrowOop }
                      ;*invokeinterface getContext {reexecute=0 rethrow=0 return_oop=1}
                      ; - kotlinx.coroutines.DispatchedTask::run@64 (line 222)
  0x000001cc6fefa3cc: 70c7 50ff 

  0x000001cc6fefa3d0: ;   {other}
  0x000001cc6fefa3d0: 0f1f 8400 | 4004 0001 | 4889 4424 | 3085 ed0f | 8464 0400 | 004d 8d04 | ec44 8b54 | 2428 4f8d 
  0x000001cc6fefa3f0: ;   {oop(a 'java/lang/Integer'{0x000000070b245dc0} = 0)}
  0x000001cc6fefa3f0: 0cd4 49ba | c05d 240b | 0700 0000 | 4d3b c20f | 85c7 0600 

  0x000001cc6fefa404: ;   {oop(a 'kotlinx/coroutines/internal/Symbol'{0x000000070b807f70})}
  0x000001cc6fefa404: 0049 bb70 | 7f80 0b07 | 0000 0045 | 33d2 4c89 | 5424 484c | 895c 2440 | 4c89 4c24 | 3849 8bd1 
  0x000001cc6fefa424: 9048 b880 | ea2e 50cc 

  0x000001cc6fefa42c: ;   {virtual_call}
  0x000001cc6fefa42c: 0100 00e8 

  0x000001cc6fefa430: ; ImmutableOopMap {[32]=Oop [40]=NarrowOop [48]=Oop [56]=Oop [64]=Oop [72]=Oop }
                      ;*invokeinterface getContext {reexecute=0 rethrow=0 return_oop=1}
                      ; - kotlinx.coroutines.DispatchedTask::run@107 (line 83)
  0x000001cc6fefa430: 0cc7 50ff 

  0x000001cc6fefa434: ;   {other}
  0x000001cc6fefa434: 0f1f 8400 | a404 0002 | 488b e848 | 8b54 2420 | 9048 b8ff | ffff ffff 

  0x000001cc6fefa44c: ;   {virtual_call}
  0x000001cc6fefa44c: ffff ffe8 

  0x000001cc6fefa450: ; ImmutableOopMap {rbp=Oop [32]=Oop [40]=NarrowOop [48]=Oop [56]=Oop [64]=Oop [72]=Oop }
                      ;*invokevirtual takeState$kotlinx_coroutines_core {reexecute=0 rethrow=0 return_oop=1}
                      ; - kotlinx.coroutines.DispatchedTask::run@115 (line 84)
  0x000001cc6fefa450: 2cc4 50ff 

  0x000001cc6fefa454: ;   {other}
  0x000001cc6fefa454: 0f1f 8400 | c404 0003 | 4889 4424 | 5048 8b54 | 2420 4c8b | c048 b8ff | ffff ffff 

  0x000001cc6fefa470: ;   {virtual_call}
  0x000001cc6fefa470: ffff ffe8 

  0x000001cc6fefa474: ; ImmutableOopMap {rbp=Oop [32]=Oop [40]=NarrowOop [48]=Oop [56]=Oop [64]=Oop [72]=Oop [80]=Oop }
                      ;*invokevirtual getExceptionalResult$kotlinx_coroutines_core {reexecute=0 rethrow=0 return_oop=1}
                      ; - kotlinx.coroutines.DispatchedTask::run@123 (line 85)
  0x000001cc6fefa474: 78c3 50ff 

  0x000001cc6fefa478: ;   {other}
  0x000001cc6fefa478: 0f1f 8400 | e804 0004 | 4885 c00f | 85cf 0400 | 004c 8b44 | 2420 458b | 5818 4183 | fb01 0f85 
  0x000001cc6fefa498: 2802 0000 | 4c8b dd45 

  0x000001cc6fefa4a0: ;   {metadata('kotlin/coroutines/CombinedContext')}
  0x000001cc6fefa4a0: 8b53 0841 | 81fa b8a1 | 1000 0f85 | e504 0000 | 448b 5510 | 498b d248 

  0x000001cc6fefa4b8: ;   {oop(a 'kotlinx/coroutines/Job$Key'{0x000000070b5eea38})}
  0x000001cc6fefa4b8: c1e2 0349 | b838 ea5e | 0b07 0000 | 0048 b8f0 | d65c 50cc 

  0x000001cc6fefa4cc: ;   {virtual_call}
  0x000001cc6fefa4cc: 0100 00e8 

  0x000001cc6fefa4d0: ; ImmutableOopMap {rbp=Oop [32]=Oop [40]=NarrowOop [48]=Oop [56]=Oop [64]=Oop [72]=Oop [80]=Oop }
                      ;*invokeinterface get {reexecute=0 rethrow=0 return_oop=1}
                      ; - kotlin.coroutines.CombinedContext::get@14 (line 122)
                      ; - kotlinx.coroutines.DispatchedTask::run@151 (line 91)
  0x000001cc6fefa4d0: 6cc6 50ff 

  0x000001cc6fefa4d4: ;   {other}
  0x000001cc6fefa4d4: 0f1f 8400 | 4405 0005 | 4c8b d048 | 85c0 0f85 | 7f00 0000 | 0f1f 8400 | 0000 0000 | 448b 5d0c 
  0x000001cc6fefa4f4: ; implicit exception: dispatches to 0x000001cc6fefaef4
  0x000001cc6fefa4f4: 478b 54dc | 084b 8d14 

  0x000001cc6fefa4fc: ;   {metadata('kotlin/coroutines/CombinedContext')}
  0x000001cc6fefa4fc: dc41 81fa | b8a1 1000 | 753c 488b | ea44 8b5d | 1049 8bd3 | 48c1 e203 

  0x000001cc6fefa514: ;   {oop(a 'kotlinx/coroutines/Job$Key'{0x000000070b5eea38})}
  0x000001cc6fefa514: 49b8 38ea | 5e0b 0700 | 0000 6666 | 9048 b8b0 | fb5c 50cc 

  0x000001cc6fefa528: ;   {virtual_call}
  0x000001cc6fefa528: 0100 00e8 

  0x000001cc6fefa52c: ; ImmutableOopMap {rbp=Oop [32]=Oop [40]=NarrowOop [48]=Oop [56]=Oop [64]=Oop [72]=Oop [80]=Oop }
                      ;*invokeinterface get {reexecute=0 rethrow=0 return_oop=1}
                      ; - kotlin.coroutines.CombinedContext::get@14 (line 122)
                      ; - kotlinx.coroutines.DispatchedTask::run@151 (line 91)
  0x000001cc6fefa52c: 10c6 50ff 

  0x000001cc6fefa530: ;   {other}
  0x000001cc6fefa530: 0f1f 8400 | a005 0006 | 4c8b d048 | 85c0 74b0 

  0x000001cc6fefa540: ;   {oop(a 'kotlinx/coroutines/Job$Key'{0x000000070b5eea38})}
  0x000001cc6fefa540: eb25 49b8 | 38ea 5e0b | 0700 0000 | 9048 b840 | db5c 50cc 

  0x000001cc6fefa554: ;   {virtual_call}
  0x000001cc6fefa554: 0100 00e8 

  0x000001cc6fefa558: ; ImmutableOopMap {[32]=Oop [40]=NarrowOop [48]=Oop [56]=Oop [64]=Oop [72]=Oop [80]=Oop }
                      ;*invokeinterface get {reexecute=0 rethrow=0 return_oop=1}
                      ; - kotlin.coroutines.CombinedContext::get@55 (line 127)
                      ; - kotlinx.coroutines.DispatchedTask::run@151 (line 91)
  0x000001cc6fefa558: e4c5 50ff 

  0x000001cc6fefa55c: ;   {other}
  0x000001cc6fefa55c: 0f1f 8400 | cc05 0007 | 4c8b d045 

  0x000001cc6fefa568: ;   {metadata('kotlinx/coroutines/Job')}
  0x000001cc6fefa568: 8b42 0848 | b848 4b11 | 0008 0000 | 0048 be00 | 0000 0008 | 0000 0049 | 03f0 4c8b | 5e20 4c3b 
  0x000001cc6fefa588: d80f 85ad | 0000 0049 | 8bea 498b | d248 b8d0 | db5c 50cc 

  0x000001cc6fefa59c: ;   {virtual_call}
  0x000001cc6fefa59c: 0100 00e8 

  0x000001cc6fefa5a0: ; ImmutableOopMap {rbp=Oop [32]=Oop [40]=NarrowOop [48]=Oop [56]=Oop [64]=Oop [72]=Oop [80]=Oop }
                      ;*invokeinterface isActive {reexecute=0 rethrow=0 return_oop=0}
                      ; - kotlinx.coroutines.DispatchedTask::run@172 (line 92)
  0x000001cc6fefa5a0: 9c57 57ff 

  0x000001cc6fefa5a4: ;   {other}
  0x000001cc6fefa5a4: 0f1f 8400 | 1406 0008 | 85c0 0f84 | 1f01 0000 | 4c8b 4424 | 204c 8944 | 2420 498b | d04c 8b44 
  0x000001cc6fefa5c4: 2450 6666 | 9048 b8ff | ffff ffff 

  0x000001cc6fefa5d0: ;   {virtual_call}
  0x000001cc6fefa5d0: ffff ffe8 

  0x000001cc6fefa5d4: ; ImmutableOopMap {[32]=Oop [40]=NarrowOop [48]=Oop [56]=Oop [64]=Oop [72]=Oop }
                      ;*invokevirtual getSuccessfulResult$kotlinx_coroutines_core {reexecute=0 rethrow=0 return_oop=1}
                      ; - kotlinx.coroutines.DispatchedTask::run@308 (line 100)
  0x000001cc6fefa5d4: 20c6 50ff 

  0x000001cc6fefa5d8: ;   {other}
  0x000001cc6fefa5d8: 0f1f 8400 | 4806 0009 | 488b 5424 | 384c 8bc0 | 9048 b8b0 | ed2e 50cc 

  0x000001cc6fefa5f0: ;   {virtual_call}
  0x000001cc6fefa5f0: 0100 00e8 

  0x000001cc6fefa5f4: ; ImmutableOopMap {[32]=Oop [48]=Oop [64]=Oop [72]=Oop }
                      ;*invokeinterface resumeWith {reexecute=0 rethrow=0 return_oop=0}
                      ; - kotlinx.coroutines.DispatchedTask::run@314 (line 100)
  0x000001cc6fefa5f4: 18bf 50ff 

  0x000001cc6fefa5f8: ;   {other}
  0x000001cc6fefa5f8: 0f1f 8400 | 6806 000a | 4c8b 5424 | 484d 85d2 | 0f85 fe06 | 0000 488b 

  0x000001cc6fefa610: ;   {oop(a 'kotlinx/coroutines/internal/Symbol'{0x000000070b807f70})}
  0x000001cc6fefa610: 6c24 4049 | ba70 7f80 | 0b07 0000 | 0049 3bea | 0f85 1f05 | 0000 4881 | c480 0000 

  0x000001cc6fefa62c: ;   {poll_return}
  0x000001cc6fefa62c: 005d 493b | a750 0400 | 000f 8777 | 0c00 00c3 | 4833 ff4c | 8b9e a000 | 0000 498b | d348 c1e2 
  0x000001cc6fefa64c: 230f 8921 | 0000 00f3 | 480f b8d2 | 488b 5e28 | 483b 04d3 | 7415 490f | bae3 1d73 | 0b49 c1cb 
  0x000001cc6fefa66c: ;   {runtime_call StubRoutines (compiler stubs)}
  0x000001cc6fefa66c: 1ce8 a57a | 46ff eb03 | 48ff c748 | 85ff 0f84 | 0fff ffff | bade ffff | ff48 8b6c | 2420 448b 
  0x000001cc6fefa68c: 4424 2844 | 8944 2420 | 48ff 7424 | 3048 8f44 | 2428 4c8b | 5c24 404c | 895c 2430 | 4c8b 5c24 
  0x000001cc6fefa6ac: 484c 895c | 2438 4c89 

  0x000001cc6fefa6b4: ;   {runtime_call UncommonTrapBlob}
  0x000001cc6fefa6b4: 5424 48e8 

  0x000001cc6fefa6b8: ; ImmutableOopMap {rbp=Oop [32]=NarrowOop [40]=Oop [48]=Oop [56]=Oop [72]=Oop [80]=Oop }
                      ;*checkcast {reexecute=0 rethrow=0 return_oop=0}
                      ; - kotlinx.coroutines.DispatchedTask::run@156 (line 91)
  0x000001cc6fefa6b8: c49c 44ff 

  0x000001cc6fefa6bc: ;   {other}
  0x000001cc6fefa6bc: 0f1f 8400 | 2c07 000b | 4183 fb02 | 0f84 cefd | ffff e9e6 | feff ff4c | 8bcd 458b 

  0x000001cc6fefa6d8: ;   {metadata('kotlinx/coroutines/JobSupport')}
  0x000001cc6fefa6d8: 5108 49bb | 3002 2000 | 0800 0000 | 49b8 0000 | 0000 0800 | 0000 4d03 | c24d 8b50 | 384d 3bd3 
  0x000001cc6fefa6f8: 0f85 3606 | 0000 498b | d148 8b6c 

  0x000001cc6fefa704: ;   {optimized virtual_call}
  0x000001cc6fefa704: 2420 90e8 

  0x000001cc6fefa708: ; ImmutableOopMap {rbp=Oop [32]=Oop [40]=NarrowOop [48]=Oop [56]=Oop [64]=Oop [72]=Oop [80]=Oop }
                      ;*invokeinterface getCancellationException {reexecute=0 rethrow=0 return_oop=1}
                      ; - kotlinx.coroutines.DispatchedTask::run@182 (line 93)
  0x000001cc6fefa708: b40c 1af9 

  0x000001cc6fefa70c: ;   {other}
  0x000001cc6fefa70c: 0f1f 8400 | 7c07 000c | 4889 4424 | 584c 8bd5 | 458b 5a08 

  0x000001cc6fefa720: ;   {metadata('kotlinx/coroutines/CancellableContinuationImpl')}
  0x000001cc6fefa720: 4181 fbc0 | 5d11 000f | 85b3 0200 | 0049 8bd2 | 4c8b 4424 | 504c 8bc8 

  0x000001cc6fefa738: ;   {optimized virtual_call}
  0x000001cc6fefa738: 498b eae8 

  0x000001cc6fefa73c: ; ImmutableOopMap {rbp=Oop [32]=Oop [40]=NarrowOop [48]=Oop [56]=Oop [64]=Oop [72]=Oop [88]=Oop }
                      ;*invokevirtual cancelCompletedResult$kotlinx_coroutines_core {reexecute=0 rethrow=0 return_oop=0}
                      ; - kotlinx.coroutines.DispatchedTask::run@197 (line 94)
  0x000001cc6fefa73c: e02e 47f9 

  0x000001cc6fefa740: ;   {other}
  0x000001cc6fefa740: 0f1f 8400 | b007 000d | 4c8b 5424 | 2049 8bea | 4c89 5424 | 2048 8b54 

  0x000001cc6fefa758: ;   {oop("exception"{0x000000070b193a58})}
  0x000001cc6fefa758: 2458 49b8 | 583a 190b | 0700 0000 

  0x000001cc6fefa764: ;   {static_call}
  0x000001cc6fefa764: 6666 90e8 

  0x000001cc6fefa768: ; ImmutableOopMap {rbp=Oop [32]=Oop [40]=NarrowOop [48]=Oop [56]=Oop [64]=Oop [72]=Oop [88]=Oop }
                      ;*invokestatic checkNotNullParameter {reexecute=0 rethrow=0 return_oop=0}
                      ; - kotlin.ResultKt::createFailure@3
                      ; - kotlinx.coroutines.DispatchedTask::run@259 (line 232)
  0x000001cc6fefa768: b455 a1ff 

  0x000001cc6fefa76c: ;   {other}
  0x000001cc6fefa76c: 0f1f 8400 | dc07 000e | 498b 87b8 | 0100 004c | 8bd0 4983 | c210 4d3b | 97c8 0100 | 000f 832f 
  0x000001cc6fefa78c: 0500 004d | 8997 b801 | 0000 410f | 1882 0001 | 0000 48c7 | 0001 0000 

  0x000001cc6fefa7a4: ;   {metadata('kotlin/Result$Failure')}
  0x000001cc6fefa7a4: 00c7 4008 | b8d3 1000 | 4489 600c | 4c8b d04c | 8954 2450 | 488b 5424 

  0x000001cc6fefa7bc: ;   {oop("exception"{0x000000070b193a58})}
  0x000001cc6fefa7bc: 5849 b858 | 3a19 0b07 

  0x000001cc6fefa7c4: ;   {static_call}
  0x000001cc6fefa7c4: 0000 00e8 

  0x000001cc6fefa7c8: ; ImmutableOopMap {rbp=Oop [32]=Oop [40]=NarrowOop [48]=Oop [56]=Oop [64]=Oop [72]=Oop [80]=Oop [88]=Oop }
                      ;*invokestatic checkNotNullParameter {reexecute=0 rethrow=0 return_oop=0}
                      ; - kotlin.Result$Failure::<init>@3
                      ; - kotlin.ResultKt::createFailure@11 (line 122)
                      ; - kotlinx.coroutines.DispatchedTask::run@259 (line 232)
  0x000001cc6fefa7c8: 5455 a1ff 

  0x000001cc6fefa7cc: ;   {other}
  0x000001cc6fefa7cc: 0f1f 8400 | 3c08 000f | 4180 7f40 | 000f 8555 | 0400 0048 | 8b5c 2450 | 4c8b 4424 | 584d 8bd0 
  0x000001cc6fefa7ec: 49c1 ea03 | 4489 530c | 4c8b d34d | 8bd8 4d33 | da49 c1eb | 154d 85db | 741f 4d85 | c074 1a49 
  0x000001cc6fefa80c: c1ea 0948 | b900 9026 | 74cc 0100 | 0049 03ca | 8039 020f | 854b 0400 | 0048 8b54 | 2438 4c8b 
  0x000001cc6fefa82c: c348 b860 | fd5c 50cc 

  0x000001cc6fefa834: ;   {virtual_call}
  0x000001cc6fefa834: 0100 00e8 

  0x000001cc6fefa838: ; ImmutableOopMap {rbp=Oop [32]=Oop [48]=Oop [64]=Oop [72]=Oop }
                      ;*invokeinterface resumeWith {reexecute=0 rethrow=0 return_oop=0}
                      ; - kotlinx.coroutines.DispatchedTask::run@265 (line 232)
  0x000001cc6fefa838: d4bc 50ff 

  0x000001cc6fefa83c: ;   {other}
  0x000001cc6fefa83c: 0f1f 8400 | ac08 0010 | e9b7 fdff | ff4c 8bd0 

  0x000001cc6fefa84c: ; implicit exception: dispatches to 0x000001cc6fefafb4
  0x000001cc6fefa84c: 448b 5808 

  0x000001cc6fefa850: ;   {oop(a 'kotlinx/coroutines/internal/ThreadContextKt$$Lambda+0x0000000800203090'{0x000000070b893940})}
  0x000001cc6fefa850: 49b9 4039 | 890b 0700 

  0x000001cc6fefa858: ;   {metadata('kotlin/coroutines/CombinedContext')}
  0x000001cc6fefa858: 0000 4181 | fbb8 a110 | 000f 8586 | 0300 0048 | 8be8 448b | 5d0c 498b | d348 c1e2 

  0x000001cc6fefa874: ;   {oop(a 'java/lang/Integer'{0x000000070b245dc0} = 0)}
  0x000001cc6fefa874: 0349 b8c0 | 5d24 0b07 | 0000 0066 | 9048 b8ff | ffff ffff 

  0x000001cc6fefa888: ;   {virtual_call}
  0x000001cc6fefa888: ffff ffe8 

  0x000001cc6fefa88c: ; ImmutableOopMap {rbp=Oop [32]=Oop [40]=NarrowOop [48]=Oop }
                      ;*invokeinterface fold {reexecute=0 rethrow=0 return_oop=1}
                      ; - kotlin.coroutines.CombinedContext::fold@13 (line 133)
                      ; - kotlinx.coroutines.internal.ThreadContextKt::threadContextElements@8 (line 55)
                      ; - kotlinx.coroutines.internal.ThreadContextKt::updateThreadContext@7 (line 61)
                      ; - kotlinx.coroutines.DispatchedTask::run@75 (line 223)
  0x000001cc6fefa88c: f044 44ff 

  0x000001cc6fefa890: ;   {other}
  0x000001cc6fefa890: 0f1f 8400 | 0009 0011 | 4c8b d08b | 6d10 458b 

  0x000001cc6fefa8a0: ;   {metadata('kotlin/coroutines/CoroutineContext$Element')}
  0x000001cc6fefa8a0: 44ec 0848 | b870 ba0d | 0008 0000 | 0048 be00 | 0000 0008 | 0000 0049 | 03f0 4c8b | 5e20 4c3b 
  0x000001cc6fefa8c0: d80f 8561 | 0100 004d | 8d04 ec45 

  0x000001cc6fefa8cc: ;   {metadata('kotlinx/coroutines/ThreadContextElement')}
  0x000001cc6fefa8cc: 8b48 0848 | b890 6611 | 0008 0000 | 0048 be00 | 0000 0008 | 0000 0049 | 03f1 4c8b | 5e20 4c3b 
  0x000001cc6fefa8ec: d80f 858d | 0100 004d | 8bda 458b 

  0x000001cc6fefa8f8: ;   {metadata('java/lang/Integer')}
  0x000001cc6fefa8f8: 5208 4181 | fa00 ad05 | 000f 859d | 0500 0041 | 8b53 0c85 | d274 18ff | c248 8b6c 

  0x000001cc6fefa914: ;   {static_call}
  0x000001cc6fefa914: 2420 90e8 

  0x000001cc6fefa918: ; ImmutableOopMap {rbp=Oop [32]=Oop [40]=NarrowOop [48]=Oop }
                      ;*invokestatic valueOf {reexecute=0 rethrow=0 return_oop=1}
                      ; - kotlinx.coroutines.internal.ThreadContextKt::countAll$lambda$0@46 (line 34)
                      ; - kotlinx.coroutines.internal.ThreadContextKt$$Lambda/0x0000000800203090::invoke@5
                      ; - kotlin.coroutines.CombinedContext::fold@22 (line 133)
                      ; - kotlinx.coroutines.internal.ThreadContextKt::threadContextElements@8 (line 55)
                      ; - kotlinx.coroutines.internal.ThreadContextKt::updateThreadContext@7 (line 61)
                      ; - kotlinx.coroutines.DispatchedTask::run@75 (line 223)
  0x000001cc6fefa918: 6447 44ff 

  0x000001cc6fefa91c: ;   {other}
  0x000001cc6fefa91c: 0f1f 8400 | 8c09 0012 | 4c8b c04d | 85c0 0f85 | b9fa ffff | ba45 ffff | ff48 8b6c | 2420 448b 
  0x000001cc6fefa93c: 5424 2844 | 8954 2424 | 4c89 4424 

  0x000001cc6fefa948: ;   {runtime_call UncommonTrapBlob}
  0x000001cc6fefa948: 4066 90e8 

  0x000001cc6fefa94c: ; ImmutableOopMap {rbp=Oop [36]=NarrowOop [48]=Oop [64]=Oop }
                      ;*ifnonnull {reexecute=1 rethrow=0 return_oop=0}
                      ; - (reexecute) kotlin.jvm.internal.Intrinsics::checkNotNull@1 (line 24)
                      ; - kotlinx.coroutines.internal.ThreadContextKt::threadContextElements@14 (line 55)
                      ; - kotlinx.coroutines.internal.ThreadContextKt::updateThreadContext@7 (line 61)
                      ; - kotlinx.coroutines.DispatchedTask::run@75 (line 223)
  0x000001cc6fefa94c: 309a 44ff 

  0x000001cc6fefa950: ;   {other}
  0x000001cc6fefa950: 0f1f 8400 | c009 0013 | 488b d048 | 8b6c 2420 

  0x000001cc6fefa960: ;   {static_call}
  0x000001cc6fefa960: 6666 90e8 

  0x000001cc6fefa964: ; ImmutableOopMap {rbp=Oop [32]=Oop [40]=NarrowOop [48]=Oop [56]=Oop [64]=Oop [72]=Oop }
                      ;*invokestatic createFailure {reexecute=0 rethrow=0 return_oop=1}
                      ; - kotlinx.coroutines.DispatchedTask::run@286 (line 98)
  0x000001cc6fefa964: d88a faf8 

  0x000001cc6fefa968: ;   {other}
  0x000001cc6fefa968: 0f1f 8400 | d809 0014 | 488b 5424 | 384c 8bc0 | 9048 b850 | f62e 50cc 

  0x000001cc6fefa980: ;   {virtual_call}
  0x000001cc6fefa980: 0100 00e8 

  0x000001cc6fefa984: ; ImmutableOopMap {rbp=Oop [32]=Oop [48]=Oop [64]=Oop [72]=Oop }
                      ;*invokeinterface resumeWith {reexecute=0 rethrow=0 return_oop=0}
                      ; - kotlinx.coroutines.DispatchedTask::run@292 (line 98)
  0x000001cc6fefa984: 88bb 50ff 

  0x000001cc6fefa988: ;   {other}
  0x000001cc6fefa988: 0f1f 8400 | f809 0015 | e96b fcff 

  0x000001cc6fefa994: ;   {metadata('coil3/compose/internal/DeferredDispatchCoroutineContext')}
  0x000001cc6fefa994: ff41 81fa | d85f 8e00 | 0f85 f303 | 0000 4d8b | d345 8b5a | 0c49 8bd3 | 48c1 e203 

  0x000001cc6fefa9b0: ;   {oop(a 'kotlinx/coroutines/Job$Key'{0x000000070b5eea38})}
  0x000001cc6fefa9b0: 49b8 38ea | 5e0b 0700 | 0000 488b | 6c24 2066 | 9048 b8b8 | a110 0008 

  0x000001cc6fefa9c8: ;   {virtual_call}
  0x000001cc6fefa9c8: 0000 00e8 

  0x000001cc6fefa9cc: ; ImmutableOopMap {rbp=Oop [32]=Oop [40]=NarrowOop [48]=Oop [56]=Oop [64]=Oop [72]=Oop [80]=Oop }
                      ;*invokeinterface get {reexecute=0 rethrow=0 return_oop=1}
                      ; - coil3.compose.internal.ForwardingCoroutineContext::get@5
                      ; - kotlinx.coroutines.DispatchedTask::run@151 (line 91)
  0x000001cc6fefa9cc: f03c dbff 

  0x000001cc6fefa9d0: ;   {other}
  0x000001cc6fefa9d0: 0f1f 8400 | 400a 0016 | 4c8b d0e9 | 87fb ffff 

  0x000001cc6fefa9e0: ;   {metadata('kotlinx/coroutines/internal/DispatchedContinuation')}
  0x000001cc6fefa9e0: 4181 fb38 | a011 000f | 8460 fdff | ffba c6ff | ffff 448b | 5c24 2844 | 895c 2420 | 48ff 7424 
  0x000001cc6fefaa00: 3048 8f44 | 2428 4c8b | 5c24 404c | 895c 2430 | 4c8b 5c24 | 484c 895c 

  0x000001cc6fefaa18: ;   {runtime_call UncommonTrapBlob}
  0x000001cc6fefaa18: 2438 90e8 

  0x000001cc6fefaa1c: ; ImmutableOopMap {rbp=Oop [32]=NarrowOop [40]=Oop [48]=Oop [56]=Oop [80]=Oop [88]=Oop }
                      ;*invokevirtual cancelCompletedResult$kotlinx_coroutines_core {reexecute=0 rethrow=0 return_oop=0}
                      ; - kotlinx.coroutines.DispatchedTask::run@197 (line 94)
  0x000001cc6fefaa1c: 6099 44ff 

  0x000001cc6fefaa20: ;   {other}
  0x000001cc6fefaa20: 0f1f 8400 | 900a 0017 | 4833 ff4c | 8b9e a000 | 0000 498b | d348 c1e2 | 140f 8921 | 0000 00f3 
  0x000001cc6fefaa40: 480f b8d2 | 488b 5e28 | 483b 04d3 | 7415 490f | bae3 2c73 | 0b49 c1cb 

  0x000001cc6fefaa58: ;   {runtime_call StubRoutines (compiler stubs)}
  0x000001cc6fefaa58: 2be8 b976 | 46ff eb03 | 48ff c748 | 85ff 0f84 | 5bfe ffff | bade ffff 

  0x000001cc6fefaa70: ;   {runtime_call UncommonTrapBlob}
  0x000001cc6fefaa70: ff66 90e8 

  0x000001cc6fefaa74: ; ImmutableOopMap {rbp=NarrowOop [32]=Oop [40]=NarrowOop [48]=Oop }
                      ;*checkcast {reexecute=0 rethrow=0 return_oop=0}
                      ; - kotlinx.coroutines.internal.ThreadContextKt$$Lambda/0x0000000800203090::invoke@2
                      ; - kotlin.coroutines.CombinedContext::fold@22 (line 133)
                      ; - kotlinx.coroutines.internal.ThreadContextKt::threadContextElements@8 (line 55)
                      ; - kotlinx.coroutines.internal.ThreadContextKt::updateThreadContext@7 (line 61)
                      ; - kotlinx.coroutines.DispatchedTask::run@75 (line 223)
  0x000001cc6fefaa74: 0899 44ff 

  0x000001cc6fefaa78: ;   {other}
  0x000001cc6fefaa78: 0f1f 8400 | e80a 0018 | 4833 ff4c | 8b9e a000 | 0000 498b | d348 c1e2 | 3b0f 8921 | 0000 00f3 
  0x000001cc6fefaa98: 480f b8d2 | 488b 5e28 | 483b 04d3 | 7415 490f | bae3 0573 | 0b49 c1cb 

  0x000001cc6fefaab0: ;   {runtime_call StubRoutines (compiler stubs)}
  0x000001cc6fefaab0: 04e8 6176 | 46ff eb03 | 48ff c748 | 85ff 0f84 | 2ffe ffff | 4d8b c2e9 | 5bfe ffff | 418b 6808 
  0x000001cc6fefaad0: ;   {metadata('java/lang/Integer')}
  0x000001cc6fefaad0: 81fd 00ad | 0500 0f84 | fc02 0000 | 4c89 4c24 | 404c 8944 | 2438 498b 

  0x000001cc6fefaae8: ;   {oop("null cannot be cast to non-null type kotlinx.coroutines.ThreadContextElement<kotlin.Any?>"{0x000000070c77a960})}
  0x000001cc6fefaae8: d049 b860 | a977 0c07 

  0x000001cc6fefaaf0: ;   {static_call}
  0x000001cc6fefaaf0: 0000 00e8 

  0x000001cc6fefaaf4: ; ImmutableOopMap {[32]=Oop [40]=NarrowOop [48]=Oop [56]=Oop [64]=Oop }
                      ;*invokestatic checkNotNull {reexecute=0 rethrow=0 return_oop=0}
                      ; - kotlinx.coroutines.internal.ThreadContextKt::updateThreadContext@63 (line 73)
                      ; - kotlinx.coroutines.DispatchedTask::run@75 (line 223)
  0x000001cc6fefaaf4: a81a abff 

  0x000001cc6fefaaf8: ;   {other}
  0x000001cc6fefaaf8: 0f1f 8400 | 680b 0019 

  0x000001cc6fefab00: ;   {metadata('kotlinx/coroutines/slf4j/MDCContext')}
  0x000001cc6fefab00: 81fd a0a4 | 8300 0f85 | 7403 0000 | 488b 5424 | 384c 8b44 | 2430 488b 

  0x000001cc6fefab18: ;   {optimized virtual_call}
  0x000001cc6fefab18: 6c24 20e8 

  0x000001cc6fefab1c: ; ImmutableOopMap {rbp=Oop [32]=Oop [40]=NarrowOop [48]=Oop [64]=Oop }
                      ;*invokevirtual updateThreadContext {reexecute=0 rethrow=0 return_oop=1}
                      ; - kotlinx.coroutines.slf4j.MDCContext::updateThreadContext@2 (line 77)
                      ; - kotlinx.coroutines.internal.ThreadContextKt::updateThreadContext@73 (line 74)
                      ; - kotlinx.coroutines.DispatchedTask::run@75 (line 223)
  0x000001cc6fefab1c: d607 0000 

  0x000001cc6fefab20: ;   {other}
  0x000001cc6fefab20: 0f1f 8400 | 900b 001a 

  0x000001cc6fefab28: ;   {oop(a 'kotlinx/coroutines/internal/Symbol'{0x000000070b807f70})}
  0x000001cc6fefab28: 49bb 707f | 800b 0700 | 0000 493b | c30f 85a2 | 0100 004c | 8b4c 2440 | e9c0 f8ff | ff48 85ed 
  0x000001cc6fefab48: 7411 448b 

  0x000001cc6fefab4c: ;   {metadata('kotlinx/coroutines/internal/ThreadState')}
  0x000001cc6fefab4c: 5508 4181 | fa30 3520 | 000f 84b5 | 0200 004c | 8b5c 2430 

  0x000001cc6fefab60: ; implicit exception: dispatches to 0x000001cc6fefb034
  0x000001cc6fefab60: 458b 5308 

  0x000001cc6fefab64: ;   {metadata('kotlin/coroutines/CombinedContext')}
  0x000001cc6fefab64: 4181 fab8 | a110 000f | 85b3 0200 | 004d 8bd3 | 4c89 5424 

  0x000001cc6fefab78: ;   {oop(a 'kotlinx/coroutines/internal/ThreadContextKt$$Lambda+0x00000008002032e0'{0x000000070b893930})}
  0x000001cc6fefab78: 3049 b930 | 3989 0b07 | 0000 0049 | 8bd2 4533 

  0x000001cc6fefab88: ;   {optimized virtual_call}
  0x000001cc6fefab88: c066 90e8 

  0x000001cc6fefab8c: ; ImmutableOopMap {rbp=Oop [32]=Oop [48]=Oop }
                      ;*invokeinterface fold {reexecute=0 rethrow=0 return_oop=1}
                      ; - kotlinx.coroutines.internal.ThreadContextKt::restoreThreadContext@32 (line 89)
                      ; - kotlinx.coroutines.DispatchedTask::run@342 (line 237)
  0x000001cc6fefab8c: 308d eeff 

  0x000001cc6fefab90: ;   {other}
  0x000001cc6fefab90: 0f1f 8400 | 000c 001b | 4889 4424 | 2848 8bd0 

  0x000001cc6fefaba0: ;   {oop("null cannot be cast to non-null type kotlinx.coroutines.ThreadContextElement<kotlin.Any?>"{0x000000070c77a960})}
  0x000001cc6fefaba0: 49b8 60a9 | 770c 0700 

  0x000001cc6fefaba8: ;   {static_call}
  0x000001cc6fefaba8: 0000 90e8 

  0x000001cc6fefabac: ; ImmutableOopMap {rbp=Oop [32]=Oop [40]=Oop [48]=Oop }
                      ;*invokestatic checkNotNull {reexecute=0 rethrow=0 return_oop=0}
                      ; - kotlinx.coroutines.internal.ThreadContextKt::restoreThreadContext@40 (line 89)
                      ; - kotlinx.coroutines.DispatchedTask::run@342 (line 237)
  0x000001cc6fefabac: f019 abff 

  0x000001cc6fefabb0: ;   {other}
  0x000001cc6fefabb0: 0f1f 8400 | 200c 001c | 4c8b 5c24 | 2845 8b53 

  0x000001cc6fefabc0: ;   {metadata('kotlinx/coroutines/slf4j/MDCContext')}
  0x000001cc6fefabc0: 0841 81fa | a0a4 8300 | 0f85 0203 | 0000 498b | d34c 8b44 | 2430 4c8b 

  0x000001cc6fefabd8: ;   {optimized virtual_call}
  0x000001cc6fefabd8: cd66 90e8 

  0x000001cc6fefabdc: ; ImmutableOopMap {[32]=Oop }
                      ;*invokeinterface restoreThreadContext {reexecute=0 rethrow=0 return_oop=0}
                      ; - kotlinx.coroutines.internal.ThreadContextKt::restoreThreadContext@50 (line 90)
                      ; - kotlinx.coroutines.DispatchedTask::run@342 (line 237)
  0x000001cc6fefabdc: 0707 0000 

  0x000001cc6fefabe0: ;   {other}
  0x000001cc6fefabe0: 0f1f 8400 | 500c 001d | e939 faff 

  0x000001cc6fefabec: ;   {metadata('coil3/compose/internal/DeferredDispatchCoroutineContext')}
  0x000001cc6fefabec: ff41 81fb | d85f 8e00 | 0f85 3e02 | 0000 458b | 520c 498b | d248 c1e2 

  0x000001cc6fefac04: ;   {oop(a 'java/lang/Integer'{0x000000070b245dc0} = 0)}
  0x000001cc6fefac04: 0349 b8c0 | 5d24 0b07 | 0000 0048 | 8b6c 2420 | 9048 b8ff | ffff ffff 

  0x000001cc6fefac1c: ;   {virtual_call}
  0x000001cc6fefac1c: ffff ffe8 

  0x000001cc6fefac20: ; ImmutableOopMap {rbp=Oop [32]=Oop [40]=NarrowOop [48]=Oop }
                      ;*invokeinterface fold {reexecute=0 rethrow=0 return_oop=1}
                      ; - coil3.compose.internal.ForwardingCoroutineContext::fold@6
                      ; - kotlinx.coroutines.internal.ThreadContextKt::threadContextElements@8 (line 55)
                      ; - kotlinx.coroutines.internal.ThreadContextKt::updateThreadContext@7 (line 61)
                      ; - kotlinx.coroutines.DispatchedTask::run@75 (line 223)
  0x000001cc6fefac20: 5c41 44ff 

  0x000001cc6fefac24: ;   {other}
  0x000001cc6fefac24: 0f1f 8400 | 940c 001e | 4c8b c0e9 | f3fc ffff | 488b 5c24 | 5044 8b5b | 0c45 85db | 0f84 9efb 
  0x000001cc6fefac44: ffff 4d8b | 5728 498b | cb48 c1e1 | 034d 85d2 | 0f84 1e01 | 0000 4d8b | 5f38 4b89 | 4c13 f849 
  0x000001cc6fefac64: 83c2 f84d | 8957 28e9 | 74fb ffff | 4d8b 5758 | 4d8b 5f48 | f083 4424 | c000 8039 | 000f 849e 
  0x000001cc6fefac84: fbff ff44 | 8821 4d85 | db75 1d49 | 8bd7 49ba | e029 15fa | fc7f 0000 

  0x000001cc6fefac9c: ;   {other}
  0x000001cc6fefac9c: 41ff d20f | 1f84 0000 | 0000 00e9 | 79fb ffff | 4b89 4c1a | f849 83c3 | f84d 895f | 48e9 67fb 
  0x000001cc6fefacbc: ;   {metadata('kotlin/Result$Failure')}
  0x000001cc6fefacbc: ffff 48ba | b8d3 1000 | 0800 0000 

  0x000001cc6fefacc8: ;   {runtime_call _new_instance_Java}
  0x000001cc6fefacc8: 6666 90e8 

  0x000001cc6fefaccc: ; ImmutableOopMap {rbp=Oop [32]=Oop [40]=NarrowOop [48]=Oop [56]=Oop [64]=Oop [72]=Oop [88]=Oop }
                      ;*new {reexecute=0 rethrow=0 return_oop=1}
                      ; - kotlin.ResultKt::createFailure@6 (line 122)
                      ; - kotlinx.coroutines.DispatchedTask::run@259 (line 232)
  0x000001cc6fefaccc: 3058 50ff 

  0x000001cc6fefacd0: ;   {other}
  0x000001cc6fefacd0: 0f1f 8400 | 400d 001f | e9d3 faff | ff48 8be8 | 488b 5424 | 404c 8b44 | 2430 4c8b 

  0x000001cc6fefacec: ;   {static_call}
  0x000001cc6fefacec: c866 90e8 

  0x000001cc6fefacf0: ; ImmutableOopMap {rbp=Oop [32]=Oop [40]=NarrowOop [48]=Oop [64]=Oop }
                      ;*invokestatic updateUndispatchedCompletion {reexecute=0 rethrow=0 return_oop=1}
                      ; - kotlinx.coroutines.DispatchedTask::run@93 (line 226)
  0x000001cc6fefacf0: 9806 0000 

  0x000001cc6fefacf4: ;   {other}
  0x000001cc6fefacf4: 0f1f 8400 | 640d 0020 | 4c8b 4c24 | 404c 8bdd | 4c8b d0e9 | 06f7 ffff | ba45 ffff | ff48 8b6c 
  0x000001cc6fefad14: 2420 4c8b | 5c24 304c | 895c 2420 | 4c89 5424 

  0x000001cc6fefad24: ;   {runtime_call UncommonTrapBlob}
  0x000001cc6fefad24: 3866 90e8 

  0x000001cc6fefad28: ; ImmutableOopMap {rbp=Oop [32]=Oop [56]=Oop [64]=Oop [72]=Oop }
                      ;*ifnull {reexecute=1 rethrow=0 return_oop=0}
                      ; - (reexecute) kotlinx.coroutines.DispatchedTask::run@327 (line 236)
  0x000001cc6fefad28: 5496 44ff 

  0x000001cc6fefad2c: ;   {other}
  0x000001cc6fefad2c: 0f1f 8400 | 9c0d 0021 | badf ffff | ff48 8b6c | 2420 448b | 5424 2844 | 8954 2420 | 48ff 7424 
  0x000001cc6fefad4c: 3048 8f44 | 2428 4c8b | 5424 404c | 8954 2430 | 4c8b 5424 | 484c 8954 | 2438 4c89 

  0x000001cc6fefad68: ;   {runtime_call UncommonTrapBlob}
  0x000001cc6fefad68: 4c24 48e8 

  0x000001cc6fefad6c: ; ImmutableOopMap {rbp=Oop [32]=NarrowOop [40]=Oop [48]=Oop [56]=Oop [72]=Oop [80]=Oop }
                      ;*invokeinterface getCancellationException {reexecute=0 rethrow=0 return_oop=0}
                      ; - kotlinx.coroutines.DispatchedTask::run@182 (line 93)
  0x000001cc6fefad6c: 1096 44ff 

  0x000001cc6fefad70: ;   {other}
  0x000001cc6fefad70: 0f1f 8400 | e00d 0022 | 498b d749 | ba00 2a15 | fafc 7f00 | 0041 ffd2 

  0x000001cc6fefad88: ;   {other}
  0x000001cc6fefad88: 0f1f 8400 | 0000 0000 | e94f faff | ffba c6ff | ffff 498b | e844 8b54 | 2428 4489 | 5424 2048 
  0x000001cc6fefada8: ff74 2430 | 488f 4424 | 284c 8b54 | 2440 4c89 | 5424 304c | 8b54 2448 | 4c89 5424 | 384c 895c 
  0x000001cc6fefadc8: ;   {runtime_call UncommonTrapBlob}
  0x000001cc6fefadc8: 2448 90e8 

  0x000001cc6fefadcc: ; ImmutableOopMap {rbp=Oop [32]=NarrowOop [40]=Oop [48]=Oop [56]=Oop [72]=Oop [80]=Oop }
                      ;*invokeinterface get {reexecute=0 rethrow=0 return_oop=0}
                      ; - kotlinx.coroutines.DispatchedTask::run@151 (line 91)
  0x000001cc6fefadcc: b095 44ff 

  0x000001cc6fefadd0: ;   {other}
  0x000001cc6fefadd0: 0f1f 8400 | 400e 0023 | ba2a 0000 | 0048 8b6c | 2420 4889 | 4424 f88b | 4424 2889 | 4424 2048 
  0x000001cc6fefadf0: 8b44 24f8 | 48ff 7424 | 3048 8f44 | 2428 4c89 

  0x000001cc6fefae00: ;   {runtime_call UncommonTrapBlob}
  0x000001cc6fefae00: 4424 40e8 

  0x000001cc6fefae04: ; ImmutableOopMap {rbp=Oop [32]=NarrowOop [40]=Oop [64]=Oop }
                      ;*new {reexecute=0 rethrow=0 return_oop=0}
                      ; - kotlinx.coroutines.internal.ThreadContextKt::updateThreadContext@34 (line 68)
                      ; - kotlinx.coroutines.DispatchedTask::run@75 (line 223)
  0x000001cc6fefae04: 7895 44ff 

  0x000001cc6fefae08: ;   {other}
  0x000001cc6fefae08: 0f1f 8400 | 780e 0024 | baad ffff 

  0x000001cc6fefae14: ;   {runtime_call UncommonTrapBlob}
  0x000001cc6fefae14: ff66 90e8 

  0x000001cc6fefae18: ; ImmutableOopMap {rbp=Oop [32]=Oop [48]=Oop }
                      ;*invokevirtual restore {reexecute=0 rethrow=0 return_oop=0}
                      ; - kotlinx.coroutines.internal.ThreadContextKt::restoreThreadContext@21 (line 84)
                      ; - kotlinx.coroutines.DispatchedTask::run@342 (line 237)
  0x000001cc6fefae18: 6495 44ff 

  0x000001cc6fefae1c: ;   {other}
  0x000001cc6fefae1c: 0f1f 8400 | 8c0e 0025 | bade ffff 

  0x000001cc6fefae28: ;   {runtime_call UncommonTrapBlob}
  0x000001cc6fefae28: ff66 90e8 

  0x000001cc6fefae2c: ; ImmutableOopMap {rbp=Oop [32]=Oop [48]=Oop }
                      ;*invokeinterface fold {reexecute=0 rethrow=0 return_oop=0}
                      ; - kotlinx.coroutines.internal.ThreadContextKt::restoreThreadContext@32 (line 89)
                      ; - kotlinx.coroutines.DispatchedTask::run@342 (line 237)
  0x000001cc6fefae2c: 5095 44ff 

  0x000001cc6fefae30: ;   {other}
  0x000001cc6fefae30: 0f1f 8400 | a00e 0026 | bac6 ffff | ff48 8b6c | 2420 4889 | 4424 f88b | 4424 2889 | 4424 2048 
  0x000001cc6fefae50: 8b44 24f8 

  0x000001cc6fefae54: ;   {runtime_call UncommonTrapBlob}
  0x000001cc6fefae54: 6666 90e8 

  0x000001cc6fefae58: ; ImmutableOopMap {rbp=Oop [32]=NarrowOop [48]=Oop }
                      ;*invokeinterface fold {reexecute=0 rethrow=0 return_oop=0}
                      ; - kotlinx.coroutines.internal.ThreadContextKt::threadContextElements@8 (line 55)
                      ; - kotlinx.coroutines.internal.ThreadContextKt::updateThreadContext@7 (line 61)
                      ; - kotlinx.coroutines.DispatchedTask::run@75 (line 223)
  0x000001cc6fefae58: 2495 44ff 

  0x000001cc6fefae5c: ;   {other}
  0x000001cc6fefae5c: 0f1f 8400 | cc0e 0027 | bade ffff | ff48 8b6c | 2420 4889 

  0x000001cc6fefae70: ;   {runtime_call UncommonTrapBlob}
  0x000001cc6fefae70: 4424 20e8 

  0x000001cc6fefae74: ; ImmutableOopMap {rbp=Oop [32]=Oop }
                      ;*checkcast {reexecute=0 rethrow=0 return_oop=0}
                      ; - kotlinx.coroutines.DispatchedTask::run@43 (line 80)
  0x000001cc6fefae74: 0895 44ff 

  0x000001cc6fefae78: ;   {other}
  0x000001cc6fefae78: 0f1f 8400 | e80e 0028 | bade ffff | ff48 8b6c | 2420 448b | 5c24 2845 | 8bd3 4489 

  0x000001cc6fefae94: ;   {runtime_call UncommonTrapBlob}
  0x000001cc6fefae94: 5424 24e8 

  0x000001cc6fefae98: ; ImmutableOopMap {rbp=Oop [36]=NarrowOop [48]=Oop [56]=Oop }
                      ;*checkcast {reexecute=0 rethrow=0 return_oop=0}
                      ; - kotlinx.coroutines.internal.ThreadContextKt::updateThreadContext@67 (line 73)
                      ; - kotlinx.coroutines.DispatchedTask::run@75 (line 223)
  0x000001cc6fefae98: e494 44ff 

  0x000001cc6fefae9c: ;   {other}
  0x000001cc6fefae9c: 0f1f 8400 | 0c0f 0029 | bade ffff | ff48 8b6c | 2420 448b | 5424 2844 | 8954 2424 | 4c89 4424 
  0x000001cc6fefaebc: 404c 895c 

  0x000001cc6fefaec0: ;   {runtime_call UncommonTrapBlob}
  0x000001cc6fefaec0: 2448 90e8 

  0x000001cc6fefaec4: ; ImmutableOopMap {rbp=Oop [36]=NarrowOop [48]=Oop [64]=Oop [72]=Oop }
                      ;*instanceof {reexecute=0 rethrow=0 return_oop=0}
                      ; - kotlinx.coroutines.internal.ThreadContextKt::countAll$lambda$0@8 (line 33)
                      ; - kotlinx.coroutines.internal.ThreadContextKt$$Lambda/0x0000000800203090::invoke@5
                      ; - kotlin.coroutines.CombinedContext::fold@22 (line 133)
                      ; - kotlinx.coroutines.internal.ThreadContextKt::threadContextElements@8 (line 55)
                      ; - kotlinx.coroutines.internal.ThreadContextKt::updateThreadContext@7 (line 61)
                      ; - kotlinx.coroutines.DispatchedTask::run@75 (line 223)
  0x000001cc6fefaec4: b894 44ff 

  0x000001cc6fefaec8: ;   {other}
  0x000001cc6fefaec8: 0f1f 8400 | 380f 002a | bade ffff | ff48 ff74 | 2430 488f | 4424 284c | 895c 2430 

  0x000001cc6fefaee4: ;   {runtime_call UncommonTrapBlob}
  0x000001cc6fefaee4: 6666 90e8 

  0x000001cc6fefaee8: ; ImmutableOopMap {rbp=Oop [32]=Oop [40]=Oop [48]=Oop }
                      ;*checkcast {reexecute=0 rethrow=0 return_oop=0}
                      ; - kotlinx.coroutines.internal.ThreadContextKt::restoreThreadContext@43 (line 89)
                      ; - kotlinx.coroutines.DispatchedTask::run@342 (line 237)
  0x000001cc6fefaee8: 9494 44ff 

  0x000001cc6fefaeec: ;   {other}
  0x000001cc6fefaeec: 0f1f 8400 | 5c0f 002b | baf4 ffff | ff48 8b6c | 2420 448b | 5c24 2844 | 895c 2420 | 48ff 7424 
  0x000001cc6fefaf0c: 3048 8f44 | 2428 4c8b | 5424 404c | 8954 2430 

  0x000001cc6fefaf1c: ;   {runtime_call UncommonTrapBlob}
  0x000001cc6fefaf1c: 6666 90e8 

  0x000001cc6fefaf20: ; ImmutableOopMap {rbp=Oop [32]=NarrowOop [40]=Oop [48]=Oop [72]=Oop [80]=Oop }
                      ;*instanceof {reexecute=0 rethrow=0 return_oop=0}
                      ; - kotlin.coroutines.CombinedContext::get@39 (line 124)
                      ; - kotlinx.coroutines.DispatchedTask::run@151 (line 91)
  0x000001cc6fefaf20: 5c94 44ff 

  0x000001cc6fefaf24: ;   {other}
  0x000001cc6fefaf24: 0f1f 8400 | 940f 002c | baf6 ffff | ff49 8be8 | 448b 5c24 | 2844 895c | 2420 48ff | 7424 3048 
  0x000001cc6fefaf44: 8f44 2428 | 4c8b 5424 | 404c 8954 

  0x000001cc6fefaf50: ;   {runtime_call UncommonTrapBlob}
  0x000001cc6fefaf50: 2430 90e8 

  0x000001cc6fefaf54: ; ImmutableOopMap {rbp=Oop [32]=NarrowOop [40]=Oop [48]=Oop [72]=Oop [80]=Oop }
                      ;*invokeinterface get {reexecute=0 rethrow=0 return_oop=0}
                      ; - kotlinx.coroutines.DispatchedTask::run@151 (line 91)
  0x000001cc6fefaf54: 2894 44ff 

  0x000001cc6fefaf58: ;   {other}
  0x000001cc6fefaf58: 0f1f 8400 | c80f 002d | baf4 ffff | ff48 8b6c | 2420 448b | 5c24 2844 | 895c 2420 | 48ff 7424 
  0x000001cc6fefaf78: 3048 8f44 | 2428 4c8b | 5424 404c | 8954 2430 

  0x000001cc6fefaf88: ;   {runtime_call UncommonTrapBlob}
  0x000001cc6fefaf88: 6666 90e8 

  0x000001cc6fefaf8c: ; ImmutableOopMap {rbp=Oop [32]=NarrowOop [40]=Oop [48]=Oop [72]=Oop [80]=Oop }
                      ;*checkcast {reexecute=0 rethrow=0 return_oop=0}
                      ; - kotlinx.coroutines.DispatchedTask::run@156 (line 91)
  0x000001cc6fefaf8c: f093 44ff 

  0x000001cc6fefaf90: ;   {other}
  0x000001cc6fefaf90: 0f1f 8400 | 0010 002e | ba45 ffff | ff48 8b6c | 2420 4889 

  0x000001cc6fefafa4: ;   {runtime_call UncommonTrapBlob}
  0x000001cc6fefafa4: 4424 28e8 

  0x000001cc6fefafa8: ; ImmutableOopMap {rbp=Oop [40]=Oop }
                      ;*ifnonnull {reexecute=1 rethrow=0 return_oop=0}
                      ; - (reexecute) kotlin.jvm.internal.Intrinsics::checkNotNull@1 (line 30)
                      ; - kotlinx.coroutines.DispatchedTask::run@40 (line 80)
  0x000001cc6fefafa8: d493 44ff 

  0x000001cc6fefafac: ;   {other}
  0x000001cc6fefafac: 0f1f 8400 | 1c10 002f | baf6 ffff | ff48 8b6c | 2420 4889 | 4424 f88b | 4424 2889 | 4424 2048 
  0x000001cc6fefafcc: 8b44 24f8 

  0x000001cc6fefafd0: ;   {runtime_call UncommonTrapBlob}
  0x000001cc6fefafd0: 6666 90e8 

  0x000001cc6fefafd4: ; ImmutableOopMap {rbp=Oop [32]=NarrowOop [48]=Oop }
                      ;*invokeinterface fold {reexecute=0 rethrow=0 return_oop=0}
                      ; - kotlinx.coroutines.internal.ThreadContextKt::threadContextElements@8 (line 55)
                      ; - kotlinx.coroutines.internal.ThreadContextKt::updateThreadContext@7 (line 61)
                      ; - kotlinx.coroutines.DispatchedTask::run@75 (line 223)
  0x000001cc6fefafd4: a893 44ff 

  0x000001cc6fefafd8: ;   {other}
  0x000001cc6fefafd8: 0f1f 8400 | 4810 0030 | baf4 ffff | ff48 8b6c | 2420 448b | 4424 2844 | 8944 2424 | 4889 4424 
  0x000001cc6fefaff8: ;   {runtime_call UncommonTrapBlob}
  0x000001cc6fefaff8: 3866 90e8 

  0x000001cc6fefaffc: ; ImmutableOopMap {rbp=Oop [36]=NarrowOop [48]=Oop [56]=Oop }
                      ;*checkcast {reexecute=0 rethrow=0 return_oop=0}
                      ; - kotlinx.coroutines.internal.ThreadContextKt$$Lambda/0x0000000800203090::invoke@2
                      ; - kotlin.coroutines.CombinedContext::fold@22 (line 133)
                      ; - kotlinx.coroutines.internal.ThreadContextKt::threadContextElements@8 (line 55)
                      ; - kotlinx.coroutines.internal.ThreadContextKt::updateThreadContext@7 (line 61)
                      ; - kotlinx.coroutines.DispatchedTask::run@75 (line 223)
  0x000001cc6fefaffc: 8093 44ff 

  0x000001cc6fefb000: ;   {other}
  0x000001cc6fefb000: 0f1f 8400 | 7010 0031 | baf4 ffff | ff48 8b6c | 2420 448b | 5c24 2845 | 8bd3 4489 | 5424 244c 
  0x000001cc6fefb020: 8944 2438 

  0x000001cc6fefb024: ;   {runtime_call UncommonTrapBlob}
  0x000001cc6fefb024: 6666 90e8 

  0x000001cc6fefb028: ; ImmutableOopMap {rbp=Oop [36]=NarrowOop [48]=Oop [56]=Oop }
                      ;*instanceof {reexecute=0 rethrow=0 return_oop=0}
                      ; - kotlinx.coroutines.internal.ThreadContextKt::countAll$lambda$0@8 (line 33)
                      ; - kotlinx.coroutines.internal.ThreadContextKt$$Lambda/0x0000000800203090::invoke@5
                      ; - kotlin.coroutines.CombinedContext::fold@22 (line 133)
                      ; - kotlinx.coroutines.internal.ThreadContextKt::threadContextElements@8 (line 55)
                      ; - kotlinx.coroutines.internal.ThreadContextKt::updateThreadContext@7 (line 61)
                      ; - kotlinx.coroutines.DispatchedTask::run@75 (line 223)
  0x000001cc6fefb028: 5493 44ff 

  0x000001cc6fefb02c: ;   {other}
  0x000001cc6fefb02c: 0f1f 8400 | 9c10 0032 | baf6 ffff 

  0x000001cc6fefb038: ;   {runtime_call UncommonTrapBlob}
  0x000001cc6fefb038: ff66 90e8 

  0x000001cc6fefb03c: ; ImmutableOopMap {[32]=Oop }
                      ;*invokeinterface fold {reexecute=0 rethrow=0 return_oop=0}
                      ; - kotlinx.coroutines.internal.ThreadContextKt::restoreThreadContext@32 (line 89)
                      ; - kotlinx.coroutines.DispatchedTask::run@342 (line 237)
  0x000001cc6fefb03c: 4093 44ff 

  0x000001cc6fefb040: ;   {other}
  0x000001cc6fefb040: 0f1f 8400 | b010 0033 | baf4 ffff 

  0x000001cc6fefb04c: ;   {runtime_call UncommonTrapBlob}
  0x000001cc6fefb04c: ff66 90e8 

  0x000001cc6fefb050: ; ImmutableOopMap {rbp=Oop [32]=Oop [48]=Oop }
                      ;*checkcast {reexecute=0 rethrow=0 return_oop=0}
                      ; - kotlinx.coroutines.internal.ThreadContextKt::restoreThreadContext@43 (line 89)
                      ; - kotlinx.coroutines.DispatchedTask::run@342 (line 237)
  0x000001cc6fefb050: 2c93 44ff 

  0x000001cc6fefb054: ;   {other}
  0x000001cc6fefb054: 0f1f 8400 | c410 0034 | 488b d0eb | 0848 8bd0 | eb03 488b | d048 81c4 | 8000 0000 

  0x000001cc6fefb070: ;   {runtime_call _rethrow_Java}
  0x000001cc6fefb070: 5de9 0a67 | 50ff 4c8b | c0e9 1502 | 0000 448b 

  0x000001cc6fefb080: ;   {metadata('kotlinx/coroutines/DispatchException')}
  0x000001cc6fefb080: 5008 4181 | fac8 6111 | 0075 eb48 | 8be8 e9aa | 0100 00e9 | 0501 0000 | 4c8b c0e9 | f301 0000 
  0x000001cc6fefb0a0: 4c8b c0e9 | eb01 0000 | 448b 5008 

  0x000001cc6fefb0ac: ;   {metadata('kotlinx/coroutines/DispatchException')}
  0x000001cc6fefb0ac: 4181 fac8 | 6111 0075 | e348 8be8 | e980 0100 | 0044 8b50 

  0x000001cc6fefb0c0: ;   {metadata('kotlinx/coroutines/DispatchException')}
  0x000001cc6fefb0c0: 0841 81fa | c861 1100 | 75d6 488b | e8e9 6b01 | 0000 448b | 5008 e989 | 0000 004c | 8bc0 e9b0 
  0x000001cc6fefb0e0: 0100 0044 | 8b50 08eb | 7b44 8b50 | 08eb 7544 | 8b40 0849 | bb00 0000 | 0008 0000 | 004d 03d8 
  0x000001cc6fefb100: eb24 448b | 4008 49bb | 0000 0000 | 0800 0000 | 4d03 d8eb | 1144 8b50 | 0849 bb00 | 0000 0008 
  0x000001cc6fefb120: 0000 004d | 03da 4d8b 

  0x000001cc6fefb128: ;   {metadata('kotlinx/coroutines/DispatchException')}
  0x000001cc6fefb128: 5348 49bb | c861 1100 | 0800 0000 | 4d3b d375 | a248 8be8 | e9fc 0000 | 00e9 b100 | 0000 4c8b 
  0x000001cc6fefb148: c0e9 4501 | 0000 488b | e8e9 a400 | 0000 488b | e8e9 9c00 | 0000 eb00 | 448b 5008 | 49bb 0000 
  0x000001cc6fefb168: 0000 0800 | 0000 4d03 | da4d 8b53 

  0x000001cc6fefb174: ;   {metadata('kotlinx/coroutines/DispatchException')}
  0x000001cc6fefb174: 4849 bbc8 | 6111 0008 | 0000 004d | 3bd3 75c2 | 488b e8e9 | b100 0000 | 488b e8eb | 6948 8be8 
  0x000001cc6fefb194: eb64 488b | e8eb 5feb | 0048 8be8 | eb58 4c8b | c0e9 e900 | 0000 eb4b | 448b 5008 

  0x000001cc6fefb1b0: ;   {metadata('kotlinx/coroutines/DispatchException')}
  0x000001cc6fefb1b0: 4181 fac8 | 6111 0075 | e948 8be8 | e97c 0000 | 0044 8b50 

  0x000001cc6fefb1c4: ;   {metadata('kotlinx/coroutines/DispatchException')}
  0x000001cc6fefb1c4: 0841 81fa | c861 1100 | 0f85 db00 | 0000 488b | e8eb 6648 | 8be8 eb1e | 488b e8eb | 1948 8be8 
  0x000001cc6fefb1e4: eb14 488b | e8eb 0f48 | 8be8 eb0a | 488b e8eb | 05eb 0048 | 8be8 4c8b | 5424 484d | 85d2 7414 
  0x000001cc6fefb204: ;   {optimized virtual_call}
  0x000001cc6fefb204: 498b d2e8 

  0x000001cc6fefb208: ; ImmutableOopMap {rbp=Oop [32]=Oop [48]=Oop [64]=Oop }
                      ;*invokevirtual clearThreadContext {reexecute=0 rethrow=0 return_oop=0}
                      ; - kotlinx.coroutines.DispatchedTask::run@357 (line 236)
  0x000001cc6fefb208: 7438 44ff 

  0x000001cc6fefb20c: ;   {other}
  0x000001cc6fefb20c: 0f1f 8400 | 7c12 0035 | 85c0 7418 | 488b 5424 | 304c 8b44 

  0x000001cc6fefb220: ;   {static_call}
  0x000001cc6fefb220: 2440 90e8 

  0x000001cc6fefb224: ; ImmutableOopMap {rbp=Oop [32]=Oop }
                      ;*invokestatic restoreThreadContext {reexecute=0 rethrow=0 return_oop=0}
                      ; - kotlinx.coroutines.DispatchedTask::run@367 (line 237)
  0x000001cc6fefb224: 583e 44ff 

  0x000001cc6fefb228: ;   {other}
  0x000001cc6fefb228: 0f1f 8400 | 9812 0036 | 448b 5508 

  0x000001cc6fefb234: ;   {metadata('kotlinx/coroutines/DispatchException')}
  0x000001cc6fefb234: 4181 fac8 | 6111 0075 | 5348 8b54 | 2420 6666 | 9048 b8ff | ffff ffff 

  0x000001cc6fefb24c: ;   {virtual_call}
  0x000001cc6fefb24c: ffff ffe8 

  0x000001cc6fefb250: ; ImmutableOopMap {rbp=Oop }
                      ;*invokevirtual getDelegate$kotlinx_coroutines_core {reexecute=0 rethrow=0 return_oop=1}
                      ; - kotlinx.coroutines.DispatchedTask::run@375 (line 105)
  0x000001cc6fefb250: 2c3b 44ff 

  0x000001cc6fefb254: ;   {other}
  0x000001cc6fefb254: 0f1f 8400 | c412 0037 | 488b d066 | 9048 b8ff | ffff ffff 

  0x000001cc6fefb268: ;   {virtual_call}
  0x000001cc6fefb268: ffff ffe8 

  0x000001cc6fefb26c: ; ImmutableOopMap {rbp=Oop }
                      ;*invokeinterface getContext {reexecute=0 rethrow=0 return_oop=1}
                      ; - kotlinx.coroutines.DispatchedTask::run@378 (line 105)
  0x000001cc6fefb26c: 103b 44ff 

  0x000001cc6fefb270: ;   {other}
  0x000001cc6fefb270: 0f1f 8400 | e012 0038 | baad ffff | ff48 8944 

  0x000001cc6fefb280: ;   {runtime_call UncommonTrapBlob}
  0x000001cc6fefb280: 2420 90e8 

  0x000001cc6fefb284: ; ImmutableOopMap {rbp=Oop [32]=Oop }
                      ;*invokevirtual getCause {reexecute=0 rethrow=0 return_oop=0}
                      ; - kotlinx.coroutines.DispatchedTask::run@384 (line 105)
  0x000001cc6fefb284: f890 44ff 

  0x000001cc6fefb288: ;   {other}
  0x000001cc6fefb288: 0f1f 8400 | f812 0039 | 4c8b c548 | 8b54 2420 

  0x000001cc6fefb298: ;   {optimized virtual_call}
  0x000001cc6fefb298: 6666 90e8 

  0x000001cc6fefb29c: ; ImmutableOopMap {}
                      ;*invokevirtual handleFatalException$kotlinx_coroutines_core {reexecute=0 rethrow=0 return_oop=0}
                      ; - kotlinx.coroutines.DispatchedTask::run@396 (line 107)
  0x000001cc6fefb29c: e037 44ff 

  0x000001cc6fefb2a0: ;   {other}
  0x000001cc6fefb2a0: 0f1f 8400 | 1013 003a | e979 f3ff | ff4c 8bc0 

  0x000001cc6fefb2b0: ;   {internal_word}
  0x000001cc6fefb2b0: ebe1 49ba | 2ea6 ef6f | cc01 0000 | 4d89 9768 

  0x000001cc6fefb2c0: ;   {runtime_call SafepointBlob}
  0x000001cc6fefb2c0: 0400 00e9 | b8a1 44ff 

  0x000001cc6fefb2c8: ;   {runtime_call StubRoutines (final stubs)}
  0x000001cc6fefb2c8: e813 0043 | ffe9 acf0 | ffff f4f4 | f4f4 f4f4 
[Stub Code]
  0x000001cc6fefb2d8: ;   {no_reloc}
  0x000001cc6fefb2d8: 48bb f008 | ad00 cc01 

  0x000001cc6fefb2e0: ;   {runtime_call I2C/C2I adapters}
  0x000001cc6fefb2e0: 0000 e984 

  0x000001cc6fefb2e4: ;   {static_stub}
  0x000001cc6fefb2e4: fb43 ff48 | bb60 79f4 | 03cc 0100 

  0x000001cc6fefb2f0: ;   {runtime_call I2C/C2I adapters}
  0x000001cc6fefb2f0: 00e9 75fb 

  0x000001cc6fefb2f4: ;   {static_stub}
  0x000001cc6fefb2f4: 43ff 48bb | 2075 f403 | cc01 0000 

  0x000001cc6fefb300: ;   {runtime_call I2C/C2I adapters}
  0x000001cc6fefb300: e9e2 8c44 

  0x000001cc6fefb304: ;   {static_stub}
  0x000001cc6fefb304: ff48 bb00 | 0000 0000 

  0x000001cc6fefb30c: ;   {runtime_call nmethod}
  0x000001cc6fefb30c: 0000 00e9 | fbff ffff 

  0x000001cc6fefb314: ;   {static_stub}
  0x000001cc6fefb314: 48bb 0000 | 0000 0000 

  0x000001cc6fefb31c: ;   {runtime_call nmethod}
  0x000001cc6fefb31c: 0000 e9fb 

  0x000001cc6fefb320: ;   {static_stub}
  0x000001cc6fefb320: ffff ff48 | bb00 0000 | 0000 0000 

  0x000001cc6fefb32c: ;   {runtime_call nmethod}
  0x000001cc6fefb32c: 00e9 fbff 

  0x000001cc6fefb330: ;   {static_stub}
  0x000001cc6fefb330: ffff 48bb | 0000 0000 | 0000 0000 

  0x000001cc6fefb33c: ;   {runtime_call nmethod}
  0x000001cc6fefb33c: e9fb ffff 

  0x000001cc6fefb340: ;   {static_stub}
  0x000001cc6fefb340: ff48 bb00 | 0000 0000 

  0x000001cc6fefb348: ;   {runtime_call nmethod}
  0x000001cc6fefb348: 0000 00e9 | fbff ffff 

  0x000001cc6fefb350: ;   {static_stub}
  0x000001cc6fefb350: 48bb 9081 | 0c01 cc01 

  0x000001cc6fefb358: ;   {runtime_call I2C/C2I adapters}
  0x000001cc6fefb358: 0000 e904 

  0x000001cc6fefb35c: ;   {static_stub}
  0x000001cc6fefb35c: 8144 ff48 | bb00 0000 | 0000 0000 

  0x000001cc6fefb368: ;   {runtime_call nmethod}
  0x000001cc6fefb368: 00e9 fbff 

  0x000001cc6fefb36c: ;   {static_stub}
  0x000001cc6fefb36c: ffff 48bb | 0000 0000 | 0000 0000 

  0x000001cc6fefb378: ;   {runtime_call nmethod}
  0x000001cc6fefb378: e9fb ffff 

  0x000001cc6fefb37c: ;   {static_stub}
  0x000001cc6fefb37c: ff48 bb68 | 23ab 00cc 

  0x000001cc6fefb384: ;   {runtime_call I2C/C2I adapters}
  0x000001cc6fefb384: 0100 00e9 | d780 44ff 

  0x000001cc6fefb38c: ;   {static_stub}
  0x000001cc6fefb38c: 48bb a05c | 0801 cc01 

  0x000001cc6fefb394: ;   {runtime_call I2C/C2I adapters}
  0x000001cc6fefb394: 0000 e9d0 

  0x000001cc6fefb398: ;   {runtime_call ExceptionBlob}
  0x000001cc6fefb398: fa43 ffe9 | 6018 50ff 
[Deopt Handler Code]
  0x000001cc6fefb3a0: e800 0000 | 0048 832c 

  0x000001cc6fefb3a8: ;   {runtime_call DeoptimizationBlob}
  0x000001cc6fefb3a8: 2405 e971 | 9344 fff4 
[/MachCode]


Compiled method (c1) 104586 6664   !   3       kotlinx.coroutines.scheduling.CoroutineScheduler::runSafely (73 bytes)
 total in heap  [0x000001cc681fd410,0x000001cc681fea80] = 5744
 relocation     [0x000001cc681fd570,0x000001cc681fd6c0] = 336
 main code      [0x000001cc681fd6c0,0x000001cc681fe4e0] = 3616
 stub code      [0x000001cc681fe4e0,0x000001cc681fe578] = 152
 oops           [0x000001cc681fe578,0x000001cc681fe580] = 8
 metadata       [0x000001cc681fe580,0x000001cc681fe5d0] = 80
 scopes data    [0x000001cc681fe5d0,0x000001cc681fe778] = 424
 scopes pcs     [0x000001cc681fe778,0x000001cc681fe928] = 432
 dependencies   [0x000001cc681fe928,0x000001cc681fe948] = 32
 handler table  [0x000001cc681fe948,0x000001cc681fea50] = 264
 nul chk table  [0x000001cc681fea50,0x000001cc681fea80] = 48

[Constant Pool (empty)]

[MachCode]
[Entry Point]
  # {method} {0x000001cc010a71a8} 'runSafely' '(Lkotlinx/coroutines/scheduling/Task;)V' in 'kotlinx/coroutines/scheduling/CoroutineScheduler'
  # this:     rdx:rdx   = 'kotlinx/coroutines/scheduling/CoroutineScheduler'
  # parm0:    r8:r8     = 'kotlinx/coroutines/scheduling/Task'
  #           [sp+0xa0]  (sp of caller)
  0x000001cc681fd6c0: 448b 5208 | 49bb 0000 | 0000 0800 | 0000 4d03 | d34c 3bd0 

  0x000001cc681fd6d4: ;   {runtime_call ic_miss_stub}
  0x000001cc681fd6d4: 0f85 a610 | 1407 660f | 1f44 0000 
[Verified Entry Point]
  0x000001cc681fd6e0: 8984 2400 | 80ff ff55 | 4881 ec90 | 0000 0090 | 4181 7f20 | 1800 0000 

  0x000001cc681fd6f8: ;   {runtime_call StubRoutines (final stubs)}
  0x000001cc681fd6f8: 7405 e8e1 

  0x000001cc681fd6fc: ;   {metadata(method data for {method} {0x000001cc010a71a8} 'runSafely' '(Lkotlinx/coroutines/scheduling/Task;)V' in 'kotlinx/coroutines/scheduling/CoroutineScheduler')}
  0x000001cc681fd6fc: db12 0748 | bee8 39e9 | 03cc 0100 | 008b becc | 0000 0083 | c702 89be | cc00 0000 | 81e7 fe07 
  0x000001cc681fd71c: 0000 85ff | 0f84 380b | 0000 493b | 0049 8bd0 

  0x000001cc681fd72c: ;   {metadata(method data for {method} {0x000001cc010a71a8} 'runSafely' '(Lkotlinx/coroutines/scheduling/Task;)V' in 'kotlinx/coroutines/scheduling/CoroutineScheduler')}
  0x000001cc681fd72c: 48be e839 | e903 cc01 | 0000 8b52 | 0849 ba00 | 0000 0008 | 0000 0049 | 03d2 483b | 9620 0100 
  0x000001cc681fd74c: 0075 0d48 | 8386 2801 | 0000 01e9 | 6000 0000 | 483b 9630 | 0100 0075 | 0d48 8386 | 3801 0000 
  0x000001cc681fd76c: 01e9 4a00 | 0000 4883 | be20 0100 | 0000 7517 | 4889 9620 | 0100 0048 | c786 2801 | 0000 0100 
  0x000001cc681fd78c: 0000 e929 | 0000 0048 | 83be 3001 | 0000 0075 | 1748 8996 | 3001 0000 | 48c7 8638 | 0100 0001 
  0x000001cc681fd7ac: 0000 00e9 | 0800 0000 | 4883 8610 | 0100 0001 | 498b d066 | 0f1f 4400 | 0048 b8ff | ffff ffff 
  0x000001cc681fd7cc: ;   {virtual_call}
  0x000001cc681fd7cc: ffff ffe8 

  0x000001cc681fd7d0: ; ImmutableOopMap {}
                      ;*invokevirtual run {reexecute=0 rethrow=0 return_oop=0}
                      ; - kotlinx.coroutines.scheduling.CoroutineScheduler::runSafely@2 (line 586)
  0x000001cc681fd7d0: 3c93 2007 

  0x000001cc681fd7d4: ;   {other}
  0x000001cc681fd7d4: 0f1f 8400 | c403 0000 

  0x000001cc681fd7dc: ;   {metadata(method data for {method} {0x000001cc010a71a8} 'runSafely' '(Lkotlinx/coroutines/scheduling/Task;)V' in 'kotlinx/coroutines/scheduling/CoroutineScheduler')}
  0x000001cc681fd7dc: 48ba e839 | e903 cc01 | 0000 4883 | 8248 0100 

  0x000001cc681fd7ec: ;   {metadata(method data for {method} {0x000001cc010e21b8} 'access$getTimeSource$p' '()Lkotlinx/coroutines/AbstractTimeSource;' in 'kotlinx/coroutines/AbstractTimeSourceKt')}
  0x000001cc681fd7ec: 0001 48ba | 0000 e803 | cc01 0000 | 8bb2 cc00 | 0000 83c6 | 0289 b2cc | 0000 0081 | e6fe ff1f 
  0x000001cc681fd80c: 0085 f60f | 846f 0a00 

  0x000001cc681fd814: ;   {oop(a 'java/lang/Class'{0x000000070b8937d8} = 'kotlinx/coroutines/AbstractTimeSourceKt')}
  0x000001cc681fd814: 0048 bad8 | 3789 0b07 | 0000 008b | 5270 48c1 | e203 4885 

  0x000001cc681fd828: ;   {metadata(method data for {method} {0x000001cc010a71a8} 'runSafely' '(Lkotlinx/coroutines/scheduling/Task;)V' in 'kotlinx/coroutines/scheduling/CoroutineScheduler')}
  0x000001cc681fd828: d248 bee8 | 39e9 03cc | 0100 0048 | c7c7 5801 | 0000 7407 | 48c7 c768 | 0100 0048 | 8b1c 3e48 
  0x000001cc681fd848: 8d5b 0148 | 891c 3e0f | 84ab 0900 | 0048 b8ff | ffff ffff 

  0x000001cc681fd85c: ;   {virtual_call}
  0x000001cc681fd85c: ffff ffe8 

  0x000001cc681fd860: ; ImmutableOopMap {}
                      ;*invokevirtual unTrackTask {reexecute=0 rethrow=0 return_oop=0}
                      ; - kotlinx.coroutines.scheduling.CoroutineScheduler::runSafely@12 (line 591)
  0x000001cc681fd860: 1c15 1407 

  0x000001cc681fd864: ;   {other}
  0x000001cc681fd864: 0f1f 8400 | 5404 0001 

  0x000001cc681fd86c: ;   {metadata(method data for {method} {0x000001cc010a71a8} 'runSafely' '(Lkotlinx/coroutines/scheduling/Task;)V' in 'kotlinx/coroutines/scheduling/CoroutineScheduler')}
  0x000001cc681fd86c: 48b8 e839 | e903 cc01 | 0000 ff80 | b001 0000 | e97f 0900 | 0049 8b87 | 0005 0000 | 4d33 d24d 
  0x000001cc681fd88c: 8997 0005 | 0000 4d33 | d24d 8997 | 0805 0000 

  0x000001cc681fd89c: ;   {metadata(method data for {method} {0x000001cc010a71a8} 'runSafely' '(Lkotlinx/coroutines/scheduling/Task;)V' in 'kotlinx/coroutines/scheduling/CoroutineScheduler')}
  0x000001cc681fd89c: 48ba e839 | e903 cc01 | 0000 4883 | 82e0 0100 | 0001 498b | 9788 0300 | 0048 8b32 | 4889 7424 
  0x000001cc681fd8bc: 6848 3b06 

  0x000001cc681fd8c0: ;   {metadata(method data for {method} {0x000001cc010a71a8} 'runSafely' '(Lkotlinx/coroutines/scheduling/Task;)V' in 'kotlinx/coroutines/scheduling/CoroutineScheduler')}
  0x000001cc681fd8c0: 488b d648 | bfe8 39e9 | 03cc 0100 | 008b 5208 | 49ba 0000 | 0000 0800 | 0000 4903 | d248 3b97 
  0x000001cc681fd8e0: 0002 0000 | 750d 4883 | 8708 0200 | 0001 e960 | 0000 0048 | 3b97 1002 | 0000 750d | 4883 8718 
  0x000001cc681fd900: 0200 0001 | e94a 0000 | 0048 83bf | 0002 0000 | 0075 1748 | 8997 0002 | 0000 48c7 | 8708 0200 
  0x000001cc681fd920: 0001 0000 | 00e9 2900 | 0000 4883 | bf10 0200 | 0000 7517 | 4889 9710 | 0200 0048 | c787 1802 
  0x000001cc681fd940: 0000 0100 | 0000 e908 | 0000 0048 | 8387 f001 

  0x000001cc681fd950: ;   {metadata(method data for {method} {0x000001cc0004d4d0} 'getUncaughtExceptionHandler' '()Ljava/lang/Thread$UncaughtExceptionHandler;' in 'java/lang/Thread')}
  0x000001cc681fd950: 0000 0148 | ba40 2b5b | 03cc 0100 | 008b bacc | 0000 0083 | c702 89ba | cc00 0000 | 81e7 feff 
  0x000001cc681fd970: 1f00 85ff | 0f84 3009 | 0000 488b 

  0x000001cc681fd97c: ;   {metadata(method data for {method} {0x000001cc0004d4d0} 'getUncaughtExceptionHandler' '()Ljava/lang/Thread$UncaughtExceptionHandler;' in 'java/lang/Thread')}
  0x000001cc681fd97c: d648 bf40 | 2b5b 03cc | 0100 008b | 5208 49ba | 0000 0000 | 0800 0000 | 4903 d248 | 3b97 2001 
  0x000001cc681fd99c: 0000 750d | 4883 8728 | 0100 0001 | e960 0000 | 0048 3b97 | 3001 0000 | 750d 4883 | 8738 0100 
  0x000001cc681fd9bc: 0001 e94a | 0000 0048 | 83bf 2001 | 0000 0075 | 1748 8997 | 2001 0000 | 48c7 8728 | 0100 0001 
  0x000001cc681fd9dc: 0000 00e9 | 2900 0000 | 4883 bf30 | 0100 0000 | 7517 4889 | 9730 0100 | 0048 c787 | 3801 0000 
  0x000001cc681fd9fc: 0100 0000 | e908 0000 | 0048 8387 | 1001 0000 

  0x000001cc681fda0c: ;   {metadata(method data for {method} {0x000001cc0004d270} 'isTerminated' '()Z' in 'java/lang/Thread')}
  0x000001cc681fda0c: 0148 ba58 | 2d5b 03cc | 0100 008b | bacc 0000 | 0083 c702 | 89ba cc00 | 0000 81e7 | feff 1f00 
  0x000001cc681fda2c: 85ff 0f84 | 9708 0000 

  0x000001cc681fda34: ;   {metadata(method data for {method} {0x000001cc0004d270} 'isTerminated' '()Z' in 'java/lang/Thread')}
  0x000001cc681fda34: 488b d648 | bf58 2d5b | 03cc 0100 | 008b 5208 | 49ba 0000 | 0000 0800 | 0000 4903 | d248 3b97 
  0x000001cc681fda54: 2001 0000 | 750d 4883 | 8728 0100 | 0001 e960 | 0000 0048 | 3b97 3001 | 0000 750d | 4883 8738 
  0x000001cc681fda74: 0100 0001 | e94a 0000 | 0048 83bf | 2001 0000 | 0075 1748 | 8997 2001 | 0000 48c7 | 8728 0100 
  0x000001cc681fda94: 0001 0000 | 00e9 2900 | 0000 4883 | bf30 0100 | 0000 7517 | 4889 9730 | 0100 0048 | c787 3801 
  0x000001cc681fdab4: 0000 0100 | 0000 e908 | 0000 0048 | 8387 1001 

  0x000001cc681fdac4: ;   {metadata(method data for {method} {0x000001cc0004d1b8} 'threadState' '()Ljava/lang/Thread$State;' in 'java/lang/Thread')}
  0x000001cc681fdac4: 0000 0148 | ba18 2f5b | 03cc 0100 | 008b bacc | 0000 0083 | c702 89ba | cc00 0000 | 81e7 feff 
  0x000001cc681fdae4: 1f00 85ff | 0f84 fe07 | 0000 8b56 | 4848 c1e2 | 038b 5218 

  0x000001cc681fdaf8: ;   {metadata(method data for {method} {0x000001cc0004d1b8} 'threadState' '()Ljava/lang/Thread$State;' in 'java/lang/Thread')}
  0x000001cc681fdaf8: 48bf 182f | 5b03 cc01 | 0000 4883 | 8710 0100 | 0001 4889 

  0x000001cc681fdb0c: ;   {static_call}
  0x000001cc681fdb0c: 4424 70e8 

  0x000001cc681fdb10: ; ImmutableOopMap {[104]=Oop [112]=Oop }
                      ;*invokestatic toThreadState {reexecute=0 rethrow=0 return_oop=0}
                      ; - java.lang.Thread::threadState@7
                      ; - java.lang.Thread::isTerminated@1
                      ; - java.lang.Thread::getUncaughtExceptionHandler@1
                      ; - kotlinx.coroutines.scheduling.CoroutineScheduler::runSafely@28 (line 589)
  0x000001cc681fdb10: 6c15 1407 

  0x000001cc681fdb14: ;   {other}
  0x000001cc681fdb14: 0f1f 8400 | 0407 0002 

  0x000001cc681fdb1c: ;   {oop(a 'java/lang/Thread$State'{0x000000070b1ce178})}
  0x000001cc681fdb1c: 48ba 78e1 | 1c0b 0700 | 0000 483b 

  0x000001cc681fdb28: ;   {metadata(method data for {method} {0x000001cc0004d270} 'isTerminated' '()Z' in 'java/lang/Thread')}
  0x000001cc681fdb28: c248 ba58 | 2d5b 03cc | 0100 0048 | c7c6 4801 | 0000 7507 | 48c7 c658 | 0100 0048 | 8b3c 3248 
  0x000001cc681fdb48: 8d7f 0148 | 893c 320f | 851a 0000 

  0x000001cc681fdb54: ;   {metadata(method data for {method} {0x000001cc0004d270} 'isTerminated' '()Z' in 'java/lang/Thread')}
  0x000001cc681fdb54: 0048 ba58 | 2d5b 03cc | 0100 00ff | 8268 0100 | 00ba 0100 | 0000 e905 | 0000 00ba | 0000 0000 
  0x000001cc681fdb74: 83e2 0185 

  0x000001cc681fdb78: ;   {metadata(method data for {method} {0x000001cc0004d4d0} 'getUncaughtExceptionHandler' '()Ljava/lang/Thread$UncaughtExceptionHandler;' in 'java/lang/Thread')}
  0x000001cc681fdb78: d248 ba40 | 2b5b 03cc | 0100 0048 | c7c6 4801 | 0000 7407 | 48c7 c658 | 0100 0048 | 8b3c 3248 
  0x000001cc681fdb98: 8d7f 0148 | 893c 320f | 8414 0000 

  0x000001cc681fdba4: ;   {oop(nullptr)}
  0x000001cc681fdba4: 0048 be00 | 0000 0000 | 0000 004c | 8b44 2468 | e9bc 0400 | 0048 8b74 | 2468 8b56 | 6848 c1e2 
  0x000001cc681fdbc4: 0348 85d2 

  0x000001cc681fdbc8: ;   {metadata(method data for {method} {0x000001cc0004d4d0} 'getUncaughtExceptionHandler' '()Ljava/lang/Thread$UncaughtExceptionHandler;' in 'java/lang/Thread')}
  0x000001cc681fdbc8: 48bf 402b | 5b03 cc01 | 0000 48c7 | c368 0100 | 0074 0748 | c7c3 7801 | 0000 488b | 041f 488d 
  0x000001cc681fdbe8: 4001 4889 | 041f 0f84 | 1800 0000 

  0x000001cc681fdbf4: ;   {metadata(method data for {method} {0x000001cc0004d4d0} 'getUncaughtExceptionHandler' '()Ljava/lang/Thread$UncaughtExceptionHandler;' in 'java/lang/Thread')}
  0x000001cc681fdbf4: 48bf 402b | 5b03 cc01 | 0000 ff87 | 8801 0000 | 4c8b c6e9 | 6604 0000 

  0x000001cc681fdc0c: ;   {metadata(method data for {method} {0x000001cc0004d4d0} 'getUncaughtExceptionHandler' '()Ljava/lang/Thread$UncaughtExceptionHandler;' in 'java/lang/Thread')}
  0x000001cc681fdc0c: 488b d648 | bf40 2b5b | 03cc 0100 | 0048 8387 | a001 0000 

  0x000001cc681fdc20: ;   {metadata(method data for {method} {0x000001cc0004b890} 'getThreadGroup' '()Ljava/lang/ThreadGroup;' in 'java/lang/Thread')}
  0x000001cc681fdc20: 0148 ba78 | 325b 03cc | 0100 008b | bacc 0000 | 0083 c702 | 89ba cc00 | 0000 81e7 | feff 1f00 
  0x000001cc681fdc40: 85ff 0f84 | ca06 0000 

  0x000001cc681fdc48: ;   {metadata(method data for {method} {0x000001cc0004b890} 'getThreadGroup' '()Ljava/lang/ThreadGroup;' in 'java/lang/Thread')}
  0x000001cc681fdc48: 488b d648 | bf78 325b | 03cc 0100 | 008b 5208 | 49ba 0000 | 0000 0800 | 0000 4903 | d248 3b97 
  0x000001cc681fdc68: 2001 0000 | 750d 4883 | 8728 0100 | 0001 e960 | 0000 0048 | 3b97 3001 | 0000 750d | 4883 8738 
  0x000001cc681fdc88: 0100 0001 | e94a 0000 | 0048 83bf | 2001 0000 | 0075 1748 | 8997 2001 | 0000 48c7 | 8728 0100 
  0x000001cc681fdca8: 0001 0000 | 00e9 2900 | 0000 4883 | bf30 0100 | 0000 7517 | 4889 9730 | 0100 0048 | c787 3801 
  0x000001cc681fdcc8: 0000 0100 | 0000 e908 | 0000 0048 | 8387 1001 

  0x000001cc681fdcd8: ;   {metadata(method data for {method} {0x000001cc0004d270} 'isTerminated' '()Z' in 'java/lang/Thread')}
  0x000001cc681fdcd8: 0000 0148 | ba58 2d5b | 03cc 0100 | 008b bacc | 0000 0083 | c702 89ba | cc00 0000 | 81e7 feff 
  0x000001cc681fdcf8: 1f00 85ff | 0f84 3106 | 0000 488b 

  0x000001cc681fdd04: ;   {metadata(method data for {method} {0x000001cc0004d270} 'isTerminated' '()Z' in 'java/lang/Thread')}
  0x000001cc681fdd04: d648 bf58 | 2d5b 03cc | 0100 008b | 5208 49ba | 0000 0000 | 0800 0000 | 4903 d248 | 3b97 2001 
  0x000001cc681fdd24: 0000 750d | 4883 8728 | 0100 0001 | e960 0000 | 0048 3b97 | 3001 0000 | 750d 4883 | 8738 0100 
  0x000001cc681fdd44: 0001 e94a | 0000 0048 | 83bf 2001 | 0000 0075 | 1748 8997 | 2001 0000 | 48c7 8728 | 0100 0001 
  0x000001cc681fdd64: 0000 00e9 | 2900 0000 | 4883 bf30 | 0100 0000 | 7517 4889 | 9730 0100 | 0048 c787 | 3801 0000 
  0x000001cc681fdd84: 0100 0000 | e908 0000 | 0048 8387 | 1001 0000 

  0x000001cc681fdd94: ;   {metadata(method data for {method} {0x000001cc0004d1b8} 'threadState' '()Ljava/lang/Thread$State;' in 'java/lang/Thread')}
  0x000001cc681fdd94: 0148 ba18 | 2f5b 03cc | 0100 008b | bacc 0000 | 0083 c702 | 89ba cc00 | 0000 81e7 | feff 1f00 
  0x000001cc681fddb4: 85ff 0f84 | 9805 0000 | 8b56 4848 | c1e2 038b 

  0x000001cc681fddc4: ;   {metadata(method data for {method} {0x000001cc0004d1b8} 'threadState' '()Ljava/lang/Thread$State;' in 'java/lang/Thread')}
  0x000001cc681fddc4: 5218 48bf | 182f 5b03 | cc01 0000 | 4883 8710 | 0100 0001 | 0f1f 8000 

  0x000001cc681fdddc: ;   {static_call}
  0x000001cc681fdddc: 0000 00e8 

  0x000001cc681fdde0: ; ImmutableOopMap {[104]=Oop [112]=Oop }
                      ;*invokestatic toThreadState {reexecute=0 rethrow=0 return_oop=0}
                      ; - java.lang.Thread::threadState@7
                      ; - java.lang.Thread::isTerminated@1
                      ; - java.lang.Thread::getThreadGroup@1
                      ; - java.lang.Thread::getUncaughtExceptionHandler@23
                      ; - kotlinx.coroutines.scheduling.CoroutineScheduler::runSafely@28 (line 589)
  0x000001cc681fdde0: 9c12 1407 

  0x000001cc681fdde4: ;   {other}
  0x000001cc681fdde4: 0f1f 8400 | d409 0003 

  0x000001cc681fddec: ;   {oop(a 'java/lang/Thread$State'{0x000000070b1ce178})}
  0x000001cc681fddec: 49b8 78e1 | 1c0b 0700 | 0000 493b 

  0x000001cc681fddf8: ;   {metadata(method data for {method} {0x000001cc0004d270} 'isTerminated' '()Z' in 'java/lang/Thread')}
  0x000001cc681fddf8: c049 b858 | 2d5b 03cc | 0100 0049 | c7c1 4801 | 0000 7507 | 49c7 c158 | 0100 004b | 8b14 0848 
  0x000001cc681fde18: 8d52 014b | 8914 080f | 851c 0000 

  0x000001cc681fde24: ;   {metadata(method data for {method} {0x000001cc0004d270} 'isTerminated' '()Z' in 'java/lang/Thread')}
  0x000001cc681fde24: 0049 b858 | 2d5b 03cc | 0100 0041 | ff80 6801 | 0000 41b8 | 0100 0000 | e906 0000 | 0041 b800 
  0x000001cc681fde44: 0000 0041 | 83e0 0145 

  0x000001cc681fde4c: ;   {metadata(method data for {method} {0x000001cc0004b890} 'getThreadGroup' '()Ljava/lang/ThreadGroup;' in 'java/lang/Thread')}
  0x000001cc681fde4c: 85c0 49b8 | 7832 5b03 | cc01 0000 | 49c7 c148 | 0100 0074 | 0749 c7c1 | 5801 0000 | 4b8b 1408 
  0x000001cc681fde6c: 488d 5201 | 4b89 1408 | 0f84 1400 

  0x000001cc681fde78: ;   {oop(nullptr)}
  0x000001cc681fde78: 0000 48ba | 0000 0000 | 0000 0000 | 4c8b 4424 | 68e9 e401 | 0000 4c8b | 4424 6849 

  0x000001cc681fde94: ;   {metadata(method data for {method} {0x000001cc0004b890} 'getThreadGroup' '()Ljava/lang/ThreadGroup;' in 'java/lang/Thread')}
  0x000001cc681fde94: 8bf0 49b9 | 7832 5b03 | cc01 0000 | 4983 8168 | 0100 0001 

  0x000001cc681fdea8: ;   {metadata(method data for {method} {0x000001cc0004a400} 'isVirtual' '()Z' in 'java/lang/Thread')}
  0x000001cc681fdea8: 49b9 e86b | d600 cc01 | 0000 418b | 91cc 0000 | 0083 c202 | 4189 91cc | 0000 0081 | e2fe ff1f 
  0x000001cc681fdec8: 0085 d20f | 84a9 0400 | 004d 85c0 

  0x000001cc681fded4: ;   {metadata(method data for {method} {0x000001cc0004a400} 'isVirtual' '()Z' in 'java/lang/Thread')}
  0x000001cc681fded4: 7516 48be | e86b d600 | cc01 0000 | 808e 0901 | 0000 01e9 | cf00 0000 

  0x000001cc681fdeec: ;   {metadata('java/lang/BaseVirtualThread')}
  0x000001cc681fdeec: 48bf 808c | 0400 0800 | 0000 418b | 7008 49ba | 0000 0000 | 0800 0000 | 4903 f248 | 3b7e 400f 
  0x000001cc681fdf0c: 858e 0000 

  0x000001cc681fdf10: ;   {metadata(method data for {method} {0x000001cc0004a400} 'isVirtual' '()Z' in 'java/lang/Thread')}
  0x000001cc681fdf10: 0048 bee8 | 6bd6 00cc | 0100 0041 | 8b78 0849 | ba00 0000 | 0008 0000 | 0049 03fa | 483b be20 
  0x000001cc681fdf30: 0100 0075 | 0d48 8386 | 2801 0000 | 01e9 7e00 | 0000 483b | be30 0100 | 0075 0d48 | 8386 3801 
  0x000001cc681fdf50: 0000 01e9 | 6800 0000 | 4883 be20 | 0100 0000 | 7517 4889 | be20 0100 | 0048 c786 | 2801 0000 
  0x000001cc681fdf70: 0100 0000 | e947 0000 | 0048 83be | 3001 0000 | 0075 1748 | 89be 3001 | 0000 48c7 | 8638 0100 
  0x000001cc681fdf90: 0001 0000 | 00e9 2600 | 0000 e921 

  0x000001cc681fdf9c: ;   {metadata(method data for {method} {0x000001cc0004a400} 'isVirtual' '()Z' in 'java/lang/Thread')}
  0x000001cc681fdf9c: 0000 0048 | bee8 6bd6 | 00cc 0100 | 0048 83ae | 1001 0000 | 01e9 0500 | 0000 e905 | 0000 004d 
  0x000001cc681fdfbc: 33c9 eb07 | 49c7 c101 | 0000 0041 | 83e1 0145 

  0x000001cc681fdfcc: ;   {metadata(method data for {method} {0x000001cc0004b890} 'getThreadGroup' '()Ljava/lang/ThreadGroup;' in 'java/lang/Thread')}
  0x000001cc681fdfcc: 85c9 49b9 | 7832 5b03 | cc01 0000 | 48c7 c2a0 | 0100 0074 | 0748 c7c2 | b001 0000 | 498b 3411 
  0x000001cc681fdfec: 488d 7601 | 4989 3411 | 0f84 6500 

  0x000001cc681fdff8: ;   {metadata(method data for {method} {0x000001cc0004b890} 'getThreadGroup' '()Ljava/lang/ThreadGroup;' in 'java/lang/Thread')}
  0x000001cc681fdff8: 0000 49b9 | 7832 5b03 | cc01 0000 | 4983 81c0 | 0100 0001 

  0x000001cc681fe00c: ;   {metadata(method data for {method} {0x000001cc0004d7b8} 'virtualThreadGroup' '()Ljava/lang/ThreadGroup;' in 'java/lang/Thread')}
  0x000001cc681fe00c: 49b9 a034 | 5b03 cc01 | 0000 418b | 91cc 0000 | 0083 c202 | 4189 91cc | 0000 0081 | e2fe ff1f 
  0x000001cc681fe02c: 0085 d20f | 8466 0300 | 0066 6690 

  0x000001cc681fe038: ;   {no_reloc}
  0x000001cc681fe038: e9f7 0300 | 0000 0000 | 0000 458b | 4970 49c1 

  0x000001cc681fe048: ;   {metadata(method data for {method} {0x000001cc0004b890} 'getThreadGroup' '()Ljava/lang/ThreadGroup;' in 'java/lang/Thread')}
  0x000001cc681fe048: e103 48ba | 7832 5b03 | cc01 0000 | ff82 d001 | 0000 e910 | 0000 0045 | 8b48 4849 | c1e1 0345 
  0x000001cc681fe068: 8b49 2049 | c1e1 0349 | 8bd1 488b | f248 8b44 | 2470 4c8b | c848 8bd6 | 0f1f 4400 | 0048 b8ff 
  0x000001cc681fe088: ffff ffff 

  0x000001cc681fe08c: ;   {virtual_call}
  0x000001cc681fe08c: ffff ffe8 

  0x000001cc681fe090: ; ImmutableOopMap {}
                      ;*invokeinterface uncaughtException {reexecute=0 rethrow=0 return_oop=0}
                      ; - kotlinx.coroutines.scheduling.CoroutineScheduler::runSafely@33 (line 589)
  0x000001cc681fe090: ec0c 1407 

  0x000001cc681fe094: ;   {other}
  0x000001cc681fe094: 0f1f 8400 | 840c 0004 

  0x000001cc681fe09c: ;   {metadata(method data for {method} {0x000001cc010a71a8} 'runSafely' '(Lkotlinx/coroutines/scheduling/Task;)V' in 'kotlinx/coroutines/scheduling/CoroutineScheduler')}
  0x000001cc681fe09c: 48ba e839 | e903 cc01 | 0000 4883 | 8260 0200 

  0x000001cc681fe0ac: ;   {metadata(method data for {method} {0x000001cc010e21b8} 'access$getTimeSource$p' '()Lkotlinx/coroutines/AbstractTimeSource;' in 'kotlinx/coroutines/AbstractTimeSourceKt')}
  0x000001cc681fe0ac: 0001 48ba | 0000 e803 | cc01 0000 | 8bb2 cc00 | 0000 83c6 | 0289 b2cc | 0000 0081 | e6fe ff1f 
  0x000001cc681fe0cc: 0085 f60f | 846e 0300 

  0x000001cc681fe0d4: ;   {oop(a 'java/lang/Class'{0x000000070b8937d8} = 'kotlinx/coroutines/AbstractTimeSourceKt')}
  0x000001cc681fe0d4: 0048 bad8 | 3789 0b07 | 0000 008b | 5270 48c1 | e203 4885 

  0x000001cc681fe0e8: ;   {metadata(method data for {method} {0x000001cc010a71a8} 'runSafely' '(Lkotlinx/coroutines/scheduling/Task;)V' in 'kotlinx/coroutines/scheduling/CoroutineScheduler')}
  0x000001cc681fe0e8: d248 bee8 | 39e9 03cc | 0100 0048 | c7c7 7002 | 0000 7407 | 48c7 c780 | 0200 0048 | 8b1c 3e48 
  0x000001cc681fe108: 8d5b 0148 | 891c 3e0f | 84c5 0000 | 0048 b8ff | ffff ffff 

  0x000001cc681fe11c: ;   {virtual_call}
  0x000001cc681fe11c: ffff ffe8 

  0x000001cc681fe120: ; ImmutableOopMap {}
                      ;*invokevirtual unTrackTask {reexecute=0 rethrow=0 return_oop=0}
                      ; - kotlinx.coroutines.scheduling.CoroutineScheduler::runSafely@45 (line 591)
  0x000001cc681fe120: 5c0c 1407 

  0x000001cc681fe124: ;   {other}
  0x000001cc681fe124: 0f1f 8400 | 140d 0005 

  0x000001cc681fe12c: ;   {metadata(method data for {method} {0x000001cc010a71a8} 'runSafely' '(Lkotlinx/coroutines/scheduling/Task;)V' in 'kotlinx/coroutines/scheduling/CoroutineScheduler')}
  0x000001cc681fe12c: 48b8 e839 | e903 cc01 | 0000 ff80 | c802 0000 | e999 0000 | 0049 8b87 | 0005 0000 | 4d33 d24d 
  0x000001cc681fe14c: 8997 0005 | 0000 4d33 | d24d 8997 | 0805 0000 

  0x000001cc681fe15c: ;   {metadata(method data for {method} {0x000001cc010a71a8} 'runSafely' '(Lkotlinx/coroutines/scheduling/Task;)V' in 'kotlinx/coroutines/scheduling/CoroutineScheduler')}
  0x000001cc681fe15c: 48ba e839 | e903 cc01 | 0000 4883 | 82f8 0200 

  0x000001cc681fe16c: ;   {metadata(method data for {method} {0x000001cc010e21b8} 'access$getTimeSource$p' '()Lkotlinx/coroutines/AbstractTimeSource;' in 'kotlinx/coroutines/AbstractTimeSourceKt')}
  0x000001cc681fe16c: 0001 48ba | 0000 e803 | cc01 0000 | 8bb2 cc00 | 0000 83c6 | 0289 b2cc | 0000 0081 | e6fe ff1f 
  0x000001cc681fe18c: 0085 f60f | 84cf 0200 

  0x000001cc681fe194: ;   {oop(a 'java/lang/Class'{0x000000070b8937d8} = 'kotlinx/coroutines/AbstractTimeSourceKt')}
  0x000001cc681fe194: 0048 bad8 | 3789 0b07 | 0000 008b | 5270 48c1 | e203 4885 

  0x000001cc681fe1a8: ;   {metadata(method data for {method} {0x000001cc010a71a8} 'runSafely' '(Lkotlinx/coroutines/scheduling/Task;)V' in 'kotlinx/coroutines/scheduling/CoroutineScheduler')}
  0x000001cc681fe1a8: d248 bee8 | 39e9 03cc | 0100 0048 | c7c7 0803 | 0000 7407 | 48c7 c718 | 0300 0048 | 8b1c 3e48 
  0x000001cc681fe1c8: 8d5b 0148 | 891c 3e0f | 8484 0000 | 00e9 4c00 

  0x000001cc681fe1d8: ;   {metadata(method data for {method} {0x000001cc010a71a8} 'runSafely' '(Lkotlinx/coroutines/scheduling/Task;)V' in 'kotlinx/coroutines/scheduling/CoroutineScheduler')}
  0x000001cc681fe1d8: 0000 48ba | e839 e903 | cc01 0000 | ff82 e002 | 0000 4881 | c490 0000 

  0x000001cc681fe1f0: ;   {poll_return}
  0x000001cc681fe1f0: 005d 493b | a750 0400 | 000f 8786 | 0200 00c3 

  0x000001cc681fe200: ;   {metadata(method data for {method} {0x000001cc010a71a8} 'runSafely' '(Lkotlinx/coroutines/scheduling/Task;)V' in 'kotlinx/coroutines/scheduling/CoroutineScheduler')}
  0x000001cc681fe200: 48ba e839 | e903 cc01 | 0000 ff82 | c801 0000 | 4881 c490 | 0000 005d 

  0x000001cc681fe218: ;   {poll_return}
  0x000001cc681fe218: 493b a750 | 0400 000f | 8776 0200 | 00c3 4889 | 4424 7866 | 9048 b8ff | ffff ffff 

  0x000001cc681fe234: ;   {virtual_call}
  0x000001cc681fe234: ffff ffe8 

  0x000001cc681fe238: ; ImmutableOopMap {[120]=Oop }
                      ;*invokevirtual unTrackTask {reexecute=0 rethrow=0 return_oop=0}
                      ; - kotlinx.coroutines.scheduling.CoroutineScheduler::runSafely@63 (line 591)
  0x000001cc681fe238: 440b 1407 

  0x000001cc681fe23c: ;   {other}
  0x000001cc681fe23c: 0f1f 8400 | 2c0e 0006 

  0x000001cc681fe244: ;   {metadata(method data for {method} {0x000001cc010a71a8} 'runSafely' '(Lkotlinx/coroutines/scheduling/Task;)V' in 'kotlinx/coroutines/scheduling/CoroutineScheduler')}
  0x000001cc681fe244: 48b8 e839 | e903 cc01 | 0000 ff80 | 6003 0000 | 488b 4424 | 78e9 7002 

  0x000001cc681fe25c: ;   {metadata({method} {0x000001cc010a71a8} 'runSafely' '(Lkotlinx/coroutines/scheduling/Task;)V' in 'kotlinx/coroutines/scheduling/CoroutineScheduler')}
  0x000001cc681fe25c: 0000 49ba | a071 0a01 | cc01 0000 | 4c89 5424 | 0848 c704 | 24ff ffff 

  0x000001cc681fe274: ;   {runtime_call counter_overflow Runtime1 stub}
  0x000001cc681fe274: ffe8 06d4 

  0x000001cc681fe278: ; ImmutableOopMap {rdx=Oop r8=Oop }
                      ;*synchronization entry
                      ; - kotlinx.coroutines.scheduling.CoroutineScheduler::runSafely@-1 (line 585)
  0x000001cc681fe278: 1f07 e9a7 

  0x000001cc681fe27c: ;   {runtime_call throw_null_pointer_exception Runtime1 stub}
  0x000001cc681fe27c: f4ff ffe8 

  0x000001cc681fe280: ; ImmutableOopMap {r8=Oop }
                      ;*invokevirtual run {reexecute=0 rethrow=0 return_oop=0}
                      ; - kotlinx.coroutines.scheduling.CoroutineScheduler::runSafely@2 (line 586)
  0x000001cc681fe280: fc82 1f07 

  0x000001cc681fe284: ;   {metadata({method} {0x000001cc010e21b8} 'access$getTimeSource$p' '()Lkotlinx/coroutines/AbstractTimeSource;' in 'kotlinx/coroutines/AbstractTimeSourceKt')}
  0x000001cc681fe284: 49ba b021 | 0e01 cc01 | 0000 4c89 | 5424 0848 | c704 24ff 

  0x000001cc681fe298: ;   {runtime_call counter_overflow Runtime1 stub}
  0x000001cc681fe298: ffff ffe8 

  0x000001cc681fe29c: ; ImmutableOopMap {}
                      ;*synchronization entry
                      ; - kotlinx.coroutines.AbstractTimeSourceKt::access$getTimeSource$p@-1 (line 1)
                      ; - kotlinx.coroutines.scheduling.CoroutineScheduler::runSafely@5 (line 591)
  0x000001cc681fe29c: e0d3 1f07 | e970 f5ff 

  0x000001cc681fe2a4: ;   {runtime_call throw_null_pointer_exception Runtime1 stub}
  0x000001cc681fe2a4: ffe8 d682 

  0x000001cc681fe2a8: ; ImmutableOopMap {rax=Oop rsi=Oop [104]=Oop }
                      ;*invokevirtual getUncaughtExceptionHandler {reexecute=0 rethrow=0 return_oop=0}
                      ; - kotlinx.coroutines.scheduling.CoroutineScheduler::runSafely@28 (line 589)
                      ;   {metadata({method} {0x000001cc0004d4d0} 'getUncaughtExceptionHandler' '()Ljava/lang/Thread$UncaughtExceptionHandler;' in 'java/lang/Thread')}
  0x000001cc681fe2a8: 1f07 49ba | c8d4 0400 | cc01 0000 | 4c89 5424 | 0848 c704 | 24ff ffff 

  0x000001cc681fe2c0: ;   {runtime_call counter_overflow Runtime1 stub}
  0x000001cc681fe2c0: ffe8 bad3 

  0x000001cc681fe2c4: ; ImmutableOopMap {rax=Oop rsi=Oop [104]=Oop }
                      ;*synchronization entry
                      ; - java.lang.Thread::getUncaughtExceptionHandler@-1
                      ; - kotlinx.coroutines.scheduling.CoroutineScheduler::runSafely@28 (line 589)
  0x000001cc681fe2c4: 1f07 e9af 

  0x000001cc681fe2c8: ;   {metadata({method} {0x000001cc0004d270} 'isTerminated' '()Z' in 'java/lang/Thread')}
  0x000001cc681fe2c8: f6ff ff49 | ba68 d204 | 00cc 0100 | 004c 8954 | 2408 48c7 | 0424 ffff 

  0x000001cc681fe2e0: ;   {runtime_call counter_overflow Runtime1 stub}
  0x000001cc681fe2e0: ffff e899 

  0x000001cc681fe2e4: ; ImmutableOopMap {rax=Oop rsi=Oop [104]=Oop }
                      ;*synchronization entry
                      ; - java.lang.Thread::isTerminated@-1
                      ; - java.lang.Thread::getUncaughtExceptionHandler@1
                      ; - kotlinx.coroutines.scheduling.CoroutineScheduler::runSafely@28 (line 589)
  0x000001cc681fe2e4: d31f 07e9 | 48f7 ffff 

  0x000001cc681fe2ec: ;   {metadata({method} {0x000001cc0004d1b8} 'threadState' '()Ljava/lang/Thread$State;' in 'java/lang/Thread')}
  0x000001cc681fe2ec: 49ba b0d1 | 0400 cc01 | 0000 4c89 | 5424 0848 | c704 24ff 

  0x000001cc681fe300: ;   {runtime_call counter_overflow Runtime1 stub}
  0x000001cc681fe300: ffff ffe8 

  0x000001cc681fe304: ; ImmutableOopMap {rax=Oop rsi=Oop [104]=Oop }
                      ;*synchronization entry
                      ; - java.lang.Thread::threadState@-1
                      ; - java.lang.Thread::isTerminated@1
                      ; - java.lang.Thread::getUncaughtExceptionHandler@1
                      ; - kotlinx.coroutines.scheduling.CoroutineScheduler::runSafely@28 (line 589)
  0x000001cc681fe304: 78d3 1f07 | e9e1 f7ff 

  0x000001cc681fe30c: ;   {runtime_call throw_null_pointer_exception Runtime1 stub}
  0x000001cc681fe30c: ffe8 6e82 

  0x000001cc681fe310: ; ImmutableOopMap {rax=Oop rsi=Oop [104]=Oop }
                      ;*getfield threadStatus {reexecute=1 rethrow=0 return_oop=0}
                      ; - (reexecute) java.lang.Thread::threadState@4
                      ; - java.lang.Thread::isTerminated@1
                      ; - java.lang.Thread::getUncaughtExceptionHandler@1
                      ; - kotlinx.coroutines.scheduling.CoroutineScheduler::runSafely@28 (line 589)
                      ;   {metadata({method} {0x000001cc0004b890} 'getThreadGroup' '()Ljava/lang/ThreadGroup;' in 'java/lang/Thread')}
  0x000001cc681fe310: 1f07 49ba | 88b8 0400 | cc01 0000 | 4c89 5424 | 0848 c704 | 24ff ffff 

  0x000001cc681fe328: ;   {runtime_call counter_overflow Runtime1 stub}
  0x000001cc681fe328: ffe8 52d3 

  0x000001cc681fe32c: ; ImmutableOopMap {rsi=Oop [104]=Oop [112]=Oop }
                      ;*synchronization entry
                      ; - java.lang.Thread::getThreadGroup@-1
                      ; - java.lang.Thread::getUncaughtExceptionHandler@23
                      ; - kotlinx.coroutines.scheduling.CoroutineScheduler::runSafely@28 (line 589)
  0x000001cc681fe32c: 1f07 e915 

  0x000001cc681fe330: ;   {metadata({method} {0x000001cc0004d270} 'isTerminated' '()Z' in 'java/lang/Thread')}
  0x000001cc681fe330: f9ff ff49 | ba68 d204 | 00cc 0100 | 004c 8954 | 2408 48c7 | 0424 ffff 

  0x000001cc681fe348: ;   {runtime_call counter_overflow Runtime1 stub}
  0x000001cc681fe348: ffff e831 

  0x000001cc681fe34c: ; ImmutableOopMap {rsi=Oop [104]=Oop [112]=Oop }
                      ;*synchronization entry
                      ; - java.lang.Thread::isTerminated@-1
                      ; - java.lang.Thread::getThreadGroup@1
                      ; - java.lang.Thread::getUncaughtExceptionHandler@23
                      ; - kotlinx.coroutines.scheduling.CoroutineScheduler::runSafely@28 (line 589)
  0x000001cc681fe34c: d31f 07e9 | aef9 ffff 

  0x000001cc681fe354: ;   {metadata({method} {0x000001cc0004d1b8} 'threadState' '()Ljava/lang/Thread$State;' in 'java/lang/Thread')}
  0x000001cc681fe354: 49ba b0d1 | 0400 cc01 | 0000 4c89 | 5424 0848 | c704 24ff 

  0x000001cc681fe368: ;   {runtime_call counter_overflow Runtime1 stub}
  0x000001cc681fe368: ffff ffe8 

  0x000001cc681fe36c: ; ImmutableOopMap {rsi=Oop [104]=Oop [112]=Oop }
                      ;*synchronization entry
                      ; - java.lang.Thread::threadState@-1
                      ; - java.lang.Thread::isTerminated@1
                      ; - java.lang.Thread::getThreadGroup@1
                      ; - java.lang.Thread::getUncaughtExceptionHandler@23
                      ; - kotlinx.coroutines.scheduling.CoroutineScheduler::runSafely@28 (line 589)
  0x000001cc681fe36c: 10d3 1f07 | e947 faff 

  0x000001cc681fe374: ;   {runtime_call throw_null_pointer_exception Runtime1 stub}
  0x000001cc681fe374: ffe8 0682 

  0x000001cc681fe378: ; ImmutableOopMap {rsi=Oop [104]=Oop [112]=Oop }
                      ;*getfield threadStatus {reexecute=1 rethrow=0 return_oop=0}
                      ; - (reexecute) java.lang.Thread::threadState@4
                      ; - java.lang.Thread::isTerminated@1
                      ; - java.lang.Thread::getThreadGroup@1
                      ; - java.lang.Thread::getUncaughtExceptionHandler@23
                      ; - kotlinx.coroutines.scheduling.CoroutineScheduler::runSafely@28 (line 589)
                      ;   {metadata({method} {0x000001cc0004a400} 'isVirtual' '()Z' in 'java/lang/Thread')}
  0x000001cc681fe378: 1f07 49ba | f8a3 0400 | cc01 0000 | 4c89 5424 | 0848 c704 | 24ff ffff 

  0x000001cc681fe390: ;   {runtime_call counter_overflow Runtime1 stub}
  0x000001cc681fe390: ffe8 ead2 

  0x000001cc681fe394: ; ImmutableOopMap {r8=Oop [104]=Oop [112]=Oop }
                      ;*synchronization entry
                      ; - java.lang.Thread::isVirtual@-1
                      ; - java.lang.Thread::getThreadGroup@10
                      ; - java.lang.Thread::getUncaughtExceptionHandler@23
                      ; - kotlinx.coroutines.scheduling.CoroutineScheduler::runSafely@28 (line 589)
  0x000001cc681fe394: 1f07 e936 

  0x000001cc681fe398: ;   {metadata({method} {0x000001cc0004d7b8} 'virtualThreadGroup' '()Ljava/lang/ThreadGroup;' in 'java/lang/Thread')}
  0x000001cc681fe398: fbff ff49 | bab0 d704 | 00cc 0100 | 004c 8954 | 2408 48c7 | 0424 ffff 

  0x000001cc681fe3b0: ;   {runtime_call counter_overflow Runtime1 stub}
  0x000001cc681fe3b0: ffff e8c9 

  0x000001cc681fe3b4: ; ImmutableOopMap {r8=Oop [104]=Oop [112]=Oop }
                      ;*synchronization entry
                      ; - java.lang.Thread::virtualThreadGroup@-1
                      ; - java.lang.Thread::getThreadGroup@16
                      ; - java.lang.Thread::getUncaughtExceptionHandler@23
                      ; - kotlinx.coroutines.scheduling.CoroutineScheduler::runSafely@28 (line 589)
  0x000001cc681fe3b4: d21f 07e9 | 79fc ffff 

  0x000001cc681fe3bc: ;   {oop(nullptr)}
  0x000001cc681fe3bc: 49b9 0000 | 0000 0000 | 0000 5053 | 498b 5910 | 5756 5251 | 4150 4151 | 4152 4153 | 4883 ec20 
  0x000001cc681fe3dc: 40f6 c40f | 0f84 1900 | 0000 4883 

  0x000001cc681fe3e8: ;   {runtime_call}
  0x000001cc681fe3e8: ec08 48b8 | 508b e3f9 | fc7f 0000 | ffd0 4883 | c408 e90c 

  0x000001cc681fe3fc: ;   {runtime_call}
  0x000001cc681fe3fc: 0000 0048 | b850 8be3 | f9fc 7f00 | 00ff d048 | 83c4 2041 | 5b41 5a41 | 5941 5859 | 5a5e 5f48 
  0x000001cc681fe41c: 3b83 6801 | 0000 5b58 | 0f85 0a00 | 0000 e913 | fcff ffb8 | 0078 6e0a 

  0x000001cc681fe434: ;   {runtime_call load_mirror_patching Runtime1 stub}
  0x000001cc681fe434: e847 c61f 

  0x000001cc681fe438: ; ImmutableOopMap {r8=Oop [104]=Oop [112]=Oop }
                      ;*getstatic VTHREAD_GROUP {reexecute=1 rethrow=0 return_oop=0}
                      ; - (reexecute) java.lang.Thread::virtualThreadGroup@0
                      ; - java.lang.Thread::getThreadGroup@16
                      ; - java.lang.Thread::getUncaughtExceptionHandler@23
                      ; - kotlinx.coroutines.scheduling.CoroutineScheduler::runSafely@28 (line 589)
  0x000001cc681fe438: 07e9 fafb 

  0x000001cc681fe43c: ;   {runtime_call throw_null_pointer_exception Runtime1 stub}
  0x000001cc681fe43c: ffff e83d 

  0x000001cc681fe440: ; ImmutableOopMap {r8=Oop [104]=Oop [112]=Oop }
                      ;*getfield group {reexecute=1 rethrow=0 return_oop=0}
                      ; - (reexecute) java.lang.Thread::getThreadGroup@26
                      ; - java.lang.Thread::getUncaughtExceptionHandler@23
                      ; - kotlinx.coroutines.scheduling.CoroutineScheduler::runSafely@28 (line 589)
                      ;   {metadata({method} {0x000001cc010e21b8} 'access$getTimeSource$p' '()Lkotlinx/coroutines/AbstractTimeSource;' in 'kotlinx/coroutines/AbstractTimeSourceKt')}
  0x000001cc681fe440: 811f 0749 | bab0 210e | 01cc 0100 | 004c 8954 | 2408 48c7 | 0424 ffff 

  0x000001cc681fe458: ;   {runtime_call counter_overflow Runtime1 stub}
  0x000001cc681fe458: ffff e821 

  0x000001cc681fe45c: ; ImmutableOopMap {}
                      ;*synchronization entry
                      ; - kotlinx.coroutines.AbstractTimeSourceKt::access$getTimeSource$p@-1 (line 1)
                      ; - kotlinx.coroutines.scheduling.CoroutineScheduler::runSafely@38 (line 591)
  0x000001cc681fe45c: d21f 07e9 | 71fc ffff 

  0x000001cc681fe464: ;   {metadata({method} {0x000001cc010e21b8} 'access$getTimeSource$p' '()Lkotlinx/coroutines/AbstractTimeSource;' in 'kotlinx/coroutines/AbstractTimeSourceKt')}
  0x000001cc681fe464: 49ba b021 | 0e01 cc01 | 0000 4c89 | 5424 0848 | c704 24ff 

  0x000001cc681fe478: ;   {runtime_call counter_overflow Runtime1 stub}
  0x000001cc681fe478: ffff ffe8 

  0x000001cc681fe47c: ; ImmutableOopMap {rax=Oop }
                      ;*synchronization entry
                      ; - kotlinx.coroutines.AbstractTimeSourceKt::access$getTimeSource$p@-1 (line 1)
                      ; - kotlinx.coroutines.scheduling.CoroutineScheduler::runSafely@56 (line 591)
  0x000001cc681fe47c: 00d2 1f07 | e910 fdff 

  0x000001cc681fe484: ;   {internal_word}
  0x000001cc681fe484: ff49 baf2 | e11f 68cc | 0100 004d | 8997 6804 

  0x000001cc681fe494: ;   {runtime_call SafepointBlob}
  0x000001cc681fe494: 0000 e9e5 

  0x000001cc681fe498: ;   {internal_word}
  0x000001cc681fe498: 6f14 0749 | ba18 e21f | 68cc 0100 | 004d 8997 | 6804 0000 

  0x000001cc681fe4ac: ;   {runtime_call SafepointBlob}
  0x000001cc681fe4ac: e9cf 6f14 | 0749 8b87 | 0005 0000 | 49c7 8700 | 0500 0000 | 0000 0049 | c787 0805 | 0000 0000 
  0x000001cc681fe4cc: 0000 4881 | c490 0000 

  0x000001cc681fe4d4: ;   {runtime_call unwind_exception Runtime1 stub}
  0x000001cc681fe4d4: 005d e9a5 | 711f 07f4 | f4f4 f4f4 
[Stub Code]
  0x000001cc681fe4e0: ;   {no_reloc}
  0x000001cc681fe4e0: 0f1f 4400 

  0x000001cc681fe4e4: ;   {static_stub}
  0x000001cc681fe4e4: 0048 bb00 | 0000 0000 

  0x000001cc681fe4ec: ;   {runtime_call nmethod}
  0x000001cc681fe4ec: 0000 00e9 | fbff ffff 

  0x000001cc681fe4f4: ;   {static_stub}
  0x000001cc681fe4f4: 9048 bb00 | 0000 0000 

  0x000001cc681fe4fc: ;   {runtime_call nmethod}
  0x000001cc681fe4fc: 0000 00e9 | fbff ffff 

  0x000001cc681fe504: ;   {static_stub}
  0x000001cc681fe504: 9048 bb00 | 0000 0000 

  0x000001cc681fe50c: ;   {runtime_call nmethod}
  0x000001cc681fe50c: 0000 00e9 | fbff ffff 

  0x000001cc681fe514: ;   {static_stub}
  0x000001cc681fe514: 9048 bb00 | 0000 0000 

  0x000001cc681fe51c: ;   {runtime_call nmethod}
  0x000001cc681fe51c: 0000 00e9 | fbff ffff 

  0x000001cc681fe524: ;   {static_stub}
  0x000001cc681fe524: 9048 bb00 | 0000 0000 

  0x000001cc681fe52c: ;   {runtime_call nmethod}
  0x000001cc681fe52c: 0000 00e9 | fbff ffff 

  0x000001cc681fe534: ;   {static_stub}
  0x000001cc681fe534: 48bb 0000 | 0000 0000 

  0x000001cc681fe53c: ;   {runtime_call nmethod}
  0x000001cc681fe53c: 0000 e9fb 

  0x000001cc681fe540: ;   {runtime_call handle_exception_from_callee Runtime1 stub}
  0x000001cc681fe540: ffff ffe8 | 389e 1f07 

  0x000001cc681fe548: ;   {external_word}
  0x000001cc681fe548: 48b9 d061 | 77fa fc7f | 0000 4883 

  0x000001cc681fe554: ;   {runtime_call}
  0x000001cc681fe554: e4f0 48b8 | 90db 45fa | fc7f 0000 

  0x000001cc681fe560: ;   {section_word}
  0x000001cc681fe560: ffd0 f449 | ba63 e51f | 68cc 0100 

  0x000001cc681fe56c: ;   {runtime_call DeoptimizationBlob}
  0x000001cc681fe56c: 0041 52e9 | ac61 1407 | f4f4 f4f4 
[/MachCode]


---------------  P R O C E S S  ---------------

Threads class SMR info:
_java_thread_list=0x000001cc047376c0, length=43, elements={
0x000001cc64c6dc50, 0x000001cc7ee42220, 0x000001cc7ee130f0, 0x000001cc7ee5b940,
0x000001cc7ee64ad0, 0x000001cc7ee65870, 0x000001cc7ee662d0, 0x000001cc7ee66d30,
0x000001cc7ee88170, 0x000001cc7ee8f130, 0x000001cc0456e310, 0x000001cc048f7910,
0x000001cc049c7810, 0x000001cc049b0e60, 0x000001cc04ad9dc0, 0x000001cc04a09950,
0x000001cc04a1e8d0, 0x000001cc04b645d0, 0x000001cc04b666a0, 0x000001cc04b652f0,
0x000001cc04b66010, 0x000001cc04b65980, 0x000001cc04b673c0, 0x000001cc04b63f40,
0x000001cc062d4a90, 0x000001cc062d3050, 0x000001cc062d29c0, 0x000001cc06fa1c30,
0x000001cc06fa5dd0, 0x000001cc06fa6af0, 0x000001cc06fa3670, 0x000001cc43a66070,
0x000001cc43a64cc0, 0x000001cc059cbc60, 0x000001cc059cf770, 0x000001cc059cd010,
0x000001cc059cf0e0, 0x000001cc059cc2f0, 0x000001cc09179c80, 0x000001cc09176800,
0x000001cc0917b6c0, 0x000001cc0917bd50, 0x000001cc4383fd80
}

Java Threads: ( => current thread )
  0x000001cc64c6dc50 JavaThread "main"                              [_thread_blocked, id=32156, stack(0x000000ca31a00000,0x000000ca31b00000) (1024K)]
  0x000001cc7ee42220 JavaThread "Common-Cleaner"             daemon [_thread_blocked, id=28340, stack(0x000000ca32200000,0x000000ca32300000) (1024K)]
  0x000001cc7ee130f0 JavaThread "Reference Handler"          daemon [_thread_blocked, id=7624, stack(0x000000ca32300000,0x000000ca32400000) (1024K)]
  0x000001cc7ee5b940 JavaThread "Finalizer"                  daemon [_thread_blocked, id=34176, stack(0x000000ca32400000,0x000000ca32500000) (1024K)]
  0x000001cc7ee64ad0 JavaThread "Signal Dispatcher"          daemon [_thread_blocked, id=28964, stack(0x000000ca32500000,0x000000ca32600000) (1024K)]
  0x000001cc7ee65870 JavaThread "Attach Listener"            daemon [_thread_blocked, id=24492, stack(0x000000ca32600000,0x000000ca32700000) (1024K)]
  0x000001cc7ee662d0 JavaThread "Service Thread"             daemon [_thread_blocked, id=19964, stack(0x000000ca32700000,0x000000ca32800000) (1024K)]
  0x000001cc7ee66d30 JavaThread "Monitor Deflation Thread"   daemon [_thread_blocked, id=29828, stack(0x000000ca32800000,0x000000ca32900000) (1024K)]
  0x000001cc7ee88170 JavaThread "C2 CompilerThread0"         daemon [_thread_blocked, id=3860, stack(0x000000ca32900000,0x000000ca32a00000) (1024K)]
  0x000001cc7ee8f130 JavaThread "C1 CompilerThread0"         daemon [_thread_blocked, id=27328, stack(0x000000ca32a00000,0x000000ca32b00000) (1024K)]
  0x000001cc0456e310 JavaThread "DevTools: Stderr"           daemon [_thread_in_native, id=34056, stack(0x000000ca32c00000,0x000000ca32d00000) (1024K)]
  0x000001cc048f7910 JavaThread "Hot Reload Main"            daemon [_thread_blocked, id=33496, stack(0x000000ca32b00000,0x000000ca32c00000) (1024K)]
  0x000001cc049c7810 JavaThread "Orchestration IO: Writer"   daemon [_thread_blocked, id=29580, stack(0x000000ca32e00000,0x000000ca32f00000) (1024K)]
  0x000001cc049b0e60 JavaThread "Orchestration IO: Reader"   daemon [_thread_in_native, id=34100, stack(0x000000ca32f00000,0x000000ca33000000) (1024K)]
  0x000001cc04ad9dc0 JavaThread "Logger"                     daemon [_thread_blocked, id=4056, stack(0x000000ca32d00000,0x000000ca32e00000) (1024K)]
  0x000001cc04a09950 JavaThread "Notification Thread"        daemon [_thread_blocked, id=1100, stack(0x000000ca33500000,0x000000ca33600000) (1024K)]
  0x000001cc04a1e8d0 JavaThread "Compose Runtime Analyzer"   daemon [_thread_blocked, id=34256, stack(0x000000ca33600000,0x000000ca33700000) (1024K)]
  0x000001cc04b645d0 JavaThread "Java2D Disposer"            daemon [_thread_blocked, id=17556, stack(0x000000ca33800000,0x000000ca33900000) (1024K)]
  0x000001cc04b666a0 JavaThread "AWT-Shutdown"                      [_thread_blocked, id=32340, stack(0x000000ca33900000,0x000000ca33a00000) (1024K)]
  0x000001cc04b652f0 JavaThread "AWT-Windows"                daemon [_thread_in_native, id=24460, stack(0x000000ca33a00000,0x000000ca33b00000) (1024K)]
  0x000001cc04b66010 JavaThread "AWT-EventQueue-0"                  [_thread_blocked, id=9540, stack(0x000000ca33b00000,0x000000ca33c00000) (1024K)]
  0x000001cc04b65980 JavaThread "TimerQueue"                 daemon [_thread_blocked, id=29804, stack(0x000000ca34300000,0x000000ca34400000) (1024K)]
  0x000001cc04b673c0 JavaThread "DefaultDispatcher-worker-1" daemon [_thread_blocked, id=18660, stack(0x000000ca34400000,0x000000ca34500000) (1024K)]
  0x000001cc04b63f40 JavaThread "DefaultDispatcher-worker-2" daemon [_thread_blocked, id=19564, stack(0x000000ca34500000,0x000000ca34600000) (1024K)]
  0x000001cc062d4a90 JavaThread "DefaultDispatcher-worker-3" daemon [_thread_blocked, id=27536, stack(0x000000ca34600000,0x000000ca34700000) (1024K)]
  0x000001cc062d3050 JavaThread "kotlinx.coroutines.DefaultExecutor" daemon [_thread_blocked, id=6072, stack(0x000000ca34700000,0x000000ca34800000) (1024K)]
  0x000001cc062d29c0 JavaThread "Reference Cleaner"          daemon [_thread_blocked, id=7480, stack(0x000000ca34800000,0x000000ca34900000) (1024K)]
  0x000001cc06fa1c30 JavaThread "DefaultDispatcher-worker-4" daemon [_thread_blocked, id=2268, stack(0x000000ca36100000,0x000000ca36200000) (1024K)]
  0x000001cc06fa5dd0 JavaThread "DefaultDispatcher-worker-5" daemon [_thread_blocked, id=30032, stack(0x000000ca36200000,0x000000ca36300000) (1024K)]
  0x000001cc06fa6af0 JavaThread "DefaultDispatcher-worker-6" daemon [_thread_blocked, id=18020, stack(0x000000ca36400000,0x000000ca36500000) (1024K)]
=>0x000001cc06fa3670 JavaThread "DefaultDispatcher-worker-7" daemon [_thread_in_native, id=20972, stack(0x000000ca36500000,0x000000ca36600000) (1024K)]
  0x000001cc43a66070 JavaThread "DefaultDispatcher-worker-8" daemon [_thread_blocked, id=33640, stack(0x000000ca36600000,0x000000ca36700000) (1024K)]
  0x000001cc43a64cc0 JavaThread "DefaultDispatcher-worker-9" daemon [_thread_blocked, id=17904, stack(0x000000ca36700000,0x000000ca36800000) (1024K)]
  0x000001cc059cbc60 JavaThread "skiko-dispatcher-to-block-on" daemon [_thread_in_native, id=19892, stack(0x000000ca36800000,0x000000ca36900000) (1024K)]
  0x000001cc059cf770 JavaThread "DefaultDispatcher-worker-10" daemon [_thread_blocked, id=14728, stack(0x000000ca36900000,0x000000ca36a00000) (1024K)]
  0x000001cc059cd010 JavaThread "DefaultDispatcher-worker-11" daemon [_thread_blocked, id=7672, stack(0x000000ca36a00000,0x000000ca36b00000) (1024K)]
  0x000001cc059cf0e0 JavaThread "DefaultDispatcher-worker-12" daemon [_thread_blocked, id=26244, stack(0x000000ca36b00000,0x000000ca36c00000) (1024K)]
  0x000001cc059cc2f0 JavaThread "DefaultDispatcher-worker-13" daemon [_thread_blocked, id=22796, stack(0x000000ca36c00000,0x000000ca36d00000) (1024K)]
  0x000001cc09179c80 JavaThread "DefaultDispatcher-worker-14" daemon [_thread_blocked, id=29684, stack(0x000000ca35900000,0x000000ca35a00000) (1024K)]
  0x000001cc09176800 JavaThread "DefaultDispatcher-worker-15" daemon [_thread_blocked, id=32168, stack(0x000000ca36e00000,0x000000ca36f00000) (1024K)]
  0x000001cc0917b6c0 JavaThread "DefaultDispatcher-worker-16" daemon [_thread_in_native, id=12828, stack(0x000000ca36f00000,0x000000ca37000000) (1024K)]
  0x000001cc0917bd50 JavaThread "DefaultDispatcher-worker-17" daemon [_thread_blocked, id=31144, stack(0x000000ca37000000,0x000000ca37100000) (1024K)]
  0x000001cc4383fd80 JavaThread "C2 CompilerThread1"         daemon [_thread_blocked, id=12552, stack(0x000000ca35b00000,0x000000ca35c00000) (1024K)]
Total: 43

Other Threads:
  0x000001cc7edca220 VMThread "VM Thread"                           [id=20592, stack(0x000000ca32100000,0x000000ca32200000) (1024K)]
  0x000001cc7eaf29b0 WatcherThread "VM Periodic Task Thread"        [id=20568, stack(0x000000ca32000000,0x000000ca32100000) (1024K)]
  0x000001cc64cd1e90 WorkerThread "GC Thread#0"                     [id=10624, stack(0x000000ca31b00000,0x000000ca31c00000) (1024K)]
  0x000001cc049b8620 WorkerThread "GC Thread#1"                     [id=12884, stack(0x000000ca33000000,0x000000ca33100000) (1024K)]
  0x000001cc049bd7c0 WorkerThread "GC Thread#2"                     [id=7272, stack(0x000000ca33100000,0x000000ca33200000) (1024K)]
  0x000001cc049bdb70 WorkerThread "GC Thread#3"                     [id=20300, stack(0x000000ca33200000,0x000000ca33300000) (1024K)]
  0x000001cc049bdf20 WorkerThread "GC Thread#4"                     [id=32048, stack(0x000000ca33300000,0x000000ca33400000) (1024K)]
  0x000001cc04838ab0 WorkerThread "GC Thread#5"                     [id=30028, stack(0x000000ca33400000,0x000000ca33500000) (1024K)]
  0x000001cc04c126e0 WorkerThread "GC Thread#6"                     [id=30116, stack(0x000000ca33c00000,0x000000ca33d00000) (1024K)]
  0x000001cc04c12a90 WorkerThread "GC Thread#7"                     [id=33664, stack(0x000000ca33d00000,0x000000ca33e00000) (1024K)]
  0x000001cc04c135f0 WorkerThread "GC Thread#8"                     [id=33428, stack(0x000000ca33e00000,0x000000ca33f00000) (1024K)]
  0x000001cc04c12e90 WorkerThread "GC Thread#9"                     [id=8288, stack(0x000000ca33f00000,0x000000ca34000000) (1024K)]
  0x000001cc64ce22a0 ConcurrentGCThread "G1 Main Marker"            [id=19716, stack(0x000000ca31c00000,0x000000ca31d00000) (1024K)]
  0x000001cc64ce59c0 WorkerThread "G1 Conc#0"                       [id=34272, stack(0x000000ca31d00000,0x000000ca31e00000) (1024K)]
  0x000001cc04c139a0 WorkerThread "G1 Conc#1"                       [id=33780, stack(0x000000ca34000000,0x000000ca34100000) (1024K)]
  0x000001cc04c13d50 WorkerThread "G1 Conc#2"                       [id=33608, stack(0x000000ca34100000,0x000000ca34200000) (1024K)]
  0x000001cc7e9c9ab0 ConcurrentGCThread "G1 Refine#0"               [id=32132, stack(0x000000ca31e00000,0x000000ca31f00000) (1024K)]
  0x000001cc7e9ca2e0 ConcurrentGCThread "G1 Service"                [id=17068, stack(0x000000ca31f00000,0x000000ca32000000) (1024K)]
Total: 18

Threads with active compile tasks:
Total: 0

VM state: not at safepoint (normal execution)

VM Mutex/Monitor currently owned by a thread: None

Heap address: 0x000000070ae00000, size: 3922 MB, Compressed Oops mode: Zero based, Oop shift amount: 3

CDS archive(s) not mapped
Compressed class space mapped at: 0x0000000800000000-0x0000000840000000, reserved size: 1073741824
Narrow klass base: 0x0000000800000000, Narrow klass shift: 0, Narrow klass range: 0x40000000

GC Precious Log:
 CardTable entry size: 512
 Card Set container configuration: InlinePtr #cards 4 size 8 Array Of Cards #cards 16 size 48 Howl #buckets 8 coarsen threshold 3686 Howl Bitmap #cards 512 size 80 coarsen threshold 460 Card regions per heap region 1 cards per card region 4096
 CPUs: 12 total, 12 available
 Memory: 15681M
 Large Page Support: Disabled
 NUMA Support: Disabled
 Compressed Oops: Enabled (Zero based)
 Heap Region Size: 2M
 Heap Min Capacity: 8M
 Heap Initial Capacity: 246M
 Heap Max Capacity: 3922M
 Pre-touch: Disabled
 Parallel Workers: 10
 Concurrent Workers: 3
 Concurrent Refinement Workers: 10
 Periodic GC: Disabled

Heap:
 garbage-first heap   total 190464K, used 157469K [0x000000070ae00000, 0x0000000800000000)
  region size 2048K, 35 young (71680K), 3 survivors (6144K)
 Metaspace       used 97503K, committed 98880K, reserved 1179648K
  class space    used 10723K, committed 11264K, reserved 1048576K

Heap Regions: E=young(eden), S=young(survivor), O=old, HS=humongous(starts), HC=humongous(continues), CS=collection set, F=free, TAMS=top-at-mark-start, PB=parsable bottom
|   0|0x000000070ae00000, 0x000000070b000000, 0x000000070b000000|100%|HS|  |TAMS 0x000000070ae00000| PB 0x000000070ae00000| Complete 
|   1|0x000000070b000000, 0x000000070b200000, 0x000000070b200000|100%| O|  |TAMS 0x000000070b000000| PB 0x000000070b000000| Untracked 
|   2|0x000000070b200000, 0x000000070b400000, 0x000000070b400000|100%| O|  |TAMS 0x000000070b200000| PB 0x000000070b200000| Untracked 
|   3|0x000000070b400000, 0x000000070b600000, 0x000000070b600000|100%| O|  |TAMS 0x000000070b400000| PB 0x000000070b400000| Untracked 
|   4|0x000000070b600000, 0x000000070b800000, 0x000000070b800000|100%| O|  |TAMS 0x000000070b600000| PB 0x000000070b600000| Untracked 
|   5|0x000000070b800000, 0x000000070ba00000, 0x000000070ba00000|100%| O|  |TAMS 0x000000070b800000| PB 0x000000070b800000| Untracked 
|   6|0x000000070ba00000, 0x000000070bc00000, 0x000000070bc00000|100%| O|  |TAMS 0x000000070ba00000| PB 0x000000070ba00000| Untracked 
|   7|0x000000070bc00000, 0x000000070bdffda0, 0x000000070be00000| 99%| O|  |TAMS 0x000000070bc00000| PB 0x000000070bc00000| Untracked 
|   8|0x000000070be00000, 0x000000070c000000, 0x000000070c000000|100%| O|  |TAMS 0x000000070be00000| PB 0x000000070be00000| Untracked 
|   9|0x000000070c000000, 0x000000070c200000, 0x000000070c200000|100%| O|  |TAMS 0x000000070c000000| PB 0x000000070c000000| Untracked 
|  10|0x000000070c200000, 0x000000070c3ff748, 0x000000070c400000| 99%| O|  |TAMS 0x000000070c200000| PB 0x000000070c200000| Untracked 
|  11|0x000000070c400000, 0x000000070c5f1e20, 0x000000070c600000| 97%| O|  |TAMS 0x000000070c400000| PB 0x000000070c400000| Untracked 
|  12|0x000000070c600000, 0x000000070c800000, 0x000000070c800000|100%| O|  |TAMS 0x000000070c600000| PB 0x000000070c600000| Untracked 
|  13|0x000000070c800000, 0x000000070c9fffb8, 0x000000070ca00000| 99%| O|  |TAMS 0x000000070c800000| PB 0x000000070c800000| Untracked 
|  14|0x000000070ca00000, 0x000000070cc00000, 0x000000070cc00000|100%| O|  |TAMS 0x000000070ca00000| PB 0x000000070ca00000| Untracked 
|  15|0x000000070cc00000, 0x000000070cdfea98, 0x000000070ce00000| 99%| O|  |TAMS 0x000000070cc00000| PB 0x000000070cc00000| Untracked 
|  16|0x000000070ce00000, 0x000000070cfffff8, 0x000000070d000000| 99%| O|  |TAMS 0x000000070ce00000| PB 0x000000070ce00000| Untracked 
|  17|0x000000070d000000, 0x000000070d1fffe8, 0x000000070d200000| 99%| O|  |TAMS 0x000000070d000000| PB 0x000000070d000000| Untracked 
|  18|0x000000070d200000, 0x000000070d3ffff0, 0x000000070d400000| 99%| O|  |TAMS 0x000000070d200000| PB 0x000000070d200000| Untracked 
|  19|0x000000070d400000, 0x000000070d5fffb8, 0x000000070d600000| 99%| O|  |TAMS 0x000000070d400000| PB 0x000000070d400000| Untracked 
|  20|0x000000070d600000, 0x000000070d800000, 0x000000070d800000|100%|HS|  |TAMS 0x000000070d600000| PB 0x000000070d600000| Complete 
|  21|0x000000070d800000, 0x000000070da00000, 0x000000070da00000|100%|HC|  |TAMS 0x000000070d800000| PB 0x000000070d800000| Complete 
|  22|0x000000070da00000, 0x000000070dc00000, 0x000000070dc00000|100%|HC|  |TAMS 0x000000070da00000| PB 0x000000070da00000| Complete 
|  23|0x000000070dc00000, 0x000000070de00000, 0x000000070de00000|100%|HC|  |TAMS 0x000000070dc00000| PB 0x000000070dc00000| Complete 
|  24|0x000000070de00000, 0x000000070e000000, 0x000000070e000000|100%|HC|  |TAMS 0x000000070de00000| PB 0x000000070de00000| Complete 
|  25|0x000000070e000000, 0x000000070e200000, 0x000000070e200000|100%|HC|  |TAMS 0x000000070e000000| PB 0x000000070e000000| Complete 
|  26|0x000000070e200000, 0x000000070e400000, 0x000000070e400000|100%|HC|  |TAMS 0x000000070e200000| PB 0x000000070e200000| Complete 
|  27|0x000000070e400000, 0x000000070e600000, 0x000000070e600000|100%|HC|  |TAMS 0x000000070e400000| PB 0x000000070e400000| Complete 
|  28|0x000000070e600000, 0x000000070e800000, 0x000000070e800000|100%|HC|  |TAMS 0x000000070e600000| PB 0x000000070e600000| Complete 
|  29|0x000000070e800000, 0x000000070ea00000, 0x000000070ea00000|100%|HC|  |TAMS 0x000000070e800000| PB 0x000000070e800000| Complete 
|  30|0x000000070ea00000, 0x000000070ebf7778, 0x000000070ec00000| 98%| O|  |TAMS 0x000000070ea00000| PB 0x000000070ea00000| Untracked 
|  31|0x000000070ec00000, 0x000000070edffff0, 0x000000070ee00000| 99%| O|  |TAMS 0x000000070ec00000| PB 0x000000070ec00000| Untracked 
|  32|0x000000070ee00000, 0x000000070effffe8, 0x000000070f000000| 99%| O|  |TAMS 0x000000070ee00000| PB 0x000000070ee00000| Untracked 
|  33|0x000000070f000000, 0x000000070f1ffff8, 0x000000070f200000| 99%| O|  |TAMS 0x000000070f000000| PB 0x000000070f000000| Untracked 
|  34|0x000000070f200000, 0x000000070f3ffff8, 0x000000070f400000| 99%| O|  |TAMS 0x000000070f200000| PB 0x000000070f200000| Untracked 
|  35|0x000000070f400000, 0x000000070f51dc18, 0x000000070f600000| 55%| O|  |TAMS 0x000000070f400000| PB 0x000000070f400000| Untracked 
|  36|0x000000070f600000, 0x000000070f7ffff8, 0x000000070f800000| 99%| O|  |TAMS 0x000000070f600000| PB 0x000000070f600000| Untracked 
|  37|0x000000070f800000, 0x000000070f8e4bd0, 0x000000070fa00000| 44%| O|Cm|TAMS 0x000000070f800000| PB 0x000000070f800000| Complete 
|  38|0x000000070fa00000, 0x000000070fbffff0, 0x000000070fc00000| 99%| O|  |TAMS 0x000000070fa00000| PB 0x000000070fa00000| Untracked 
|  39|0x000000070fc00000, 0x000000070fd82520, 0x000000070fe00000| 75%| O|  |TAMS 0x000000070fc00000| PB 0x000000070fc00000| Untracked 
|  40|0x000000070fe00000, 0x000000070fe00000, 0x0000000710000000|  0%| F|  |TAMS 0x000000070fe00000| PB 0x000000070fe00000| Untracked 
|  41|0x0000000710000000, 0x00000007100dd278, 0x0000000710200000| 43%| O|  |TAMS 0x0000000710000000| PB 0x0000000710000000| Untracked 
|  42|0x0000000710200000, 0x0000000710400000, 0x0000000710400000|100%|HS|  |TAMS 0x0000000710200000| PB 0x0000000710200000| Complete 
|  43|0x0000000710400000, 0x0000000710600000, 0x0000000710600000|100%|HC|  |TAMS 0x0000000710400000| PB 0x0000000710400000| Complete 
|  44|0x0000000710600000, 0x0000000710800000, 0x0000000710800000|100%|HC|  |TAMS 0x0000000710600000| PB 0x0000000710600000| Complete 
|  45|0x0000000710800000, 0x0000000710a00000, 0x0000000710a00000|100%|HC|  |TAMS 0x0000000710800000| PB 0x0000000710800000| Complete 
|  46|0x0000000710a00000, 0x0000000710a00000, 0x0000000710c00000|  0%| F|  |TAMS 0x0000000710a00000| PB 0x0000000710a00000| Untracked 
|  47|0x0000000710c00000, 0x0000000710c53c78, 0x0000000710e00000| 16%| O|  |TAMS 0x0000000710c00000| PB 0x0000000710c00000| Untracked 
|  48|0x0000000710e00000, 0x0000000710e00000, 0x0000000711000000|  0%| F|  |TAMS 0x0000000710e00000| PB 0x0000000710e00000| Untracked 
|  49|0x0000000711000000, 0x0000000711000000, 0x0000000711200000|  0%| F|  |TAMS 0x0000000711000000| PB 0x0000000711000000| Untracked 
|  50|0x0000000711200000, 0x0000000711200000, 0x0000000711400000|  0%| F|  |TAMS 0x0000000711200000| PB 0x0000000711200000| Untracked 
|  51|0x0000000711400000, 0x0000000711400000, 0x0000000711600000|  0%| F|  |TAMS 0x0000000711400000| PB 0x0000000711400000| Untracked 
|  52|0x0000000711600000, 0x0000000711600000, 0x0000000711800000|  0%| F|  |TAMS 0x0000000711600000| PB 0x0000000711600000| Untracked 
|  53|0x0000000711800000, 0x0000000711800000, 0x0000000711a00000|  0%| F|  |TAMS 0x0000000711800000| PB 0x0000000711800000| Untracked 
|  54|0x0000000711a00000, 0x0000000711a00000, 0x0000000711c00000|  0%| F|  |TAMS 0x0000000711a00000| PB 0x0000000711a00000| Untracked 
|  55|0x0000000711c00000, 0x0000000711d2a760, 0x0000000711e00000| 58%| S|CS|TAMS 0x0000000711c00000| PB 0x0000000711c00000| Complete 
|  56|0x0000000711e00000, 0x0000000712000000, 0x0000000712000000|100%| S|CS|TAMS 0x0000000711e00000| PB 0x0000000711e00000| Complete 
|  57|0x0000000712000000, 0x0000000712200000, 0x0000000712200000|100%| S|CS|TAMS 0x0000000712000000| PB 0x0000000712000000| Complete 
|  58|0x0000000712200000, 0x0000000712200000, 0x0000000712400000|  0%| F|  |TAMS 0x0000000712200000| PB 0x0000000712200000| Untracked 
|  59|0x0000000712400000, 0x0000000712400000, 0x0000000712600000|  0%| F|  |TAMS 0x0000000712400000| PB 0x0000000712400000| Untracked 
|  60|0x0000000712600000, 0x0000000712600000, 0x0000000712800000|  0%| F|  |TAMS 0x0000000712600000| PB 0x0000000712600000| Untracked 
|  61|0x0000000712800000, 0x00000007128902d0, 0x0000000712a00000| 28%| E|  |TAMS 0x0000000712800000| PB 0x0000000712800000| Complete 
|  62|0x0000000712a00000, 0x0000000712c00000, 0x0000000712c00000|100%| E|CS|TAMS 0x0000000712a00000| PB 0x0000000712a00000| Complete 
|  63|0x0000000712c00000, 0x0000000712e00000, 0x0000000712e00000|100%| E|CS|TAMS 0x0000000712c00000| PB 0x0000000712c00000| Complete 
|  64|0x0000000712e00000, 0x0000000713000000, 0x0000000713000000|100%| E|CS|TAMS 0x0000000712e00000| PB 0x0000000712e00000| Complete 
|  65|0x0000000713000000, 0x0000000713200000, 0x0000000713200000|100%| E|CS|TAMS 0x0000000713000000| PB 0x0000000713000000| Complete 
|  66|0x0000000713200000, 0x0000000713400000, 0x0000000713400000|100%| E|CS|TAMS 0x0000000713200000| PB 0x0000000713200000| Complete 
|  67|0x0000000713400000, 0x0000000713600000, 0x0000000713600000|100%| E|CS|TAMS 0x0000000713400000| PB 0x0000000713400000| Complete 
|  68|0x0000000713600000, 0x0000000713800000, 0x0000000713800000|100%| E|CS|TAMS 0x0000000713600000| PB 0x0000000713600000| Complete 
|  69|0x0000000713800000, 0x0000000713a00000, 0x0000000713a00000|100%| E|CS|TAMS 0x0000000713800000| PB 0x0000000713800000| Complete 
|  70|0x0000000713a00000, 0x0000000713c00000, 0x0000000713c00000|100%| E|CS|TAMS 0x0000000713a00000| PB 0x0000000713a00000| Complete 
|  71|0x0000000713c00000, 0x0000000713e00000, 0x0000000713e00000|100%| E|CS|TAMS 0x0000000713c00000| PB 0x0000000713c00000| Complete 
|  72|0x0000000713e00000, 0x0000000714000000, 0x0000000714000000|100%| E|CS|TAMS 0x0000000713e00000| PB 0x0000000713e00000| Complete 
|  73|0x0000000714000000, 0x0000000714200000, 0x0000000714200000|100%| E|CS|TAMS 0x0000000714000000| PB 0x0000000714000000| Complete 
|  74|0x0000000714200000, 0x0000000714400000, 0x0000000714400000|100%| E|CS|TAMS 0x0000000714200000| PB 0x0000000714200000| Complete 
|  75|0x0000000714400000, 0x0000000714600000, 0x0000000714600000|100%| E|CS|TAMS 0x0000000714400000| PB 0x0000000714400000| Complete 
|  76|0x0000000714600000, 0x0000000714800000, 0x0000000714800000|100%| E|CS|TAMS 0x0000000714600000| PB 0x0000000714600000| Complete 
|  77|0x0000000714800000, 0x0000000714a00000, 0x0000000714a00000|100%| E|CS|TAMS 0x0000000714800000| PB 0x0000000714800000| Complete 
|  78|0x0000000714a00000, 0x0000000714c00000, 0x0000000714c00000|100%| E|CS|TAMS 0x0000000714a00000| PB 0x0000000714a00000| Complete 
|  79|0x0000000714c00000, 0x0000000714e00000, 0x0000000714e00000|100%| E|CS|TAMS 0x0000000714c00000| PB 0x0000000714c00000| Complete 
|  80|0x0000000714e00000, 0x0000000715000000, 0x0000000715000000|100%| E|CS|TAMS 0x0000000714e00000| PB 0x0000000714e00000| Complete 
|  81|0x0000000715000000, 0x0000000715200000, 0x0000000715200000|100%| E|CS|TAMS 0x0000000715000000| PB 0x0000000715000000| Complete 
|  82|0x0000000715200000, 0x0000000715400000, 0x0000000715400000|100%| E|CS|TAMS 0x0000000715200000| PB 0x0000000715200000| Complete 
|  83|0x0000000715400000, 0x0000000715600000, 0x0000000715600000|100%| E|CS|TAMS 0x0000000715400000| PB 0x0000000715400000| Complete 
|  84|0x0000000715600000, 0x0000000715800000, 0x0000000715800000|100%| E|CS|TAMS 0x0000000715600000| PB 0x0000000715600000| Complete 
|  85|0x0000000715800000, 0x0000000715a00000, 0x0000000715a00000|100%| E|CS|TAMS 0x0000000715800000| PB 0x0000000715800000| Complete 
|  86|0x0000000715a00000, 0x0000000715c00000, 0x0000000715c00000|100%| E|CS|TAMS 0x0000000715a00000| PB 0x0000000715a00000| Complete 
|  87|0x0000000715c00000, 0x0000000715e00000, 0x0000000715e00000|100%| E|CS|TAMS 0x0000000715c00000| PB 0x0000000715c00000| Complete 
|  88|0x0000000715e00000, 0x0000000716000000, 0x0000000716000000|100%| E|CS|TAMS 0x0000000715e00000| PB 0x0000000715e00000| Complete 
| 109|0x0000000718800000, 0x0000000718a00000, 0x0000000718a00000|100%| E|CS|TAMS 0x0000000718800000| PB 0x0000000718800000| Complete 
| 122|0x000000071a200000, 0x000000071a400000, 0x000000071a400000|100%| E|CS|TAMS 0x000000071a200000| PB 0x000000071a200000| Complete 
|1959|0x00000007ffc00000, 0x00000007ffe00000, 0x00000007ffe00000|100%| E|CS|TAMS 0x00000007ffc00000| PB 0x00000007ffc00000| Complete 
|1960|0x00000007ffe00000, 0x0000000800000000, 0x0000000800000000|100%| E|CS|TAMS 0x00000007ffe00000| PB 0x00000007ffe00000| Complete 

Card table byte_map: [0x000001cc77ac0000,0x000001cc78270000] _byte_map_base: 0x000001cc74269000

Marking Bits: (CMBitMap*) 0x000001cc64cd24b0
 Bits: [0x000001cc78270000, 0x000001cc7bfb8000)

Polling page: 0x000001cc62bf0000

Metaspace:

Usage:
  Non-class:     84.75 MB used.
      Class:     10.47 MB used.
       Both:     95.22 MB used.

Virtual space:
  Non-class space:      128.00 MB reserved,      85.56 MB ( 67%) committed,  2 nodes.
      Class space:        1.00 GB reserved,      11.00 MB (  1%) committed,  1 nodes.
             Both:        1.12 GB reserved,      96.56 MB (  8%) committed. 

Chunk freelists:
   Non-Class:  10.00 MB
       Class:  4.95 MB
        Both:  14.95 MB

MaxMetaspaceSize: unlimited
CompressedClassSpaceSize: 1.00 GB
Initial GC threshold: 21.00 MB
Current GC threshold: 157.19 MB
CDS: off
 - commit_granule_bytes: 65536.
 - commit_granule_words: 8192.
 - virtual_space_node_default_size: 8388608.
 - enlarge_chunks_in_place: 1.
 - use_allocation_guard: 0.


Internal statistics:

num_allocs_failed_limit: 9.
num_arena_births: 2172.
num_arena_deaths: 8.
num_vsnodes_births: 3.
num_vsnodes_deaths: 0.
num_space_committed: 1545.
num_space_uncommitted: 0.
num_chunks_returned_to_freelist: 21.
num_chunks_taken_from_freelist: 5184.
num_chunk_merges: 6.
num_chunk_splits: 3643.
num_chunks_enlarged: 2764.
num_inconsistent_stats: 0.

CodeHeap 'non-profiled nmethods': size=120000Kb used=9733Kb max_used=10569Kb free=110266Kb
 bounds [0x000001cc6f890000, 0x000001cc702f0000, 0x000001cc76dc0000]
CodeHeap 'profiled nmethods': size=120000Kb used=19619Kb max_used=24177Kb free=100380Kb
 bounds [0x000001cc67dc0000, 0x000001cc69560000, 0x000001cc6f2f0000]
CodeHeap 'non-nmethods': size=5760Kb used=4406Kb max_used=4460Kb free=1353Kb
 bounds [0x000001cc6f2f0000, 0x000001cc6f760000, 0x000001cc6f890000]
CodeCache: size=245760Kb, used=33758Kb, max_used=39206Kb, free=211999Kb
 total_blobs=14723, nmethods=11467, adapters=3160, full_count=0
Compilation: enabled, stopped_count=0, restarted_count=0

Compilation events (20 events):
Event: 104.386 Thread 0x000001cc7ee8f130 15841       3       androidx.compose.ui.node.DelegatableNodeKt::requireGraphicsContext (10 bytes)
Event: 104.386 Thread 0x000001cc7ee8f130 nmethod 15841 0x000001cc6836c010 code [0x000001cc6836c1e0, 0x000001cc6836c428]
Event: 104.386 Thread 0x000001cc7ee8f130 15842       3       androidx.compose.ui.node.LayoutNodeDrawScope$$Lambda/0x0000000800802c98::invoke (20 bytes)
Event: 104.386 Thread 0x000001cc7ee8f130 nmethod 15842 0x000001cc6836bb10 code [0x000001cc6836bcc0, 0x000001cc6836bf28]
Event: 104.402 Thread 0x000001cc4383fd80 15843       4       androidx.compose.ui.node.DelegatableNodeKt::addLayoutNodeChildren (77 bytes)
Event: 104.403 Thread 0x000001cc7ee88170 15844       4       androidx.collection.MutableObjectList::clear (19 bytes)
Event: 104.404 Thread 0x000001cc7ee8f130 15846       3       androidx.compose.foundation.lazy.staggeredgrid.LazyStaggeredGridMeasureKt::indexOfMinValue$default (16 bytes)
Event: 104.404 Thread 0x000001cc7ee8f130 nmethod 15846 0x000001cc6836b590 code [0x000001cc6836b740, 0x000001cc6836b890]
Event: 104.404 Thread 0x000001cc7ee8f130 15848       3       kotlin.collections.ArraysKt___ArraysKt::maxOrThrow (70 bytes)
Event: 104.405 Thread 0x000001cc7ee8f130 nmethod 15848 0x000001cc68676590 code [0x000001cc68676860, 0x000001cc68677580]
Event: 104.405 Thread 0x000001cc7ee8f130 15847       3       androidx.compose.foundation.lazy.staggeredgrid.LazyStaggeredGridLaneInfo::searchByIndex (83 bytes)
Event: 104.405 Thread 0x000001cc7ee8f130 nmethod 15847 0x000001cc6862fb10 code [0x000001cc6862fd00, 0x000001cc68630280]
Event: 104.406 Thread 0x000001cc7ee88170 nmethod 15844 0x000001cc6f8be590 code [0x000001cc6f8be720, 0x000001cc6f8beab0]
Event: 104.406 Thread 0x000001cc7ee88170 15849       4       androidx.compose.ui.node.LayoutNode::dispatchOnPositionedCallbacks$ui (479 bytes)
Event: 104.407 Thread 0x000001cc4383fd80 nmethod 15843 0x000001cc7025a590 code [0x000001cc7025a780, 0x000001cc7025ada0]
Event: 104.407 Thread 0x000001cc4383fd80 15845       4       androidx.compose.ui.node.NodeCoordinator::onUnplaced (448 bytes)
Event: 104.408 Thread 0x000001cc4383fd80 nmethod 15845 0x000001cc70259f10 code [0x000001cc7025a0c0, 0x000001cc7025a268]
Event: 104.408 Thread 0x000001cc4383fd80 15850       4       java.util.ArrayList::shiftTailOverGap (53 bytes)
Event: 104.410 Thread 0x000001cc7ee88170 nmethod 15849 0x000001cc70259010 code [0x000001cc70259200, 0x000001cc702596c0]
Event: 104.412 Thread 0x000001cc4383fd80 nmethod 15850 0x000001cc70258890 code [0x000001cc70258a20, 0x000001cc70258dd8]

GC Heap History (20 events):
Event: 54.569 GC heap before
{Heap before GC invocations=46 (full 0):
 garbage-first heap   total 190464K, used 151465K [0x000000070ae00000, 0x0000000800000000)
  region size 2048K, 29 young (59392K), 2 survivors (4096K)
 Metaspace       used 74783K, committed 75648K, reserved 1179648K
  class space    used 8346K, committed 8704K, reserved 1048576K
}
Event: 54.573 GC heap after
{Heap after GC invocations=47 (full 0):
 garbage-first heap   total 190464K, used 96668K [0x000000070ae00000, 0x0000000800000000)
  region size 2048K, 2 young (4096K), 2 survivors (4096K)
 Metaspace       used 74783K, committed 75648K, reserved 1179648K
  class space    used 8346K, committed 8704K, reserved 1048576K
}
Event: 55.754 GC heap before
{Heap before GC invocations=47 (full 0):
 garbage-first heap   total 190464K, used 151964K [0x000000070ae00000, 0x0000000800000000)
  region size 2048K, 30 young (61440K), 2 survivors (4096K)
 Metaspace       used 78152K, committed 79104K, reserved 1179648K
  class space    used 8745K, committed 9152K, reserved 1048576K
}
Event: 55.760 GC heap after
{Heap after GC invocations=48 (full 0):
 garbage-first heap   total 190464K, used 99932K [0x000000070ae00000, 0x0000000800000000)
  region size 2048K, 4 young (8192K), 4 survivors (8192K)
 Metaspace       used 78152K, committed 79104K, reserved 1179648K
  class space    used 8745K, committed 9152K, reserved 1048576K
}
Event: 60.428 GC heap before
{Heap before GC invocations=48 (full 0):
 garbage-first heap   total 190464K, used 122460K [0x000000070ae00000, 0x0000000800000000)
  region size 2048K, 16 young (32768K), 4 survivors (8192K)
 Metaspace       used 79789K, committed 80704K, reserved 1179648K
  class space    used 8862K, committed 9216K, reserved 1048576K
}
Event: 60.433 GC heap after
{Heap after GC invocations=49 (full 0):
 garbage-first heap   total 190464K, used 102323K [0x000000070ae00000, 0x0000000800000000)
  region size 2048K, 3 young (6144K), 3 survivors (6144K)
 Metaspace       used 79789K, committed 80704K, reserved 1179648K
  class space    used 8862K, committed 9216K, reserved 1048576K
}
Event: 63.871 GC heap before
{Heap before GC invocations=49 (full 0):
 garbage-first heap   total 190464K, used 167859K [0x000000070ae00000, 0x0000000800000000)
  region size 2048K, 32 young (65536K), 3 survivors (6144K)
 Metaspace       used 83752K, committed 84800K, reserved 1179648K
  class space    used 9249K, committed 9664K, reserved 1048576K
}
Event: 63.883 GC heap after
{Heap after GC invocations=50 (full 0):
 garbage-first heap   total 190464K, used 121231K [0x000000070ae00000, 0x0000000800000000)
  region size 2048K, 4 young (8192K), 4 survivors (8192K)
 Metaspace       used 83752K, committed 84800K, reserved 1179648K
  class space    used 9249K, committed 9664K, reserved 1048576K
}
Event: 63.971 GC heap before
{Heap before GC invocations=50 (full 0):
 garbage-first heap   total 190464K, used 164239K [0x000000070ae00000, 0x0000000800000000)
  region size 2048K, 25 young (51200K), 4 survivors (8192K)
 Metaspace       used 85085K, committed 86144K, reserved 1179648K
  class space    used 9371K, committed 9792K, reserved 1048576K
}
Event: 63.977 GC heap after
{Heap after GC invocations=51 (full 0):
 garbage-first heap   total 190464K, used 123049K [0x000000070ae00000, 0x0000000800000000)
  region size 2048K, 2 young (4096K), 2 survivors (4096K)
 Metaspace       used 85085K, committed 86144K, reserved 1179648K
  class space    used 9371K, committed 9792K, reserved 1048576K
}
Event: 64.199 GC heap before
{Heap before GC invocations=52 (full 0):
 garbage-first heap   total 190464K, used 151721K [0x000000070ae00000, 0x0000000800000000)
  region size 2048K, 24 young (49152K), 2 survivors (4096K)
 Metaspace       used 87092K, committed 88128K, reserved 1179648K
  class space    used 9628K, committed 10048K, reserved 1048576K
}
Event: 64.206 GC heap after
{Heap after GC invocations=53 (full 0):
 garbage-first heap   total 190464K, used 108753K [0x000000070ae00000, 0x0000000800000000)
  region size 2048K, 3 young (6144K), 3 survivors (6144K)
 Metaspace       used 87092K, committed 88128K, reserved 1179648K
  class space    used 9628K, committed 10048K, reserved 1048576K
}
Event: 70.051 GC heap before
{Heap before GC invocations=53 (full 0):
 garbage-first heap   total 190464K, used 164049K [0x000000070ae00000, 0x0000000800000000)
  region size 2048K, 31 young (63488K), 3 survivors (6144K)
 Metaspace       used 89464K, committed 90560K, reserved 1179648K
  class space    used 9862K, committed 10304K, reserved 1048576K
}
Event: 70.058 GC heap after
{Heap after GC invocations=54 (full 0):
 garbage-first heap   total 190464K, used 103526K [0x000000070ae00000, 0x0000000800000000)
  region size 2048K, 4 young (8192K), 4 survivors (8192K)
 Metaspace       used 89464K, committed 90560K, reserved 1179648K
  class space    used 9862K, committed 10304K, reserved 1048576K
}
Event: 85.828 GC heap before
{Heap before GC invocations=54 (full 0):
 garbage-first heap   total 190464K, used 167014K [0x000000070ae00000, 0x0000000800000000)
  region size 2048K, 35 young (71680K), 4 survivors (8192K)
 Metaspace       used 92317K, committed 93568K, reserved 1179648K
  class space    used 10218K, committed 10752K, reserved 1048576K
}
Event: 85.839 GC heap after
{Heap after GC invocations=55 (full 0):
 garbage-first heap   total 190464K, used 109551K [0x000000070ae00000, 0x0000000800000000)
  region size 2048K, 5 young (10240K), 5 survivors (10240K)
 Metaspace       used 92317K, committed 93568K, reserved 1179648K
  class space    used 10218K, committed 10752K, reserved 1048576K
}
Event: 92.053 GC heap before
{Heap before GC invocations=55 (full 0):
 garbage-first heap   total 190464K, used 132079K [0x000000070ae00000, 0x0000000800000000)
  region size 2048K, 17 young (34816K), 5 survivors (10240K)
 Metaspace       used 92657K, committed 93888K, reserved 1179648K
  class space    used 10221K, committed 10752K, reserved 1048576K
}
Event: 92.130 GC heap after
{Heap after GC invocations=56 (full 1):
 garbage-first heap   total 190464K, used 88692K [0x000000070ae00000, 0x0000000800000000)
  region size 2048K, 0 young (0K), 0 survivors (0K)
 Metaspace       used 92650K, committed 93888K, reserved 1179648K
  class space    used 10219K, committed 10752K, reserved 1048576K
}
Event: 92.902 GC heap before
{Heap before GC invocations=56 (full 1):
 garbage-first heap   total 190464K, used 160372K [0x000000070ae00000, 0x0000000800000000)
  region size 2048K, 35 young (71680K), 0 survivors (0K)
 Metaspace       used 94716K, committed 96128K, reserved 1179648K
  class space    used 10437K, committed 11008K, reserved 1048576K
}
Event: 92.905 GC heap after
{Heap after GC invocations=57 (full 1):
 garbage-first heap   total 190464K, used 93981K [0x000000070ae00000, 0x0000000800000000)
  region size 2048K, 3 young (6144K), 3 survivors (6144K)
 Metaspace       used 94716K, committed 96128K, reserved 1179648K
  class space    used 10437K, committed 11008K, reserved 1048576K
}

Dll operation events (3 events):
Event: 0.010 Loaded shared library D:\Program Files\Android\Android Studio1\jbr\bin\java.dll
Event: 0.014 Loaded shared library D:\Program Files\Android\Android Studio1\jbr\bin\zip.dll
Event: 1.298 Loaded shared library D:\Program Files\Android\Android Studio1\jbr\bin\verify.dll

Deoptimization events (20 events):
Event: 101.495 Thread 0x000001cc04b66010 DEOPT PACKING pc=0x000001cc700c680c sp=0x000000ca33bf8ef0
Event: 101.495 Thread 0x000001cc04b66010 DEOPT UNPACKING pc=0x000001cc6f344422 sp=0x000000ca33bf8e30 mode 2
Event: 101.642 Thread 0x000001cc04b66010 DEOPT PACKING pc=0x000001cc693aa043 sp=0x000000ca33bfbcd0
Event: 101.642 Thread 0x000001cc04b66010 DEOPT UNPACKING pc=0x000001cc6f344bc2 sp=0x000000ca33bfb160 mode 0
Event: 101.714 Thread 0x000001cc09176800 Uncommon trap: trap_request=0xffffffc6 fr.pc=0x000001cc6fe35698 relative=0x0000000000001098
Event: 101.714 Thread 0x000001cc09176800 Uncommon trap: reason=bimorphic_or_optimized_type_check action=maybe_recompile pc=0x000001cc6fe35698 method=kotlinx.coroutines.JobSupport.completeStateFinalization(Lkotlinx/coroutines/Incomplete;Ljava/lang/Object;)V @ 77 c2
Event: 101.714 Thread 0x000001cc09176800 DEOPT PACKING pc=0x000001cc6fe35698 sp=0x000000ca36eff080
Event: 101.714 Thread 0x000001cc09176800 DEOPT UNPACKING pc=0x000001cc6f344422 sp=0x000000ca36efeec8 mode 2
Event: 104.403 Thread 0x000001cc059cf770 Uncommon trap: trap_request=0xffffffde fr.pc=0x000001cc6fa16630 relative=0x00000000000009d0
Event: 104.403 Thread 0x000001cc059cf770 Uncommon trap: reason=class_check action=maybe_recompile pc=0x000001cc6fa16630 method=kotlinx.coroutines.scheduling.WorkQueue.tryStealLastScheduled(ILkotlin/jvm/internal/Ref$ObjectRef;)J @ 8 c2
Event: 104.403 Thread 0x000001cc059cf770 DEOPT PACKING pc=0x000001cc6fa16630 sp=0x000000ca369ff020
Event: 104.403 Thread 0x000001cc059cf770 DEOPT UNPACKING pc=0x000001cc6f344422 sp=0x000000ca369feec8 mode 2
Event: 104.403 Thread 0x000001cc059cf770 Uncommon trap: trap_request=0xffffffde fr.pc=0x000001cc6fa16630 relative=0x00000000000009d0
Event: 104.403 Thread 0x000001cc059cf770 Uncommon trap: reason=class_check action=maybe_recompile pc=0x000001cc6fa16630 method=kotlinx.coroutines.scheduling.WorkQueue.tryStealLastScheduled(ILkotlin/jvm/internal/Ref$ObjectRef;)J @ 8 c2
Event: 104.403 Thread 0x000001cc059cf770 DEOPT PACKING pc=0x000001cc6fa16630 sp=0x000000ca369ff020
Event: 104.403 Thread 0x000001cc059cf770 DEOPT UNPACKING pc=0x000001cc6f344422 sp=0x000000ca369feec8 mode 2
Event: 104.403 Thread 0x000001cc06fa3670 Uncommon trap: trap_request=0xffffffde fr.pc=0x000001cc6fa16658 relative=0x00000000000009f8
Event: 104.403 Thread 0x000001cc06fa3670 Uncommon trap: reason=class_check action=maybe_recompile pc=0x000001cc6fa16658 method=kotlinx.coroutines.scheduling.WorkQueue.pollBuffer()Lkotlinx/coroutines/scheduling/Task; @ 51 c2
Event: 104.403 Thread 0x000001cc06fa3670 DEOPT PACKING pc=0x000001cc6fa16658 sp=0x000000ca365ff070
Event: 104.403 Thread 0x000001cc06fa3670 DEOPT UNPACKING pc=0x000001cc6f344422 sp=0x000000ca365fef38 mode 2

Classes loaded (20 events):
Event: 98.625 Loading class sun/awt/DebugSettings
Event: 98.626 Loading class sun/awt/DebugSettings done
Event: 98.640 Loading class javax/swing/JComponent$KeyboardState
Event: 98.640 Loading class javax/swing/JComponent$KeyboardState done
Event: 98.640 Loading class javax/swing/JComponent$IntVector
Event: 98.640 Loading class javax/swing/JComponent$IntVector done
Event: 98.640 Loading class javax/swing/JInternalFrame
Event: 98.642 Loading class javax/swing/JInternalFrame done
Event: 98.642 Loading class javax/swing/KeyboardManager
Event: 98.642 Loading class javax/swing/KeyboardManager done
Event: 98.642 Loading class javax/swing/Popup$HeavyWeightWindow
Event: 98.642 Loading class sun/awt/ModalExclude
Event: 98.642 Loading class sun/awt/ModalExclude done
Event: 98.642 Loading class javax/swing/JWindow
Event: 98.643 Loading class javax/swing/JWindow done
Event: 98.643 Loading class javax/swing/Popup$HeavyWeightWindow done
Event: 98.643 Loading class java/lang/Character$UnicodeBlock
Event: 98.645 Loading class java/lang/Character$Subset
Event: 98.645 Loading class java/lang/Character$Subset done
Event: 98.645 Loading class java/lang/Character$UnicodeBlock done

Classes unloaded (4 events):
Event: 92.081 Thread 0x000001cc7edca220 Unloading class 0x00000008009c1c00 'java/lang/invoke/LambdaForm$DMH+0x00000008009c1c00'
Event: 92.081 Thread 0x000001cc7edca220 Unloading class 0x00000008009c1400 'java/lang/invoke/LambdaForm$DMH+0x00000008009c1400'
Event: 92.081 Thread 0x000001cc7edca220 Unloading class 0x00000008009c0c00 'java/lang/invoke/LambdaForm$DMH+0x00000008009c0c00'
Event: 92.081 Thread 0x000001cc7edca220 Unloading class 0x00000008009c0400 'java/lang/invoke/LambdaForm$DMH+0x00000008009c0400'

Classes redefined (0 events):
No events

Internal exceptions (20 events):
Event: 92.978 Thread 0x000001cc04b66010 Exception <a 'sun/nio/fs/WindowsException'{0x000000071a2e7230}> (0x000000071a2e7230) 
thrown [s\src\hotspot\share\prims\jni.cpp, line 537]
Event: 92.979 Thread 0x000001cc04b66010 Exception <a 'sun/nio/fs/WindowsException'{0x000000071a2e92d0}> (0x000000071a2e92d0) 
thrown [s\src\hotspot\share\prims\jni.cpp, line 537]
Event: 92.979 Thread 0x000001cc04b66010 Exception <a 'sun/nio/fs/WindowsException'{0x000000071a2fcf28}> (0x000000071a2fcf28) 
thrown [s\src\hotspot\share\prims\jni.cpp, line 537]
Event: 92.979 Thread 0x000001cc04b66010 Exception <a 'sun/nio/fs/WindowsException'{0x000000071a2fefc8}> (0x000000071a2fefc8) 
thrown [s\src\hotspot\share\prims\jni.cpp, line 537]
Event: 94.226 Thread 0x000001cc04b66010 Implicit null exception at 0x000001cc70001d95 to 0x000001cc70002068
Event: 94.226 Thread 0x000001cc04b66010 Implicit null exception at 0x000001cc6fe75b15 to 0x000001cc6fe75c18
Event: 95.022 Thread 0x000001cc04b66010 Implicit null exception at 0x000001cc6fea7b7f to 0x000001cc6fea7e2c
Event: 98.046 Thread 0x000001cc04b66010 Exception <a 'java/lang/NoSuchMethodError'{0x0000000715975400}: 'java.lang.Object java.lang.invoke.DirectMethodHandle$Holder.invokeStatic(java.lang.Object, java.lang.Object, java.lang.Object, float, float)'> (0x0000000715975400) 
thrown [s\src\hotspot\share\interpreter\linkResolver.cpp, line 784]
Event: 98.067 Thread 0x000001cc04b66010 Exception <a 'java/lang/NoSuchMethodError'{0x0000000715999740}: 'java.lang.Object java.lang.invoke.DirectMethodHandle$Holder.invokeStatic(java.lang.Object, java.lang.Object, java.lang.Object, int, int)'> (0x0000000715999740) 
thrown [s\src\hotspot\share\interpreter\linkResolver.cpp, line 784]
Event: 100.923 Thread 0x000001cc04b66010 Exception <a 'sun/nio/fs/WindowsException'{0x000000071532a368}> (0x000000071532a368) 
thrown [s\src\hotspot\share\prims\jni.cpp, line 537]
Event: 100.950 Thread 0x000001cc04b66010 Exception <a 'sun/nio/fs/WindowsException'{0x0000000715373bb0}> (0x0000000715373bb0) 
thrown [s\src\hotspot\share\prims\jni.cpp, line 537]
Event: 100.950 Thread 0x000001cc04b66010 Exception <a 'sun/nio/fs/WindowsException'{0x0000000715375190}> (0x0000000715375190) 
thrown [s\src\hotspot\share\prims\jni.cpp, line 537]
Event: 100.993 Thread 0x000001cc04b66010 Implicit null exception at 0x000001cc6f8c461a to 0x000001cc6f8c492c
Event: 101.495 Thread 0x000001cc04b66010 Exception <a 'sun/nio/fs/WindowsException'{0x0000000713ee4d78}> (0x0000000713ee4d78) 
thrown [s\src\hotspot\share\prims\jni.cpp, line 537]
Event: 101.495 Thread 0x000001cc04b66010 Exception <a 'sun/nio/fs/WindowsException'{0x0000000713ee6500}> (0x0000000713ee6500) 
thrown [s\src\hotspot\share\prims\jni.cpp, line 537]
Event: 101.542 Thread 0x000001cc04b66010 Exception <a 'java/lang/NoSuchMethodError'{0x0000000713d16de8}: 'java.lang.Object java.lang.invoke.DirectMethodHandle$Holder.newInvokeSpecial(java.lang.Object, java.lang.Object, java.lang.Object, java.lang.Object, java.lang.Object, int, int, int)'> (0x0000000713d16de8) 
thrown [s\src\hotspot\share\interpreter\linkResolver.cpp, line 784]
Event: 101.547 Thread 0x000001cc04b66010 Exception <a 'sun/nio/fs/WindowsException'{0x0000000713a46f78}> (0x0000000713a46f78) 
thrown [s\src\hotspot\share\prims\jni.cpp, line 537]
Event: 101.547 Thread 0x000001cc04b66010 Exception <a 'sun/nio/fs/WindowsException'{0x0000000713a48ab8}> (0x0000000713a48ab8) 
thrown [s\src\hotspot\share\prims\jni.cpp, line 537]
Event: 101.548 Thread 0x000001cc04b66010 Exception <a 'sun/nio/fs/WindowsException'{0x0000000713a63310}> (0x0000000713a63310) 
thrown [s\src\hotspot\share\prims\jni.cpp, line 537]
Event: 101.548 Thread 0x000001cc04b66010 Exception <a 'sun/nio/fs/WindowsException'{0x0000000713a64e50}> (0x0000000713a64e50) 
thrown [s\src\hotspot\share\prims\jni.cpp, line 537]

ZGC Phase Switch (0 events):
No events

VM Operations (20 events):
Event: 94.963 Executing safepoint VM operation: Cleanup
Event: 94.963 Executing safepoint VM operation: Cleanup done
Event: 95.975 Executing safepoint VM operation: Cleanup
Event: 95.975 Executing safepoint VM operation: Cleanup done
Event: 96.985 Executing safepoint VM operation: Cleanup
Event: 96.985 Executing safepoint VM operation: Cleanup done
Event: 97.996 Executing safepoint VM operation: Cleanup
Event: 97.996 Executing safepoint VM operation: Cleanup done
Event: 99.007 Executing safepoint VM operation: Cleanup
Event: 99.007 Executing safepoint VM operation: Cleanup done
Event: 100.022 Executing safepoint VM operation: Cleanup
Event: 100.022 Executing safepoint VM operation: Cleanup done
Event: 101.023 Executing safepoint VM operation: Cleanup
Event: 101.023 Executing safepoint VM operation: Cleanup done
Event: 102.026 Executing safepoint VM operation: Cleanup
Event: 102.026 Executing safepoint VM operation: Cleanup done
Event: 103.033 Executing safepoint VM operation: Cleanup
Event: 103.033 Executing safepoint VM operation: Cleanup done
Event: 104.036 Executing safepoint VM operation: Cleanup
Event: 104.036 Executing safepoint VM operation: Cleanup done

Memory protections (0 events):
No events

Nmethod flushes (20 events):
Event: 92.951 Thread 0x000001cc7edca220 flushing  nmethod 0x000001cc68aefb90
Event: 92.951 Thread 0x000001cc7edca220 flushing  nmethod 0x000001cc68af0e10
Event: 92.951 Thread 0x000001cc7edca220 flushing  nmethod 0x000001cc68b2a010
Event: 92.951 Thread 0x000001cc7edca220 flushing  nmethod 0x000001cc68b6e410
Event: 92.951 Thread 0x000001cc7edca220 flushing  nmethod 0x000001cc68b6e810
Event: 92.951 Thread 0x000001cc7edca220 flushing  nmethod 0x000001cc68b78910
Event: 92.951 Thread 0x000001cc7edca220 flushing  nmethod 0x000001cc68bcad90
Event: 92.951 Thread 0x000001cc7edca220 flushing  nmethod 0x000001cc68c29c90
Event: 92.951 Thread 0x000001cc7edca220 flushing  nmethod 0x000001cc68cd0a10
Event: 92.951 Thread 0x000001cc7edca220 flushing  nmethod 0x000001cc68d24d90
Event: 92.951 Thread 0x000001cc7edca220 flushing  nmethod 0x000001cc68d2b090
Event: 92.951 Thread 0x000001cc7edca220 flushing  nmethod 0x000001cc68d2c510
Event: 92.951 Thread 0x000001cc7edca220 flushing  nmethod 0x000001cc68d7c310
Event: 92.951 Thread 0x000001cc7edca220 flushing  nmethod 0x000001cc68d7cc90
Event: 92.951 Thread 0x000001cc7edca220 flushing  nmethod 0x000001cc68d7ef90
Event: 92.951 Thread 0x000001cc7edca220 flushing  nmethod 0x000001cc68d7f790
Event: 92.951 Thread 0x000001cc7edca220 flushing  nmethod 0x000001cc68d83e10
Event: 92.951 Thread 0x000001cc7edca220 flushing  nmethod 0x000001cc68d84690
Event: 92.951 Thread 0x000001cc7edca220 flushing  nmethod 0x000001cc68dd4d90
Event: 92.951 Thread 0x000001cc7edca220 flushing  nmethod 0x000001cc68e73990

Events (20 events):
Event: 73.914 Thread 0x000001cc06fa2950 Thread exited: 0x000001cc06fa2950
Event: 74.212 Thread 0x000001cc062d85a0 Thread exited: 0x000001cc062d85a0
Event: 74.212 Thread 0x000001cc06fa22c0 Thread exited: 0x000001cc06fa22c0
Event: 74.212 Thread 0x000001cc06fa2fe0 Thread exited: 0x000001cc06fa2fe0
Event: 74.212 Thread 0x000001cc062d64d0 Thread exited: 0x000001cc062d64d0
Event: 81.073 Thread 0x000001cc7ee8f130 Thread added: 0x000001cc43ef9600
Event: 81.307 Thread 0x000001cc43ef9600 Thread exited: 0x000001cc43ef9600
Event: 84.087 Thread 0x000001cc062d71f0 Thread exited: 0x000001cc062d71f0
Event: 84.470 Thread 0x000001cc7ee8f130 Thread added: 0x000001cc436753a0
Event: 84.879 Thread 0x000001cc436753a0 Thread exited: 0x000001cc436753a0
Event: 85.495 Thread 0x000001cc7ee8f130 Thread added: 0x000001cc436753a0
Event: 85.727 Thread 0x000001cc436753a0 Thread exited: 0x000001cc436753a0
Event: 92.762 Thread 0x000001cc7ee8f130 Thread added: 0x000001cc506c5a20
Event: 93.393 Thread 0x000001cc506c5a20 Thread exited: 0x000001cc506c5a20
Event: 94.224 Thread 0x000001cc7ee8f130 Thread added: 0x000001cc4f27d460
Event: 94.407 Thread 0x000001cc4f27d460 Thread exited: 0x000001cc4f27d460
Event: 100.984 Thread 0x000001cc7ee88170 Thread added: 0x000001cc4f27e200
Event: 101.505 Loaded shared library C:\Users\yuzha\AppData\Local\composemediaplayer\native\win32-x86-64\NativeVideoPlayer.dll
Event: 102.493 Thread 0x000001cc4f27e200 Thread exited: 0x000001cc4f27e200
Event: 104.288 Thread 0x000001cc7ee8f130 Thread added: 0x000001cc4383fd80


Dynamic libraries:
0x00007ff6976d0000 - 0x00007ff6976da000 	D:\Program Files\Android\Android Studio1\jbr\bin\java.exe
0x00007ffdbc9c0000 - 0x00007ffdbcc27000 	C:\WINDOWS\SYSTEM32\ntdll.dll
0x00007ffdbae40000 - 0x00007ffdbaf09000 	C:\WINDOWS\System32\KERNEL32.DLL
0x00007ffdb94a0000 - 0x00007ffdb9897000 	C:\WINDOWS\System32\KERNELBASE.dll
0x00007ffdb9ac0000 - 0x00007ffdb9c0b000 	C:\WINDOWS\System32\ucrtbase.dll
0x00007ffd93760000 - 0x00007ffd93778000 	D:\Program Files\Android\Android Studio1\jbr\bin\jli.dll
0x00007ffd93470000 - 0x00007ffd9348b000 	D:\Program Files\Android\Android Studio1\jbr\bin\VCRUNTIME140.dll
0x00007ffdbb350000 - 0x00007ffdbb516000 	C:\WINDOWS\System32\USER32.dll
0x00007ffdb98a0000 - 0x00007ffdb98c7000 	C:\WINDOWS\System32\win32u.dll
0x00007ffdbbb90000 - 0x00007ffdbbbbb000 	C:\WINDOWS\System32\GDI32.dll
0x00007ffd9f9c0000 - 0x00007ffd9fc52000 	C:\WINDOWS\WinSxS\amd64_microsoft.windows.common-controls_6595b64144ccf1df_6.0.26100.8457_none_3e0b2faee331e92d\COMCTL32.dll
0x00007ffdb98d0000 - 0x00007ffdb99fc000 	C:\WINDOWS\System32\gdi32full.dll
0x00007ffdba800000 - 0x00007ffdba8a9000 	C:\WINDOWS\System32\msvcrt.dll
0x00007ffdb93f0000 - 0x00007ffdb9493000 	C:\WINDOWS\System32\msvcp_win.dll
0x00007ffdba9b0000 - 0x00007ffdba9e2000 	C:\WINDOWS\System32\IMM32.DLL
0x00007ffda6b10000 - 0x00007ffda6b1c000 	D:\Program Files\Android\Android Studio1\jbr\bin\vcruntime140_1.dll
0x00007ffd75370000 - 0x00007ffd753fd000 	D:\Program Files\Android\Android Studio1\jbr\bin\msvcp140.dll
0x00007ffcf9e30000 - 0x00007ffcfaac6000 	D:\Program Files\Android\Android Studio1\jbr\bin\server\jvm.dll
0x00007ffdba9f0000 - 0x00007ffdbaaa6000 	C:\WINDOWS\System32\ADVAPI32.dll
0x00007ffdba750000 - 0x00007ffdba7f7000 	C:\WINDOWS\System32\sechost.dll
0x00007ffdbb200000 - 0x00007ffdbb318000 	C:\WINDOWS\System32\RPCRT4.dll
0x00007ffdbb9b0000 - 0x00007ffdbba30000 	C:\WINDOWS\System32\WS2_32.dll
0x00007ffdb90a0000 - 0x00007ffdb90fe000 	C:\WINDOWS\SYSTEM32\POWRPROF.dll
0x00007ffdb2b20000 - 0x00007ffdb2b2b000 	C:\WINDOWS\SYSTEM32\VERSION.dll
0x00007ffdb26e0000 - 0x00007ffdb2716000 	C:\WINDOWS\SYSTEM32\WINMM.dll
0x00007ffdb9080000 - 0x00007ffdb9094000 	C:\WINDOWS\SYSTEM32\UMPDC.dll
0x00007ffdb8180000 - 0x00007ffdb819b000 	C:\WINDOWS\SYSTEM32\kernel.appcore.dll
0x00007ffd959d0000 - 0x00007ffd959da000 	D:\Program Files\Android\Android Studio1\jbr\bin\jimage.dll
0x00007ffdb73e0000 - 0x00007ffdb7622000 	C:\WINDOWS\SYSTEM32\DBGHELP.DLL
0x00007ffdbaab0000 - 0x00007ffdbae33000 	C:\WINDOWS\System32\combase.dll
0x00007ffdbbbc0000 - 0x00007ffdbbc99000 	C:\WINDOWS\System32\OLEAUT32.dll
0x00007ffd98e90000 - 0x00007ffd98ecb000 	C:\WINDOWS\SYSTEM32\dbgcore.DLL
0x00007ffdba480000 - 0x00007ffdba528000 	C:\WINDOWS\System32\bcryptPrimitives.dll
0x00007ffd959b0000 - 0x00007ffd959be000 	D:\Program Files\Android\Android Studio1\jbr\bin\instrument.dll
0x00007ffd93450000 - 0x00007ffd93470000 	D:\Program Files\Android\Android Studio1\jbr\bin\java.dll
0x00007ffd919f0000 - 0x00007ffd91a08000 	D:\Program Files\Android\Android Studio1\jbr\bin\zip.dll
0x00007ffdbc1a0000 - 0x00007ffdbc90e000 	C:\WINDOWS\System32\SHELL32.dll
0x00007ffdb9c10000 - 0x00007ffdba47c000 	C:\WINDOWS\System32\windows.storage.dll
0x00007ffdba8b0000 - 0x00007ffdba9a6000 	C:\WINDOWS\System32\SHCORE.dll
0x00007ffdbc130000 - 0x00007ffdbc196000 	C:\WINDOWS\System32\shlwapi.dll
0x00007ffdb9310000 - 0x00007ffdb9339000 	C:\WINDOWS\SYSTEM32\profapi.dll
0x00007ffd95930000 - 0x00007ffd95940000 	D:\Program Files\Android\Android Studio1\jbr\bin\net.dll
0x00007ffdb3c40000 - 0x00007ffdb3d69000 	C:\WINDOWS\SYSTEM32\WINHTTP.dll
0x00007ffdb86f0000 - 0x00007ffdb875c000 	C:\WINDOWS\system32\mswsock.dll
0x00007ffd8f820000 - 0x00007ffd8f836000 	D:\Program Files\Android\Android Studio1\jbr\bin\nio.dll
0x00007ffdb89d0000 - 0x00007ffdb89eb000 	C:\WINDOWS\SYSTEM32\CRYPTSP.dll
0x00007ffdb80e0000 - 0x00007ffdb8119000 	C:\WINDOWS\system32\rsaenh.dll
0x00007ffdb87a0000 - 0x00007ffdb87d3000 	C:\WINDOWS\SYSTEM32\USERENV.dll
0x00007ffdb92e0000 - 0x00007ffdb930a000 	C:\WINDOWS\SYSTEM32\bcrypt.dll
0x00007ffdb89f0000 - 0x00007ffdb89fc000 	C:\WINDOWS\SYSTEM32\CRYPTBASE.dll
0x00007ffdb7bc0000 - 0x00007ffdb7bf2000 	C:\WINDOWS\SYSTEM32\IPHLPAPI.DLL
0x00007ffdbc120000 - 0x00007ffdbc12a000 	C:\WINDOWS\System32\NSI.dll
0x00007ffd93750000 - 0x00007ffd93759000 	D:\Program Files\Android\Android Studio1\jbr\bin\extnet.dll
0x00007ffd956a0000 - 0x00007ffd956b0000 	D:\Program Files\Android\Android Studio1\jbr\bin\verify.dll
0x00007ffd4adc0000 - 0x00007ffd4af59000 	D:\Program Files\Android\Android Studio1\jbr\bin\awt.dll
0x00007ffdb6d90000 - 0x00007ffdb6dbf000 	C:\WINDOWS\SYSTEM32\dwmapi.dll
0x00007ffd74d10000 - 0x00007ffd74d54000 	D:\Program Files\Android\Android Studio1\jbr\bin\nvdaControllerClient64.dll
0x00007ffdb0000000 - 0x00007ffdb0076000 	C:\WINDOWS\SYSTEM32\OLEACC.dll
0x00007ffdb6a80000 - 0x00007ffdb6b20000 	C:\WINDOWS\SYSTEM32\apphelp.dll
0x00007ffdb6c60000 - 0x00007ffdb6d0a000 	C:\WINDOWS\system32\uxtheme.dll
0x00007ffdbbe40000 - 0x00007ffdbbf9c000 	C:\WINDOWS\System32\MSCTF.dll
0x00007ffdbbca0000 - 0x00007ffdbbe37000 	C:\WINDOWS\System32\ole32.dll
0x00007ffdb6a50000 - 0x00007ffdb6a79000 	C:\WINDOWS\system32\Wtsapi32.dll
0x00007ffdba5c0000 - 0x00007ffdba738000 	C:\WINDOWS\System32\CRYPT32.dll
0x00007ffdb8420000 - 0x00007ffdb8469000 	C:\WINDOWS\SYSTEM32\SspiCli.dll
0x00007ffdb8c30000 - 0x00007ffdb8c92000 	C:\WINDOWS\SYSTEM32\WINSTA.dll
0x00007ffd236d0000 - 0x00007ffd237df000 	C:\WINDOWS\system32\opengl32.dll
0x00007ffd231a0000 - 0x00007ffd231cd000 	C:\WINDOWS\SYSTEM32\GLU32.dll
0x00007ffdb6e00000 - 0x00007ffdb6e45000 	C:\WINDOWS\SYSTEM32\dxcore.dll
0x00007ffcde6a0000 - 0x00007ffcdf415000 	C:\Users\yuzha\.skiko\skiko-windows-x64-3ce1b2621ce4905333064341568d0e9493efc0d4971a63b096261c774bc6e5a8\skiko-windows-x64.dll
0x00007ffdb4340000 - 0x00007ffdb4446000 	C:\WINDOWS\SYSTEM32\PROPSYS.dll
0x00007ffdb53b0000 - 0x00007ffdb5617000 	C:\WINDOWS\SYSTEM32\dwrite.dll
0x00007ffda58c0000 - 0x00007ffda5a98000 	C:\WINDOWS\WinSxS\amd64_microsoft.windows.gdiplus_6595b64144ccf1df_1.1.26100.8328_none_6ef30b123dc73046\gdiplus.dll
0x00007ffd55850000 - 0x00007ffd558d7000 	D:\Program Files\Android\Android Studio1\jbr\bin\freetype.dll
0x00007ffd4aaf0000 - 0x00007ffd4abe3000 	D:\Program Files\Android\Android Studio1\jbr\bin\fontmanager.dll
0x00007ffdbba40000 - 0x00007ffdbbaee000 	C:\WINDOWS\System32\clbcatq.dll
0x00007ffdb4cf0000 - 0x00007ffdb4f1d000 	C:\WINDOWS\SYSTEM32\WindowsCodecs.dll
0x00007ffd8a4e0000 - 0x00007ffd8a53a000 	C:\WINDOWS\system32\dataexchange.dll
0x00007ffdae1a0000 - 0x00007ffdae3ee000 	C:\WINDOWS\system32\twinapi.appcore.dll
0x00007ffdaeeb0000 - 0x00007ffdaeeb7000 	D:\Program Files\Android\Android Studio1\jbr\bin\jawt.dll
0x00007ffdb6670000 - 0x00007ffdb67ae000 	C:\WINDOWS\SYSTEM32\Dxgi.dll
0x00007ffdb41d0000 - 0x00007ffdb4231000 	C:\WINDOWS\SYSTEM32\directxdatabasehelper.dll
0x00007ffdb8fd0000 - 0x00007ffdb9021000 	C:\WINDOWS\SYSTEM32\cfgmgr32.dll
0x00007ffd8fe10000 - 0x00007ffd8fe35000 	C:\WINDOWS\SYSTEM32\D3D12.dll
0x00007ffcf7b50000 - 0x00007ffcf7ea8000 	C:\WINDOWS\SYSTEM32\D3D12Core.dll
0x00007ffcd3950000 - 0x00007ffcd7f29000 	C:\WINDOWS\System32\DriverStore\FileRepository\u0416624.inf_amd64_1eae707b82df6d48\B416495\amdxc64.dll
0x00007ffdb02d0000 - 0x00007ffdb0305000 	C:\WINDOWS\SYSTEM32\amdihk64.dll
0x00007ffdb01a0000 - 0x00007ffdb0285000 	C:\WINDOWS\SYSTEM32\D3DSCache.dll
0x00007ffd8a2f0000 - 0x00007ffd8a2f8000 	C:\WINDOWS\system32\wshunix.dll
0x00007ffd93640000 - 0x00007ffd93649000 	D:\Program Files\Android\Android Studio1\jbr\bin\prefs.dll
0x00007ffdb7c60000 - 0x00007ffdb7d92000 	C:\WINDOWS\SYSTEM32\DNSAPI.dll
0x00007ffdb2c50000 - 0x00007ffdb2c5b000 	C:\Windows\System32\rasadhlp.dll
0x00007ffdb45f0000 - 0x00007ffdb4676000 	C:\WINDOWS\System32\fwpuclnt.dll
0x00007ffdb5ed0000 - 0x00007ffdb60f2000 	C:\WINDOWS\SYSTEM32\dcomp.dll
0x00007ffdb6880000 - 0x00007ffdb6899000 	C:\WINDOWS\SYSTEM32\Microsoft.Internal.WarpPal.dll
0x00007ffdb4f20000 - 0x00007ffdb539f000 	C:\WINDOWS\SYSTEM32\d3dcompiler_47.dll
0x00007ffda7510000 - 0x00007ffda7656000 	C:\WINDOWS\SYSTEM32\textinputframework.dll
0x00007ffd83870000 - 0x00007ffd838ef000 	C:\WINDOWS\system32\Ninput.dll
0x000001cc45bb0000 - 0x000001cc45cd7000 	C:\WINDOWS\SYSTEM32\CoreMessaging.dll
0x00007ffdb2ff0000 - 0x00007ffdb32d2000 	C:\WINDOWS\SYSTEM32\CoreUIComponents.dll
0x00007ffdb2e80000 - 0x00007ffdb2fea000 	C:\WINDOWS\SYSTEM32\wintypes.dll
0x00007ffd4d180000 - 0x00007ffd4d2e4000 	C:\WINDOWS\SYSTEM32\dxilconv.dll
0x00007ffd8f800000 - 0x00007ffd8f815000 	C:\Users\yuzha\AppData\Local\composemediaplayer\native\win32-x86-64\NativeVideoPlayer.dll
0x00007ffdb2c60000 - 0x00007ffdb2e77000 	C:\WINDOWS\SYSTEM32\MFPlat.DLL
0x00007ffdb3c30000 - 0x00007ffdb3c3b000 	C:\WINDOWS\SYSTEM32\AVRT.dll
0x00007ffdaee10000 - 0x00007ffdaeea8000 	C:\WINDOWS\SYSTEM32\MF.dll
0x00007ffd7d9f0000 - 0x00007ffd7dac5000 	C:\WINDOWS\SYSTEM32\MFReadWrite.dll
0x00007ffdb5c60000 - 0x00007ffdb5ec2000 	C:\WINDOWS\SYSTEM32\d3d11.dll
0x00007ffdb3810000 - 0x00007ffdb3c2a000 	C:\WINDOWS\SYSTEM32\MFCORE.DLL
0x00007ffdb2c10000 - 0x00007ffdb2c4c000 	C:\WINDOWS\SYSTEM32\RTWorkQ.DLL
0x00007ffdb2720000 - 0x00007ffdb28db000 	C:\WINDOWS\System32\DriverStore\FileRepository\u0416624.inf_amd64_1eae707b82df6d48\B416495\aticfx64.dll
0x00007ffdb2470000 - 0x00007ffdb24a9000 	C:\WINDOWS\System32\DriverStore\FileRepository\u0416624.inf_amd64_1eae707b82df6d48\B416495\atiuxp64.dll
0x00007ffdb0440000 - 0x00007ffdb23b2000 	C:\WINDOWS\System32\DriverStore\FileRepository\u0416624.inf_amd64_1eae707b82df6d48\B416495\atidxx64.dll
0x00007ffdbb520000 - 0x00007ffdbb9a7000 	C:\WINDOWS\System32\SETUPAPI.dll
0x00007ffdac620000 - 0x00007ffdac6b9000 	C:\WINDOWS\System32\MMDevApi.dll
0x00007ffdb8fa0000 - 0x00007ffdb8fcd000 	C:\WINDOWS\System32\DEVOBJ.dll
0x00007ffd4c520000 - 0x00007ffd4c691000 	C:\WINDOWS\System32\mfnetsrc.dll
0x00007ffd9abb0000 - 0x00007ffd9ae45000 	C:\WINDOWS\System32\WININET.dll
0x00007ffda1bb0000 - 0x00007ffda1e74000 	C:\WINDOWS\SYSTEM32\iertutil.dll
0x00007ffda4820000 - 0x00007ffda4849000 	C:\WINDOWS\System32\srvcli.dll
0x00007ffdb7b10000 - 0x00007ffdb7b1d000 	C:\WINDOWS\System32\netutils.dll
0x00007ffd543f0000 - 0x00007ffd544f3000 	C:\WINDOWS\System32\mfnetcore.dll
0x00007ffdb6a30000 - 0x00007ffdb6a3d000 	C:\WINDOWS\SYSTEM32\secur32.dll
0x00007ffdb8650000 - 0x00007ffdb86e4000 	C:\WINDOWS\system32\msv1_0.DLL
0x00007ffdb8630000 - 0x00007ffdb8647000 	C:\WINDOWS\SYSTEM32\NtlmShared.dll
0x00007ffdb8090000 - 0x00007ffdb80dd000 	C:\WINDOWS\system32\wdigest.DLL
0x00007ffd8d6b0000 - 0x00007ffd8d76a000 	C:\Windows\System32\Windows.Networking.Connectivity.dll
0x00007ffdb0310000 - 0x00007ffdb0329000 	C:\WINDOWS\System32\npmproxy.dll

JVMTI agents:
D:\Gradle\caches\modules-2\files-2.1\org.jetbrains.compose.hot-reload\hot-reload-agent\1.1.1\15bff959a6459c2786e055fba794266fade25ade\hot-reload-agent-1.1.1.jar path:D:\Program Files\Android\Android Studio1\jbr\bin\instrument.dll, loaded, initialized, instrumentlib options:none

dbghelp: loaded successfully - version: 4.0.5 - missing functions: none
symbol engine: initialized successfully - sym options: 0x614 - pdb path: .;D:\Program Files\Android\Android Studio1\jbr\bin;C:\WINDOWS\SYSTEM32;C:\WINDOWS\WinSxS\amd64_microsoft.windows.common-controls_6595b64144ccf1df_6.0.26100.8457_none_3e0b2faee331e92d;D:\Program Files\Android\Android Studio1\jbr\bin\server;C:\Users\yuzha\.skiko\skiko-windows-x64-3ce1b2621ce4905333064341568d0e9493efc0d4971a63b096261c774bc6e5a8;C:\WINDOWS\WinSxS\amd64_microsoft.windows.gdiplus_6595b64144ccf1df_1.1.26100.8328_none_6ef30b123dc73046;C:\WINDOWS\System32\DriverStore\FileRepository\u0416624.inf_amd64_1eae707b82df6d48\B416495;C:\Users\yuzha\AppData\Local\composemediaplayer\native\win32-x86-64

VM Arguments:
jvm_args: -Dcompose.reload.argfile=D:\yuzha\Proyecto_final\Proyecto\Frontend\Maian\standard\build\run\desktopMain\desktopMain.argfile -Dcompose.reload.build.continuous=false -Dcompose.reload.build.warmup=false -Dcompose.reload.buildSystem=Gradle -Dcompose.reload.devToolsClasspath=D:\Gradle\caches\modules-2\files-2.1\org.jetbrains.compose.hot-reload\hot-reload-devtools\1.1.1\bc27016efe338fc35c213cac2349d477adc08095\hot-reload-devtools-1.1.1.jar;D:\Gradle\caches\modules-2\files-2.1\org.jetbrains.compose.hot-reload\hot-reload-devtools-api\1.1.1\78295e7e36c6e1258d87e238865978a1a980da99\hot-reload-devtools-api-1.1.1.jar;D:\Gradle\caches\modules-2\files-2.1\org.jetbrains.compose.hot-reload\hot-reload-orchestration\1.1.1\7b5f9ed6f49115dd0ab30a91bd22214f101d23f\hot-reload-orchestration-1.1.1.jar;D:\Gradle\caches\modules-2\files-2.1\org.jetbrains.compose.hot-reload\hot-reload-core\1.1.1\f31266b5813648696560864a541a2fe784a0a671\hot-reload-core-1.1.1.jar;D:\Gradle\caches\modules-2\files-2.1\org.jetbrains.compose.hot-reload\hot-reload-runtime-api-jvm\1.1.1\61c13a79480c55140cbd9fe1ca651d86efcbee7\hot-reload-runtime-api-jvm-1.1.1.jar;D:\Gradle\caches\modules-2\files-2.1\org.jetbrains.compose.desktop\desktop-jvm\1.10.0\42facd9840309ac4eb841a986c5d1b97d2780471\desktop-jvm-1.10.0.jar;D:\Gradle\caches\modules-2\files-2.1\org.jetbrains.compose.components\components-resources-desktop\1.10.0\c6115b607f77e9d033de360f989850d3824bf112\library-desktop-1.10.0.jar;D:\Gradle\caches\modules-2\files-2.1\io.sellmair\evas-compose-jvm\1.4.0\a89b78f345d4a21a29c295820e4aa931aec1b93b\evas-compose-jvm-1.4.0.jar;D:\Gradle\caches\modules-2\files-2.1\io.sellmair\evas-jvm\1.4.0\3c6955af5c56c65290575b2b998ec166c5079de4\evas-jvm-1.4.0.jar;D:\Gradle\caches\modules-2\files-2.1\org.jetbrains.skiko\skiko-awt-runtime-windows-x64\0.9.37.3\2f9bb0ad1dd10255bea3b0099940b7163bf40da7\skiko-awt-runtime-windows-x64-0.9.37.3.jar;D:\Gradle\caches\modules-2\files-2.1\org.jetbrains.compose.material3\material3-desktop\1.9.0\19004c4eb3dc6618eb66a076bbe3d7e1a2e7b85\material3-desktop-1.9.0.jar;D:\Gradle\caches\modules-2\files-2.1\org.jetbrains.compose.material\material-desktop\1.10.0\63e1c3c6705d111bf84e41110e7729df5b85163e\material-desktop-1.10.0.jar;D:\Gradle\caches\-Dcompose.reload.devToolsDetached=false -Dcompose.reload.devToolsEnabled=true -Dcompose.reload.devToolsHeadless=false -Dcompose.reload.devToolsTransparencyEnabled=true -Dcompose.reload.dirtyResolveDepthLimit=5 -Dcompose.reload.effectsEnabled=true -Dcompose.reload.isActive=true -Dcompose.reload.launchMode=GradleBlocking -Dcompose.reload.logLevel=Info -Dcompose.reload.logStdout=false -Dcompose.reload.mainClass=org.dsqrwym.standard.MainKt -Dcompose.reload.pidFile=D:\yuzha\Proyecto_final\Proyecto\Frontend\Maian\standard\build\run\desktopMain\desktopMain.pid -Dcompose.reload.staticsReinitializeMode=AllDirty -Dcompose.reload.virtualMethodResolveEnabled=true -Dgradle.build.project=:standard -Dgradle.build.root=D:\yuzha\Proyecto_final\Proyecto\Frontend\Maian -Dgradle.build.task=hotReloadDesktopMain -Dgradle.offline.mode=false -Dorg.gradle.java.home=D:\Program Files\Android\Android Studio1\jbr -XX:+IgnoreUnrecognizedVMOptions -XX:+AllowEnhancedClassRedefinition -javaagent:D:\Gradle\caches\modules-2\files-2.1\org.jetbrains.compose.hot-reload\hot-reload-agent\1.1.1\15bff959a6459c2786e055fba794266fade25ade\hot-reload-agent-1.1.1.jar -Dfile.encoding=UTF-8 -Duser.country=CN -Duser.language=zh -Duser.variant 
java_command: org.dsqrwym.standard.MainKt
java_class_path (initial): D:\Gradle\.tmp\gradle-javaexec-classpath756220238899314899.jar
Launcher Type: SUN_STANDARD

[Global flags]
     bool AllowEnhancedClassRedefinition           = true                                      {product} {command line}
     intx CICompilerCount                          = 4                                         {product} {ergonomic}
     uint ConcGCThreads                            = 3                                         {product} {ergonomic}
     uint G1ConcRefinementThreads                  = 10                                        {product} {ergonomic}
   size_t G1HeapRegionSize                         = 2097152                                   {product} {ergonomic}
    uintx GCDrainStackTargetSize                   = 64                                        {product} {ergonomic}
     bool IgnoreUnrecognizedVMOptions              = true                                      {product} {command line}
   size_t InitialHeapSize                          = 257949696                                 {product} {ergonomic}
   size_t MarkStackSize                            = 4194304                                   {product} {ergonomic}
   size_t MaxHeapSize                              = 4112515072                                {product} {ergonomic}
   size_t MaxNewSize                               = 2466250752                                {product} {ergonomic}
   size_t MinHeapDeltaBytes                        = 2097152                                   {product} {ergonomic}
   size_t MinHeapSize                              = 8388608                                   {product} {ergonomic}
    uintx NonNMethodCodeHeapSize                   = 5839372                                {pd product} {ergonomic}
    uintx NonProfiledCodeHeapSize                  = 122909434                              {pd product} {ergonomic}
    uintx ProfiledCodeHeapSize                     = 122909434                              {pd product} {ergonomic}
    uintx ReservedCodeCacheSize                    = 251658240                              {pd product} {ergonomic}
     bool SegmentedCodeCache                       = true                                      {product} {ergonomic}
   size_t SoftMaxHeapSize                          = 4112515072                             {manageable} {ergonomic}
     bool UseCompressedOops                        = true                           {product lp64_product} {ergonomic}
     bool UseG1GC                                  = true                                      {product} {ergonomic}
     bool UseLargePagesIndividualAllocation        = false                                  {pd product} {ergonomic}

Logging:
Log output configuration:
 #0: stdout all=warning uptime,level,tags foldmultilines=false
 #1: stderr all=off uptime,level,tags foldmultilines=false

Release file:
JAVA_VERSION="21.0.10" 
MODULES="java.base java.compiler java.datatransfer java.xml java.prefs java.desktop java.instrument java.logging java.management java.security.sasl java.naming java.rmi java.management.rmi java.net.http java.scripting java.security.jgss java.transaction.xa java.sql java.sql.rowset java.xml.crypto java.se java.smartcardio jdk.accessibility jdk.internal.jvmstat jdk.attach jdk.charsets jdk.internal.opt jdk.zipfs jdk.compiler jdk.crypto.ec jdk.crypto.cryptoki jdk.dynalink jdk.hotspot.agent jdk.httpserver jdk.internal.ed jdk.internal.le jdk.internal.vm.ci jdk.jartool jdk.javadoc jdk.jcmd jdk.jdeps jdk.jdwp.agent jdk.jdi jdk.jfr jdk.jlink jdk.jsobject jdk.localedata jdk.management jdk.management.agent jdk.management.jfr jdk.naming.dns jdk.naming.rmi jdk.net jdk.sctp jdk.security.auth jdk.security.jgss jdk.unsupported jdk.unsupported.desktop jdk.xml.dom" 
IMPLEMENTOR="JetBrains s.r.o." 
JAVA_RUNTIME_VERSION="21.0.10+-14961533-b1163.108" 
LIBC="default" 
OS_ARCH="x86_64" 
OS_NAME="Windows" 
SOURCE=".:git:1351622c2ff2" 

Environment Variables:
JAVA_HOME=C:\Program Files\Eclipse Adoptium\jdk-21.0.6.7-hotspot\
PATH=C:\Python314\Scripts\;C:\Python314\;C:\Program Files\Eclipse Adoptium\jdk-21.0.6.7-hotspot\bin;C:\Program Files\Eclipse Adoptium\jdk-17.0.14.7-hotspot\bin;C:\Python312\Scripts\;C:\Python312\;C:\Program Files\Eclipse Adoptium\jdk-21.0.6.7-hotspot\\bin;C:\Program Files\Eclipse Adoptium\jdk-21.0.6.7-hotspot\jre\bin;C:\WINDOWS\system32;C:\WINDOWS;C:\WINDOWS\System32\Wbem;C:\WINDOWS\System32\WindowsPowerShell\v1.0\;C:\WINDOWS\System32\OpenSSH\;C:\Program Files\Microsoft SQL Server\150\Tools\Binn\;D:\yuzha\Documents\XIAOMI\platform-tools;C:\ProgramData\chocolatey\bin;C:\Program Files\Git\cmd;D:\Users\sqlite3;D:\Program Files\AutoFirma\AutoFirma;C:\Program Files\dotnet\;C:\Program Files (x86)\cloudflared\;c:\Users\yuzha\AppData\Local\Programs\cursor\resources\app\bin;C:\Program Files\HP\HP One Agent;C:\Program Files (x86)\Windows Kits\10\Windows Performance Toolkit\;D:\Program Files (x86)\WinSCP\;C:\Program Files\Docker\Docker\resources\bin;D:\Program Files\nodejs\;C:\Users\yuzha\AppData\Local\pnpm;C:\Users\yuzha\AppData\Local\Microsoft\WindowsApps;C:\Users\yuzha\AppData\Local\Programs\Microsoft VS Code\bin;C:\Users\yuzha\.dotnet\tools;D:\Program Files\JetBrains\IntelliJ IDEA Community Edition 2024.2.1\bin;D:\Program Files\nodejs\;D:\Program Files\JetBrains\IntelliJ IDEA 2024.2.3\bin;C:\Users\yuzha\AppData\Local\Microsoft\WindowsApps;C:\Users\yuzha\.dotnet\tools;D:\Program Files\JetBrains\PyCharm Community Edition 2024.3.1.1\bin;C:\Users\yuzha\AppData\Local\Programs\Ollama;D:\Program Files\JetBrains\JetBrains Rider 2024.3.5\bin;D:\npm-global;C:\Users\yuzha\.bun\bin;D:\Users\yuzha\AppData\Local\Programs\cursor\resources\app\bin;D:\Program Files\JetBrains\IntelliJ IDEA 2025.3.2\bin;C:\Users\yuzha\AppData\Roaming\npm
USERNAME=yuzha
OS=Windows_NT
PROCESSOR_IDENTIFIER=AMD64 Family 25 Model 80 Stepping 0, AuthenticAMD
TMP=C:\Users\yuzha\AppData\Local\Temp
TEMP=C:\Users\yuzha\AppData\Local\Temp




Periodic native trim disabled

JNI global refs:
JNI global refs: 157, weak refs: 11

JNI global refs memory usage: 2099, weak refs: 833

Process memory usage:
Resident Set Size: 1009868K (6% of 16057404K total physical memory with 899632K free physical memory)

OOME stack traces (most recent first):
Classloader memory used:
Loader jdk.internal.loader.ClassLoaders$AppClassLoader                                 : 66357K
Loader bootstrap                                                                       : 30718K
Loader jdk.internal.loader.ClassLoaders$PlatformClassLoader                            : 406K
Loader jdk.internal.reflect.DelegatingClassLoader                                      : 20488B

---------------  S Y S T E M  ---------------

OS:
 Windows 11 , 64 bit Build 26100 (10.0.26100.8328)
OS uptime: 1 days 13:26 hours
Hyper-V role detected

CPU: total 12 (initial active 12) (12 cores per cpu, 2 threads per core) family 25 model 80 stepping 0 microcode 0xa500014, cx8, cmov, fxsr, ht, mmx, 3dnowpref, sse, sse2, sse3, ssse3, sse4a, sse4.1, sse4.2, popcnt, lzcnt, tsc, tscinvbit, avx, avx2, aes, erms, clmul, bmi1, bmi2, adx, sha, fma, vzeroupper, clflush, clflushopt, hv, rdtscp, rdpid, fsrm, f16c, cet_ss
Processor Information for the first 12 processors :
  Max Mhz: 2000, Current Mhz: 2000, Mhz Limit: 2000

Memory: 4k page, system-wide physical 15681M (878M free)
TotalPageFile size 36656M (AvailPageFile size 3236M)
current process WorkingSet (physical memory assigned to process): 986M, peak: 987M
current process commit charge ("private bytes"): 1023M, peak: 1027M

vm_info: OpenJDK 64-Bit Server VM (21.0.10+-14961533-b1163.108) for windows-amd64 JRE (21.0.10+-14961533-b1163.108), built on 2026-03-02T19:58:50Z by "builder" with MS VC++ 16.10 / 16.11 (VS2019)

END.
